avalanche_id,location,trigger_date_time,trigger_date_time_accuracy_code,trigger_type,avalanche_type,avalanche_size,avalanche_moisture,start_zone_aspect,snow_depth_sat,lat,lon,Avalanche Event,closest_station,station_abbr,tre200h0,tre200hn,tre200hx,tre005h0,tre005hn,ure200h0,pva200h0,tde200h0,prestah0,pp0qffh0,pp0qnhh0,ppz700h0,ppz850h0,fkl010h1,dkl010h0,fkl010h0,fu3010h0,fu3010h1,fkl010h3,fu3010h3,wcc006h0,fve010h0,rre150h0,htoauths,gre000h0,oli000h0,olo000h0,osr000h0,ods000h0,sre000h0,erefaoh0,elevation,gradient_x,gradient_y,gradient_magnitude,aspect
20077a30-ec16-11ed-aa20-6507e99101f4,8.022203 46.505884,2023-05-06 14:00:00.000 +0200,0,PERSON,SLAB,2,WET,E,90,46.505884,8.022203,1,JUN,JUN,-2.4,-2.6,-2.2,,,73.0,3.8,-6.5,660.2,,1026.1,3108.0,,9.0,320.0,3.7,13.3,32.4,8.7,31.3,,,,,827.0,224.0,,,,57.0,0.275,638.0261840820312,-635.77880859375,765.41748046875,995.026940772971,39.71404307188509
8500f990-d7a6-11ed-a8d1-4961cd70d9e1,8.209308 46.504515,2023-04-12 12:00:00+02:00,7,NATURAL,SLAB,4,WET,S,232,46.504515,8.209308,0,ULR,ULR,11.2,10.8,11.8,14.7,13.8,50.5,6.7,1.3,855.9,,1006.8,,1404.7,7.0,101.0,2.3,8.3,25.2,6.9,24.8,,,0.0,0.0,467.0,321.0,,,434.0,0.0,0.275,685.5072631835938,-1156.201171875,134.2529296875,1163.9695008782662,83.37672982311005
6e6f00b6-dfe0-4527-9b3f-7c45ffdf4fee,8.379219 46.783826,2023-04-01 07:00:00.000 +0200,4,EXPLOSIVE,SLAB,2,DRY,N,114,46.783826,8.379219,1,TIT,TIT,-10.8,-10.8,-10.6,,,97.0,2.6,-11.1,686.0,,1004.5,2941.7,,25.3,286.0,14.5,52.2,91.1,24.5,88.2,,,,,91.0,,,,,,0.013,740.6515502929688,-445.05615234375,-1093.90869140625,1180.9789176243398,157.8610771717615
792e43cf-e040-4ad1-98dd-47672e4855cd,8.426192 46.777884,2023-04-13 07:00:00.000 +0200,0,EXPLOSIVE,SLAB,2,DRY,NE,161,46.777884,8.426192,1,TIT,TIT,-13.5,-13.7,-13.0,,,100.0,2.2,-13.5,683.5,,1001.1,2915.8,,10.2,306.0,5.7,20.5,36.7,9.9,35.6,,,,,127.0,,,,,,0.019,762.9501342773438,-1177.0751953125,-389.90478515625,1239.9724823187414,108.32739193972753
bc76da5f-d990-4bb2-a099-1ab0703da0a4,8.422538 46.779775,2023-05-03 07:30:00+02:00,4,EXPLOSIVE,SLAB,2,DRY,N,107,46.779775,8.422538,0,TIT,TIT,-1.2,-1.4,-1.0,,,12.9,0.7,-26.3,700.1,,1023.7,3098.4,,15.2,59.0,9.4,33.8,54.7,14.1,50.8,,,,,410.0,,,,,,0.202,760.8377075195312,-135.46142578125,-1545.99609375,1551.91936638633,174.99248631940367
11f734d7-e1b6-4c3b-8fe6-abdd0b39cea0,8.385873 46.778735,2023-04-12 08:00:00+02:00,4,EXPLOSIVE,SLAB,2,DRY,NE,77,46.778735,8.385873,0,TIT,TIT,-4.5,-4.7,-4.3,,,96.7,4.2,-5.0,689.8,,1009.7,2982.1,,21.3,256.0,9.9,35.6,76.7,20.0,72.0,,,,,216.0,,,,,,0.045,738.159423828125,-807.4951171875,-2791.95556640625,2906.383362371265,163.86896488795355
233c98fe-a27b-4c5e-992f-1bc9cdd0362a,8.422835 46.779803,2023-04-25 07:00:00.000 +0200,3,EXPLOSIVE,SLAB,2,DRY,N,137,46.779803,8.422835,1,TIT,TIT,-10.2,-10.4,-10.0,,,98.9,2.8,-10.3,687.7,,1006.9,2961.3,,16.3,291.0,10.1,36.4,58.7,15.8,56.9,,,,,90.0,,,,,,0.015,761.37451171875,-2.08740234375,-1899.31640625,1899.3175533067028,179.93703034634154
b1c2736c-200d-4a78-a75a-d1aa12bb81e8,7.992735 46.584254,2023-06-05 08:00:00.000 +0200,3,EXPLOSIVE,UNKNOWN,0,UNKNOWN,,4,46.584254,7.992735,1,JUN,JUN,-2.8,-3.1,-2.3,,,58.3,2.9,-9.9,659.1,,1024.6,3096.0,,2.9,323.0,0.5,1.8,10.4,2.8,10.1,,,,,685.0,192.0,,,,60.0,0.264,629.8162231445312,-922.6318359375,1105.8837890625,1440.2181986062508,39.83802821390573
f4bf91bd-2855-4c53-b901-3cb18add524d,8.420301 46.78111,2023-04-17 08:00:00+02:00,4,EXPLOSIVE,SLAB,2,DRY,N,160,46.78111,8.420301,0,TIT,TIT,-9.6,-9.7,-9.4,,,91.6,2.7,-10.7,694.0,,1015.4,3030.7,,16.1,31.0,6.3,22.7,58.0,15.2,54.7,,,,,296.0,,,,,,0.057,759.58349609375,874.072265625,-621.826171875,1072.6929260340712,234.57146728890586
9793e5e8-7a24-425c-8b33-04a387b5aa44,8.40304 46.792701,2023-04-05 06:30:00+02:00,2,EXPLOSIVE,SLAB,1,DRY,NW,61,46.792701,8.40304,0,ENG,ENG,-3.7,-4.3,-3.4,-5.7,-6.1,93.1,4.3,-4.7,898.2,,1017.1,,1470.5,2.0,198.0,0.7,2.5,7.2,1.9,6.8,0.0,,0.0,0.0,12.0,226.0,,,,0.0,0.012,753.0325317382812,-2151.45263671875,-107.33642578125,2154.1284911405714,92.8561304264642
bafec949-69be-4d29-96df-732ded5d7686,8.389718 46.787228,2023-04-01 08:00:00.000 +0200,3,EXPLOSIVE,SLAB,1,DRY,N,70,46.787228,8.389718,1,TIT,TIT,-10.5,-10.6,-10.3,,,95.9,2.7,-11.1,686.2,,1004.9,2944.5,,24.1,280.0,14.1,50.8,86.8,23.6,85.0,,,,,202.0,,,,,,0.026,746.5532836914062,2276.91650390625,-1173.01025390625,2561.308615050101,242.74361235020513
35790a01-26e9-458d-9830-8b595ce08bc3,8.391669 46.779911,2023-04-18 16:00:00+02:00,5,PERSON,SLAB,3,DRY,NW,107,46.779911,8.391669,0,TIT,TIT,-5.9,-6.1,-5.7,,,85.7,3.4,-7.9,696.1,,1018.2,3053.4,,6.1,125.0,4.4,15.8,22.0,6.0,21.6,,,,,361.0,,,,,,0.092,743.1171875,488.671875,304.1015625,575.5675127480329,301.89409339107294
850fbf08-4de4-4e22-97a7-6ee73d0c55e0,8.423568 46.779438,2023-04-28 07:30:00+02:00,2,EXPLOSIVE,SLAB,2,DRY,N,153,46.779438,8.423568,0,TIT,TIT,-1.2,-1.4,-0.7,,,99.9,5.6,-1.2,698.5,,1021.5,3080.9,,23.3,274.0,11.7,42.1,83.9,22.6,81.4,,,,,112.0,,,,,,0.025,763.22314453125,604.35791015625,-1931.72607421875,2024.0588206336824,197.3727625092364
fe8541fa-4448-482f-8c28-995faac1b624,8.419783 46.781356,2023-04-17 07:30:00+02:00,2,EXPLOSIVE,SLAB,1,DRY,N,149,46.781356,8.419783,0,TIT,TIT,-9.4,-9.6,-9.3,,,95.6,2.9,-10.0,694.0,,1015.4,3030.7,,12.7,29.0,5.5,19.8,45.7,11.9,42.8,,,,,131.0,,,,,,0.028,758.8815307617188,-1939.5263671875,-1050.18310546875,2205.594496734957,118.43393634386692
564bddb0-e717-11ed-acf0-f7b342f82229,7.822357 46.529218,2023-05-02 12:00:00+02:00,7,NATURAL,SLAB,3,UNKNOWN,N,222,46.529218,7.822357,0,INT,INT,13.9,13.3,14.4,26.4,23.8,63.0,10.0,7.0,953.7,1021.0,1021.9,,,4.6,32.0,2.1,7.6,16.6,4.4,15.8,0.0,,0.0,,720.0,,,,391.0,28.0,0.395,666.2966918945312,248.291015625,-37.5732421875,251.11785473871532,261.394866180814
97f65a13-9c8a-44c6-b5dc-c7c4d60fed1e,7.972757 46.575628,2023-04-18 07:30:00+02:00,2,EXPLOSIVE,SLAB,1,DRY,N,75,46.575628,7.972757,0,JUN,JUN,-10.8,-11.3,-10.6,,,83.1,2.2,-13.2,652.4,,1015.0,3030.9,,3.5,139.0,2.0,7.2,12.6,3.5,12.6,,,,,286.0,173.0,,,,59.0,0.065,645.8840942382812,95.47119140625,1123.35205078125,1127.4016934451397,355.1422324947262
be39a3d6-d2cf-47e2-870e-49c1b9134b29,8.422461 46.779843,2023-05-20 07:00:00+02:00,4,EXPLOSIVE,SLAB,2,DRY,N,76,46.779843,8.422461,0,TIT,TIT,-1.4,-2.0,-0.5,,,83.7,4.6,-3.8,696.2,,1018.4,3054.6,,16.0,139.0,11.3,40.7,57.6,15.4,55.4,,,,,346.0,,,,,,0.092,760.8377075195312,-135.46142578125,-1545.99609375,1551.91936638633,174.99248631940367
35750744-ea24-4b2e-81ea-9ce6b475ccb9,8.42211 46.780566,2023-04-16 06:30:00+02:00,5,EXPLOSIVE,SLAB,2,DRY,N,241,46.780566,8.42211,0,TIT,TIT,-9.8,-9.9,-9.7,,,93.4,2.7,-10.7,692.3,,1013.1,3011.9,,10.6,343.0,2.7,9.7,38.2,10.1,36.4,,,,,29.0,,,,,,0.013,761.1071166992188,1203.8818359375,-1454.69970703125,1888.2485833536457,219.61051112267845
f4bbdd10-e717-11ed-acf0-f7b342f82229,7.841373 46.562945,2023-05-01 12:00:00+02:00,7,NATURAL,UNKNOWN,3,UNKNOWN,NW,157,46.562945,7.841373,0,INT,INT,10.5,10.4,10.6,12.5,12.3,87.4,11.1,8.5,949.8,1017.7,1017.8,,,1.2,270.0,0.5,1.8,4.3,1.2,4.3,0.0,,1.3,,127.0,,,,126.0,0.0,0.082,665.4730224609375,-145.78857421875,540.41748046875,559.7368681522844,15.097306660713329
d68cc42c-2801-4238-bb58-3d963f2ab1ea,8.380899 46.782267,2023-04-02 07:00:00+02:00,4,EXPLOSIVE,SLAB,3,DRY,N,112,46.782267,8.380899,0,TIT,TIT,-11.8,-11.9,-11.7,,,95.3,2.4,-12.4,688.8,,1008.4,2974.4,,8.9,313.0,5.2,18.7,32.0,8.8,31.7,,,,,127.0,,,,,,0.022,740.3651733398438,2322.18017578125,308.7158203125,2342.6109848847414,277.5726253123122
2a2d7868-aa56-44d4-b082-8c267cccfbe3,8.388637 46.786311,2023-04-13 07:30:00+02:00,2,EXPLOSIVE,LOOSE_SNOW,1,DRY,NW,80,46.786311,8.388637,0,TIT,TIT,-13.5,-13.7,-13.0,,,100.0,2.2,-13.5,683.5,,1001.1,2915.8,,10.2,306.0,5.7,20.5,36.7,9.9,35.6,,,,,127.0,,,,,,0.019,745.34130859375,-705.322265625,-46.25244140625,706.8371712936591,93.75187474862615
74720590-2505-48bc-ad7b-327442e7d8ae,8.216759 46.608474,2023-04-21 12:00:00+02:00,7,PERSON,SLAB,1,DRY,N,130,46.608474,8.216759,0,GRH,GRH,1.9,1.3,2.4,,,76.3,5.4,-1.8,799.3,,1013.9,,1461.9,10.7,152.0,7.0,25.2,38.5,10.2,36.7,,,0.0,186.0,555.0,311.0,,,,0.0,0.188,678.3681640625,1724.96337890625,-1325.93994140625,2175.6873366327427,232.45134135486592
4b5d9a70-d15e-11ed-94cc-21edfa2a74e3,8.233716 46.754659,2023-04-03 15:30:00+02:00,1,NATURAL,FULL_DEPTH,2,WET,S,16,46.754659,8.233716,0,MER,MER,4.5,4.3,4.7,5.7,5.4,67.9,5.7,-0.9,950.7,1021.5,1019.9,,,12.7,327.0,6.2,22.3,45.7,12.3,44.3,0.0,,0.0,,198.0,,,,191.0,0.0,0.113,664.812255859375,-231.48193359375,-347.8271484375,417.81288966529496,146.35589611458641
3c08ef45-da0c-4efd-bbb0-523da6d751f9,8.422511 46.78003,2023-04-30 07:30:00+02:00,2,EXPLOSIVE,SLAB,2,DRY,N,113,46.78003,8.422511,0,TIT,TIT,-2.5,-2.8,-2.2,,,55.7,2.8,-10.2,696.8,,1019.2,3060.9,,4.1,178.0,2.8,10.1,14.8,3.8,13.7,,,,,281.0,,,,,,0.108,760.8434448242188,714.55078125,-1498.095703125,1659.7811767539038,205.4998686787384
c98d2b1a-9c67-4f2a-8b1b-1b27502b6c5d,8.423896 46.779967,2023-04-13 07:00:00+02:00,3,EXPLOSIVE,SLAB,1,DRY,NW,211,46.779967,8.423896,0,TIT,TIT,-13.5,-13.7,-13.0,,,100.0,2.2,-13.5,683.5,,1001.1,2915.8,,10.2,306.0,5.7,20.5,36.7,9.9,35.6,,,,,127.0,,,,,,0.019,764.029541015625,305.74951171875,-790.576171875,847.6399279486448,201.1436112374965
5f7c51f6-7065-4c64-860a-51df7287e4b5,8.42359 46.779392,2023-05-19 07:00:00+02:00,4,EXPLOSIVE,SLAB,2,DRY,N,108,46.779392,8.42359,0,TIT,TIT,-2.9,-3.2,-2.4,,,86.1,4.2,-4.9,697.8,,1020.6,3072.9,,10.4,165.0,6.6,23.8,37.4,10.0,36.0,,,,,261.0,,,,,,0.076,763.22314453125,604.35791015625,-1931.72607421875,2024.0588206336824,197.3727625092364
97c5682e-950b-4c24-8c69-651f6ff3d0c8,8.035288 46.786336,2023-04-19 10:30:00+02:00,4,EXPLOSIVE,SLAB,2,DRY,S,32,46.786336,8.035288,0,BRZ,BRZ,,,,,,,,,952.0,,1018.7,,,4.7,258.0,2.9,10.4,16.9,4.6,16.6,,,0.0,,,,,,,,,622.7722778320312,-650.93994140625,-661.376953125,927.9775220569088,135.4556705144938
8b4032b5-5847-4489-a91a-a268f821bb88,8.425022 46.770122,2023-05-19 09:30:00+02:00,2,EXPLOSIVE,SLAB,2,DRY,S,166,46.770122,8.425022,0,TIT,TIT,-2.6,-2.9,-2.2,,,86.6,4.4,-4.5,697.8,,1020.6,3072.4,,12.1,134.0,8.6,31.0,43.6,11.7,42.1,,,,,638.0,,,,,,0.157,761.7406616210938,1075.89111328125,-1517.2119140625,1859.9660426499088,215.34136178213532
0d6a183c-f453-4a31-98c7-90213921e278,8.417328 46.785788,2023-04-05 06:30:00+02:00,2,EXPLOSIVE,SLAB,1,DRY,NW,74,46.785788,8.417328,0,TIT,TIT,-13.7,-14.0,-13.6,,,30.5,0.7,-27.4,689.5,,1009.3,2982.9,,8.5,4.0,5.2,18.7,30.6,7.6,27.4,,,,,54.0,,,,,,0.041,760.0443725585938,104.26025390625,-1012.060546875,1017.4167047407467,185.88173690537573
d940ed50-ecda-11ed-aeab-3b3cc7819483,7.967581 46.511291,2023-05-06 12:00:00.000 +0200,7,NATURAL,SLAB,3,UNKNOWN,S,248,46.511291,7.967581,1,JUN,JUN,-2.9,-3.2,-2.5,,,70.1,3.5,-7.6,659.9,,1025.6,3105.1,,12.0,312.0,4.9,17.6,43.2,11.6,41.8,,,,,1034.0,211.0,,,,60.0,0.32,673.9722900390625,404.18701171875,1046.77734375,1122.1006852463993,338.88717349648687
26ffd848-b17b-4d9b-a93a-0d9106053d47,8.073009 46.53608,2023-05-23 12:00:00+02:00,7,PERSON,SLAB,3,DRY,,203,46.53608,8.073009,0,JUN,JUN,-0.5,-1.4,0.2,,,83.2,4.9,-3.0,660.4,,1026.4,3107.4,,4.3,135.0,2.4,8.6,15.5,4.1,14.8,,,,,1139.0,229.0,,,,60.0,0.44,618.4442138671875,74.37744140625,198.8525390625,212.30717388195632,339.4925369814307
b1c2736c-200d-4a78-a75a-d1aa12bb81e8,7.992735 46.584254,2023-06-09 08:00:00+02:00,3,EXPLOSIVE,UNKNOWN,0,UNKNOWN,,6,46.584254,7.992735,0,JUN,JUN,-1.5,-1.9,-1.1,,,61.4,3.4,-8.0,659.0,,1024.3,3091.6,,7.2,337.0,1.5,5.4,25.9,6.9,24.8,,,,,685.0,203.0,,,,60.0,0.264,629.8162231445312,-922.6318359375,1105.8837890625,1440.2181986062508,39.83802821390573
72a5d090-d8f5-11ed-9de9-4bc775516e2e,8.249382 46.761703,2023-04-13 16:00:00+02:00,3,NATURAL,FULL_DEPTH,2,WET,SW,71,46.761703,8.249382,0,MER,MER,4.5,4.3,4.8,5.5,5.0,79.1,6.7,1.2,940.6,1010.6,1009.2,,,2.6,324.0,1.1,4.0,9.4,2.6,9.4,0.0,,0.0,,160.0,,,,149.0,0.0,0.075,673.8353271484375,-344.42138671875,-843.0908203125,910.7295004140751,157.7788910334798
e18fb476-2bc8-4cdf-829a-b6f36d7508bd,8.420851 46.780719,2023-04-25 00:00:00.000 +0200,6,NATURAL,SLAB,2,DRY,NW,121,46.780719,8.420851,1,TIT,TIT,-9.7,-10.0,-9.1,,,98.9,2.9,-9.8,689.8,,1009.7,2984.4,,15.3,252.0,4.8,17.3,55.1,15.2,54.7,,,,,0.0,,,,,,-0.001,759.5701904296875,1050.62255859375,-655.8837890625,1238.544026420159,238.02424677849248
8b4032b5-5847-4489-a91a-a268f821bb88,8.425022 46.770122,2023-05-16 09:30:00+02:00,2,EXPLOSIVE,SLAB,2,DRY,S,162,46.770122,8.425022,0,TIT,TIT,-5.9,-6.0,-5.7,,,98.7,3.9,-6.0,691.9,,1012.6,3006.5,,16.7,14.0,9.2,33.1,60.1,15.8,56.9,,,,,330.0,,,,,,0.064,761.7406616210938,1075.89111328125,-1517.2119140625,1859.9660426499088,215.34136178213532
3c08ef45-da0c-4efd-bbb0-523da6d751f9,8.422511 46.78003,2023-04-28 07:30:00+02:00,2,EXPLOSIVE,SLAB,2,DRY,N,113,46.78003,8.422511,0,TIT,TIT,-1.2,-1.4,-0.7,,,99.9,5.6,-1.2,698.5,,1021.5,3080.9,,23.3,274.0,11.7,42.1,83.9,22.6,81.4,,,,,112.0,,,,,,0.025,760.8434448242188,714.55078125,-1498.095703125,1659.7811767539038,205.4998686787384
e5f438a3-68c9-465f-a6d1-9ab6a2ebaf71,8.384832 46.783436,2023-04-01 08:00:00+02:00,3,EXPLOSIVE,SLAB,1,DRY,N,68,46.783436,8.384832,0,TIT,TIT,-10.5,-10.6,-10.3,,,95.9,2.7,-11.1,686.2,,1004.9,2944.5,,24.1,280.0,14.1,50.8,86.8,23.6,85.0,,,,,202.0,,,,,,0.026,742.1997680664062,-14.2822265625,283.0078125,283.3679656058845,2.8890286260990763
40432ba0-e72a-11ed-8f49-75cb9dad9a7e,7.996764 46.557888,2023-04-29 12:00:00.000 +0200,7,NATURAL,SLAB,3,DRY,S,321,46.557888,7.996764,1,JUN,JUN,-5.4,-5.5,-5.3,,,87.5,3.6,-7.1,657.1,,1021.7,3076.0,,7.0,314.0,4.4,15.8,25.2,6.5,23.4,,,,,974.0,244.0,,,,36.0,0.263,636.23876953125,-1407.12890625,701.5869140625,1572.3345562532368,63.499402519328505
a4ad0c82-16f6-4de1-af92-ac146cabf042,8.423474 46.779387,2023-05-02 07:30:00+02:00,4,EXPLOSIVE,SLAB,2,DRY,N,131,46.779387,8.423474,0,TIT,TIT,-6.7,-6.9,-6.5,,,97.5,3.6,-7.1,697.0,,1019.6,3064.7,,10.9,23.0,7.1,25.6,39.2,10.7,38.5,,,,,152.0,,,,,,0.033,763.22314453125,604.35791015625,-1931.72607421875,2024.0588206336824,197.3727625092364
50fbf8f0-dd0c-11ed-8f1e-7bb69ddca4ec,8.23687 46.747556,2023-04-18 12:00:00+02:00,5,NATURAL,SLAB,2,DRY,N,68,46.747556,8.23687,0,MER,MER,14.6,13.7,15.7,22.4,22.0,50.9,8.5,4.5,947.4,1015.3,1016.4,,,7.5,294.0,2.8,10.1,27.0,7.3,26.3,0.0,,0.0,,876.0,,,,114.0,60.0,0.485,666.6058349609375,-1043.9208984375,-1423.49853515625,1765.2532174695355,143.74558715192933
3a0dd0e2-9199-4139-bb1e-3327bd98128b,8.425944 46.778157,2023-04-14 07:00:00+02:00,3,EXPLOSIVE,SLAB,2,DRY,NE,229,46.778157,8.425944,0,TIT,TIT,-13.4,-13.7,-13.1,,,99.4,2.2,-13.5,684.7,,1002.8,2929.1,,9.3,318.0,3.0,10.8,33.5,8.9,32.0,,,,,121.0,,,,,,0.023,763.0839233398438,1136.09619140625,2768.994140625,2992.9990155266287,337.6920487492303
e18fb476-2bc8-4cdf-829a-b6f36d7508bd,8.420851 46.780719,2023-04-28 00:00:00+02:00,6,NATURAL,SLAB,2,DRY,NW,132,46.780719,8.420851,0,TIT,TIT,-2.4,-2.7,-2.2,,,57.6,2.9,-10.2,698.9,,1022.0,3084.8,,16.2,261.0,10.5,37.8,58.3,15.9,57.2,,,,,0.0,,,,,,0.023,759.5701904296875,1050.62255859375,-655.8837890625,1238.544026420159,238.02424677849248
97f65a13-9c8a-44c6-b5dc-c7c4d60fed1e,7.972757 46.575628,2023-04-16 07:30:00+02:00,2,EXPLOSIVE,SLAB,1,DRY,N,103,46.575628,7.972757,0,JUN,JUN,-12.2,-12.6,-11.9,,,92.2,2.2,-13.2,650.5,,1012.2,3010.1,,18.5,302.0,11.9,42.8,66.6,18.2,65.5,,,,,198.0,261.0,,,,0.0,0.027,645.8840942382812,95.47119140625,1123.35205078125,1127.4016934451397,355.1422324947262
10ab716e-5fe3-4dac-9343-2f5c3d5e2a92,8.244594 46.61198,2023-05-10 12:00:00+02:00,7,NATURAL,SLAB,4,WET,NW,111,46.61198,8.244594,0,GRH,GRH,1.8,1.4,1.9,,,94.4,6.6,1.0,801.0,,1016.0,,1479.2,9.9,355.0,5.8,20.9,35.6,9.3,33.5,,,0.0,106.0,448.0,319.0,,,,0.0,0.142,680.986328125,-652.8076171875,-236.75537109375,694.4140629334639,109.93431582636845
50374fe0-d439-11ed-a920-a702e6e7f311,8.245848 46.760908,2023-04-08 16:00:00+02:00,2,NATURAL,FULL_DEPTH,1,WET,SW,42,46.760908,8.245848,0,MER,MER,10.6,10.5,10.8,11.0,10.2,47.8,6.1,0.0,950.8,1020.0,1020.0,,,11.8,317.0,6.0,21.6,42.5,11.2,40.3,0.0,,0.0,,190.0,,,,183.0,0.0,0.18,672.4798583984375,248.18115234375,-138.6474609375,284.2833143240863,240.8099044636349
c8955470-dce3-11ed-bcd6-6b951ea9af39,8.419791 46.782658,2023-04-17 12:00:00+02:00,7,EXPLOSIVE,SLAB,2,DRY,N,286,46.782658,8.419791,0,TIT,TIT,-8.6,-8.9,-8.4,,,81.2,2.6,-11.2,694.1,,1015.6,3032.1,,10.1,94.0,5.2,18.7,36.4,9.7,34.9,,,,,980.0,,,,,,0.21,760.7146606445312,3990.0146484375,1105.0048828125,4140.199594921155,285.47967510578906
37f6f440-e68a-11ed-9633-279e930b62b5,7.970158 46.5442,2023-04-30 12:00:00+02:00,7,NATURAL,SLAB,2,DRY,SE,260,46.5442,7.970158,0,JUN,JUN,-3.7,-4.4,-3.3,,,88.8,4.1,-5.3,656.2,,1020.4,3062.2,,5.7,135.0,4.4,15.8,20.5,5.5,19.8,,,,,676.0,258.0,,,,0.0,0.202,659.6864624023438,-1524.90234375,127.6611328125,1530.236753840795,85.21449516841656
26ffd848-b17b-4d9b-a93a-0d9106053d47,8.073009 46.53608,2023-05-25 12:00:00+02:00,7,PERSON,SLAB,3,DRY,,199,46.53608,8.073009,0,JUN,JUN,-3.2,-3.5,-2.9,,,99.0,4.8,-3.3,660.6,,1026.6,3114.1,,20.7,143.0,14.9,53.6,74.5,20.4,73.4,,,,,684.0,295.0,,,,0.0,0.118,618.4442138671875,74.37744140625,198.8525390625,212.30717388195632,339.4925369814307
b2b22272-2994-46f8-ba69-aa77d0ffdafa,8.420101 46.781175,2023-04-28 00:00:00+02:00,6,NATURAL,SLAB,2,DRY,N,124,46.781175,8.420101,0,TIT,TIT,-2.4,-2.7,-2.2,,,57.6,2.9,-10.2,698.9,,1022.0,3084.8,,16.2,261.0,10.5,37.8,58.3,15.9,57.2,,,,,0.0,,,,,,0.023,759.620849609375,-140.51513671875,692.138671875,706.2580581855176,11.475986466331335
ae543637-3b77-4592-997d-c9f3fc4c3078,8.424992 46.778957,2023-04-27 07:30:00+02:00,2,EXPLOSIVE,SLAB,2,DRY,N,216,46.778957,8.424992,0,TIT,TIT,-7.2,-7.3,-7.1,,,89.9,3.2,-8.6,696.2,,1018.4,3055.0,,8.5,238.0,4.7,16.9,30.6,8.4,30.2,,,,,272.0,,,,,,0.062,763.2218017578125,1885.0341796875,538.87939453125,1960.5470819239442,285.9537753137972
729aca22-4176-463d-b386-a7be12b79b0f,8.424589 46.778965,2023-04-27 07:00:00+02:00,3,EXPLOSIVE,SLAB,2,DRY,N,205,46.778965,8.424589,0,TIT,TIT,-7.2,-7.3,-7.1,,,89.9,3.2,-8.6,696.2,,1018.4,3055.0,,8.5,238.0,4.7,16.9,30.6,8.4,30.2,,,,,272.0,,,,,,0.062,763.47265625,893.29833984375,435.05859375,993.6085265150091,295.96723836070544
27d50482-68af-45c1-b95c-82786dd48176,7.97274 46.575625,2023-04-05 08:00:00+02:00,3,EXPLOSIVE,LOOSE_SNOW,1,DRY,N,61,46.575625,7.97274,0,JUN,JUN,-18.3,-18.4,-18.1,,,60.0,0.9,-24.2,647.1,,1007.3,2983.8,,11.2,300.0,8.6,31.0,40.3,11.1,40.0,,,,,528.0,167.0,,,,60.0,0.065,645.8840942382812,95.47119140625,1123.35205078125,1127.4016934451397,355.1422324947262
1851a448-559e-4572-8066-2824a030e41d,8.385872 46.778947,2023-04-15 07:30:00+02:00,2,EXPLOSIVE,LOOSE_SNOW,1,DRY,NE,146,46.778947,8.385872,0,TIT,TIT,-9.0,-9.1,-8.8,,,97.9,3.0,-9.3,685.0,,1003.1,2929.2,,13.6,300.0,9.7,34.9,49.0,13.3,47.9,,,,,147.0,,,,,,0.023,738.9261474609375,1856.9091796875,715.4296875,1989.9626477308693,291.07066856438576
74720590-2505-48bc-ad7b-327442e7d8ae,8.216759 46.608474,2023-04-25 12:00:00+02:00,7,PERSON,SLAB,1,DRY,N,94,46.608474,8.216759,0,GRH,GRH,-2.5,-2.8,-2.0,,,93.0,4.7,-3.5,797.8,,1012.0,,1454.5,9.6,346.0,4.8,17.3,34.6,9.2,33.1,,,2.7,188.0,441.0,299.0,,,,0.0,0.122,678.3681640625,1724.96337890625,-1325.93994140625,2175.6873366327427,232.45134135486592
a4ad0c82-16f6-4de1-af92-ac146cabf042,8.423474 46.779387,2023-05-04 07:30:00+02:00,4,EXPLOSIVE,SLAB,2,DRY,N,128,46.779387,8.423474,0,TIT,TIT,0.3,0.1,0.6,,,29.4,1.8,-15.5,701.8,,1026.0,3118.3,,6.5,307.0,4.7,16.9,23.4,6.5,23.4,,,,,407.0,,,,,,0.18,763.22314453125,604.35791015625,-1931.72607421875,2024.0588206336824,197.3727625092364
11f734d7-e1b6-4c3b-8fe6-abdd0b39cea0,8.385873 46.778735,2023-04-15 08:00:00+02:00,4,EXPLOSIVE,SLAB,2,DRY,NE,110,46.778735,8.385873,0,TIT,TIT,-8.8,-8.9,-8.7,,,97.5,3.1,-9.1,685.0,,1003.2,2929.3,,13.4,306.0,10.3,37.1,48.2,12.9,46.4,,,,,285.0,,,,,,0.043,738.159423828125,-807.4951171875,-2791.95556640625,2906.383362371265,163.86896488795355
d1dc6b80-4759-4599-8761-9b826a9ee094,8.401311 46.769587,2023-04-14 00:00:00+02:00,6,NATURAL,SLAB,3,DRY,NW,192,46.769587,8.401311,0,TIT,TIT,-12.7,-13.1,-12.3,,,100.0,2.3,-12.7,684.0,,1001.8,2921.2,,14.6,328.0,4.3,15.5,52.6,13.7,49.3,,,,,0.0,,,,,,-0.002,747.0386352539062,-160.400390625,-956.9091796875,970.2594825524029,170.48434964326998
97c5682e-950b-4c24-8c69-651f6ff3d0c8,8.035288 46.786336,2023-04-21 10:30:00+02:00,4,EXPLOSIVE,SLAB,2,DRY,S,36,46.786336,8.035288,0,BRZ,BRZ,,,,,,,,,944.6,,1010.9,,,4.7,261.0,2.6,9.4,16.9,4.5,16.2,,,0.0,,,,,,,,,622.7722778320312,-650.93994140625,-661.376953125,927.9775220569088,135.4556705144938
2a2d7868-aa56-44d4-b082-8c267cccfbe3,8.388637 46.786311,2023-04-15 07:30:00+02:00,2,EXPLOSIVE,LOOSE_SNOW,1,DRY,NW,115,46.786311,8.388637,0,TIT,TIT,-9.0,-9.1,-8.8,,,97.9,3.0,-9.3,685.0,,1003.1,2929.2,,13.6,300.0,9.7,34.9,49.0,13.3,47.9,,,,,147.0,,,,,,0.023,745.34130859375,-705.322265625,-46.25244140625,706.8371712936591,93.75187474862615
8cc2e1b0-ecd3-11ed-8adc-7d70564ee41a,8.023437 46.573593,2023-05-07 12:00:00+02:00,10,NATURAL,SLAB,4,WET,,162,46.573593,8.023437,0,JUN,JUN,-1.9,-2.8,-0.8,,,89.4,4.7,-3.5,659.4,,1024.9,3097.2,,5.3,136.0,3.9,14.0,19.1,5.2,18.7,,,,,835.0,273.0,,,,8.0,0.273,616.08935546875,-1170.15380859375,707.18994140625,1367.2518235470136,58.853064354324204
9f2be370-d7a6-11ed-a8d1-4961cd70d9e1,8.210814 46.503291,2023-04-08 12:00:00.000 +0200,7,NATURAL,SLAB,3,WET,S,137,46.503291,8.210814,1,ULR,ULR,7.4,6.9,7.6,13.0,11.7,41.0,4.2,-5.0,865.6,,1017.9,,1497.1,11.4,81.0,4.1,14.8,41.0,10.7,38.5,,,0.0,0.0,885.0,236.0,,,103.0,60.0,0.407,686.5875244140625,1112.9150390625,-722.4609375,1326.8495356990802,237.00994253482378
099a6e90-d12e-11ed-ba10-b99b29af1712,8.260874 46.762857,2023-04-06 07:18:00+02:00,0,EXPLOSIVE,SLAB,3,DRY,NE,97,46.762857,8.260874,0,MER,MER,-0.9,-2.5,1.1,-1.1,-7.2,80.6,4.6,-3.8,950.7,1023.0,1019.9,,,1.0,90.0,0.3,1.1,3.6,1.0,3.6,0.0,,0.0,,207.0,,,,50.0,46.0,0.058,681.629638671875,-711.80419921875,568.54248046875,910.9916410829492,51.384435582299645
0d183e05-ccd5-4337-8515-db8621df2658,8.421449 46.780606,2023-04-14 07:30:00+02:00,2,EXPLOSIVE,SLAB,2,DRY,N,189,46.780606,8.421449,0,TIT,TIT,-13.4,-13.7,-13.1,,,99.4,2.2,-13.5,684.7,,1002.8,2929.1,,9.3,318.0,3.0,10.8,33.5,8.9,32.0,,,,,121.0,,,,,,0.023,760.1211547851562,676.9775390625,-425.830078125,799.7686189336653,237.82942760048624
110f1420-d9f1-11ed-8014-25b7abf6ec82,8.252181 46.759933,2023-04-14 02:00:00+02:00,4,NATURAL,FULL_DEPTH,2,WET,S,73,46.759933,8.252181,0,MER,MER,2.7,2.5,2.9,2.1,1.9,90.3,6.7,1.3,942.0,1012.7,1010.7,,,4.1,344.0,1.8,6.5,14.8,4.0,14.4,0.0,,0.3,,1.0,,,,1.0,0.0,0.0,676.0153198242188,-296.19140625,-636.767578125,702.2836305137196,155.05458271526572
8500f990-d7a6-11ed-a8d1-4961cd70d9e1,8.209308 46.504515,2023-04-11 12:00:00+02:00,7,NATURAL,SLAB,4,WET,S,219,46.504515,8.209308,0,ULR,ULR,3.6,3.0,4.4,4.0,3.3,89.0,7.0,2.0,865.6,,1017.9,,1494.4,2.3,45.0,0.8,2.9,8.3,2.2,7.9,,,2.4,0.0,132.0,313.0,,,131.0,0.0,0.071,685.5072631835938,-1156.201171875,134.2529296875,1163.9695008782662,83.37672982311005
bafec949-69be-4d29-96df-732ded5d7686,8.389718 46.787228,2023-04-02 08:00:00+02:00,3,EXPLOSIVE,SLAB,1,DRY,N,75,46.787228,8.389718,0,TIT,TIT,-11.6,-11.9,-11.3,,,99.0,2.5,-11.8,689.3,,1009.0,2979.5,,6.0,306.0,3.6,13.0,21.6,5.7,20.5,,,,,291.0,,,,,,0.053,746.5532836914062,2276.91650390625,-1173.01025390625,2561.308615050101,242.74361235020513
b4aeb776-bc6c-459f-adeb-919a10f47c8a,8.420466 46.780907,2023-04-02 07:00:00+02:00,4,EXPLOSIVE,SLAB,2,DRY,NW,122,46.780907,8.420466,0,TIT,TIT,-11.8,-11.9,-11.7,,,95.3,2.4,-12.4,688.8,,1008.4,2974.4,,8.9,313.0,5.2,18.7,32.0,8.8,31.7,,,,,127.0,,,,,,0.022,759.4605712890625,1555.8837890625,-442.19970703125,1617.502688086176,254.13425279336218
4067dd0b-f3b4-40af-8872-12824f7b55a6,8.423024 46.779666,2023-04-02 07:00:00+02:00,4,EXPLOSIVE,SLAB,3,DRY,NE,127,46.779666,8.423024,0,TIT,TIT,-11.8,-11.9,-11.7,,,95.3,2.4,-12.4,688.8,,1008.4,2974.4,,8.9,313.0,5.2,18.7,32.0,8.8,31.7,,,,,127.0,,,,,,0.022,761.8928833007812,656.43310546875,-2499.49951171875,2584.260480492943,194.71504785369478
b4aeb776-bc6c-459f-adeb-919a10f47c8a,8.420466 46.780907,2023-04-05 07:00:00+02:00,4,EXPLOSIVE,SLAB,2,DRY,NW,112,46.780907,8.420466,0,TIT,TIT,-14.1,-14.2,-14.0,,,28.1,0.6,-28.6,689.6,,1009.4,2984.0,,7.6,6.0,2.7,9.7,27.4,7.1,25.6,,,,,253.0,,,,,,0.059,759.4605712890625,1555.8837890625,-442.19970703125,1617.502688086176,254.13425279336218
8cc2e1b0-ecd3-11ed-8adc-7d70564ee41a,8.023437 46.573593,2023-05-08 12:00:00+02:00,10,NATURAL,SLAB,4,WET,,150,46.573593,8.023437,0,JUN,JUN,-3.6,-3.9,-3.0,,,97.2,4.5,-4.0,660.7,,1026.8,3116.1,,4.1,315.0,2.3,8.3,14.8,4.0,14.4,,,,,1051.0,241.0,,,,55.0,0.353,616.08935546875,-1170.15380859375,707.18994140625,1367.2518235470136,58.853064354324204
a7ed94b7-52d1-4b17-9928-83b4745ca8bf,8.307745 46.608205,2023-05-02 12:00:00+02:00,7,NATURAL,UNKNOWN,3,WET,,35,46.608205,8.307745,0,GRH,GRH,1.7,1.5,2.1,,,94.2,6.5,0.9,805.9,,1021.9,,1529.4,8.4,352.0,5.0,18.0,30.2,8.3,29.9,,,0.0,161.0,418.0,318.0,,,,0.0,0.138,686.95361328125,385.29052734375,-1229.91943359375,1288.856316116112,197.3939398203321
bc76da5f-d990-4bb2-a099-1ab0703da0a4,8.422538 46.779775,2023-05-04 07:30:00+02:00,4,EXPLOSIVE,SLAB,2,DRY,N,105,46.779775,8.422538,0,TIT,TIT,0.3,0.1,0.6,,,29.4,1.8,-15.5,701.8,,1026.0,3118.3,,6.5,307.0,4.7,16.9,23.4,6.5,23.4,,,,,407.0,,,,,,0.18,760.8377075195312,-135.46142578125,-1545.99609375,1551.91936638633,174.99248631940367
529f5410-e6a1-11ed-9300-179866ebe517,7.727729 46.504859,2023-05-01 17:00:00+02:00,3,UNKNOWN,UNKNOWN,1,WET,,2,46.504859,7.727729,0,FRU,FRU,9.5,9.3,9.7,,,93.3,11.0,8.5,,,,,,2.9,27.0,1.5,5.4,10.4,2.8,10.1,,,0.3,,67.0,352.0,,,65.0,0.0,,652.4718017578125,-780.46875,-7.470703125,780.504504235398,90.54842258167407
8b5b35b0-dd0c-11ed-8f1e-7bb69ddca4ec,8.229566 46.753026,2023-04-17 12:30:00.000 +0200,0,NATURAL,FULL_DEPTH,2,WET,SE,25,46.753026,8.229566,1,MER,MER,11.6,11.2,11.9,19.5,18.3,60.7,8.3,4.2,949.4,1018.2,1018.5,,,8.4,327.0,3.8,13.7,30.2,8.1,29.2,0.0,,0.0,,848.0,,,,368.0,39.0,0.412,664.6078491210938,795.849609375,1236.4013671875,1470.3961852254172,327.23133541761433
367958a0-d439-11ed-a920-a702e6e7f311,8.242864 46.759718,2023-04-06 15:00:00+02:00,2,NATURAL,FULL_DEPTH,1,WET,S,38,46.759718,8.242864,0,MER,MER,11.2,10.9,11.4,12.2,11.4,35.6,4.7,-3.5,948.6,1017.4,1017.7,,,9.1,285.0,5.3,19.1,32.8,8.8,31.7,0.0,,0.0,,297.0,,,,276.0,0.0,0.24,670.0982666015625,-593.26171875,-257.84912109375,646.8737405267148,113.49119369921517
a608e0ea-99f5-4d75-9162-5dd2600c0d00,8.423735 46.779426,2023-04-02 07:00:00+02:00,4,EXPLOSIVE,SLAB,2,DRY,N,184,46.779426,8.423735,0,TIT,TIT,-11.8,-11.9,-11.7,,,95.3,2.4,-12.4,688.8,,1008.4,2974.4,,8.9,313.0,5.2,18.7,32.0,8.8,31.7,,,,,127.0,,,,,,0.022,763.22314453125,604.35791015625,-1931.72607421875,2024.0588206336824,197.3727625092364
b121901c-cb98-4082-b65b-7aa17e40b945,8.420495 46.780984,2023-04-20 08:00:00+02:00,4,EXPLOSIVE,SLAB,2,DRY,NE,133,46.780984,8.420495,0,TIT,TIT,-7.8,-7.9,-7.7,,,84.8,2.9,-9.9,688.3,,1007.7,2966.8,,9.3,229.0,5.7,20.5,33.5,9.1,32.8,,,,,444.0,,,,,,0.096,759.96630859375,419.23828125,-252.24609375,489.27377640497747,238.96563872299566
931d9d63-4823-45cb-940f-26620aa25be9,8.425244 46.779006,2023-04-13 07:30:00.000 +0200,2,EXPLOSIVE,SLAB,2,DRY,N,199,46.779006,8.425244,1,TIT,TIT,-13.5,-13.7,-13.0,,,100.0,2.2,-13.5,683.5,,1001.1,2915.8,,10.2,306.0,5.7,20.5,36.7,9.9,35.6,,,,,127.0,,,,,,0.019,763.1732788085938,1680.46875,-810.24169921875,1865.6009302311816,244.2588574618955
c1bf9390-dd0b-11ed-8f1e-7bb69ddca4ec,8.237684 46.748368,2023-04-16 12:00:00+02:00,7,NATURAL,SLAB,2,DRY,NW,105,46.748368,8.237684,0,MER,MER,6.1,5.9,6.2,7.2,6.9,83.5,7.9,3.5,951.5,1021.9,1020.8,,,1.0,90.0,0.3,1.1,3.6,0.9,3.2,0.0,,0.2,,119.0,,,,108.0,0.0,0.07,667.4393920898438,265.2099609375,-1795.60546875,1815.085486357427,188.40181165468005
367958a0-d439-11ed-a920-a702e6e7f311,8.242864 46.759718,2023-04-05 15:00:00.000 +0200,2,NATURAL,FULL_DEPTH,1,WET,S,39,46.759718,8.242864,1,MER,MER,9.8,9.4,10.1,14.9,14.1,43.4,5.3,-2.1,948.1,1017.2,1017.1,,,9.5,317.0,4.9,17.6,34.2,9.3,33.5,0.0,,0.0,,594.0,,,,148.0,60.0,0.304,670.0982666015625,-593.26171875,-257.84912109375,646.8737405267148,113.49119369921517
564bddb0-e717-11ed-acf0-f7b342f82229,7.822357 46.529218,2023-04-30 12:00:00+02:00,7,NATURAL,SLAB,3,UNKNOWN,N,204,46.529218,7.822357,0,INT,INT,14.9,14.7,15.1,19.6,18.8,68.7,11.6,9.2,948.1,1014.8,1016.0,,,8.5,300.0,4.5,16.2,30.6,7.9,28.4,0.0,,0.0,,475.0,,,,440.0,0.0,0.283,666.2966918945312,248.291015625,-37.5732421875,251.11785473871532,261.394866180814
a9add040-dd0c-11ed-8f1e-7bb69ddca4ec,8.245886 46.75731,2023-04-21 12:15:00+02:00,0,NATURAL,FULL_DEPTH,2,WET,S,38,46.75731,8.245886,0,MER,MER,10.7,10.3,11.2,14.9,12.4,68.6,8.8,5.1,942.6,1011.2,1011.3,,,11.6,309.0,5.2,18.7,41.8,11.5,41.4,0.0,,0.0,,558.0,,,,429.0,11.0,0.274,672.0734252929688,1789.013671875,-676.42822265625,1912.622560402748,249.28833442851726
c8955470-dce3-11ed-bcd6-6b951ea9af39,8.419791 46.782658,2023-04-19 12:00:00+02:00,7,EXPLOSIVE,SLAB,2,DRY,N,238,46.782658,8.419791,0,TIT,TIT,-6.1,-6.3,-5.9,,,88.8,3.5,-7.7,695.4,,1017.3,3045.9,,12.7,274.0,6.4,23.0,45.7,12.5,45.0,,,,,763.0,,,,,,0.171,760.7146606445312,3990.0146484375,1105.0048828125,4140.199594921155,285.47967510578906
72a5d090-d8f5-11ed-9de9-4bc775516e2e,8.249382 46.761703,2023-04-15 16:00:00+02:00,3,NATURAL,FULL_DEPTH,2,WET,SW,90,46.761703,8.249382,0,MER,MER,6.4,6.3,6.4,5.9,5.8,84.7,8.1,4.0,943.6,1013.4,1012.4,,,7.9,288.0,2.9,10.4,28.4,7.7,27.7,0.0,,0.7,,62.0,,,,58.0,0.0,0.049,673.8353271484375,-344.42138671875,-843.0908203125,910.7295004140751,157.7788910334798
34e33f73-9c60-4cff-be3e-9f199f5b9d9e,8.385879 46.778707,2023-04-16 05:00:00+02:00,3,EXPLOSIVE,UNKNOWN,2,DRY,NE,126,46.778707,8.385879,0,TIT,TIT,-9.8,-10.0,-9.7,,,94.3,2.8,-10.6,691.9,,1012.6,3008.0,,13.0,336.0,3.9,14.0,46.8,12.7,45.7,,,,,0.0,,,,,,0.0,738.159423828125,-807.4951171875,-2791.95556640625,2906.383362371265,163.86896488795355
a608e0ea-99f5-4d75-9162-5dd2600c0d00,8.423735 46.779426,2023-04-03 07:00:00+02:00,4,EXPLOSIVE,SLAB,2,DRY,N,174,46.779426,8.423735,0,TIT,TIT,-11.1,-11.4,-10.6,,,93.9,2.5,-11.9,692.7,,1013.6,3017.2,,10.4,32.0,6.3,22.7,37.4,9.9,35.6,,,,,76.0,,,,,,0.018,763.22314453125,604.35791015625,-1931.72607421875,2024.0588206336824,197.3727625092364
129ea644-660f-4e28-b1b5-6ad36254a3b7,8.425551 46.770235,2023-05-19 09:00:00+02:00,3,EXPLOSIVE,SLAB,2,DRY,SE,171,46.770235,8.425551,0,TIT,TIT,-2.6,-2.9,-2.2,,,86.6,4.4,-4.5,697.8,,1020.6,3072.4,,12.1,134.0,8.6,31.0,43.6,11.7,42.1,,,,,638.0,,,,,,0.157,762.7124633789062,601.94091796875,-638.96484375,877.8433460894508,223.29101804078493
63723fcc-14a3-472f-a9d8-8ce81f021fe4,8.42184 46.780304,2023-04-30 07:30:00+02:00,2,EXPLOSIVE,LOOSE_SNOW,1,WET,N,111,46.780304,8.42184,0,TIT,TIT,-2.5,-2.8,-2.2,,,55.7,2.8,-10.2,696.8,,1019.2,3060.9,,4.1,178.0,2.8,10.1,14.8,3.8,13.7,,,,,281.0,,,,,,0.108,760.15185546875,228.62548828125,-1075.341796875,1099.3769117087159,192.00277998423186
9fe44fc7-c389-4ba2-9149-62bca569dc15,8.426432 46.777678,2023-05-20 07:00:00+02:00,4,EXPLOSIVE,SLAB,2,DRY,NE,129,46.777678,8.426432,0,TIT,TIT,-1.4,-2.0,-0.5,,,83.7,4.6,-3.8,696.2,,1018.4,3054.6,,16.0,139.0,11.3,40.7,57.6,15.4,55.4,,,,,346.0,,,,,,0.092,762.9927978515625,-111.181640625,-1086.21826171875,1091.8935247098818,174.15575022355583
a94851d0-e58a-11ed-94a2-bf37c1703856,7.5461 46.68465,2023-04-30 12:00:00+02:00,7,NATURAL,SLAB,2,UNKNOWN,SW,20,46.68465,7.5461,0,THU,THU,14.4,14.1,14.6,,,73.5,12.1,9.8,949.6,1015.5,1016.5,,,5.0,328.0,2.9,10.4,18.0,4.9,17.6,,,0.0,,344.0,,,,,0.0,0.213,562.5616455078125,982.06787109375,-1802.197265625,2052.40646258504,208.5872063112933
3a0dd0e2-9199-4139-bb1e-3327bd98128b,8.425944 46.778157,2023-04-12 07:00:00+02:00,3,EXPLOSIVE,SLAB,2,DRY,NE,173,46.778157,8.425944,0,TIT,TIT,-4.6,-4.7,-4.5,,,99.0,4.3,-4.8,690.1,,1010.2,2985.8,,25.3,268.0,12.0,43.2,91.1,24.2,87.1,,,,,99.0,,,,,,0.019,763.0839233398438,1136.09619140625,2768.994140625,2992.9990155266287,337.6920487492303
bc76da5f-d990-4bb2-a099-1ab0703da0a4,8.422538 46.779775,2023-05-02 07:30:00+02:00,4,EXPLOSIVE,SLAB,2,DRY,N,107,46.779775,8.422538,0,TIT,TIT,-6.7,-6.9,-6.5,,,97.5,3.6,-7.1,697.0,,1019.6,3064.7,,10.9,23.0,7.1,25.6,39.2,10.7,38.5,,,,,152.0,,,,,,0.033,760.8377075195312,-135.46142578125,-1545.99609375,1551.91936638633,174.99248631940367
d1dc6b80-4759-4599-8761-9b826a9ee094,8.401311 46.769587,2023-04-16 00:00:00+02:00,6,NATURAL,SLAB,3,DRY,NW,250,46.769587,8.401311,0,TIT,TIT,-11.0,-11.2,-10.8,,,100.0,2.6,-11.0,691.6,,1012.1,3004.5,,15.5,331.0,5.9,21.2,55.8,15.2,54.7,,,,,0.0,,,,,,-0.001,747.0386352539062,-160.400390625,-956.9091796875,970.2594825524029,170.48434964326998
a94851d0-e58a-11ed-94a2-bf37c1703856,7.5461 46.68465,2023-04-26 12:00:00+02:00,7,NATURAL,SLAB,2,UNKNOWN,SW,28,46.68465,7.5461,0,THU,THU,12.5,12.0,13.0,,,55.4,8.0,3.8,949.5,1015.9,1016.4,,,5.9,348.0,2.1,7.6,21.2,5.7,20.5,,,0.0,,579.0,,,,,23.0,0.322,562.5616455078125,982.06787109375,-1802.197265625,2052.40646258504,208.5872063112933
dda75b80-ddc2-11ed-b3b1-431b3c02902e,8.263291 46.74286,2023-04-18 14:30:00+02:00,1,SNOW_GROOMER,SLAB,3,DRY,SE,119,46.74286,8.263291,0,MER,MER,15.8,15.5,16.2,22.2,21.1,46.7,8.4,4.4,947.3,1014.9,1016.3,,,9.3,330.0,5.4,19.4,33.5,9.2,33.1,0.0,,0.0,,818.0,,,,195.0,60.0,0.478,686.8361206054688,-379.248046875,-98.6572265625,391.8702966690722,104.58167844827773
2f93ceb4-a841-42da-a6c1-1933628dbb83,8.385941 46.778747,2023-04-01 07:00:00.000 +0200,4,EXPLOSIVE,SLAB,2,DRY,NE,81,46.778747,8.385941,1,TIT,TIT,-10.8,-10.8,-10.6,,,97.0,2.6,-11.1,686.0,,1004.5,2941.7,,25.3,286.0,14.5,52.2,91.1,24.5,88.2,,,,,91.0,,,,,,0.013,738.159423828125,-807.4951171875,-2791.95556640625,2906.383362371265,163.86896488795355
f7fca170-d124-11ed-9f3d-c1122c0370be,8.243319 46.765333,2023-04-04 12:00:00+02:00,10,NATURAL,SLAB,3,WET,SW,80,46.765333,8.243319,0,MER,MER,5.2,4.8,5.5,12.0,11.7,54.3,4.8,-3.3,949.9,1020.4,1019.1,,,11.9,332.0,4.8,17.3,42.8,11.2,40.3,0.0,,0.0,,847.0,,,,134.0,60.0,0.327,670.1203002929688,321.8994140625,3.18603515625,321.9151807445522,270.56707281621993
c1bf9390-dd0b-11ed-8f1e-7bb69ddca4ec,8.237684 46.748368,2023-04-18 12:00:00+02:00,7,NATURAL,SLAB,2,DRY,NW,78,46.748368,8.237684,0,MER,MER,14.6,13.7,15.7,22.4,22.0,50.9,8.5,4.5,947.4,1015.3,1016.4,,,7.5,294.0,2.8,10.1,27.0,7.3,26.3,0.0,,0.0,,876.0,,,,114.0,60.0,0.485,667.4393920898438,265.2099609375,-1795.60546875,1815.085486357427,188.40181165468005
bafec949-69be-4d29-96df-732ded5d7686,8.389718 46.787228,2023-04-05 08:00:00+02:00,3,EXPLOSIVE,SLAB,1,DRY,N,64,46.787228,8.389718,0,TIT,TIT,-13.9,-14.3,-13.5,,,28.3,0.6,-28.5,689.7,,1009.5,2984.5,,7.2,7.0,3.4,12.2,25.9,7.0,25.2,,,,,459.0,,,,,,0.097,746.5532836914062,2276.91650390625,-1173.01025390625,2561.308615050101,242.74361235020513
18414158-6d92-4cd1-ab90-28699222ae16,8.421236 46.785109,2023-05-06 16:30:00+02:00,2,EXPLOSIVE,SLAB,2,DRY,NW,88,46.785109,8.421236,0,TIT,TIT,0.1,-0.9,1.2,,,91.3,5.7,-1.1,700.5,,1024.3,3103.4,,17.8,229.0,5.2,18.7,64.1,16.7,60.1,,,,,170.0,,,,,,0.065,763.1668701171875,-1156.4208984375,-2850.40283203125,3076.0535754753632,157.91739022172194
b6bd2020-dd0b-11ed-8f1e-7bb69ddca4ec,8.237321 46.747742,2023-04-17 12:00:00+02:00,7,NATURAL,SLAB,2,DRY,N,73,46.747742,8.237321,0,MER,MER,11.6,11.2,11.9,19.5,18.3,60.7,8.3,4.2,949.4,1018.2,1018.5,,,8.4,327.0,3.8,13.7,30.2,8.1,29.2,0.0,,0.0,,848.0,,,,368.0,39.0,0.412,666.8665771484375,-88.65966796875,-2022.5830078125,2024.5252678631077,177.49005361316605
48001904-f349-4f12-8b6b-34916e483022,8.424677 46.77918,2023-04-13 07:30:00+02:00,2,EXPLOSIVE,SLAB,2,DRY,N,211,46.77918,8.424677,0,TIT,TIT,-13.5,-13.7,-13.0,,,100.0,2.2,-13.5,683.5,,1001.1,2915.8,,10.2,306.0,5.7,20.5,36.7,9.9,35.6,,,,,127.0,,,,,,0.019,763.7684936523438,968.115234375,-818.37158203125,1267.6668147842681,229.7913426430641
1360c83b-baa5-40fd-8967-adc55e27b8f8,8.035169 46.786944,2023-05-08 11:00:00+02:00,4,EXPLOSIVE,FULL_DEPTH,2,WET,SW,25,46.786944,8.035169,0,BRZ,BRZ,,,,,,,,,955.0,,1021.9,,,3.0,246.0,1.7,6.1,10.8,2.9,10.4,,,0.0,,,,,,,,,622.5305786132812,-663.46435546875,913.8427734375,1129.2889645885616,35.98024504551412
c7cfde41-7339-4d2c-afdf-9006721cfe7f,8.419526 46.781209,2023-04-03 07:00:00+02:00,4,EXPLOSIVE,SLAB,2,DRY,NW,80,46.781209,8.419526,0,TIT,TIT,-11.1,-11.4,-10.6,,,93.9,2.5,-11.9,692.7,,1013.6,3017.2,,10.4,32.0,6.3,22.7,37.4,9.9,35.6,,,,,76.0,,,,,,0.018,758.5951538085938,1165.31982421875,-2994.6533203125,3213.3967700201447,201.26267682707908
8b5b35b0-dd0c-11ed-8f1e-7bb69ddca4ec,8.229566 46.753026,2023-04-21 12:30:00+02:00,0,NATURAL,FULL_DEPTH,2,WET,SE,25,46.753026,8.229566,0,MER,MER,10.7,10.3,11.2,14.9,12.4,68.6,8.8,5.1,942.6,1011.2,1011.3,,,11.6,309.0,5.2,18.7,41.8,11.5,41.4,0.0,,0.0,,558.0,,,,429.0,11.0,0.274,664.6078491210938,795.849609375,1236.4013671875,1470.3961852254172,327.23133541761433
c8a8b700-feb1-11ed-b35a-bf420b8ac344,8.01247 46.561817,2023-06-01 12:00:00+02:00,6,PERSON,SLAB,2,DRY,SE,193,46.561817,8.01247,0,JUN,JUN,-0.6,-1.1,0.3,,,83.5,4.9,-3.0,661.4,,1027.8,3119.5,,3.5,178.0,2.3,8.3,12.6,3.4,12.2,,,,,712.0,291.0,,,,0.0,0.28,625.70361328125,-708.50830078125,673.4619140625,977.514686318656,46.45269393629553
3efdca94-9b97-483a-8a85-137add93bbd1,8.426389 46.777499,2023-05-03 07:30:00+02:00,4,EXPLOSIVE,SLAB,3,DRY,NE,181,46.777499,8.426389,0,TIT,TIT,-1.2,-1.4,-1.0,,,12.9,0.7,-26.3,700.1,,1023.7,3098.4,,15.2,59.0,9.4,33.8,54.7,14.1,50.8,,,,,410.0,,,,,,0.202,763.458251953125,-2435.6689453125,65.80810546875,2436.5578010597433,88.45233088164204
1851a448-559e-4572-8066-2824a030e41d,8.385872 46.778947,2023-04-16 07:30:00+02:00,2,EXPLOSIVE,LOOSE_SNOW,1,DRY,NE,167,46.778947,8.385872,0,TIT,TIT,-9.6,-9.8,-9.5,,,97.1,2.9,-10.0,692.5,,1013.4,3014.3,,8.1,12.0,2.5,9.0,29.2,7.6,27.4,,,,,150.0,,,,,,0.035,738.9261474609375,1856.9091796875,715.4296875,1989.9626477308693,291.07066856438576
48001904-f349-4f12-8b6b-34916e483022,8.424677 46.77918,2023-04-14 07:30:00+02:00,2,EXPLOSIVE,SLAB,2,DRY,N,294,46.77918,8.424677,0,TIT,TIT,-13.4,-13.7,-13.1,,,99.4,2.2,-13.5,684.7,,1002.8,2929.1,,9.3,318.0,3.0,10.8,33.5,8.9,32.0,,,,,121.0,,,,,,0.023,763.7684936523438,968.115234375,-818.37158203125,1267.6668147842681,229.7913426430641
9b1e09ce-808a-44b8-8176-c69307d3a01b,8.390545 46.780329,2023-04-18 08:30:00+02:00,4,EXPLOSIVE,LOOSE_SNOW,1,DRY,NW,117,46.780329,8.390545,0,TIT,TIT,-6.1,-7.1,-5.1,,,76.1,3.0,-9.7,694.1,,1015.6,3031.7,,4.1,233.0,1.3,4.7,14.8,3.9,14.0,,,,,514.0,,,,,,0.154,743.1220092773438,116.2353515625,-934.38720703125,941.5891405578752,187.0910193202708
8500f990-d7a6-11ed-a8d1-4961cd70d9e1,8.209308 46.504515,2023-04-08 12:00:00.000 +0200,7,NATURAL,SLAB,4,WET,S,219,46.504515,8.209308,1,ULR,ULR,7.4,6.9,7.6,13.0,11.7,41.0,4.2,-5.0,865.6,,1017.9,,1497.1,11.4,81.0,4.1,14.8,41.0,10.7,38.5,,,0.0,0.0,885.0,236.0,,,103.0,60.0,0.407,685.5072631835938,-1156.201171875,134.2529296875,1163.9695008782662,83.37672982311005
34e33f73-9c60-4cff-be3e-9f199f5b9d9e,8.385879 46.778707,2023-04-17 05:00:00+02:00,3,EXPLOSIVE,UNKNOWN,2,DRY,NE,115,46.778707,8.385879,0,TIT,TIT,-9.3,-9.4,-9.1,,,94.4,2.9,-10.1,693.5,,1014.8,3026.0,,13.9,18.0,8.3,29.9,50.0,13.6,49.0,,,,,1.0,,,,,,0.001,738.159423828125,-807.4951171875,-2791.95556640625,2906.383362371265,163.86896488795355
8cc2e1b0-ecd3-11ed-8adc-7d70564ee41a,8.023437 46.573593,2023-05-06 12:00:00+02:00,10,NATURAL,SLAB,4,WET,,163,46.573593,8.023437,0,JUN,JUN,-2.9,-3.2,-2.5,,,70.1,3.5,-7.6,659.9,,1025.6,3105.1,,12.0,312.0,4.9,17.6,43.2,11.6,41.8,,,,,1034.0,211.0,,,,60.0,0.32,616.08935546875,-1170.15380859375,707.18994140625,1367.2518235470136,58.853064354324204
c1bf9390-dd0b-11ed-8f1e-7bb69ddca4ec,8.237684 46.748368,2023-04-19 12:00:00+02:00,7,NATURAL,SLAB,2,DRY,NW,66,46.748368,8.237684,0,MER,MER,13.9,13.3,14.3,21.2,21.0,60.5,9.6,6.4,948.0,1016.1,1017.0,,,8.5,280.0,4.3,15.5,30.6,8.2,29.5,0.0,,0.0,,892.0,,,,138.0,60.0,0.463,667.4393920898438,265.2099609375,-1795.60546875,1815.085486357427,188.40181165468005
59a9c34c-87a8-4479-9db9-c3a9d7e37faf,8.42632 46.777873,2023-04-29 07:00:00+02:00,3,EXPLOSIVE,SLAB,2,DRY,NE,174,46.777873,8.42632,0,TIT,TIT,-2.8,-3.0,-2.6,,,99.3,4.9,-2.9,697.5,,1020.2,3069.6,,7.7,346.0,2.3,8.3,27.7,7.4,26.6,,,,,143.0,,,,,,0.049,762.9927978515625,-111.181640625,-1086.21826171875,1091.8935247098818,174.15575022355583
23b16de7-0279-40fb-918f-75ed3769abf5,8.426264 46.778244,2023-05-20 07:00:00+02:00,4,EXPLOSIVE,SLAB,2,DRY,NE,133,46.778244,8.426264,0,TIT,TIT,-1.4,-2.0,-0.5,,,83.7,4.6,-3.8,696.2,,1018.4,3054.6,,16.0,139.0,11.3,40.7,57.6,15.4,55.4,,,,,346.0,,,,,,0.092,763.5789794921875,960.205078125,-1153.45458984375,1500.8168718696666,219.77603552705924
27d50482-68af-45c1-b95c-82786dd48176,7.97274 46.575625,2023-04-04 08:00:00+02:00,3,EXPLOSIVE,LOOSE_SNOW,1,DRY,N,63,46.575625,7.97274,0,JUN,JUN,-14.1,-14.2,-13.9,,,32.8,0.7,-27.1,647.7,,1008.2,2981.0,,12.1,106.0,4.4,15.8,43.6,11.9,42.8,,,,,488.0,121.0,,,,60.0,0.102,645.8840942382812,95.47119140625,1123.35205078125,1127.4016934451397,355.1422324947262
35750744-ea24-4b2e-81ea-9ce6b475ccb9,8.42211 46.780566,2023-04-18 06:30:00+02:00,5,EXPLOSIVE,SLAB,2,DRY,N,210,46.780566,8.42211,0,TIT,TIT,-7.8,-7.9,-7.6,,,78.7,2.7,-10.9,693.5,,1014.7,3025.2,,6.6,217.0,4.4,15.8,23.8,6.4,23.0,,,,,44.0,,,,,,0.026,761.1071166992188,1203.8818359375,-1454.69970703125,1888.2485833536457,219.61051112267845
1851a448-559e-4572-8066-2824a030e41d,8.385872 46.778947,2023-04-14 07:30:00+02:00,2,EXPLOSIVE,LOOSE_SNOW,1,DRY,NE,161,46.778947,8.385872,0,TIT,TIT,-13.4,-13.7,-13.1,,,99.4,2.2,-13.5,684.7,,1002.8,2929.1,,9.3,318.0,3.0,10.8,33.5,8.9,32.0,,,,,121.0,,,,,,0.023,738.9261474609375,1856.9091796875,715.4296875,1989.9626477308693,291.07066856438576
23b16de7-0279-40fb-918f-75ed3769abf5,8.426264 46.778244,2023-05-21 07:00:00+02:00,4,EXPLOSIVE,SLAB,2,DRY,NE,129,46.778244,8.426264,0,TIT,TIT,-0.8,-1.1,-0.2,,,89.3,5.2,-2.3,697.5,,1020.2,3069.0,,11.5,145.0,5.5,19.8,41.4,11.1,40.0,,,,,278.0,,,,,,0.088,763.5789794921875,960.205078125,-1153.45458984375,1500.8168718696666,219.77603552705924
8339db4e-32c5-49bd-ae04-41feeaf45eaa,8.420784 46.781168,2023-04-16 07:00:00+02:00,3,EXPLOSIVE,SLAB,2,DRY,N,223,46.781168,8.420784,0,TIT,TIT,-9.6,-9.8,-9.5,,,97.1,2.9,-10.0,692.5,,1013.4,3014.3,,8.1,12.0,2.5,9.0,29.2,7.6,27.4,,,,,150.0,,,,,,0.035,759.7236328125,302.23388671875,504.82177734375,588.379426188259,329.0912861493857
fdfaf590-ea4c-11ed-8348-fb5788bd30bc,8.001152 46.577404,2023-05-03 12:00:00+02:00,7,NATURAL,SLAB,2,DRY,NW,195,46.577404,8.001152,0,JUN,JUN,-2.9,-3.9,-2.2,,,31.6,1.5,-17.7,660.3,,1026.2,3109.8,,10.1,23.0,3.9,14.0,36.4,9.6,34.6,,,,,1046.0,185.0,,,,60.0,0.365,627.396728515625,-1005.908203125,1479.8583984375,1789.3664221003392,34.2052297539768
9879b1f6-3d1c-4854-ae1b-1f0a970d5832,8.425218 46.770162,2023-05-16 09:30:00+02:00,2,EXPLOSIVE,SLAB,2,DRY,S,164,46.770162,8.425218,0,TIT,TIT,-5.9,-6.0,-5.7,,,98.7,3.9,-6.0,691.9,,1012.6,3006.5,,16.7,14.0,9.2,33.1,60.1,15.8,56.9,,,,,330.0,,,,,,0.064,762.6640625,1480.95703125,-900.0,1732.984053131711,238.7123167053758
68246170-d6db-11ed-8552-37fbec7ec321,8.370977 46.777677,2023-04-10 15:00:00+02:00,3,NATURAL,FULL_DEPTH,2,WET,S,26,46.777677,8.370977,0,TIT,TIT,-4.8,-5.1,-4.5,,,52.1,2.3,-13.1,698.7,,1021.8,3083.6,,7.4,243.0,3.8,13.7,26.6,7.3,26.3,,,,,462.0,,,,,,0.153,734.1911010742188,-529.1015625,-456.26220703125,698.6584752258922,130.7723117290622
ce082ed0-ea41-11ed-9704-3747ffc8acfd,7.997493 46.55824,2023-05-05 12:00:00+02:00,7,PERSON,SLAB,3,DRY,S,328,46.55824,7.997493,0,JUN,JUN,-1.9,-2.3,-1.4,,,79.7,4.2,-5.0,661.1,,1027.3,3117.7,,8.7,152.0,4.1,14.8,31.3,8.4,30.2,,,,,882.0,246.0,,,,41.0,0.291,634.9352416992188,192.15087890625,1593.896484375,1605.4370006846825,353.12592737705734
8b4032b5-5847-4489-a91a-a268f821bb88,8.425022 46.770122,2023-05-15 09:30:00+02:00,2,EXPLOSIVE,SLAB,2,DRY,S,162,46.770122,8.425022,0,TIT,TIT,-6.3,-6.6,-5.8,,,98.0,3.7,-6.6,693.2,,1014.3,3021.2,,7.5,355.0,2.6,9.4,27.0,7.1,25.6,,,,,461.0,,,,,,0.13,761.7406616210938,1075.89111328125,-1517.2119140625,1859.9660426499088,215.34136178213532
673e5d3c-9736-4824-ac24-c511ffd507c4,8.418437 46.784875,2023-04-20 08:00:00+02:00,4,EXPLOSIVE,SLAB,1,DRY,NW,122,46.784875,8.418437,0,TIT,TIT,-7.8,-7.9,-7.7,,,84.8,2.9,-9.9,688.3,,1007.7,2966.8,,9.3,229.0,5.7,20.5,33.5,9.1,32.8,,,,,444.0,,,,,,0.096,761.7616577148438,-112.939453125,-2126.18408203125,2129.181549505641,176.9593986356536
c7cfde41-7339-4d2c-afdf-9006721cfe7f,8.419526 46.781209,2023-04-01 07:00:00+02:00,4,EXPLOSIVE,SLAB,2,DRY,NW,84,46.781209,8.419526,0,TIT,TIT,-10.8,-10.8,-10.6,,,97.0,2.6,-11.1,686.0,,1004.5,2941.7,,25.3,286.0,14.5,52.2,91.1,24.5,88.2,,,,,91.0,,,,,,0.013,758.5951538085938,1165.31982421875,-2994.6533203125,3213.3967700201447,201.26267682707908
c2674210-608f-480e-8889-772ed922cf40,8.384094 46.779592,2023-04-03 07:00:00+02:00,4,EXPLOSIVE,SLAB,2,DRY,NE,89,46.779592,8.384094,0,TIT,TIT,-11.1,-11.4,-10.6,,,93.9,2.5,-11.9,692.7,,1013.6,3017.2,,10.4,32.0,6.3,22.7,37.4,9.9,35.6,,,,,76.0,,,,,,0.018,739.6619873046875,617.54150390625,1249.8046875,1394.047799016865,333.7055433096777
97c5682e-950b-4c24-8c69-651f6ff3d0c8,8.035288 46.786336,2023-04-20 10:30:00+02:00,4,EXPLOSIVE,SLAB,2,DRY,S,31,46.786336,8.035288,0,BRZ,BRZ,,,,,,,,,944.5,,1010.8,,,5.0,258.0,1.5,5.4,18.0,4.9,17.6,,,0.5,,,,,,,,,622.7722778320312,-650.93994140625,-661.376953125,927.9775220569088,135.4556705144938
40432ba0-e72a-11ed-8f49-75cb9dad9a7e,7.996764 46.557888,2023-05-02 12:00:00+02:00,7,NATURAL,SLAB,3,DRY,S,329,46.557888,7.996764,0,JUN,JUN,-8.5,-9.3,-7.8,,,67.9,2.2,-13.6,656.8,,1021.3,3078.7,,10.8,317.0,5.5,19.8,38.9,10.1,36.4,,,,,1061.0,187.0,,,,49.0,0.243,636.23876953125,-1407.12890625,701.5869140625,1572.3345562532368,63.499402519328505
1b05e8ea-984f-445d-8163-f5d970cfecf8,8.387973 46.785269,2023-04-13 07:00:00+02:00,4,EXPLOSIVE,SLAB,1,WET,NW,78,46.785269,8.387973,0,TIT,TIT,-13.5,-13.7,-13.0,,,100.0,2.2,-13.5,683.5,,1001.1,2915.8,,10.2,306.0,5.7,20.5,36.7,9.9,35.6,,,,,127.0,,,,,,0.019,744.79541015625,581.06689453125,-1019.64111328125,1173.5871232310014,209.67768820011696
839994f8-5b6d-44ab-8e1c-fd57876e2bd9,8.4215 46.780442,2023-04-02 07:00:00+02:00,4,EXPLOSIVE,SLAB,2,DRY,E,119,46.780442,8.4215,0,TIT,TIT,-11.8,-11.9,-11.7,,,95.3,2.4,-12.4,688.8,,1008.4,2974.4,,8.9,313.0,5.2,18.7,32.0,8.8,31.7,,,,,127.0,,,,,,0.022,760.1211547851562,676.9775390625,-425.830078125,799.7686189336653,237.82942760048624
ad1f7e7f-180e-4f38-9562-d610574cd4c5,8.239483 46.749076,2023-04-03 06:30:00+02:00,2,EXPLOSIVE,SLAB,1,DRY,N,60,46.749076,8.239483,0,MER,MER,5.1,4.7,5.6,4.0,3.9,80.7,7.1,2.0,950.5,1021.1,1019.7,,,8.5,267.0,4.5,16.2,30.6,8.2,29.5,0.0,,0.0,,18.0,,,,16.0,0.0,0.036,668.8071899414062,636.328125,-222.91259765625,674.2429153204895,250.69409250408142
2ed09558-7716-4dda-935c-3c151ebe5b3b,8.238855 46.748629,2023-04-20 08:30:00+02:00,4,EXPLOSIVE,SLAB,1,DRY,NW,58,46.748629,8.238855,0,MER,MER,6.2,6.1,6.3,7.3,7.2,80.0,7.6,3.0,942.1,1011.8,1010.8,,,5.2,254.0,3.0,10.8,18.7,5.1,18.4,0.0,,0.0,,114.0,,,,108.0,0.0,0.071,667.5252075195312,594.90966796875,-803.43017578125,999.7087377824496,216.51854871929072
dda75b80-ddc2-11ed-b3b1-431b3c02902e,8.263291 46.74286,2023-04-17 14:30:00+02:00,1,SNOW_GROOMER,SLAB,3,DRY,SE,127,46.74286,8.263291,0,MER,MER,11.6,11.1,12.1,14.3,13.0,57.1,7.8,3.4,948.8,1017.6,1017.9,,,13.4,336.0,6.0,21.6,48.2,13.2,47.5,0.0,,0.0,,451.0,,,,342.0,10.0,0.264,686.8361206054688,-379.248046875,-98.6572265625,391.8702966690722,104.58167844827773
50374fe0-d439-11ed-a920-a702e6e7f311,8.245848 46.760908,2023-04-06 16:00:00+02:00,2,NATURAL,FULL_DEPTH,1,WET,SW,40,46.760908,8.245848,0,MER,MER,11.0,10.9,11.1,11.5,11.1,34.5,4.6,-4.0,948.7,1017.6,1017.8,,,7.5,290.0,3.9,14.0,27.0,7.3,26.3,0.0,,0.0,,207.0,,,,202.0,0.0,0.186,672.4798583984375,248.18115234375,-138.6474609375,284.2833143240863,240.8099044636349
d940ed50-ecda-11ed-aeab-3b3cc7819483,7.967581 46.511291,2023-05-07 12:00:00+02:00,7,NATURAL,SLAB,3,UNKNOWN,S,248,46.511291,7.967581,0,JUN,JUN,-1.9,-2.8,-0.8,,,89.4,4.7,-3.5,659.4,,1024.9,3097.2,,5.3,136.0,3.9,14.0,19.1,5.2,18.7,,,,,835.0,273.0,,,,8.0,0.273,673.9722900390625,404.18701171875,1046.77734375,1122.1006852463993,338.88717349648687
8cc2e1b0-ecd3-11ed-8adc-7d70564ee41a,8.023437 46.573593,2023-05-09 12:00:00+02:00,10,NATURAL,SLAB,4,WET,,144,46.573593,8.023437,0,JUN,JUN,-2.6,-2.8,-2.4,,,89.0,4.5,-4.2,657.6,,1022.3,3076.3,,8.8,133.0,7.2,25.9,31.7,8.6,31.0,,,,,738.0,289.0,,,,0.0,0.199,616.08935546875,-1170.15380859375,707.18994140625,1367.2518235470136,58.853064354324204
b463a2d6-9b9e-4b10-99b6-7308c06e3b30,8.423808 46.779796,2023-04-25 08:00:00+02:00,3,EXPLOSIVE,SLAB,1,DRY,N,223,46.779796,8.423808,0,TIT,TIT,-10.3,-10.4,-10.1,,,99.3,2.8,-10.4,687.6,,1006.7,2959.4,,18.5,299.0,10.9,39.2,66.6,17.3,62.3,,,,,148.0,,,,,,0.022,763.7023315429688,1030.95703125,-891.76025390625,1363.1246277324583,229.14075337416182
ab2a9319-7f29-4629-a314-d5965080c33e,8.421443 46.780432,2023-05-02 07:30:00.000 +0200,4,EXPLOSIVE,SLAB,2,DRY,N,119,46.780432,8.421443,1,TIT,TIT,-6.7,-6.9,-6.5,,,97.5,3.6,-7.1,697.0,,1019.6,3064.7,,10.9,23.0,7.1,25.6,39.2,10.7,38.5,,,,,152.0,,,,,,0.033,760.1211547851562,676.9775390625,-425.830078125,799.7686189336653,237.82942760048624
5dfb93d0-d046-11ed-b49c-43d9bede54f5,8.263448 46.782775,2023-04-01 05:45:00.000 +0200,0,EXPLOSIVE,SLAB,2,DRY,NW,51,46.782775,8.263448,1,GIH,GIH,8.6,8.0,9.6,,,64.9,7.3,2.3,953.5,1009.1,1008.7,,,9.8,247.0,3.0,10.8,35.3,9.2,33.1,0.0,,0.0,,10.0,,,,10.0,0.0,0.054,684.3196411132812,175.78125,-795.95947265625,815.1383501975466,192.45342407958165
514e8b36-8761-43bc-a150-8a7eaeb0c925,8.038115 46.78053,2023-05-10 11:00:00+02:00,4,EXPLOSIVE,FULL_DEPTH,1,WET,NW,45,46.78053,8.038115,0,BRZ,BRZ,,,,,,,,,949.4,,1015.9,,,5.8,262.0,2.4,8.6,20.9,5.6,20.2,,,0.2,,,,,,,,,628.7517700195312,-1166.30859375,-2373.486328125,2644.5629290397683,153.83093742679455
97c5682e-950b-4c24-8c69-651f6ff3d0c8,8.035288 46.786336,2023-04-18 10:30:00+02:00,4,EXPLOSIVE,SLAB,2,DRY,S,37,46.786336,8.035288,0,BRZ,BRZ,,,,,,,,,950.6,,1017.2,,,6.1,107.0,2.6,9.4,22.0,6.0,21.6,,,0.0,,,,,,,,,622.7722778320312,-650.93994140625,-661.376953125,927.9775220569088,135.4556705144938
e18fb476-2bc8-4cdf-829a-b6f36d7508bd,8.420851 46.780719,2023-04-27 00:00:00+02:00,6,NATURAL,SLAB,2,DRY,NW,139,46.780719,8.420851,0,TIT,TIT,-6.3,-6.4,-6.1,,,98.1,3.8,-6.5,695.8,,1017.9,3050.7,,14.1,290.0,10.2,36.7,50.8,14.0,50.4,,,,,0.0,,,,,,0.0,759.5701904296875,1050.62255859375,-655.8837890625,1238.544026420159,238.02424677849248
9312b9e3-9422-40e1-8539-92240b8f9de8,8.390152 46.787449,2023-04-16 07:30:00+02:00,2,EXPLOSIVE,LOOSE_SNOW,1,DRY,N,134,46.787449,8.390152,0,TIT,TIT,-9.6,-9.8,-9.5,,,97.1,2.9,-10.0,692.5,,1013.4,3014.3,,8.1,12.0,2.5,9.0,29.2,7.6,27.4,,,,,150.0,,,,,,0.035,747.4361572265625,-1821.86279296875,1637.07275390625,2449.324649364818,48.05806036606041
6e6f00b6-dfe0-4527-9b3f-7c45ffdf4fee,8.379219 46.783826,2023-04-02 07:00:00+02:00,4,EXPLOSIVE,SLAB,2,DRY,N,115,46.783826,8.379219,0,TIT,TIT,-11.8,-11.9,-11.7,,,95.3,2.4,-12.4,688.8,,1008.4,2974.4,,8.9,313.0,5.2,18.7,32.0,8.8,31.7,,,,,127.0,,,,,,0.022,740.6515502929688,-445.05615234375,-1093.90869140625,1180.9789176243398,157.8610771717615
10ab716e-5fe3-4dac-9343-2f5c3d5e2a92,8.244594 46.61198,2023-05-11 12:00:00+02:00,7,NATURAL,SLAB,4,WET,NW,109,46.61198,8.244594,0,GRH,GRH,0.7,0.4,0.9,,,93.0,6.0,-0.3,799.7,,1014.4,,1468.0,7.9,351.0,4.2,15.1,28.4,7.7,27.7,,,0.2,113.0,511.0,313.0,,,,0.0,0.167,680.986328125,-652.8076171875,-236.75537109375,694.4140629334639,109.93431582636845
514e8b36-8761-43bc-a150-8a7eaeb0c925,8.038115 46.78053,2023-05-08 11:00:00.000 +0200,4,EXPLOSIVE,FULL_DEPTH,1,WET,NW,47,46.78053,8.038115,1,BRZ,BRZ,,,,,,,,,955.0,,1021.9,,,3.0,246.0,1.7,6.1,10.8,2.9,10.4,,,0.0,,,,,,,,,628.7517700195312,-1166.30859375,-2373.486328125,2644.5629290397683,153.83093742679455
564bddb0-e717-11ed-acf0-f7b342f82229,7.822357 46.529218,2023-05-01 12:00:00+02:00,7,NATURAL,SLAB,3,UNKNOWN,N,216,46.529218,7.822357,0,INT,INT,10.5,10.4,10.6,12.5,12.3,87.4,11.1,8.5,949.8,1017.7,1017.8,,,1.2,270.0,0.5,1.8,4.3,1.2,4.3,0.0,,1.3,,127.0,,,,126.0,0.0,0.082,666.2966918945312,248.291015625,-37.5732421875,251.11785473871532,261.394866180814
3a0dd0e2-9199-4139-bb1e-3327bd98128b,8.425944 46.778157,2023-04-13 07:00:00+02:00,3,EXPLOSIVE,SLAB,2,DRY,NE,169,46.778157,8.425944,0,TIT,TIT,-13.5,-13.7,-13.0,,,100.0,2.2,-13.5,683.5,,1001.1,2915.8,,10.2,306.0,5.7,20.5,36.7,9.9,35.6,,,,,127.0,,,,,,0.019,763.0839233398438,1136.09619140625,2768.994140625,2992.9990155266287,337.6920487492303
27d50482-68af-45c1-b95c-82786dd48176,7.97274 46.575625,2023-04-01 08:00:00+02:00,3,EXPLOSIVE,LOOSE_SNOW,1,DRY,N,69,46.575625,7.97274,0,JUN,JUN,-14.0,-14.1,-13.9,,,95.7,2.0,-14.5,644.5,,1003.6,2942.5,,25.3,304.0,13.2,47.5,91.1,22.7,81.7,,,,,149.0,254.0,,,,0.0,0.018,645.8840942382812,95.47119140625,1123.35205078125,1127.4016934451397,355.1422324947262
233c98fe-a27b-4c5e-992f-1bc9cdd0362a,8.422835 46.779803,2023-04-28 07:00:00+02:00,3,EXPLOSIVE,SLAB,2,DRY,N,124,46.779803,8.422835,0,TIT,TIT,-1.2,-1.4,-0.7,,,99.9,5.6,-1.2,698.5,,1021.5,3080.9,,23.3,274.0,11.7,42.1,83.9,22.6,81.4,,,,,112.0,,,,,,0.025,761.37451171875,-2.08740234375,-1899.31640625,1899.3175533067028,179.93703034634154
146fb98c-e881-4676-9e59-446d1d57d1c2,8.034003 46.784284,2023-04-20 10:30:00+02:00,4,EXPLOSIVE,SLAB,2,DRY,S,24,46.784284,8.034003,0,BRZ,BRZ,,,,,,,,,944.5,,1010.8,,,5.0,258.0,1.5,5.4,18.0,4.9,17.6,,,0.5,,,,,,,,,622.0633544921875,-860.11962890625,-1528.30810546875,1753.7193165587546,150.6295373945058
49e457f5-5bb7-4272-bb56-c1782a243205,8.423263 46.779484,2023-04-16 08:00:00+02:00,4,EXPLOSIVE,SLAB,3,DRY,N,179,46.779484,8.423263,0,TIT,TIT,-9.5,-9.6,-9.3,,,94.1,2.8,-10.3,692.7,,1013.7,3017.0,,7.6,16.0,3.6,13.0,27.4,7.1,25.6,,,,,249.0,,,,,,0.057,762.3836059570312,804.96826171875,-2790.41748046875,2904.204472429597,196.09157727397564
68246170-d6db-11ed-8552-37fbec7ec321,8.370977 46.777677,2023-04-09 15:00:00+02:00,3,NATURAL,FULL_DEPTH,2,WET,S,29,46.777677,8.370977,0,TIT,TIT,-7.2,-7.6,-6.9,,,55.6,2.0,-15.3,697.1,,1019.6,3065.1,,5.9,290.0,3.1,11.2,21.2,5.7,20.5,,,,,618.0,,,,,,0.169,734.1911010742188,-529.1015625,-456.26220703125,698.6584752258922,130.7723117290622
099a6e90-d12e-11ed-ba10-b99b29af1712,8.260874 46.762857,2023-04-02 07:18:00+02:00,0,EXPLOSIVE,SLAB,3,DRY,NE,105,46.762857,8.260874,0,MER,MER,4.2,3.1,5.7,5.1,0.0,91.4,7.5,2.9,945.1,1015.5,1014.0,,,1.2,346.0,0.6,2.2,4.3,1.2,4.3,0.0,,0.0,,215.0,,,,67.0,43.0,0.068,681.629638671875,-711.80419921875,568.54248046875,910.9916410829492,51.384435582299645
a8219770-e77f-11ed-991c-c3bbd7ca6c9a,7.788493 46.554381,2023-05-02 15:11:00+02:00,0,NATURAL,SLAB,3,WET,NW,113,46.554381,7.788493,0,FRU,FRU,14.6,14.2,15.1,,,54.5,9.0,5.5,,,,,,8.6,37.0,4.9,17.6,31.0,8.3,29.9,,,0.0,,494.0,321.0,,,249.0,37.0,,647.3303833007812,-2223.6328125,274.98779296875,2240.571617045187,82.95025220388905
20077a30-ec16-11ed-aa20-6507e99101f4,8.022203 46.505884,2023-05-07 14:00:00+02:00,0,PERSON,SLAB,2,WET,E,90,46.505884,8.022203,0,JUN,JUN,-1.2,-1.8,-0.6,,,91.7,5.2,-2.4,659.3,,1024.8,3094.6,,5.2,146.0,3.4,12.2,18.7,5.1,18.4,,,,,573.0,288.0,,,,0.0,0.201,638.0261840820312,-635.77880859375,765.41748046875,995.026940772971,39.71404307188509
129ea644-660f-4e28-b1b5-6ad36254a3b7,8.425551 46.770235,2023-05-16 09:00:00+02:00,3,EXPLOSIVE,SLAB,2,DRY,SE,167,46.770235,8.425551,0,TIT,TIT,-5.9,-6.0,-5.7,,,98.7,3.9,-6.0,691.9,,1012.6,3006.5,,16.7,14.0,9.2,33.1,60.1,15.8,56.9,,,,,330.0,,,,,,0.064,762.7124633789062,601.94091796875,-638.96484375,877.8433460894508,223.29101804078493
26f6eb66-fc4c-4eb2-aecd-11eeddba5a5a,7.964013 46.534843,2023-05-18 10:30:00+02:00,3,PERSON,SLAB,1,DRY,SE,291,46.534843,7.964013,0,JUN,JUN,-5.4,-5.9,-4.3,,,88.4,3.6,-7.0,656.3,,1020.5,3066.4,,4.0,319.0,2.0,7.2,14.4,3.9,14.0,,,,,808.0,230.0,,,,31.0,0.258,672.6456298828125,-1239.0380859375,282.12890625,1270.7525715675279,77.17246046219545
9312b9e3-9422-40e1-8539-92240b8f9de8,8.390152 46.787449,2023-04-13 07:30:00+02:00,2,EXPLOSIVE,LOOSE_SNOW,1,DRY,N,76,46.787449,8.390152,0,TIT,TIT,-13.5,-13.7,-13.0,,,100.0,2.2,-13.5,683.5,,1001.1,2915.8,,10.2,306.0,5.7,20.5,36.7,9.9,35.6,,,,,127.0,,,,,,0.019,747.4361572265625,-1821.86279296875,1637.07275390625,2449.324649364818,48.05806036606041
0d6a183c-f453-4a31-98c7-90213921e278,8.417328 46.785788,2023-04-03 06:30:00+02:00,2,EXPLOSIVE,SLAB,1,DRY,NW,76,46.785788,8.417328,0,TIT,TIT,-10.6,-10.9,-10.3,,,95.7,2.6,-11.1,692.8,,1013.7,3017.8,,10.9,24.0,6.1,22.0,39.2,10.6,38.2,,,,,11.0,,,,,,0.008,760.0443725585938,104.26025390625,-1012.060546875,1017.4167047407467,185.88173690537573
63723fcc-14a3-472f-a9d8-8ce81f021fe4,8.42184 46.780304,2023-05-03 07:30:00+02:00,2,EXPLOSIVE,LOOSE_SNOW,1,WET,N,118,46.780304,8.42184,0,TIT,TIT,-1.2,-1.4,-1.0,,,12.9,0.7,-26.3,700.1,,1023.7,3098.4,,15.2,59.0,9.4,33.8,54.7,14.1,50.8,,,,,410.0,,,,,,0.202,760.15185546875,228.62548828125,-1075.341796875,1099.3769117087159,192.00277998423186
9f2be370-d7a6-11ed-a8d1-4961cd70d9e1,8.210814 46.503291,2023-04-10 12:00:00+02:00,7,NATURAL,SLAB,3,WET,S,143,46.503291,8.210814,0,ULR,ULR,11.7,11.1,12.6,17.6,17.1,23.5,3.3,-8.5,868.1,,1020.8,,1523.7,4.6,56.0,2.1,7.6,16.6,4.5,16.2,,,0.0,0.0,794.0,256.0,,,317.0,60.0,0.441,686.5875244140625,1112.9150390625,-722.4609375,1326.8495356990802,237.00994253482378
49e457f5-5bb7-4272-bb56-c1782a243205,8.423263 46.779484,2023-04-17 08:00:00+02:00,4,EXPLOSIVE,SLAB,3,DRY,N,171,46.779484,8.423263,0,TIT,TIT,-9.6,-9.7,-9.4,,,91.6,2.7,-10.7,694.0,,1015.4,3030.7,,16.1,31.0,6.3,22.7,58.0,15.2,54.7,,,,,296.0,,,,,,0.057,762.3836059570312,804.96826171875,-2790.41748046875,2904.204472429597,196.09157727397564
c98d2b1a-9c67-4f2a-8b1b-1b27502b6c5d,8.423896 46.779967,2023-04-15 07:00:00+02:00,3,EXPLOSIVE,SLAB,1,DRY,NW,285,46.779967,8.423896,0,TIT,TIT,-9.0,-9.1,-8.8,,,97.9,3.0,-9.3,685.0,,1003.1,2929.2,,13.6,300.0,9.7,34.9,49.0,13.3,47.9,,,,,147.0,,,,,,0.023,764.029541015625,305.74951171875,-790.576171875,847.6399279486448,201.1436112374965
b5d8fc03-e36a-4fa1-9d42-ea7105356bda,8.385358 46.779077,2023-04-16 05:00:00.000 +0200,3,EXPLOSIVE,UNKNOWN,2,DRY,NE,141,46.779077,8.385358,1,TIT,TIT,-9.8,-10.0,-9.7,,,94.3,2.8,-10.6,691.9,,1012.6,3008.0,,13.0,336.0,3.9,14.0,46.8,12.7,45.7,,,,,0.0,,,,,,0.0,739.8767700195312,888.02490234375,118.4326171875,895.8875554423712,277.59650059112585
49e457f5-5bb7-4272-bb56-c1782a243205,8.423263 46.779484,2023-04-20 08:00:00+02:00,4,EXPLOSIVE,SLAB,3,DRY,N,139,46.779484,8.423263,0,TIT,TIT,-7.8,-7.9,-7.7,,,84.8,2.9,-9.9,688.3,,1007.7,2966.8,,9.3,229.0,5.7,20.5,33.5,9.1,32.8,,,,,444.0,,,,,,0.096,762.3836059570312,804.96826171875,-2790.41748046875,2904.204472429597,196.09157727397564
18414158-6d92-4cd1-ab90-28699222ae16,8.421236 46.785109,2023-05-02 16:30:00+02:00,2,EXPLOSIVE,SLAB,2,DRY,NW,113,46.785109,8.421236,0,TIT,TIT,-5.7,-6.1,-5.3,,,98.4,4.0,-5.9,699.3,,1022.6,3090.0,,8.4,18.0,4.8,17.3,30.2,8.2,29.5,,,,,264.0,,,,,,0.063,763.1668701171875,-1156.4208984375,-2850.40283203125,3076.0535754753632,157.91739022172194
34e33f73-9c60-4cff-be3e-9f199f5b9d9e,8.385879 46.778707,2023-04-20 05:00:00+02:00,3,EXPLOSIVE,UNKNOWN,2,DRY,NE,91,46.778707,8.385879,0,TIT,TIT,-7.9,-8.0,-7.8,,,80.9,2.7,-10.6,688.7,,1008.2,2970.6,,15.4,245.0,10.4,37.4,55.4,15.2,54.7,,,,,7.0,,,,,,0.007,738.159423828125,-807.4951171875,-2791.95556640625,2906.383362371265,163.86896488795355
ce082ed0-ea41-11ed-9704-3747ffc8acfd,7.997493 46.55824,2023-05-07 12:00:00+02:00,7,PERSON,SLAB,3,DRY,S,313,46.55824,7.997493,0,JUN,JUN,-1.9,-2.8,-0.8,,,89.4,4.7,-3.5,659.4,,1024.9,3097.2,,5.3,136.0,3.9,14.0,19.1,5.2,18.7,,,,,835.0,273.0,,,,8.0,0.273,634.9352416992188,192.15087890625,1593.896484375,1605.4370006846825,353.12592737705734
87548817-41cb-4875-9f16-2dd62dfe20ab,8.382498 46.780197,2023-04-04 07:00:00+02:00,4,EXPLOSIVE,SLAB,2,DRY,NE,78,46.780197,8.382498,0,TIT,TIT,-13.3,-13.6,-13.1,,,20.2,0.5,-31.5,688.6,,1008.1,2972.7,,22.7,49.0,6.8,24.5,81.7,21.8,78.5,,,,,257.0,,,,,,0.081,739.82470703125,627.20947265625,-361.23046875,723.7949807390736,240.06095131471258
129ea644-660f-4e28-b1b5-6ad36254a3b7,8.425551 46.770235,2023-05-16 09:00:00.000 +0200,3,EXPLOSIVE,SLAB,2,DRY,SE,167,46.770235,8.425551,1,TIT,TIT,-5.9,-6.0,-5.7,,,98.7,3.9,-6.0,691.9,,1012.6,3006.5,,16.7,14.0,9.2,33.1,60.1,15.8,56.9,,,,,330.0,,,,,,0.064,762.7124633789062,601.94091796875,-638.96484375,877.8433460894508,223.29101804078493
26f6eb66-fc4c-4eb2-aecd-11eeddba5a5a,7.964013 46.534843,2023-05-20 10:30:00+02:00,3,PERSON,SLAB,1,DRY,SE,284,46.534843,7.964013,0,JUN,JUN,-4.0,-4.3,-3.5,,,98.0,4.5,-4.2,655.4,,1019.3,3053.1,,20.5,156.0,14.5,52.2,73.8,20.4,73.4,,,,,402.0,291.0,,,,0.0,0.072,672.6456298828125,-1239.0380859375,282.12890625,1270.7525715675279,77.17246046219545
a8219770-e77f-11ed-991c-c3bbd7ca6c9a,7.788493 46.554381,2023-05-01 15:11:00+02:00,0,NATURAL,SLAB,3,WET,NW,109,46.554381,7.788493,0,FRU,FRU,10.0,10.0,10.1,,,84.9,10.5,7.6,,,,,,1.5,225.0,0.6,2.2,5.4,1.4,5.0,,,0.1,,88.0,352.0,,,87.0,0.0,,647.3303833007812,-2223.6328125,274.98779296875,2240.571617045187,82.95025220388905
b210fde3-14f2-42fc-8dc3-c8d01a9cf57a,8.425206 46.770128,2023-05-18 09:00:00+02:00,3,EXPLOSIVE,SLAB,2,DRY,S,173,46.770128,8.425206,0,TIT,TIT,-1.6,-2.5,-0.9,,,77.4,4.2,-5.0,697.4,,1020.0,3067.6,,3.4,266.0,1.7,6.1,12.2,3.1,11.2,,,,,761.0,,,,,,0.279,761.9268798828125,601.06201171875,-1339.892578125,1468.5324861390877,204.16051306819816
b1c2736c-200d-4a78-a75a-d1aa12bb81e8,7.992735 46.584254,2023-06-08 08:00:00+02:00,3,EXPLOSIVE,UNKNOWN,0,UNKNOWN,,5,46.584254,7.992735,0,JUN,JUN,-1.7,-2.0,-1.4,,,76.6,4.1,-5.3,659.5,,1025.0,3098.1,,4.3,120.0,3.1,11.2,15.5,4.3,15.5,,,,,644.0,221.0,,,,54.0,0.222,629.8162231445312,-922.6318359375,1105.8837890625,1440.2181986062508,39.83802821390573
8cc2e1b0-ecd3-11ed-8adc-7d70564ee41a,8.023437 46.573593,2023-05-05 12:00:00.000 +0200,10,NATURAL,SLAB,4,WET,,185,46.573593,8.023437,1,JUN,JUN,-1.9,-2.3,-1.4,,,79.7,4.2,-5.0,661.1,,1027.3,3117.7,,8.7,152.0,4.1,14.8,31.3,8.4,30.2,,,,,882.0,246.0,,,,41.0,0.291,616.08935546875,-1170.15380859375,707.18994140625,1367.2518235470136,58.853064354324204
e18fb476-2bc8-4cdf-829a-b6f36d7508bd,8.420851 46.780719,2023-04-25 00:00:00+02:00,6,NATURAL,SLAB,2,DRY,NW,121,46.780719,8.420851,0,TIT,TIT,-9.7,-10.0,-9.1,,,98.9,2.9,-9.8,689.8,,1009.7,2984.4,,15.3,252.0,4.8,17.3,55.1,15.2,54.7,,,,,0.0,,,,,,-0.001,759.5701904296875,1050.62255859375,-655.8837890625,1238.544026420159,238.02424677849248
1851a448-559e-4572-8066-2824a030e41d,8.385872 46.778947,2023-04-13 07:30:00+02:00,2,EXPLOSIVE,LOOSE_SNOW,1,DRY,NE,107,46.778947,8.385872,0,TIT,TIT,-13.5,-13.7,-13.0,,,100.0,2.2,-13.5,683.5,,1001.1,2915.8,,10.2,306.0,5.7,20.5,36.7,9.9,35.6,,,,,127.0,,,,,,0.019,738.9261474609375,1856.9091796875,715.4296875,1989.9626477308693,291.07066856438576
a94851d0-e58a-11ed-94a2-bf37c1703856,7.5461 46.68465,2023-04-27 12:00:00+02:00,7,NATURAL,SLAB,2,UNKNOWN,SW,18,46.68465,7.5461,0,THU,THU,16.7,16.1,17.2,,,50.7,9.6,6.4,950.8,1016.2,1017.8,,,4.4,332.0,1.9,6.8,15.8,4.3,15.5,,,0.0,,903.0,,,,,59.0,0.529,562.5616455078125,982.06787109375,-1802.197265625,2052.40646258504,208.5872063112933
4067dd0b-f3b4-40af-8872-12824f7b55a6,8.423024 46.779666,2023-04-01 07:00:00.000 +0200,4,EXPLOSIVE,SLAB,3,DRY,NE,125,46.779666,8.423024,1,TIT,TIT,-10.8,-10.8,-10.6,,,97.0,2.6,-11.1,686.0,,1004.5,2941.7,,25.3,286.0,14.5,52.2,91.1,24.5,88.2,,,,,91.0,,,,,,0.013,761.8928833007812,656.43310546875,-2499.49951171875,2584.260480492943,194.71504785369478
529f5410-e6a1-11ed-9300-179866ebe517,7.727729 46.504859,2023-05-03 17:00:00+02:00,3,UNKNOWN,UNKNOWN,1,WET,,3,46.504859,7.727729,0,FRU,FRU,16.8,15.2,17.6,,,56.1,10.7,8.0,,,,,,6.5,33.0,2.7,9.7,23.4,6.3,22.7,,,0.0,,222.0,313.0,,,50.0,38.0,,652.4718017578125,-780.46875,-7.470703125,780.504504235398,90.54842258167407
68246170-d6db-11ed-8552-37fbec7ec321,8.370977 46.777677,2023-04-09 15:00:00.000 +0200,3,NATURAL,FULL_DEPTH,2,WET,S,29,46.777677,8.370977,1,TIT,TIT,-7.2,-7.6,-6.9,,,55.6,2.0,-15.3,697.1,,1019.6,3065.1,,5.9,290.0,3.1,11.2,21.2,5.7,20.5,,,,,618.0,,,,,,0.169,734.1911010742188,-529.1015625,-456.26220703125,698.6584752258922,130.7723117290622
ce082ed0-ea41-11ed-9704-3747ffc8acfd,7.997493 46.55824,2023-05-03 12:00:00+02:00,7,PERSON,SLAB,3,DRY,S,346,46.55824,7.997493,0,JUN,JUN,-2.9,-3.9,-2.2,,,31.6,1.5,-17.7,660.3,,1026.2,3109.8,,10.1,23.0,3.9,14.0,36.4,9.6,34.6,,,,,1046.0,185.0,,,,60.0,0.365,634.9352416992188,192.15087890625,1593.896484375,1605.4370006846825,353.12592737705734
b5d8fc03-e36a-4fa1-9d42-ea7105356bda,8.385358 46.779077,2023-04-16 05:00:00+02:00,3,EXPLOSIVE,UNKNOWN,2,DRY,NE,141,46.779077,8.385358,0,TIT,TIT,-9.8,-10.0,-9.7,,,94.3,2.8,-10.6,691.9,,1012.6,3008.0,,13.0,336.0,3.9,14.0,46.8,12.7,45.7,,,,,0.0,,,,,,0.0,739.8767700195312,888.02490234375,118.4326171875,895.8875554423712,277.59650059112585
c98d2b1a-9c67-4f2a-8b1b-1b27502b6c5d,8.423896 46.779967,2023-04-12 07:00:00+02:00,3,EXPLOSIVE,SLAB,1,DRY,NW,213,46.779967,8.423896,0,TIT,TIT,-4.6,-4.7,-4.5,,,99.0,4.3,-4.8,690.1,,1010.2,2985.8,,25.3,268.0,12.0,43.2,91.1,24.2,87.1,,,,,99.0,,,,,,0.019,764.029541015625,305.74951171875,-790.576171875,847.6399279486448,201.1436112374965
11290122-2f71-4b65-840e-5b583a64fdd5,8.389124 46.787453,2023-04-12 07:00:00+02:00,4,EXPLOSIVE,SLAB,2,WET,N,57,46.787453,8.389124,0,ENG,ENG,6.8,6.0,7.3,6.9,6.0,89.6,8.9,5.2,889.8,,1007.8,,1411.3,5.3,76.0,2.1,7.6,19.1,5.1,18.4,0.0,,0.0,0.0,105.0,324.0,,,,0.0,0.053,745.9564208984375,-514.3798828125,395.7275390625,648.9891748054537,52.42785973224594
514e8b36-8761-43bc-a150-8a7eaeb0c925,8.038115 46.78053,2023-05-09 11:00:00+02:00,4,EXPLOSIVE,FULL_DEPTH,1,WET,NW,45,46.78053,8.038115,0,BRZ,BRZ,,,,,,,,,948.7,,1015.2,,,4.2,258.0,2.5,9.0,15.1,4.1,14.8,,,0.0,,,,,,,,,628.7517700195312,-1166.30859375,-2373.486328125,2644.5629290397683,153.83093742679455
b2ae7f83-144e-4307-bbca-2bcde419c704,8.384786 46.783437,2023-04-16 08:30:00.000 +0200,4,EXPLOSIVE,LOOSE_SNOW,1,DRY,N,115,46.783437,8.384786,1,TIT,TIT,-9.5,-9.6,-9.3,,,94.1,2.8,-10.3,692.7,,1013.7,3017.0,,7.6,16.0,3.6,13.0,27.4,7.1,25.6,,,,,249.0,,,,,,0.057,742.1997680664062,-14.2822265625,283.0078125,283.3679656058845,2.8890286260990763
1360c83b-baa5-40fd-8967-adc55e27b8f8,8.035169 46.786944,2023-05-12 11:00:00+02:00,4,EXPLOSIVE,FULL_DEPTH,2,WET,SW,25,46.786944,8.035169,0,BRZ,BRZ,,,,,,,,,946.8,,1013.2,,,3.6,256.0,2.1,7.6,13.0,3.4,12.2,,,0.0,,,,,,,,,622.5305786132812,-663.46435546875,913.8427734375,1129.2889645885616,35.98024504551412
fdfaf590-ea4c-11ed-8348-fb5788bd30bc,8.001152 46.577404,2023-05-01 12:00:00+02:00,7,NATURAL,SLAB,2,DRY,NW,192,46.577404,8.001152,0,JUN,JUN,-6.3,-6.6,-6.0,,,94.6,3.6,-7.0,653.7,,1016.8,3036.8,,2.9,175.0,1.2,4.3,10.4,2.8,10.1,,,,,737.0,282.0,,,,0.0,0.244,627.396728515625,-1005.908203125,1479.8583984375,1789.3664221003392,34.2052297539768
931d9d63-4823-45cb-940f-26620aa25be9,8.425244 46.779006,2023-04-16 07:30:00+02:00,2,EXPLOSIVE,SLAB,2,DRY,N,292,46.779006,8.425244,0,TIT,TIT,-9.6,-9.8,-9.5,,,97.1,2.9,-10.0,692.5,,1013.4,3014.3,,8.1,12.0,2.5,9.0,29.2,7.6,27.4,,,,,150.0,,,,,,0.035,763.1732788085938,1680.46875,-810.24169921875,1865.6009302311816,244.2588574618955
71d13516-3cdb-4e54-a1af-c88570197f00,8.424437 46.779206,2023-04-17 06:30:00+02:00,5,EXPLOSIVE,SLAB,1,DRY,N,293,46.779206,8.424437,0,TIT,TIT,-9.4,-9.4,-9.3,,,95.4,2.9,-10.0,693.7,,1015.0,3028.0,,15.7,25.0,8.0,28.8,56.5,14.6,52.6,,,,,38.0,,,,,,0.012,763.7742309570312,647.42431640625,-475.48828125,803.2728995056283,233.70529779875366
a8219770-e77f-11ed-991c-c3bbd7ca6c9a,7.788493 46.554381,2023-04-29 15:11:00+02:00,0,NATURAL,SLAB,3,WET,NW,102,46.554381,7.788493,0,FRU,FRU,17.5,17.3,17.8,,,59.4,11.9,9.5,,,,,,6.5,57.0,3.3,11.9,23.4,6.2,22.3,,,0.0,,318.0,350.0,,,288.0,0.0,,647.3303833007812,-2223.6328125,274.98779296875,2240.571617045187,82.95025220388905
9879b1f6-3d1c-4854-ae1b-1f0a970d5832,8.425218 46.770162,2023-05-18 09:30:00+02:00,2,EXPLOSIVE,SLAB,2,DRY,S,173,46.770162,8.425218,0,TIT,TIT,-1.6,-2.5,-0.9,,,77.4,4.2,-5.0,697.4,,1020.0,3067.6,,3.4,266.0,1.7,6.1,12.2,3.1,11.2,,,,,761.0,,,,,,0.279,762.6640625,1480.95703125,-900.0,1732.984053131711,238.7123167053758
d68cc42c-2801-4238-bb58-3d963f2ab1ea,8.380899 46.782267,2023-04-01 07:00:00+02:00,4,EXPLOSIVE,SLAB,3,DRY,N,110,46.782267,8.380899,0,TIT,TIT,-10.8,-10.8,-10.6,,,97.0,2.6,-11.1,686.0,,1004.5,2941.7,,25.3,286.0,14.5,52.2,91.1,24.5,88.2,,,,,91.0,,,,,,0.013,740.3651733398438,2322.18017578125,308.7158203125,2342.6109848847414,277.5726253123122
97f65a13-9c8a-44c6-b5dc-c7c4d60fed1e,7.972757 46.575628,2023-04-20 07:30:00+02:00,2,EXPLOSIVE,SLAB,1,DRY,N,63,46.575628,7.972757,0,JUN,JUN,-11.2,-11.5,-10.8,,,78.2,2.1,-14.2,647.7,,1008.2,2974.7,,12.1,349.0,3.6,13.0,43.6,11.8,42.5,,,,,248.0,247.0,,,,0.0,0.056,645.8840942382812,95.47119140625,1123.35205078125,1127.4016934451397,355.1422324947262
8339db4e-32c5-49bd-ae04-41feeaf45eaa,8.420784 46.781168,2023-04-12 07:00:00.000 +0200,3,EXPLOSIVE,SLAB,2,DRY,N,142,46.781168,8.420784,1,TIT,TIT,-4.6,-4.7,-4.5,,,99.0,4.3,-4.8,690.1,,1010.2,2985.8,,25.3,268.0,12.0,43.2,91.1,24.2,87.1,,,,,99.0,,,,,,0.019,759.7236328125,302.23388671875,504.82177734375,588.379426188259,329.0912861493857
2ed09558-7716-4dda-935c-3c151ebe5b3b,8.238855 46.748629,2023-04-19 08:30:00+02:00,4,EXPLOSIVE,SLAB,1,DRY,NW,60,46.748629,8.238855,0,MER,MER,9.4,8.6,10.3,16.9,14.9,72.3,8.5,4.6,950.1,1019.5,1019.3,,,2.6,330.0,1.0,3.6,9.4,2.5,9.0,0.0,,0.0,,484.0,,,,83.0,60.0,0.219,667.5252075195312,594.90966796875,-803.43017578125,999.7087377824496,216.51854871929072
0d183e05-ccd5-4337-8515-db8621df2658,8.421449 46.780606,2023-04-17 07:30:00+02:00,2,EXPLOSIVE,SLAB,2,DRY,N,182,46.780606,8.421449,0,TIT,TIT,-9.4,-9.6,-9.3,,,95.6,2.9,-10.0,694.0,,1015.4,3030.7,,12.7,29.0,5.5,19.8,45.7,11.9,42.8,,,,,131.0,,,,,,0.028,760.1211547851562,676.9775390625,-425.830078125,799.7686189336653,237.82942760048624
b5d8fc03-e36a-4fa1-9d42-ea7105356bda,8.385358 46.779077,2023-04-19 05:00:00+02:00,3,EXPLOSIVE,UNKNOWN,2,DRY,NE,107,46.779077,8.385358,0,TIT,TIT,-6.7,-6.9,-6.4,,,78.7,2.9,-9.8,696.1,,1018.2,3053.6,,7.5,288.0,4.4,15.8,27.0,6.8,24.5,,,,,2.0,,,,,,0.005,739.8767700195312,888.02490234375,118.4326171875,895.8875554423712,277.59650059112585
b1c2736c-200d-4a78-a75a-d1aa12bb81e8,7.992735 46.584254,2023-06-05 08:00:00+02:00,3,EXPLOSIVE,UNKNOWN,0,UNKNOWN,,4,46.584254,7.992735,0,JUN,JUN,-2.8,-3.1,-2.3,,,58.3,2.9,-9.9,659.1,,1024.6,3096.0,,2.9,323.0,0.5,1.8,10.4,2.8,10.1,,,,,685.0,192.0,,,,60.0,0.264,629.8162231445312,-922.6318359375,1105.8837890625,1440.2181986062508,39.83802821390573
1aca9480-d131-11ed-bb43-5ff35461761d,8.354817 46.766741,2023-04-06 12:00:00+02:00,10,NATURAL,SLAB,3,DRY,NW,65,46.766741,8.354817,0,TIT,TIT,-11.7,-12.1,-11.4,,,69.4,1.7,-16.2,692.7,,1013.7,3017.8,,11.0,273.0,4.4,15.8,39.6,10.4,37.4,,,,,899.0,,,,,,0.175,722.8215942382812,411.43798828125,-947.4609375,1032.939226813127,203.47305250621116
26d0ed0c-b5fc-4983-9f76-b0f25e82ece7,8.388771 46.786265,2023-04-19 08:30:00+02:00,4,EXPLOSIVE,LOOSE_SNOW,1,DRY,NW,80,46.786265,8.388771,0,TIT,TIT,-6.5,-6.7,-6.4,,,78.4,3.0,-9.7,696.0,,1018.1,3052.4,,9.7,308.0,7.0,25.2,34.9,9.4,33.8,,,,,545.0,,,,,,0.12,745.5567626953125,1001.2939453125,-1150.927734375,1525.5242425713996,221.02289546196127
3c08ef45-da0c-4efd-bbb0-523da6d751f9,8.422511 46.78003,2023-04-26 07:30:00.000 +0200,2,EXPLOSIVE,SLAB,2,DRY,N,131,46.78003,8.422511,1,TIT,TIT,-9.2,-9.2,-9.1,,,23.4,0.7,-26.4,692.4,,1013.2,3013.0,,14.7,275.0,9.8,35.3,52.9,14.4,51.8,,,,,381.0,,,,,,0.118,760.8434448242188,714.55078125,-1498.095703125,1659.7811767539038,205.4998686787384
9f2be370-d7a6-11ed-a8d1-4961cd70d9e1,8.210814 46.503291,2023-04-11 12:00:00+02:00,7,NATURAL,SLAB,3,WET,S,135,46.503291,8.210814,0,ULR,ULR,3.6,3.0,4.4,4.0,3.3,89.0,7.0,2.0,865.6,,1017.9,,1494.4,2.3,45.0,0.8,2.9,8.3,2.2,7.9,,,2.4,0.0,132.0,313.0,,,131.0,0.0,0.071,686.5875244140625,1112.9150390625,-722.4609375,1326.8495356990802,237.00994253482378
5f7c51f6-7065-4c64-860a-51df7287e4b5,8.42359 46.779392,2023-05-17 07:00:00+02:00,4,EXPLOSIVE,SLAB,2,DRY,N,102,46.779392,8.42359,0,TIT,TIT,-7.2,-7.3,-7.0,,,93.9,3.3,-8.0,694.2,,1015.8,3033.2,,23.4,50.0,12.0,43.2,84.2,21.1,76.0,,,,,147.0,,,,,,0.03,763.22314453125,604.35791015625,-1931.72607421875,2024.0588206336824,197.3727625092364
5f7c51f6-7065-4c64-860a-51df7287e4b5,8.42359 46.779392,2023-05-20 07:00:00+02:00,4,EXPLOSIVE,SLAB,2,DRY,N,101,46.779392,8.42359,0,TIT,TIT,-1.4,-2.0,-0.5,,,83.7,4.6,-3.8,696.2,,1018.4,3054.6,,16.0,139.0,11.3,40.7,57.6,15.4,55.4,,,,,346.0,,,,,,0.092,763.22314453125,604.35791015625,-1931.72607421875,2024.0588206336824,197.3727625092364
ab2a9319-7f29-4629-a314-d5965080c33e,8.421443 46.780432,2023-05-02 07:30:00+02:00,4,EXPLOSIVE,SLAB,2,DRY,N,119,46.780432,8.421443,0,TIT,TIT,-6.7,-6.9,-6.5,,,97.5,3.6,-7.1,697.0,,1019.6,3064.7,,10.9,23.0,7.1,25.6,39.2,10.7,38.5,,,,,152.0,,,,,,0.033,760.1211547851562,676.9775390625,-425.830078125,799.7686189336653,237.82942760048624
b4aeb776-bc6c-459f-adeb-919a10f47c8a,8.420466 46.780907,2023-04-03 07:00:00+02:00,4,EXPLOSIVE,SLAB,2,DRY,NW,113,46.780907,8.420466,0,TIT,TIT,-11.1,-11.4,-10.6,,,93.9,2.5,-11.9,692.7,,1013.6,3017.2,,10.4,32.0,6.3,22.7,37.4,9.9,35.6,,,,,76.0,,,,,,0.018,759.4605712890625,1555.8837890625,-442.19970703125,1617.502688086176,254.13425279336218
ff002b7f-49f5-4ba6-971a-c1b18578a2b6,8.389256 46.787371,2023-04-14 08:30:00.000 +0200,2,EXPLOSIVE,SLAB,1,DRY,N,125,46.787371,8.389256,1,ENG,ENG,1.2,0.8,1.7,1.5,0.4,85.8,5.7,-1.0,891.7,,1009.9,,1421.1,5.4,267.0,2.3,8.3,19.4,5.3,19.1,0.0,,0.0,7.0,184.0,295.0,,,,0.0,0.073,745.9564208984375,-514.3798828125,395.7275390625,648.9891748054537,52.42785973224594
ad1f7e7f-180e-4f38-9562-d610574cd4c5,8.239483 46.749076,2023-04-01 06:30:00+02:00,2,EXPLOSIVE,SLAB,1,DRY,N,63,46.749076,8.239483,0,MER,MER,5.3,5.1,5.6,4.1,3.9,86.6,7.7,3.3,940.6,1010.5,1009.2,,,2.3,90.0,0.9,3.2,8.3,2.2,7.9,0.0,,0.0,,13.0,,,,10.0,0.0,0.016,668.8071899414062,636.328125,-222.91259765625,674.2429153204895,250.69409250408142
40432ba0-e72a-11ed-8f49-75cb9dad9a7e,7.996764 46.557888,2023-05-03 12:00:00+02:00,7,NATURAL,SLAB,3,DRY,S,330,46.557888,7.996764,0,JUN,JUN,-2.9,-3.9,-2.2,,,31.6,1.5,-17.7,660.3,,1026.2,3109.8,,10.1,23.0,3.9,14.0,36.4,9.6,34.6,,,,,1046.0,185.0,,,,60.0,0.365,636.23876953125,-1407.12890625,701.5869140625,1572.3345562532368,63.499402519328505
a9add040-dd0c-11ed-8f1e-7bb69ddca4ec,8.245886 46.75731,2023-04-17 12:15:00.000 +0200,0,NATURAL,FULL_DEPTH,2,WET,S,39,46.75731,8.245886,1,MER,MER,11.6,11.2,11.9,19.5,18.3,60.7,8.3,4.2,949.4,1018.2,1018.5,,,8.4,327.0,3.8,13.7,30.2,8.1,29.2,0.0,,0.0,,848.0,,,,368.0,39.0,0.412,672.0734252929688,1789.013671875,-676.42822265625,1912.622560402748,249.28833442851726
3efdca94-9b97-483a-8a85-137add93bbd1,8.426389 46.777499,2023-05-02 07:30:00+02:00,4,EXPLOSIVE,SLAB,3,DRY,NE,183,46.777499,8.426389,0,TIT,TIT,-6.7,-6.9,-6.5,,,97.5,3.6,-7.1,697.0,,1019.6,3064.7,,10.9,23.0,7.1,25.6,39.2,10.7,38.5,,,,,152.0,,,,,,0.033,763.458251953125,-2435.6689453125,65.80810546875,2436.5578010597433,88.45233088164204
fdfaf590-ea4c-11ed-8348-fb5788bd30bc,8.001152 46.577404,2023-05-01 12:00:00.000 +0200,7,NATURAL,SLAB,2,DRY,NW,192,46.577404,8.001152,1,JUN,JUN,-6.3,-6.6,-6.0,,,94.6,3.6,-7.0,653.7,,1016.8,3036.8,,2.9,175.0,1.2,4.3,10.4,2.8,10.1,,,,,737.0,282.0,,,,0.0,0.244,627.396728515625,-1005.908203125,1479.8583984375,1789.3664221003392,34.2052297539768
3efdca94-9b97-483a-8a85-137add93bbd1,8.426389 46.777499,2023-05-05 07:30:00+02:00,4,EXPLOSIVE,SLAB,3,DRY,NE,160,46.777499,8.426389,0,TIT,TIT,-0.1,-0.6,0.6,,,68.5,4.1,-5.3,701.9,,1026.2,3119.6,,4.1,183.0,2.3,8.3,14.8,4.0,14.4,,,,,397.0,,,,,,0.145,763.458251953125,-2435.6689453125,65.80810546875,2436.5578010597433,88.45233088164204
8d0101b0-de65-11ed-ad4d-6fea2397c693,7.846102 46.562407,2023-04-20 12:00:00+02:00,7,NATURAL,FULL_DEPTH,2,WET,S,110,46.562407,7.846102,0,INT,INT,5.8,5.5,5.9,6.7,5.8,93.2,8.6,4.8,943.1,1011.8,1010.7,,,6.3,299.0,2.0,7.2,22.7,5.9,21.2,0.0,,1.2,,79.0,,,,79.0,0.0,0.049,668.0802612304688,2308.99658203125,-617.98095703125,2390.2647717533837,255.01650424577497
c8955470-dce3-11ed-bcd6-6b951ea9af39,8.419791 46.782658,2023-04-16 12:00:00+02:00,7,EXPLOSIVE,SLAB,2,DRY,N,310,46.782658,8.419791,0,TIT,TIT,-9.1,-9.2,-9.1,,,96.8,3.0,-9.5,693.9,,1015.2,3029.6,,7.4,16.0,3.6,13.0,26.6,7.0,25.2,,,,,654.0,,,,,,0.147,760.7146606445312,3990.0146484375,1105.0048828125,4140.199594921155,285.47967510578906
bafec949-69be-4d29-96df-732ded5d7686,8.389718 46.787228,2023-04-04 08:00:00+02:00,3,EXPLOSIVE,SLAB,1,DRY,N,71,46.787228,8.389718,0,TIT,TIT,-12.5,-13.3,-11.8,,,18.8,0.4,-31.7,688.7,,1008.2,2973.0,,19.4,315.0,4.7,16.9,69.8,18.7,67.3,,,,,471.0,,,,,,0.106,746.5532836914062,2276.91650390625,-1173.01025390625,2561.308615050101,242.74361235020513
2a2d7868-aa56-44d4-b082-8c267cccfbe3,8.388637 46.786311,2023-04-16 07:30:00+02:00,2,EXPLOSIVE,LOOSE_SNOW,1,DRY,NW,139,46.786311,8.388637,0,TIT,TIT,-9.6,-9.8,-9.5,,,97.1,2.9,-10.0,692.5,,1013.4,3014.3,,8.1,12.0,2.5,9.0,29.2,7.6,27.4,,,,,150.0,,,,,,0.035,745.34130859375,-705.322265625,-46.25244140625,706.8371712936591,93.75187474862615
3efdca94-9b97-483a-8a85-137add93bbd1,8.426389 46.777499,2023-05-02 07:30:00.000 +0200,4,EXPLOSIVE,SLAB,3,DRY,NE,183,46.777499,8.426389,1,TIT,TIT,-6.7,-6.9,-6.5,,,97.5,3.6,-7.1,697.0,,1019.6,3064.7,,10.9,23.0,7.1,25.6,39.2,10.7,38.5,,,,,152.0,,,,,,0.033,763.458251953125,-2435.6689453125,65.80810546875,2436.5578010597433,88.45233088164204
a4ad0c82-16f6-4de1-af92-ac146cabf042,8.423474 46.779387,2023-05-02 07:30:00.000 +0200,4,EXPLOSIVE,SLAB,2,DRY,N,131,46.779387,8.423474,1,TIT,TIT,-6.7,-6.9,-6.5,,,97.5,3.6,-7.1,697.0,,1019.6,3064.7,,10.9,23.0,7.1,25.6,39.2,10.7,38.5,,,,,152.0,,,,,,0.033,763.22314453125,604.35791015625,-1931.72607421875,2024.0588206336824,197.3727625092364
acaee50d-c93e-4865-b666-dcf8ca1d9f21,8.226812 46.595085,2023-04-21 12:00:00.000 +0200,7,PERSON,SLAB,1,DRY,NW,256,46.595085,8.226812,1,GRH,GRH,1.9,1.3,2.4,,,76.3,5.4,-1.8,799.3,,1013.9,,1461.9,10.7,152.0,7.0,25.2,38.5,10.2,36.7,,,0.0,186.0,555.0,311.0,,,,0.0,0.188,675.0115356445312,1040.95458984375,708.3984375,1259.1325602847428,304.23637214155286
f4bf91bd-2855-4c53-b901-3cb18add524d,8.420301 46.78111,2023-04-16 08:00:00+02:00,4,EXPLOSIVE,SLAB,2,DRY,N,173,46.78111,8.420301,0,TIT,TIT,-9.5,-9.6,-9.3,,,94.1,2.8,-10.3,692.7,,1013.7,3017.0,,7.6,16.0,3.6,13.0,27.4,7.1,25.6,,,,,249.0,,,,,,0.057,759.58349609375,874.072265625,-621.826171875,1072.6929260340712,234.57146728890586
d1dc6b80-4759-4599-8761-9b826a9ee094,8.401311 46.769587,2023-04-13 00:00:00+02:00,6,NATURAL,SLAB,3,DRY,NW,196,46.769587,8.401311,0,TIT,TIT,-10.0,-10.3,-9.6,,,98.5,2.8,-10.2,685.5,,1003.9,2936.3,,16.3,265.0,7.5,27.0,58.7,16.1,58.0,,,,,0.0,,,,,,-0.001,747.0386352539062,-160.400390625,-956.9091796875,970.2594825524029,170.48434964326998
8cb21b8c-4e00-4409-bc59-db5c053ba65d,8.42279 46.779714,2023-04-17 06:30:00+02:00,5,EXPLOSIVE,SLAB,2,DRY,N,162,46.779714,8.42279,0,TIT,TIT,-9.4,-9.4,-9.3,,,95.4,2.9,-10.0,693.7,,1015.0,3028.0,,15.7,25.0,8.0,28.8,56.5,14.6,52.6,,,,,38.0,,,,,,0.012,761.37451171875,-2.08740234375,-1899.31640625,1899.3175533067028,179.93703034634154
9312b9e3-9422-40e1-8539-92240b8f9de8,8.390152 46.787449,2023-04-15 07:30:00+02:00,2,EXPLOSIVE,LOOSE_SNOW,1,DRY,N,110,46.787449,8.390152,0,TIT,TIT,-9.0,-9.1,-8.8,,,97.9,3.0,-9.3,685.0,,1003.1,2929.2,,13.6,300.0,9.7,34.9,49.0,13.3,47.9,,,,,147.0,,,,,,0.023,747.4361572265625,-1821.86279296875,1637.07275390625,2449.324649364818,48.05806036606041
be39a3d6-d2cf-47e2-870e-49c1b9134b29,8.422461 46.779843,2023-05-17 07:00:00.000 +0200,4,EXPLOSIVE,SLAB,2,DRY,N,76,46.779843,8.422461,1,TIT,TIT,-7.2,-7.3,-7.0,,,93.9,3.3,-8.0,694.2,,1015.8,3033.2,,23.4,50.0,12.0,43.2,84.2,21.1,76.0,,,,,147.0,,,,,,0.03,760.8377075195312,-135.46142578125,-1545.99609375,1551.91936638633,174.99248631940367
e5f438a3-68c9-465f-a6d1-9ab6a2ebaf71,8.384832 46.783436,2023-04-01 08:00:00.000 +0200,3,EXPLOSIVE,SLAB,1,DRY,N,68,46.783436,8.384832,1,TIT,TIT,-10.5,-10.6,-10.3,,,95.9,2.7,-11.1,686.2,,1004.9,2944.5,,24.1,280.0,14.1,50.8,86.8,23.6,85.0,,,,,202.0,,,,,,0.026,742.1997680664062,-14.2822265625,283.0078125,283.3679656058845,2.8890286260990763
c8955470-dce3-11ed-bcd6-6b951ea9af39,8.419791 46.782658,2023-04-18 12:00:00+02:00,7,EXPLOSIVE,SLAB,2,DRY,N,265,46.782658,8.419791,0,TIT,TIT,-6.1,-6.3,-5.8,,,71.5,2.8,-10.4,695.3,,1017.1,3044.8,,4.8,136.0,3.3,11.9,17.3,4.6,16.6,,,,,971.0,,,,,,0.272,760.7146606445312,3990.0146484375,1105.0048828125,4140.199594921155,285.47967510578906
0d183e05-ccd5-4337-8515-db8621df2658,8.421449 46.780606,2023-04-15 07:30:00+02:00,2,EXPLOSIVE,SLAB,2,DRY,N,175,46.780606,8.421449,0,TIT,TIT,-9.0,-9.1,-8.8,,,97.9,3.0,-9.3,685.0,,1003.1,2929.2,,13.6,300.0,9.7,34.9,49.0,13.3,47.9,,,,,147.0,,,,,,0.023,760.1211547851562,676.9775390625,-425.830078125,799.7686189336653,237.82942760048624
10ab716e-5fe3-4dac-9343-2f5c3d5e2a92,8.244594 46.61198,2023-05-12 12:00:00+02:00,7,NATURAL,SLAB,4,WET,NW,113,46.61198,8.244594,0,GRH,GRH,3.0,2.8,3.2,,,88.7,6.7,1.3,799.2,,1013.8,,1458.5,5.4,6.0,2.3,8.3,19.4,5.0,18.0,,,0.0,107.0,733.0,316.0,,,,0.0,0.29,680.986328125,-652.8076171875,-236.75537109375,694.4140629334639,109.93431582636845
ae543637-3b77-4592-997d-c9f3fc4c3078,8.424992 46.778957,2023-04-30 07:30:00+02:00,2,EXPLOSIVE,SLAB,2,DRY,N,197,46.778957,8.424992,0,TIT,TIT,-2.5,-2.8,-2.2,,,55.7,2.8,-10.2,696.8,,1019.2,3060.9,,4.1,178.0,2.8,10.1,14.8,3.8,13.7,,,,,281.0,,,,,,0.108,763.2218017578125,1885.0341796875,538.87939453125,1960.5470819239442,285.9537753137972
5dfb93d0-d046-11ed-b49c-43d9bede54f5,8.263448 46.782775,2023-04-01 05:45:00+02:00,0,EXPLOSIVE,SLAB,2,DRY,NW,51,46.782775,8.263448,0,GIH,GIH,8.6,8.0,9.6,,,64.9,7.3,2.3,953.5,1009.1,1008.7,,,9.8,247.0,3.0,10.8,35.3,9.2,33.1,0.0,,0.0,,10.0,,,,10.0,0.0,0.054,684.3196411132812,175.78125,-795.95947265625,815.1383501975466,192.45342407958165
e5f438a3-68c9-465f-a6d1-9ab6a2ebaf71,8.384832 46.783436,2023-04-04 08:00:00+02:00,3,EXPLOSIVE,SLAB,1,DRY,N,68,46.783436,8.384832,0,TIT,TIT,-12.5,-13.3,-11.8,,,18.8,0.4,-31.7,688.7,,1008.2,2973.0,,19.4,315.0,4.7,16.9,69.8,18.7,67.3,,,,,471.0,,,,,,0.106,742.1997680664062,-14.2822265625,283.0078125,283.3679656058845,2.8890286260990763
9793e5e8-7a24-425c-8b33-04a387b5aa44,8.40304 46.792701,2023-04-02 06:30:00+02:00,2,EXPLOSIVE,SLAB,1,DRY,NW,71,46.792701,8.40304,0,ENG,ENG,1.2,0.8,1.5,-0.4,-0.6,92.6,6.2,0.1,894.1,,1012.6,,1442.4,3.9,85.0,1.4,5.0,14.0,3.7,13.3,0.0,,0.0,0.0,13.0,244.0,,,,0.0,0.014,753.0325317382812,-2151.45263671875,-107.33642578125,2154.1284911405714,92.8561304264642
fe8541fa-4448-482f-8c28-995faac1b624,8.419783 46.781356,2023-04-16 07:30:00+02:00,2,EXPLOSIVE,SLAB,1,DRY,N,163,46.781356,8.419783,0,TIT,TIT,-9.6,-9.8,-9.5,,,97.1,2.9,-10.0,692.5,,1013.4,3014.3,,8.1,12.0,2.5,9.0,29.2,7.6,27.4,,,,,150.0,,,,,,0.035,758.8815307617188,-1939.5263671875,-1050.18310546875,2205.594496734957,118.43393634386692
40432ba0-e72a-11ed-8f49-75cb9dad9a7e,7.996764 46.557888,2023-04-29 12:00:00+02:00,7,NATURAL,SLAB,3,DRY,S,321,46.557888,7.996764,0,JUN,JUN,-5.4,-5.5,-5.3,,,87.5,3.6,-7.1,657.1,,1021.7,3076.0,,7.0,314.0,4.4,15.8,25.2,6.5,23.4,,,,,974.0,244.0,,,,36.0,0.263,636.23876953125,-1407.12890625,701.5869140625,1572.3345562532368,63.499402519328505
f4bbdd10-e717-11ed-acf0-f7b342f82229,7.841373 46.562945,2023-04-30 12:00:00+02:00,7,NATURAL,UNKNOWN,3,UNKNOWN,NW,146,46.562945,7.841373,0,INT,INT,14.9,14.7,15.1,19.6,18.8,68.7,11.6,9.2,948.1,1014.8,1016.0,,,8.5,300.0,4.5,16.2,30.6,7.9,28.4,0.0,,0.0,,475.0,,,,440.0,0.0,0.283,665.4730224609375,-145.78857421875,540.41748046875,559.7368681522844,15.097306660713329
1a787419-5802-4808-a192-fbe672afe523,8.389757 46.787324,2023-04-18 08:30:00+02:00,4,EXPLOSIVE,LOOSE_SNOW,2,DRY,N,100,46.787324,8.389757,0,TIT,TIT,-6.1,-7.1,-5.1,,,76.1,3.0,-9.7,694.1,,1015.6,3031.7,,4.1,233.0,1.3,4.7,14.8,3.9,14.0,,,,,514.0,,,,,,0.154,746.5532836914062,2276.91650390625,-1173.01025390625,2561.308615050101,242.74361235020513
fdfaf590-ea4c-11ed-8348-fb5788bd30bc,8.001152 46.577404,2023-05-04 12:00:00+02:00,7,NATURAL,SLAB,2,DRY,NW,190,46.577404,8.001152,0,JUN,JUN,-2.7,-3.0,-2.2,,,47.9,2.4,-12.2,661.7,,1028.2,3127.2,,5.8,318.0,3.1,11.2,20.9,5.4,19.4,,,,,1043.0,195.0,,,,60.0,0.37,627.396728515625,-1005.908203125,1479.8583984375,1789.3664221003392,34.2052297539768
729aca22-4176-463d-b386-a7be12b79b0f,8.424589 46.778965,2023-04-25 07:00:00+02:00,3,EXPLOSIVE,SLAB,2,DRY,N,201,46.778965,8.424589,0,TIT,TIT,-10.2,-10.4,-10.0,,,98.9,2.8,-10.3,687.7,,1006.9,2961.3,,16.3,291.0,10.1,36.4,58.7,15.8,56.9,,,,,90.0,,,,,,0.015,763.47265625,893.29833984375,435.05859375,993.6085265150091,295.96723836070544
1bb8250c-f575-4cb3-84c9-194ae951bc8a,7.944832 46.554569,2023-05-03 12:00:00+02:00,7,NATURAL,UNKNOWN,4,WET,,140,46.554569,7.944832,0,JUN,JUN,-2.9,-3.9,-2.2,,,31.6,1.5,-17.7,660.3,,1026.2,3109.8,,10.1,23.0,3.9,14.0,36.4,9.6,34.6,,,,,1046.0,185.0,,,,60.0,0.365,667.8281860351562,-387.158203125,1338.7939453125,1393.6501362438091,16.129039568052534
b0c20dd8-9d72-42fd-9908-df362afd7f3d,8.425333 46.779051,2023-05-17 07:00:00+02:00,4,EXPLOSIVE,SLAB,2,DRY,N,145,46.779051,8.425333,0,TIT,TIT,-7.2,-7.3,-7.0,,,93.9,3.3,-8.0,694.2,,1015.8,3033.2,,23.4,50.0,12.0,43.2,84.2,21.1,76.0,,,,,147.0,,,,,,0.03,763.8226928710938,4434.85107421875,754.541015625,4498.581575870288,279.6557841562619
8b5b35b0-dd0c-11ed-8f1e-7bb69ddca4ec,8.229566 46.753026,2023-04-18 12:30:00+02:00,0,NATURAL,FULL_DEPTH,2,WET,SE,23,46.753026,8.229566,0,MER,MER,14.6,13.7,15.7,22.4,22.0,50.9,8.5,4.5,947.4,1015.3,1016.4,,,7.5,294.0,2.8,10.1,27.0,7.3,26.3,0.0,,0.0,,876.0,,,,114.0,60.0,0.485,664.6078491210938,795.849609375,1236.4013671875,1470.3961852254172,327.23133541761433
0d6a183c-f453-4a31-98c7-90213921e278,8.417328 46.785788,2023-04-02 06:30:00+02:00,2,EXPLOSIVE,SLAB,1,DRY,NW,82,46.785788,8.417328,0,TIT,TIT,-11.9,-12.0,-11.8,,,97.8,2.4,-12.2,688.6,,1008.1,2971.7,,7.9,298.0,5.1,18.4,28.4,7.6,27.4,,,,,19.0,,,,,,0.006,760.0443725585938,104.26025390625,-1012.060546875,1017.4167047407467,185.88173690537573
74d69404-e345-4837-afea-4a4f976882c4,8.416507 46.785698,2023-04-19 08:00:00+02:00,4,EXPLOSIVE,SLAB,2,DRY,NW,119,46.785698,8.416507,0,TIT,TIT,-6.5,-6.7,-6.4,,,78.4,3.0,-9.7,696.0,,1018.1,3052.4,,9.7,308.0,7.0,25.2,34.9,9.4,33.8,,,,,545.0,,,,,,0.12,759.0537109375,512.29248046875,-429.1259765625,668.2759080690729,230.04850034138033
20077a30-ec16-11ed-aa20-6507e99101f4,8.022203 46.505884,2023-05-10 14:00:00+02:00,0,PERSON,SLAB,2,WET,E,86,46.505884,8.022203,0,JUN,JUN,-8.1,-8.6,-7.5,,,96.2,3.2,-8.6,653.0,,1015.8,3031.7,,8.9,305.0,5.1,18.4,32.0,8.6,31.0,,,,,673.0,267.0,,,,10.0,0.149,638.0261840820312,-635.77880859375,765.41748046875,995.026940772971,39.71404307188509
1bb8250c-f575-4cb3-84c9-194ae951bc8a,7.944832 46.554569,2023-05-05 12:00:00+02:00,7,NATURAL,UNKNOWN,4,WET,,120,46.554569,7.944832,0,JUN,JUN,-1.9,-2.3,-1.4,,,79.7,4.2,-5.0,661.1,,1027.3,3117.7,,8.7,152.0,4.1,14.8,31.3,8.4,30.2,,,,,882.0,246.0,,,,41.0,0.291,667.8281860351562,-387.158203125,1338.7939453125,1393.6501362438091,16.129039568052534
f4bf91bd-2855-4c53-b901-3cb18add524d,8.420301 46.78111,2023-04-18 08:00:00+02:00,4,EXPLOSIVE,SLAB,2,DRY,N,148,46.78111,8.420301,0,TIT,TIT,-6.1,-7.1,-5.1,,,76.1,3.0,-9.7,694.1,,1015.6,3031.7,,4.1,233.0,1.3,4.7,14.8,3.9,14.0,,,,,514.0,,,,,,0.154,759.58349609375,874.072265625,-621.826171875,1072.6929260340712,234.57146728890586
a4ad0c82-16f6-4de1-af92-ac146cabf042,8.423474 46.779387,2023-05-06 07:30:00+02:00,4,EXPLOSIVE,SLAB,2,DRY,N,103,46.779387,8.423474,0,TIT,TIT,-1.2,-1.7,-0.9,,,87.1,4.9,-3.1,700.2,,1023.8,3099.8,,14.1,261.0,8.7,31.3,50.8,13.8,49.7,,,,,337.0,,,,,,0.09,763.22314453125,604.35791015625,-1931.72607421875,2024.0588206336824,197.3727625092364
8d0101b0-de65-11ed-ad4d-6fea2397c693,7.846102 46.562407,2023-04-18 12:00:00.000 +0200,7,NATURAL,FULL_DEPTH,2,WET,S,120,46.562407,7.846102,1,INT,INT,13.4,13.2,13.7,26.5,25.8,55.5,8.5,4.7,948.9,1016.0,1016.8,,,6.5,306.0,2.9,10.4,23.4,6.2,22.3,0.0,,0.0,,909.0,,,,150.0,60.0,0.48,668.0802612304688,2308.99658203125,-617.98095703125,2390.2647717533837,255.01650424577497
850fbf08-4de4-4e22-97a7-6ee73d0c55e0,8.423568 46.779438,2023-04-26 07:30:00.000 +0200,2,EXPLOSIVE,SLAB,2,DRY,N,178,46.779438,8.423568,1,TIT,TIT,-9.2,-9.2,-9.1,,,23.4,0.7,-26.4,692.4,,1013.2,3013.0,,14.7,275.0,9.8,35.3,52.9,14.4,51.8,,,,,381.0,,,,,,0.118,763.22314453125,604.35791015625,-1931.72607421875,2024.0588206336824,197.3727625092364
367958a0-d439-11ed-a920-a702e6e7f311,8.242864 46.759718,2023-04-05 15:00:00+02:00,2,NATURAL,FULL_DEPTH,1,WET,S,39,46.759718,8.242864,0,MER,MER,9.8,9.4,10.1,14.9,14.1,43.4,5.3,-2.1,948.1,1017.2,1017.1,,,9.5,317.0,4.9,17.6,34.2,9.3,33.5,0.0,,0.0,,594.0,,,,148.0,60.0,0.304,670.0982666015625,-593.26171875,-257.84912109375,646.8737405267148,113.49119369921517
59a9c34c-87a8-4479-9db9-c3a9d7e37faf,8.42632 46.777873,2023-04-25 07:00:00.000 +0200,3,EXPLOSIVE,SLAB,2,DRY,NE,181,46.777873,8.42632,1,TIT,TIT,-10.2,-10.4,-10.0,,,98.9,2.8,-10.3,687.7,,1006.9,2961.3,,16.3,291.0,10.1,36.4,58.7,15.8,56.9,,,,,90.0,,,,,,0.015,762.9927978515625,-111.181640625,-1086.21826171875,1091.8935247098818,174.15575022355583
72a5d090-d8f5-11ed-9de9-4bc775516e2e,8.249382 46.761703,2023-04-11 16:00:00+02:00,3,NATURAL,FULL_DEPTH,2,WET,SW,60,46.761703,8.249382,0,MER,MER,9.1,8.9,9.3,9.2,8.9,82.9,9.6,6.4,949.1,1018.5,1018.2,,,2.7,162.0,1.0,3.6,9.7,2.6,9.4,0.0,,0.0,,110.0,,,,102.0,0.0,0.066,673.8353271484375,-344.42138671875,-843.0908203125,910.7295004140751,157.7788910334798
10ab716e-5fe3-4dac-9343-2f5c3d5e2a92,8.244594 46.61198,2023-05-09 12:00:00+02:00,7,NATURAL,SLAB,4,WET,NW,107,46.61198,8.244594,0,GRH,GRH,9.3,8.9,9.5,,,57.2,6.7,1.2,803.2,,1018.7,,1489.1,8.2,167.0,4.9,17.6,29.5,7.8,28.1,,,0.0,111.0,625.0,320.0,,,,3.0,0.325,680.986328125,-652.8076171875,-236.75537109375,694.4140629334639,109.93431582636845
74d69404-e345-4837-afea-4a4f976882c4,8.416507 46.785698,2023-04-16 08:00:00.000 +0200,4,EXPLOSIVE,SLAB,2,DRY,NW,161,46.785698,8.416507,1,TIT,TIT,-9.5,-9.6,-9.3,,,94.1,2.8,-10.3,692.7,,1013.7,3017.0,,7.6,16.0,3.6,13.0,27.4,7.1,25.6,,,,,249.0,,,,,,0.057,759.0537109375,512.29248046875,-429.1259765625,668.2759080690729,230.04850034138033
33f93161-2ec3-46b0-ab16-f598e280759a,8.383072 46.779972,2023-04-14 08:00:00+02:00,4,EXPLOSIVE,SLAB,2,DRY,NE,113,46.779972,8.383072,0,TIT,TIT,-13.4,-13.6,-13.2,,,100.0,2.2,-13.4,684.7,,1002.8,2929.3,,8.5,327.0,2.1,7.6,30.6,8.3,29.9,,,,,263.0,,,,,,0.052,740.880126953125,1365.93017578125,-3138.57421875,3422.9246809872943,203.51902337309957
71d13516-3cdb-4e54-a1af-c88570197f00,8.424437 46.779206,2023-04-15 06:30:00+02:00,5,EXPLOSIVE,SLAB,1,DRY,N,273,46.779206,8.424437,0,TIT,TIT,-9.1,-9.2,-8.9,,,98.6,3.0,-9.3,684.9,,1003.0,2928.0,,13.9,300.0,9.9,35.6,50.0,13.8,49.7,,,,,45.0,,,,,,0.008,763.7742309570312,647.42431640625,-475.48828125,803.2728995056283,233.70529779875366
2f93ceb4-a841-42da-a6c1-1933628dbb83,8.385941 46.778747,2023-04-01 07:00:00+02:00,4,EXPLOSIVE,SLAB,2,DRY,NE,81,46.778747,8.385941,0,TIT,TIT,-10.8,-10.8,-10.6,,,97.0,2.6,-11.1,686.0,,1004.5,2941.7,,25.3,286.0,14.5,52.2,91.1,24.5,88.2,,,,,91.0,,,,,,0.013,738.159423828125,-807.4951171875,-2791.95556640625,2906.383362371265,163.86896488795355
40432ba0-e72a-11ed-8f49-75cb9dad9a7e,7.996764 46.557888,2023-04-30 12:00:00+02:00,7,NATURAL,SLAB,3,DRY,S,315,46.557888,7.996764,0,JUN,JUN,-3.7,-4.4,-3.3,,,88.8,4.1,-5.3,656.2,,1020.4,3062.2,,5.7,135.0,4.4,15.8,20.5,5.5,19.8,,,,,676.0,258.0,,,,0.0,0.202,636.23876953125,-1407.12890625,701.5869140625,1572.3345562532368,63.499402519328505
b6bd2020-dd0b-11ed-8f1e-7bb69ddca4ec,8.237321 46.747742,2023-04-20 12:00:00+02:00,7,NATURAL,SLAB,2,DRY,N,56,46.747742,8.237321,0,MER,MER,6.3,6.2,6.4,8.0,7.3,86.6,8.3,4.3,941.8,1011.4,1010.5,,,3.1,291.0,1.2,4.3,11.2,3.1,11.2,0.0,,0.8,,139.0,,,,127.0,0.0,0.078,666.8665771484375,-88.65966796875,-2022.5830078125,2024.5252678631077,177.49005361316605
146fb98c-e881-4676-9e59-446d1d57d1c2,8.034003 46.784284,2023-04-18 10:30:00+02:00,4,EXPLOSIVE,SLAB,2,DRY,S,29,46.784284,8.034003,0,BRZ,BRZ,,,,,,,,,950.6,,1017.2,,,6.1,107.0,2.6,9.4,22.0,6.0,21.6,,,0.0,,,,,,,,,622.0633544921875,-860.11962890625,-1528.30810546875,1753.7193165587546,150.6295373945058
b2ae7f83-144e-4307-bbca-2bcde419c704,8.384786 46.783437,2023-04-19 08:30:00+02:00,4,EXPLOSIVE,LOOSE_SNOW,1,DRY,N,80,46.783437,8.384786,0,TIT,TIT,-6.5,-6.7,-6.4,,,78.4,3.0,-9.7,696.0,,1018.1,3052.4,,9.7,308.0,7.0,25.2,34.9,9.4,33.8,,,,,545.0,,,,,,0.12,742.1997680664062,-14.2822265625,283.0078125,283.3679656058845,2.8890286260990763
2a2d7868-aa56-44d4-b082-8c267cccfbe3,8.388637 46.786311,2023-04-13 07:30:00.000 +0200,2,EXPLOSIVE,LOOSE_SNOW,1,DRY,NW,80,46.786311,8.388637,1,TIT,TIT,-13.5,-13.7,-13.0,,,100.0,2.2,-13.5,683.5,,1001.1,2915.8,,10.2,306.0,5.7,20.5,36.7,9.9,35.6,,,,,127.0,,,,,,0.019,745.34130859375,-705.322265625,-46.25244140625,706.8371712936591,93.75187474862615
ae543637-3b77-4592-997d-c9f3fc4c3078,8.424992 46.778957,2023-04-26 07:30:00.000 +0200,2,EXPLOSIVE,SLAB,2,DRY,N,229,46.778957,8.424992,1,TIT,TIT,-9.2,-9.2,-9.1,,,23.4,0.7,-26.4,692.4,,1013.2,3013.0,,14.7,275.0,9.8,35.3,52.9,14.4,51.8,,,,,381.0,,,,,,0.118,763.2218017578125,1885.0341796875,538.87939453125,1960.5470819239442,285.9537753137972
1360c83b-baa5-40fd-8967-adc55e27b8f8,8.035169 46.786944,2023-05-11 11:00:00+02:00,4,EXPLOSIVE,FULL_DEPTH,2,WET,SW,24,46.786944,8.035169,0,BRZ,BRZ,,,,,,,,,948.8,,1015.3,,,4.3,254.0,1.0,3.6,15.5,4.1,14.8,,,0.0,,,,,,,,,622.5305786132812,-663.46435546875,913.8427734375,1129.2889645885616,35.98024504551412
23b16de7-0279-40fb-918f-75ed3769abf5,8.426264 46.778244,2023-05-18 07:00:00+02:00,4,EXPLOSIVE,SLAB,2,DRY,NE,145,46.778244,8.426264,0,TIT,TIT,-2.3,-2.5,-2.0,,,76.5,4.0,-5.8,696.9,,1019.4,3062.9,,2.7,248.0,1.9,6.8,9.7,2.7,9.7,,,,,457.0,,,,,,0.152,763.5789794921875,960.205078125,-1153.45458984375,1500.8168718696666,219.77603552705924
ad918400-77b8-4908-b8c3-86205d723ff7,8.426238 46.77793,2023-04-26 07:30:00+02:00,2,EXPLOSIVE,SLAB,2,DRY,NE,198,46.77793,8.426238,0,TIT,TIT,-9.2,-9.2,-9.1,,,23.4,0.7,-26.4,692.4,,1013.2,3013.0,,14.7,275.0,9.8,35.3,52.9,14.4,51.8,,,,,381.0,,,,,,0.118,762.98095703125,506.79931640625,-562.60986328125,757.2155607032843,222.01254629079492
26d0ed0c-b5fc-4983-9f76-b0f25e82ece7,8.388771 46.786265,2023-04-18 08:30:00+02:00,4,EXPLOSIVE,LOOSE_SNOW,1,DRY,NW,92,46.786265,8.388771,0,TIT,TIT,-6.1,-7.1,-5.1,,,76.1,3.0,-9.7,694.1,,1015.6,3031.7,,4.1,233.0,1.3,4.7,14.8,3.9,14.0,,,,,514.0,,,,,,0.154,745.5567626953125,1001.2939453125,-1150.927734375,1525.5242425713996,221.02289546196127
b2ae7f83-144e-4307-bbca-2bcde419c704,8.384786 46.783437,2023-04-18 08:30:00+02:00,4,EXPLOSIVE,LOOSE_SNOW,1,DRY,N,92,46.783437,8.384786,0,TIT,TIT,-6.1,-7.1,-5.1,,,76.1,3.0,-9.7,694.1,,1015.6,3031.7,,4.1,233.0,1.3,4.7,14.8,3.9,14.0,,,,,514.0,,,,,,0.154,742.1997680664062,-14.2822265625,283.0078125,283.3679656058845,2.8890286260990763
74d69404-e345-4837-afea-4a4f976882c4,8.416507 46.785698,2023-04-18 08:00:00+02:00,4,EXPLOSIVE,SLAB,2,DRY,NW,134,46.785698,8.416507,0,TIT,TIT,-6.1,-7.1,-5.1,,,76.1,3.0,-9.7,694.1,,1015.6,3031.7,,4.1,233.0,1.3,4.7,14.8,3.9,14.0,,,,,514.0,,,,,,0.154,759.0537109375,512.29248046875,-429.1259765625,668.2759080690729,230.04850034138033
529f5410-e6a1-11ed-9300-179866ebe517,7.727729 46.504859,2023-04-29 17:00:00.000 +0200,3,UNKNOWN,UNKNOWN,1,WET,,2,46.504859,7.727729,1,FRU,FRU,16.7,15.9,17.2,,,64.0,12.2,9.9,,,,,,9.8,70.0,3.4,12.2,35.3,9.2,33.1,,,0.0,,152.0,339.0,,,137.0,2.0,,652.4718017578125,-780.46875,-7.470703125,780.504504235398,90.54842258167407
a8219770-e77f-11ed-991c-c3bbd7ca6c9a,7.788493 46.554381,2023-04-30 15:11:00+02:00,0,NATURAL,SLAB,3,WET,NW,102,46.554381,7.788493,0,FRU,FRU,12.9,12.8,13.1,,,75.9,11.3,8.8,,,,,,8.2,67.0,3.7,13.3,29.5,7.9,28.4,,,0.0,,139.0,367.0,,,138.0,0.0,,647.3303833007812,-2223.6328125,274.98779296875,2240.571617045187,82.95025220388905
f7fca170-d124-11ed-9f3d-c1122c0370be,8.243319 46.765333,2023-04-05 12:00:00+02:00,10,NATURAL,SLAB,3,WET,SW,78,46.765333,8.243319,0,MER,MER,8.2,7.6,8.8,14.8,14.1,47.4,5.2,-2.3,949.0,1018.7,1018.1,,,8.0,263.0,3.8,13.7,28.8,7.9,28.4,0.0,,0.0,,834.0,,,,111.0,60.0,0.378,670.1203002929688,321.8994140625,3.18603515625,321.9151807445522,270.56707281621993
ce082ed0-ea41-11ed-9704-3747ffc8acfd,7.997493 46.55824,2023-05-06 12:00:00+02:00,7,PERSON,SLAB,3,DRY,S,313,46.55824,7.997493,0,JUN,JUN,-2.9,-3.2,-2.5,,,70.1,3.5,-7.6,659.9,,1025.6,3105.1,,12.0,312.0,4.9,17.6,43.2,11.6,41.8,,,,,1034.0,211.0,,,,60.0,0.32,634.9352416992188,192.15087890625,1593.896484375,1605.4370006846825,353.12592737705734
97f65a13-9c8a-44c6-b5dc-c7c4d60fed1e,7.972757 46.575628,2023-04-16 07:30:00.000 +0200,2,EXPLOSIVE,SLAB,1,DRY,N,103,46.575628,7.972757,1,JUN,JUN,-12.2,-12.6,-11.9,,,92.2,2.2,-13.2,650.5,,1012.2,3010.1,,18.5,302.0,11.9,42.8,66.6,18.2,65.5,,,,,198.0,261.0,,,,0.0,0.027,645.8840942382812,95.47119140625,1123.35205078125,1127.4016934451397,355.1422324947262
bdf4c097-2315-413e-a320-168acfd62b21,8.380633 46.782526,2023-04-12 08:00:00+02:00,4,EXPLOSIVE,SLAB,3,DRY,N,102,46.782526,8.380633,0,TIT,TIT,-4.5,-4.7,-4.3,,,96.7,4.2,-5.0,689.8,,1009.7,2982.1,,21.3,256.0,9.9,35.6,76.7,20.0,72.0,,,,,216.0,,,,,,0.045,740.0928344726562,302.5634765625,-2310.53466796875,2330.2607384657726,187.46040669647476
68246170-d6db-11ed-8552-37fbec7ec321,8.370977 46.777677,2023-04-11 15:00:00+02:00,3,NATURAL,FULL_DEPTH,2,WET,S,24,46.777677,8.370977,0,TIT,TIT,-7.3,-7.4,-7.2,,,96.6,3.4,-7.8,694.5,,1016.1,3036.3,,12.5,284.0,8.4,30.2,45.0,12.3,44.3,,,,,288.0,,,,,,0.054,734.1911010742188,-529.1015625,-456.26220703125,698.6584752258922,130.7723117290622
b6bd2020-dd0b-11ed-8f1e-7bb69ddca4ec,8.237321 46.747742,2023-04-18 12:00:00+02:00,7,NATURAL,SLAB,2,DRY,N,68,46.747742,8.237321,0,MER,MER,14.6,13.7,15.7,22.4,22.0,50.9,8.5,4.5,947.4,1015.3,1016.4,,,7.5,294.0,2.8,10.1,27.0,7.3,26.3,0.0,,0.0,,876.0,,,,114.0,60.0,0.485,666.8665771484375,-88.65966796875,-2022.5830078125,2024.5252678631077,177.49005361316605
a9add040-dd0c-11ed-8f1e-7bb69ddca4ec,8.245886 46.75731,2023-04-18 12:15:00+02:00,0,NATURAL,FULL_DEPTH,2,WET,S,36,46.75731,8.245886,0,MER,MER,14.6,13.7,15.7,22.4,22.0,50.9,8.5,4.5,947.4,1015.3,1016.4,,,7.5,294.0,2.8,10.1,27.0,7.3,26.3,0.0,,0.0,,876.0,,,,114.0,60.0,0.485,672.0734252929688,1789.013671875,-676.42822265625,1912.622560402748,249.28833442851726
1bb8250c-f575-4cb3-84c9-194ae951bc8a,7.944832 46.554569,2023-05-06 12:00:00+02:00,7,NATURAL,UNKNOWN,4,WET,,100,46.554569,7.944832,0,JUN,JUN,-2.9,-3.2,-2.5,,,70.1,3.5,-7.6,659.9,,1025.6,3105.1,,12.0,312.0,4.9,17.6,43.2,11.6,41.8,,,,,1034.0,211.0,,,,60.0,0.32,667.8281860351562,-387.158203125,1338.7939453125,1393.6501362438091,16.129039568052534
729aca22-4176-463d-b386-a7be12b79b0f,8.424589 46.778965,2023-04-25 07:00:00.000 +0200,3,EXPLOSIVE,SLAB,2,DRY,N,201,46.778965,8.424589,1,TIT,TIT,-10.2,-10.4,-10.0,,,98.9,2.8,-10.3,687.7,,1006.9,2961.3,,16.3,291.0,10.1,36.4,58.7,15.8,56.9,,,,,90.0,,,,,,0.015,763.47265625,893.29833984375,435.05859375,993.6085265150091,295.96723836070544
529f5410-e6a1-11ed-9300-179866ebe517,7.727729 46.504859,2023-05-02 17:00:00+02:00,3,UNKNOWN,UNKNOWN,1,WET,,3,46.504859,7.727729,0,FRU,FRU,13.4,13.3,13.7,,,60.6,9.3,5.9,,,,,,7.8,70.0,3.5,12.6,28.1,7.5,27.0,,,0.0,,158.0,332.0,,,149.0,0.0,,652.4718017578125,-780.46875,-7.470703125,780.504504235398,90.54842258167407
50374fe0-d439-11ed-a920-a702e6e7f311,8.245848 46.760908,2023-04-05 16:00:00.000 +0200,2,NATURAL,FULL_DEPTH,1,WET,SW,41,46.760908,8.245848,1,MER,MER,8.4,8.1,8.9,9.0,7.2,42.7,4.7,-3.5,948.0,1017.6,1017.1,,,8.8,322.0,4.7,16.9,31.7,8.5,30.6,0.0,,0.0,,189.0,,,,113.0,19.0,0.16,672.4798583984375,248.18115234375,-138.6474609375,284.2833143240863,240.8099044636349
1a787419-5802-4808-a192-fbe672afe523,8.389757 46.787324,2023-04-16 08:30:00.000 +0200,4,EXPLOSIVE,LOOSE_SNOW,2,DRY,N,135,46.787324,8.389757,1,TIT,TIT,-9.5,-9.6,-9.3,,,94.1,2.8,-10.3,692.7,,1013.7,3017.0,,7.6,16.0,3.6,13.0,27.4,7.1,25.6,,,,,249.0,,,,,,0.057,746.5532836914062,2276.91650390625,-1173.01025390625,2561.308615050101,242.74361235020513
97f65a13-9c8a-44c6-b5dc-c7c4d60fed1e,7.972757 46.575628,2023-04-19 07:30:00+02:00,2,EXPLOSIVE,SLAB,1,DRY,N,63,46.575628,7.972757,0,JUN,JUN,-10.2,-10.3,-10.2,,,87.8,2.5,-11.9,654.8,,1018.3,3057.6,,7.5,308.0,6.6,23.8,27.0,7.4,26.6,,,,,285.0,164.0,,,,58.0,0.052,645.8840942382812,95.47119140625,1123.35205078125,1127.4016934451397,355.1422324947262
839994f8-5b6d-44ab-8e1c-fd57876e2bd9,8.4215 46.780442,2023-04-01 07:00:00.000 +0200,4,EXPLOSIVE,SLAB,2,DRY,E,117,46.780442,8.4215,1,TIT,TIT,-10.8,-10.8,-10.6,,,97.0,2.6,-11.1,686.0,,1004.5,2941.7,,25.3,286.0,14.5,52.2,91.1,24.5,88.2,,,,,91.0,,,,,,0.013,760.1211547851562,676.9775390625,-425.830078125,799.7686189336653,237.82942760048624
acaee50d-c93e-4865-b666-dcf8ca1d9f21,8.226812 46.595085,2023-04-24 12:00:00+02:00,7,PERSON,SLAB,1,DRY,NW,189,46.595085,8.226812,0,GRH,GRH,-0.3,-0.8,0.1,,,92.7,5.5,-1.4,797.8,,1012.1,,1450.7,9.5,340.0,4.4,15.8,34.2,8.8,31.7,,,0.2,177.0,631.0,309.0,,,,0.0,0.191,675.0115356445312,1040.95458984375,708.3984375,1259.1325602847428,304.23637214155286
1aca9480-d131-11ed-bb43-5ff35461761d,8.354817 46.766741,2023-04-04 12:00:00+02:00,10,NATURAL,SLAB,3,DRY,NW,72,46.766741,8.354817,0,TIT,TIT,-12.0,-12.4,-11.6,,,25.2,0.6,-28.1,689.9,,1009.9,2986.4,,24.0,336.0,4.4,15.8,86.4,21.1,76.0,,,,,930.0,,,,,,0.2,722.8215942382812,411.43798828125,-947.4609375,1032.939226813127,203.47305250621116
c7cfde41-7339-4d2c-afdf-9006721cfe7f,8.419526 46.781209,2023-04-01 07:00:00.000 +0200,4,EXPLOSIVE,SLAB,2,DRY,NW,84,46.781209,8.419526,1,TIT,TIT,-10.8,-10.8,-10.6,,,97.0,2.6,-11.1,686.0,,1004.5,2941.7,,25.3,286.0,14.5,52.2,91.1,24.5,88.2,,,,,91.0,,,,,,0.013,758.5951538085938,1165.31982421875,-2994.6533203125,3213.3967700201447,201.26267682707908
b210fde3-14f2-42fc-8dc3-c8d01a9cf57a,8.425206 46.770128,2023-05-16 09:00:00+02:00,3,EXPLOSIVE,SLAB,2,DRY,S,164,46.770128,8.425206,0,TIT,TIT,-5.9,-6.0,-5.7,,,98.7,3.9,-6.0,691.9,,1012.6,3006.5,,16.7,14.0,9.2,33.1,60.1,15.8,56.9,,,,,330.0,,,,,,0.064,761.9268798828125,601.06201171875,-1339.892578125,1468.5324861390877,204.16051306819816
1360c83b-baa5-40fd-8967-adc55e27b8f8,8.035169 46.786944,2023-05-08 11:00:00.000 +0200,4,EXPLOSIVE,FULL_DEPTH,2,WET,SW,25,46.786944,8.035169,1,BRZ,BRZ,,,,,,,,,955.0,,1021.9,,,3.0,246.0,1.7,6.1,10.8,2.9,10.4,,,0.0,,,,,,,,,622.5305786132812,-663.46435546875,913.8427734375,1129.2889645885616,35.98024504551412
8cb21b8c-4e00-4409-bc59-db5c053ba65d,8.42279 46.779714,2023-04-15 06:30:00+02:00,5,EXPLOSIVE,SLAB,2,DRY,N,153,46.779714,8.42279,0,TIT,TIT,-9.1,-9.2,-8.9,,,98.6,3.0,-9.3,684.9,,1003.0,2928.0,,13.9,300.0,9.9,35.6,50.0,13.8,49.7,,,,,45.0,,,,,,0.008,761.37451171875,-2.08740234375,-1899.31640625,1899.3175533067028,179.93703034634154
8339db4e-32c5-49bd-ae04-41feeaf45eaa,8.420784 46.781168,2023-04-13 07:00:00+02:00,3,EXPLOSIVE,SLAB,2,DRY,N,145,46.781168,8.420784,0,TIT,TIT,-13.5,-13.7,-13.0,,,100.0,2.2,-13.5,683.5,,1001.1,2915.8,,10.2,306.0,5.7,20.5,36.7,9.9,35.6,,,,,127.0,,,,,,0.019,759.7236328125,302.23388671875,504.82177734375,588.379426188259,329.0912861493857
8d0101b0-de65-11ed-ad4d-6fea2397c693,7.846102 46.562407,2023-04-21 12:00:00+02:00,7,NATURAL,FULL_DEPTH,2,WET,S,120,46.562407,7.846102,0,INT,INT,9.4,8.5,9.9,14.5,11.3,74.8,8.8,5.2,944.0,1011.8,1011.6,,,9.7,292.0,4.7,16.9,34.9,9.3,33.5,0.0,,0.0,,478.0,,,,405.0,1.0,0.225,668.0802612304688,2308.99658203125,-617.98095703125,2390.2647717533837,255.01650424577497
8cb21b8c-4e00-4409-bc59-db5c053ba65d,8.42279 46.779714,2023-04-14 06:30:00.000 +0200,5,EXPLOSIVE,SLAB,2,DRY,N,162,46.779714,8.42279,1,TIT,TIT,-13.5,-13.9,-13.1,,,100.0,2.2,-13.5,684.5,,1002.4,2926.6,,9.8,323.0,2.1,7.6,35.3,9.6,34.6,,,,,25.0,,,,,,0.008,761.37451171875,-2.08740234375,-1899.31640625,1899.3175533067028,179.93703034634154
33f93161-2ec3-46b0-ab16-f598e280759a,8.383072 46.779972,2023-04-12 08:00:00.000 +0200,4,EXPLOSIVE,SLAB,2,DRY,NE,77,46.779972,8.383072,1,TIT,TIT,-4.5,-4.7,-4.3,,,96.7,4.2,-5.0,689.8,,1009.7,2982.1,,21.3,256.0,9.9,35.6,76.7,20.0,72.0,,,,,216.0,,,,,,0.045,740.880126953125,1365.93017578125,-3138.57421875,3422.9246809872943,203.51902337309957
bc76da5f-d990-4bb2-a099-1ab0703da0a4,8.422538 46.779775,2023-05-02 07:30:00.000 +0200,4,EXPLOSIVE,SLAB,2,DRY,N,107,46.779775,8.422538,1,TIT,TIT,-6.7,-6.9,-6.5,,,97.5,3.6,-7.1,697.0,,1019.6,3064.7,,10.9,23.0,7.1,25.6,39.2,10.7,38.5,,,,,152.0,,,,,,0.033,760.8377075195312,-135.46142578125,-1545.99609375,1551.91936638633,174.99248631940367
c2674210-608f-480e-8889-772ed922cf40,8.384094 46.779592,2023-04-04 07:00:00+02:00,4,EXPLOSIVE,SLAB,2,DRY,NE,90,46.779592,8.384094,0,TIT,TIT,-13.3,-13.6,-13.1,,,20.2,0.5,-31.5,688.6,,1008.1,2972.7,,22.7,49.0,6.8,24.5,81.7,21.8,78.5,,,,,257.0,,,,,,0.081,739.6619873046875,617.54150390625,1249.8046875,1394.047799016865,333.7055433096777
45a4cc4a-b623-44fe-a276-c1a4df80223b,8.420264 46.781131,2023-05-06 07:30:00+02:00,4,EXPLOSIVE,SLAB,2,DRY,N,89,46.781131,8.420264,0,TIT,TIT,-1.2,-1.7,-0.9,,,87.1,4.9,-3.1,700.2,,1023.8,3099.8,,14.1,261.0,8.7,31.3,50.8,13.8,49.7,,,,,337.0,,,,,,0.09,759.58349609375,874.072265625,-621.826171875,1072.6929260340712,234.57146728890586
b210fde3-14f2-42fc-8dc3-c8d01a9cf57a,8.425206 46.770128,2023-05-16 09:00:00.000 +0200,3,EXPLOSIVE,SLAB,2,DRY,S,164,46.770128,8.425206,1,TIT,TIT,-5.9,-6.0,-5.7,,,98.7,3.9,-6.0,691.9,,1012.6,3006.5,,16.7,14.0,9.2,33.1,60.1,15.8,56.9,,,,,330.0,,,,,,0.064,761.9268798828125,601.06201171875,-1339.892578125,1468.5324861390877,204.16051306819816
b121901c-cb98-4082-b65b-7aa17e40b945,8.420495 46.780984,2023-04-16 08:00:00.000 +0200,4,EXPLOSIVE,SLAB,2,DRY,NE,180,46.780984,8.420495,1,TIT,TIT,-9.5,-9.6,-9.3,,,94.1,2.8,-10.3,692.7,,1013.7,3017.0,,7.6,16.0,3.6,13.0,27.4,7.1,25.6,,,,,249.0,,,,,,0.057,759.96630859375,419.23828125,-252.24609375,489.27377640497747,238.96563872299566
74720590-2505-48bc-ad7b-327442e7d8ae,8.216759 46.608474,2023-04-22 12:00:00+02:00,7,PERSON,SLAB,1,DRY,N,100,46.608474,8.216759,0,GRH,GRH,8.3,7.7,8.9,,,45.6,5.0,-2.8,800.5,,1015.4,,1462.6,6.8,152.0,3.9,14.0,24.5,6.3,22.7,,,0.0,175.0,926.0,278.0,,,,30.0,0.448,678.3681640625,1724.96337890625,-1325.93994140625,2175.6873366327427,232.45134135486592
b6bd2020-dd0b-11ed-8f1e-7bb69ddca4ec,8.237321 46.747742,2023-04-19 12:00:00+02:00,7,NATURAL,SLAB,2,DRY,N,57,46.747742,8.237321,0,MER,MER,13.9,13.3,14.3,21.2,21.0,60.5,9.6,6.4,948.0,1016.1,1017.0,,,8.5,280.0,4.3,15.5,30.6,8.2,29.5,0.0,,0.0,,892.0,,,,138.0,60.0,0.463,666.8665771484375,-88.65966796875,-2022.5830078125,2024.5252678631077,177.49005361316605
4b5d9a70-d15e-11ed-94cc-21edfa2a74e3,8.233716 46.754659,2023-04-02 15:30:00+02:00,1,NATURAL,FULL_DEPTH,2,WET,S,18,46.754659,8.233716,0,MER,MER,10.5,9.8,11.5,11.3,8.4,56.8,7.2,2.3,946.7,1015.6,1015.6,,,11.0,301.0,4.6,16.6,39.6,10.6,38.2,0.0,,0.1,,219.0,,,,178.0,6.0,0.164,664.812255859375,-231.48193359375,-347.8271484375,417.81288966529496,146.35589611458641
37f6f440-e68a-11ed-9633-279e930b62b5,7.970158 46.5442,2023-05-03 12:00:00+02:00,7,NATURAL,SLAB,2,DRY,SE,276,46.5442,7.970158,0,JUN,JUN,-2.9,-3.9,-2.2,,,31.6,1.5,-17.7,660.3,,1026.2,3109.8,,10.1,23.0,3.9,14.0,36.4,9.6,34.6,,,,,1046.0,185.0,,,,60.0,0.365,659.6864624023438,-1524.90234375,127.6611328125,1530.236753840795,85.21449516841656
3127a717-5395-4ff5-9722-0942f1737558,8.42626 46.777558,2023-04-14 06:30:00+02:00,5,EXPLOSIVE,SLAB,2,DRY,NE,185,46.777558,8.42626,0,TIT,TIT,-13.5,-13.9,-13.1,,,100.0,2.2,-13.5,684.5,,1002.4,2926.6,,9.8,323.0,2.1,7.6,35.3,9.6,34.6,,,,,25.0,,,,,,0.008,763.458251953125,-2435.6689453125,65.80810546875,2436.5578010597433,88.45233088164204
da27b6a6-0240-478c-9ff6-ab83983e37eb,8.426516 46.77779,2023-04-29 07:30:00+02:00,2,EXPLOSIVE,SLAB,2,DRY,NE,177,46.77779,8.426516,0,TIT,TIT,-2.8,-3.0,-2.6,,,99.3,4.9,-2.9,697.5,,1020.2,3069.6,,7.7,346.0,2.3,8.3,27.7,7.4,26.6,,,,,143.0,,,,,,0.049,762.9927978515625,-111.181640625,-1086.21826171875,1091.8935247098818,174.15575022355583
8b5b35b0-dd0c-11ed-8f1e-7bb69ddca4ec,8.229566 46.753026,2023-04-17 12:30:00+02:00,0,NATURAL,FULL_DEPTH,2,WET,SE,25,46.753026,8.229566,0,MER,MER,11.6,11.2,11.9,19.5,18.3,60.7,8.3,4.2,949.4,1018.2,1018.5,,,8.4,327.0,3.8,13.7,30.2,8.1,29.2,0.0,,0.0,,848.0,,,,368.0,39.0,0.412,664.6078491210938,795.849609375,1236.4013671875,1470.3961852254172,327.23133541761433
2f93ceb4-a841-42da-a6c1-1933628dbb83,8.385941 46.778747,2023-04-03 07:00:00+02:00,4,EXPLOSIVE,SLAB,2,DRY,NE,78,46.778747,8.385941,0,TIT,TIT,-11.1,-11.4,-10.6,,,93.9,2.5,-11.9,692.7,,1013.6,3017.2,,10.4,32.0,6.3,22.7,37.4,9.9,35.6,,,,,76.0,,,,,,0.018,738.159423828125,-807.4951171875,-2791.95556640625,2906.383362371265,163.86896488795355
564bddb0-e717-11ed-acf0-f7b342f82229,7.822357 46.529218,2023-05-03 12:00:00+02:00,7,NATURAL,SLAB,3,UNKNOWN,N,218,46.529218,7.822357,0,INT,INT,16.5,16.2,16.8,30.0,28.8,52.6,9.9,6.8,953.0,1019.6,1021.1,,,6.9,318.0,3.0,10.8,24.8,6.7,24.1,0.0,,0.0,,915.0,,,,94.0,60.0,0.529,666.2966918945312,248.291015625,-37.5732421875,251.11785473871532,261.394866180814
9793e5e8-7a24-425c-8b33-04a387b5aa44,8.40304 46.792701,2023-04-01 06:30:00.000 +0200,2,EXPLOSIVE,SLAB,1,DRY,NW,66,46.792701,8.40304,1,ENG,ENG,5.0,3.8,6.1,3.4,2.7,61.2,5.3,-2.0,890.1,,1008.1,,1411.6,8.7,41.0,2.3,8.3,31.3,8.3,29.9,0.0,,0.0,0.0,7.0,315.0,,,,0.0,0.045,753.0325317382812,-2151.45263671875,-107.33642578125,2154.1284911405714,92.8561304264642
1b05e8ea-984f-445d-8163-f5d970cfecf8,8.387973 46.785269,2023-04-14 07:00:00+02:00,4,EXPLOSIVE,SLAB,1,WET,NW,130,46.785269,8.387973,0,TIT,TIT,-13.4,-13.7,-13.1,,,99.4,2.2,-13.5,684.7,,1002.8,2929.1,,9.3,318.0,3.0,10.8,33.5,8.9,32.0,,,,,121.0,,,,,,0.023,744.79541015625,581.06689453125,-1019.64111328125,1173.5871232310014,209.67768820011696
2ed09558-7716-4dda-935c-3c151ebe5b3b,8.238855 46.748629,2023-04-21 08:30:00+02:00,4,EXPLOSIVE,SLAB,1,DRY,NW,78,46.748629,8.238855,0,MER,MER,6.7,5.8,7.2,14.4,13.3,80.9,8.0,3.6,943.0,1012.6,1011.7,,,2.5,90.0,0.8,2.9,9.0,2.5,9.0,0.0,,0.0,,541.0,,,,95.0,60.0,0.226,667.5252075195312,594.90966796875,-803.43017578125,999.7087377824496,216.51854871929072
b210fde3-14f2-42fc-8dc3-c8d01a9cf57a,8.425206 46.770128,2023-05-19 09:00:00+02:00,3,EXPLOSIVE,SLAB,2,DRY,S,169,46.770128,8.425206,0,TIT,TIT,-2.6,-2.9,-2.2,,,86.6,4.4,-4.5,697.8,,1020.6,3072.4,,12.1,134.0,8.6,31.0,43.6,11.7,42.1,,,,,638.0,,,,,,0.157,761.9268798828125,601.06201171875,-1339.892578125,1468.5324861390877,204.16051306819816
8500f990-d7a6-11ed-a8d1-4961cd70d9e1,8.209308 46.504515,2023-04-09 12:00:00+02:00,7,NATURAL,SLAB,4,WET,S,246,46.504515,8.209308,0,ULR,ULR,9.9,9.4,10.4,16.3,15.1,25.9,3.2,-8.8,867.1,,1019.6,,1513.0,6.4,57.0,2.5,9.0,23.0,6.3,22.7,,,0.0,0.0,904.0,232.0,,,89.0,60.0,0.471,685.5072631835938,-1156.201171875,134.2529296875,1163.9695008782662,83.37672982311005
c8955470-dce3-11ed-bcd6-6b951ea9af39,8.419791 46.782658,2023-04-20 12:00:00+02:00,7,EXPLOSIVE,SLAB,2,DRY,N,228,46.782658,8.419791,0,TIT,TIT,-6.8,-7.0,-6.5,,,97.6,3.6,-7.1,687.9,,1007.1,2960.9,,4.9,191.0,1.8,6.5,17.6,4.7,16.9,,,,,428.0,,,,,,0.131,760.7146606445312,3990.0146484375,1105.0048828125,4140.199594921155,285.47967510578906
8d0101b0-de65-11ed-ad4d-6fea2397c693,7.846102 46.562407,2023-04-22 12:00:00+02:00,7,NATURAL,FULL_DEPTH,2,WET,S,113,46.562407,7.846102,0,INT,INT,13.3,12.9,13.6,13.2,12.7,57.2,8.7,5.0,944.7,1011.6,1012.4,,,7.7,305.0,3.4,12.2,27.7,7.2,25.9,0.0,,0.0,,123.0,,,,121.0,0.0,0.137,668.0802612304688,2308.99658203125,-617.98095703125,2390.2647717533837,255.01650424577497
233c98fe-a27b-4c5e-992f-1bc9cdd0362a,8.422835 46.779803,2023-04-26 07:00:00+02:00,3,EXPLOSIVE,SLAB,2,DRY,N,144,46.779803,8.422835,0,TIT,TIT,-9.2,-9.2,-9.1,,,23.4,0.7,-26.4,692.4,,1013.2,3013.0,,14.7,275.0,9.8,35.3,52.9,14.4,51.8,,,,,381.0,,,,,,0.118,761.37451171875,-2.08740234375,-1899.31640625,1899.3175533067028,179.93703034634154
2ed09558-7716-4dda-935c-3c151ebe5b3b,8.238855 46.748629,2023-04-17 08:30:00.000 +0200,4,EXPLOSIVE,SLAB,1,DRY,NW,76,46.748629,8.238855,1,MER,MER,7.9,6.8,8.9,14.6,8.4,77.8,8.3,4.2,950.5,1020.4,1019.7,,,2.7,143.0,0.8,2.9,9.7,2.6,9.4,0.0,,0.0,,555.0,,,,220.0,48.0,0.241,667.5252075195312,594.90966796875,-803.43017578125,999.7087377824496,216.51854871929072
8339db4e-32c5-49bd-ae04-41feeaf45eaa,8.420784 46.781168,2023-04-15 07:00:00+02:00,3,EXPLOSIVE,SLAB,2,DRY,N,198,46.781168,8.420784,0,TIT,TIT,-9.0,-9.1,-8.8,,,97.9,3.0,-9.3,685.0,,1003.1,2929.2,,13.6,300.0,9.7,34.9,49.0,13.3,47.9,,,,,147.0,,,,,,0.023,759.7236328125,302.23388671875,504.82177734375,588.379426188259,329.0912861493857
a9add040-dd0c-11ed-8f1e-7bb69ddca4ec,8.245886 46.75731,2023-04-17 12:15:00+02:00,0,NATURAL,FULL_DEPTH,2,WET,S,39,46.75731,8.245886,0,MER,MER,11.6,11.2,11.9,19.5,18.3,60.7,8.3,4.2,949.4,1018.2,1018.5,,,8.4,327.0,3.8,13.7,30.2,8.1,29.2,0.0,,0.0,,848.0,,,,368.0,39.0,0.412,672.0734252929688,1789.013671875,-676.42822265625,1912.622560402748,249.28833442851726
26ffd848-b17b-4d9b-a93a-0d9106053d47,8.073009 46.53608,2023-05-22 12:00:00.000 +0200,7,PERSON,SLAB,3,DRY,,208,46.53608,8.073009,1,JUN,JUN,-1.9,-2.7,-0.9,,,77.6,4.2,-5.3,659.8,,1025.4,3101.8,,2.2,146.0,0.8,2.9,7.9,2.2,7.9,,,,,815.0,274.0,,,,8.0,0.335,618.4442138671875,74.37744140625,198.8525390625,212.30717388195632,339.4925369814307
74d69404-e345-4837-afea-4a4f976882c4,8.416507 46.785698,2023-04-17 08:00:00+02:00,4,EXPLOSIVE,SLAB,2,DRY,NW,144,46.785698,8.416507,0,TIT,TIT,-9.6,-9.7,-9.4,,,91.6,2.7,-10.7,694.0,,1015.4,3030.7,,16.1,31.0,6.3,22.7,58.0,15.2,54.7,,,,,296.0,,,,,,0.057,759.0537109375,512.29248046875,-429.1259765625,668.2759080690729,230.04850034138033
8339db4e-32c5-49bd-ae04-41feeaf45eaa,8.420784 46.781168,2023-04-14 07:00:00+02:00,3,EXPLOSIVE,SLAB,2,DRY,N,214,46.781168,8.420784,0,TIT,TIT,-13.4,-13.7,-13.1,,,99.4,2.2,-13.5,684.7,,1002.8,2929.1,,9.3,318.0,3.0,10.8,33.5,8.9,32.0,,,,,121.0,,,,,,0.023,759.7236328125,302.23388671875,504.82177734375,588.379426188259,329.0912861493857
c2674210-608f-480e-8889-772ed922cf40,8.384094 46.779592,2023-04-05 07:00:00+02:00,4,EXPLOSIVE,SLAB,2,DRY,NE,87,46.779592,8.384094,0,TIT,TIT,-14.1,-14.2,-14.0,,,28.1,0.6,-28.6,689.6,,1009.4,2984.0,,7.6,6.0,2.7,9.7,27.4,7.1,25.6,,,,,253.0,,,,,,0.059,739.6619873046875,617.54150390625,1249.8046875,1394.047799016865,333.7055433096777
40432ba0-e72a-11ed-8f49-75cb9dad9a7e,7.996764 46.557888,2023-05-01 12:00:00+02:00,7,NATURAL,SLAB,3,DRY,S,328,46.557888,7.996764,0,JUN,JUN,-6.3,-6.6,-6.0,,,94.6,3.6,-7.0,653.7,,1016.8,3036.8,,2.9,175.0,1.2,4.3,10.4,2.8,10.1,,,,,737.0,282.0,,,,0.0,0.244,636.23876953125,-1407.12890625,701.5869140625,1572.3345562532368,63.499402519328505
71d13516-3cdb-4e54-a1af-c88570197f00,8.424437 46.779206,2023-04-18 06:30:00+02:00,5,EXPLOSIVE,SLAB,1,DRY,N,274,46.779206,8.424437,0,TIT,TIT,-7.8,-7.9,-7.6,,,78.7,2.7,-10.9,693.5,,1014.7,3025.2,,6.6,217.0,4.4,15.8,23.8,6.4,23.0,,,,,44.0,,,,,,0.026,763.7742309570312,647.42431640625,-475.48828125,803.2728995056283,233.70529779875366
35750744-ea24-4b2e-81ea-9ce6b475ccb9,8.42211 46.780566,2023-04-15 06:30:00+02:00,5,EXPLOSIVE,SLAB,2,DRY,N,215,46.780566,8.42211,0,TIT,TIT,-9.1,-9.2,-8.9,,,98.6,3.0,-9.3,684.9,,1003.0,2928.0,,13.9,300.0,9.9,35.6,50.0,13.8,49.7,,,,,45.0,,,,,,0.008,761.1071166992188,1203.8818359375,-1454.69970703125,1888.2485833536457,219.61051112267845
f4bf91bd-2855-4c53-b901-3cb18add524d,8.420301 46.78111,2023-04-20 08:00:00+02:00,4,EXPLOSIVE,SLAB,2,DRY,N,128,46.78111,8.420301,0,TIT,TIT,-7.8,-7.9,-7.7,,,84.8,2.9,-9.9,688.3,,1007.7,2966.8,,9.3,229.0,5.7,20.5,33.5,9.1,32.8,,,,,444.0,,,,,,0.096,759.58349609375,874.072265625,-621.826171875,1072.6929260340712,234.57146728890586
5f7c51f6-7065-4c64-860a-51df7287e4b5,8.42359 46.779392,2023-05-17 07:00:00.000 +0200,4,EXPLOSIVE,SLAB,2,DRY,N,102,46.779392,8.42359,1,TIT,TIT,-7.2,-7.3,-7.0,,,93.9,3.3,-8.0,694.2,,1015.8,3033.2,,23.4,50.0,12.0,43.2,84.2,21.1,76.0,,,,,147.0,,,,,,0.03,763.22314453125,604.35791015625,-1931.72607421875,2024.0588206336824,197.3727625092364
2f93ceb4-a841-42da-a6c1-1933628dbb83,8.385941 46.778747,2023-04-02 07:00:00+02:00,4,EXPLOSIVE,SLAB,2,DRY,NE,84,46.778747,8.385941,0,TIT,TIT,-11.8,-11.9,-11.7,,,95.3,2.4,-12.4,688.8,,1008.4,2974.4,,8.9,313.0,5.2,18.7,32.0,8.8,31.7,,,,,127.0,,,,,,0.022,738.159423828125,-807.4951171875,-2791.95556640625,2906.383362371265,163.86896488795355
b2ae7f83-144e-4307-bbca-2bcde419c704,8.384786 46.783437,2023-04-20 08:30:00+02:00,4,EXPLOSIVE,LOOSE_SNOW,1,DRY,N,76,46.783437,8.384786,0,TIT,TIT,-7.8,-7.9,-7.7,,,84.8,2.9,-9.9,688.3,,1007.7,2966.8,,9.3,229.0,5.7,20.5,33.5,9.1,32.8,,,,,444.0,,,,,,0.096,742.1997680664062,-14.2822265625,283.0078125,283.3679656058845,2.8890286260990763
ad1f7e7f-180e-4f38-9562-d610574cd4c5,8.239483 46.749076,2023-04-01 06:30:00.000 +0200,2,EXPLOSIVE,SLAB,1,DRY,N,63,46.749076,8.239483,1,MER,MER,5.3,5.1,5.6,4.1,3.9,86.6,7.7,3.3,940.6,1010.5,1009.2,,,2.3,90.0,0.9,3.2,8.3,2.2,7.9,0.0,,0.0,,13.0,,,,10.0,0.0,0.016,668.8071899414062,636.328125,-222.91259765625,674.2429153204895,250.69409250408142
2a2d7868-aa56-44d4-b082-8c267cccfbe3,8.388637 46.786311,2023-04-14 07:30:00+02:00,2,EXPLOSIVE,LOOSE_SNOW,1,DRY,NW,137,46.786311,8.388637,0,TIT,TIT,-13.4,-13.7,-13.1,,,99.4,2.2,-13.5,684.7,,1002.8,2929.1,,9.3,318.0,3.0,10.8,33.5,8.9,32.0,,,,,121.0,,,,,,0.023,745.34130859375,-705.322265625,-46.25244140625,706.8371712936591,93.75187474862615
9793e5e8-7a24-425c-8b33-04a387b5aa44,8.40304 46.792701,2023-04-01 06:30:00+02:00,2,EXPLOSIVE,SLAB,1,DRY,NW,66,46.792701,8.40304,0,ENG,ENG,5.0,3.8,6.1,3.4,2.7,61.2,5.3,-2.0,890.1,,1008.1,,1411.6,8.7,41.0,2.3,8.3,31.3,8.3,29.9,0.0,,0.0,0.0,7.0,315.0,,,,0.0,0.045,753.0325317382812,-2151.45263671875,-107.33642578125,2154.1284911405714,92.8561304264642
146fb98c-e881-4676-9e59-446d1d57d1c2,8.034003 46.784284,2023-04-21 10:30:00+02:00,4,EXPLOSIVE,SLAB,2,DRY,S,28,46.784284,8.034003,0,BRZ,BRZ,,,,,,,,,944.6,,1010.9,,,4.7,261.0,2.6,9.4,16.9,4.5,16.2,,,0.0,,,,,,,,,622.0633544921875,-860.11962890625,-1528.30810546875,1753.7193165587546,150.6295373945058
110f1420-d9f1-11ed-8014-25b7abf6ec82,8.252181 46.759933,2023-04-13 02:00:00+02:00,4,NATURAL,FULL_DEPTH,2,WET,S,54,46.759933,8.252181,0,MER,MER,4.8,4.7,5.0,3.9,3.8,89.5,7.7,3.2,939.9,1009.8,1008.5,,,1.7,45.0,0.7,2.5,6.1,1.7,6.1,0.0,,0.5,,0.0,,,,1.0,0.0,-0.004,676.0153198242188,-296.19140625,-636.767578125,702.2836305137196,155.05458271526572
27d50482-68af-45c1-b95c-82786dd48176,7.97274 46.575625,2023-04-03 08:00:00+02:00,3,EXPLOSIVE,LOOSE_SNOW,1,DRY,N,68,46.575625,7.97274,0,JUN,JUN,-13.4,-13.9,-13.0,,,44.8,1.0,-23.0,650.9,,1012.8,3018.0,,13.2,349.0,5.9,21.2,47.5,12.6,45.4,,,,,476.0,137.0,,,,60.0,0.095,645.8840942382812,95.47119140625,1123.35205078125,1127.4016934451397,355.1422324947262
1b05e8ea-984f-445d-8163-f5d970cfecf8,8.387973 46.785269,2023-04-16 07:00:00+02:00,4,EXPLOSIVE,SLAB,1,WET,NW,132,46.785269,8.387973,0,TIT,TIT,-9.6,-9.8,-9.5,,,97.1,2.9,-10.0,692.5,,1013.4,3014.3,,8.1,12.0,2.5,9.0,29.2,7.6,27.4,,,,,150.0,,,,,,0.035,744.79541015625,581.06689453125,-1019.64111328125,1173.5871232310014,209.67768820011696
4b5d9a70-d15e-11ed-94cc-21edfa2a74e3,8.233716 46.754659,2023-04-06 15:30:00+02:00,1,NATURAL,FULL_DEPTH,2,WET,S,15,46.754659,8.233716,0,MER,MER,11.2,10.9,11.4,12.2,11.4,35.6,4.7,-3.5,948.6,1017.4,1017.7,,,9.1,285.0,5.3,19.1,32.8,8.8,31.7,0.0,,0.0,,297.0,,,,276.0,0.0,0.24,664.812255859375,-231.48193359375,-347.8271484375,417.81288966529496,146.35589611458641
ce082ed0-ea41-11ed-9704-3747ffc8acfd,7.997493 46.55824,2023-05-03 12:00:00.000 +0200,7,PERSON,SLAB,3,DRY,S,346,46.55824,7.997493,1,JUN,JUN,-2.9,-3.9,-2.2,,,31.6,1.5,-17.7,660.3,,1026.2,3109.8,,10.1,23.0,3.9,14.0,36.4,9.6,34.6,,,,,1046.0,185.0,,,,60.0,0.365,634.9352416992188,192.15087890625,1593.896484375,1605.4370006846825,353.12592737705734
18414158-6d92-4cd1-ab90-28699222ae16,8.421236 46.785109,2023-05-05 16:30:00+02:00,2,EXPLOSIVE,SLAB,2,DRY,NW,99,46.785109,8.421236,0,TIT,TIT,0.7,0.4,0.9,,,96.4,6.2,0.2,701.2,,1025.2,3111.4,,6.2,227.0,3.5,12.6,22.3,6.0,21.6,,,,,235.0,,,,,,0.086,763.1668701171875,-1156.4208984375,-2850.40283203125,3076.0535754753632,157.91739022172194
37f6f440-e68a-11ed-9633-279e930b62b5,7.970158 46.5442,2023-05-01 12:00:00+02:00,7,NATURAL,SLAB,2,DRY,SE,273,46.5442,7.970158,0,JUN,JUN,-6.3,-6.6,-6.0,,,94.6,3.6,-7.0,653.7,,1016.8,3036.8,,2.9,175.0,1.2,4.3,10.4,2.8,10.1,,,,,737.0,282.0,,,,0.0,0.244,659.6864624023438,-1524.90234375,127.6611328125,1530.236753840795,85.21449516841656
1b05e8ea-984f-445d-8163-f5d970cfecf8,8.387973 46.785269,2023-04-12 07:00:00.000 +0200,4,EXPLOSIVE,SLAB,1,WET,NW,67,46.785269,8.387973,1,TIT,TIT,-4.6,-4.7,-4.5,,,99.0,4.3,-4.8,690.1,,1010.2,2985.8,,25.3,268.0,12.0,43.2,91.1,24.2,87.1,,,,,99.0,,,,,,0.019,744.79541015625,581.06689453125,-1019.64111328125,1173.5871232310014,209.67768820011696
da27b6a6-0240-478c-9ff6-ab83983e37eb,8.426516 46.77779,2023-05-02 07:30:00+02:00,2,EXPLOSIVE,SLAB,2,DRY,NE,187,46.77779,8.426516,0,TIT,TIT,-6.7,-6.9,-6.5,,,97.5,3.6,-7.1,697.0,,1019.6,3064.7,,10.9,23.0,7.1,25.6,39.2,10.7,38.5,,,,,152.0,,,,,,0.033,762.9927978515625,-111.181640625,-1086.21826171875,1091.8935247098818,174.15575022355583
a94851d0-e58a-11ed-94a2-bf37c1703856,7.5461 46.68465,2023-04-26 12:00:00.000 +0200,7,NATURAL,SLAB,2,UNKNOWN,SW,28,46.68465,7.5461,1,THU,THU,12.5,12.0,13.0,,,55.4,8.0,3.8,949.5,1015.9,1016.4,,,5.9,348.0,2.1,7.6,21.2,5.7,20.5,,,0.0,,579.0,,,,,23.0,0.322,562.5616455078125,982.06787109375,-1802.197265625,2052.40646258504,208.5872063112933
8b5b35b0-dd0c-11ed-8f1e-7bb69ddca4ec,8.229566 46.753026,2023-04-20 12:30:00+02:00,0,NATURAL,FULL_DEPTH,2,WET,SE,19,46.753026,8.229566,0,MER,MER,6.3,6.2,6.4,8.0,7.3,86.6,8.3,4.3,941.8,1011.4,1010.5,,,3.1,291.0,1.2,4.3,11.2,3.1,11.2,0.0,,0.8,,139.0,,,,127.0,0.0,0.078,664.6078491210938,795.849609375,1236.4013671875,1470.3961852254172,327.23133541761433
d1dc6b80-4759-4599-8761-9b826a9ee094,8.401311 46.769587,2023-04-13 00:00:00.000 +0200,6,NATURAL,SLAB,3,DRY,NW,196,46.769587,8.401311,1,TIT,TIT,-10.0,-10.3,-9.6,,,98.5,2.8,-10.2,685.5,,1003.9,2936.3,,16.3,265.0,7.5,27.0,58.7,16.1,58.0,,,,,0.0,,,,,,-0.001,747.0386352539062,-160.400390625,-956.9091796875,970.2594825524029,170.48434964326998
673e5d3c-9736-4824-ac24-c511ffd507c4,8.418437 46.784875,2023-04-18 08:00:00+02:00,4,EXPLOSIVE,SLAB,1,DRY,NW,143,46.784875,8.418437,0,TIT,TIT,-6.1,-7.1,-5.1,,,76.1,3.0,-9.7,694.1,,1015.6,3031.7,,4.1,233.0,1.3,4.7,14.8,3.9,14.0,,,,,514.0,,,,,,0.154,761.7616577148438,-112.939453125,-2126.18408203125,2129.181549505641,176.9593986356536
1b05e8ea-984f-445d-8163-f5d970cfecf8,8.387973 46.785269,2023-04-15 07:00:00+02:00,4,EXPLOSIVE,SLAB,1,WET,NW,110,46.785269,8.387973,0,TIT,TIT,-9.0,-9.1,-8.8,,,97.9,3.0,-9.3,685.0,,1003.1,2929.2,,13.6,300.0,9.7,34.9,49.0,13.3,47.9,,,,,147.0,,,,,,0.023,744.79541015625,581.06689453125,-1019.64111328125,1173.5871232310014,209.67768820011696
9b1e09ce-808a-44b8-8176-c69307d3a01b,8.390545 46.780329,2023-04-16 08:30:00+02:00,4,EXPLOSIVE,LOOSE_SNOW,1,DRY,NW,141,46.780329,8.390545,0,TIT,TIT,-9.5,-9.6,-9.3,,,94.1,2.8,-10.3,692.7,,1013.7,3017.0,,7.6,16.0,3.6,13.0,27.4,7.1,25.6,,,,,249.0,,,,,,0.057,743.1220092773438,116.2353515625,-934.38720703125,941.5891405578752,187.0910193202708
37f6f440-e68a-11ed-9633-279e930b62b5,7.970158 46.5442,2023-04-29 12:00:00+02:00,7,NATURAL,SLAB,2,DRY,SE,265,46.5442,7.970158,0,JUN,JUN,-5.4,-5.5,-5.3,,,87.5,3.6,-7.1,657.1,,1021.7,3076.0,,7.0,314.0,4.4,15.8,25.2,6.5,23.4,,,,,974.0,244.0,,,,36.0,0.263,659.6864624023438,-1524.90234375,127.6611328125,1530.236753840795,85.21449516841656
ae543637-3b77-4592-997d-c9f3fc4c3078,8.424992 46.778957,2023-04-28 07:30:00+02:00,2,EXPLOSIVE,SLAB,2,DRY,N,196,46.778957,8.424992,0,TIT,TIT,-1.2,-1.4,-0.7,,,99.9,5.6,-1.2,698.5,,1021.5,3080.9,,23.3,274.0,11.7,42.1,83.9,22.6,81.4,,,,,112.0,,,,,,0.025,763.2218017578125,1885.0341796875,538.87939453125,1960.5470819239442,285.9537753137972
35750744-ea24-4b2e-81ea-9ce6b475ccb9,8.42211 46.780566,2023-04-14 06:30:00.000 +0200,5,EXPLOSIVE,SLAB,2,DRY,N,230,46.780566,8.42211,1,TIT,TIT,-13.5,-13.9,-13.1,,,100.0,2.2,-13.5,684.5,,1002.4,2926.6,,9.8,323.0,2.1,7.6,35.3,9.6,34.6,,,,,25.0,,,,,,0.008,761.1071166992188,1203.8818359375,-1454.69970703125,1888.2485833536457,219.61051112267845
ad1f7e7f-180e-4f38-9562-d610574cd4c5,8.239483 46.749076,2023-04-05 06:30:00+02:00,2,EXPLOSIVE,SLAB,1,DRY,N,57,46.749076,8.239483,0,MER,MER,-1.2,-1.7,-0.6,-6.0,-7.1,84.3,4.7,-3.5,949.4,1021.7,1018.5,,,2.2,117.0,0.6,2.2,7.9,2.1,7.6,0.0,,0.0,,21.0,,,,14.0,0.0,0.013,668.8071899414062,636.328125,-222.91259765625,674.2429153204895,250.69409250408142
c7cfde41-7339-4d2c-afdf-9006721cfe7f,8.419526 46.781209,2023-04-02 07:00:00+02:00,4,EXPLOSIVE,SLAB,2,DRY,NW,86,46.781209,8.419526,0,TIT,TIT,-11.8,-11.9,-11.7,,,95.3,2.4,-12.4,688.8,,1008.4,2974.4,,8.9,313.0,5.2,18.7,32.0,8.8,31.7,,,,,127.0,,,,,,0.022,758.5951538085938,1165.31982421875,-2994.6533203125,3213.3967700201447,201.26267682707908
acaee50d-c93e-4865-b666-dcf8ca1d9f21,8.226812 46.595085,2023-04-25 12:00:00+02:00,7,PERSON,SLAB,1,DRY,NW,202,46.595085,8.226812,0,GRH,GRH,-2.5,-2.8,-2.0,,,93.0,4.7,-3.5,797.8,,1012.0,,1454.5,9.6,346.0,4.8,17.3,34.6,9.2,33.1,,,2.7,188.0,441.0,299.0,,,,0.0,0.122,675.0115356445312,1040.95458984375,708.3984375,1259.1325602847428,304.23637214155286
3c08ef45-da0c-4efd-bbb0-523da6d751f9,8.422511 46.78003,2023-04-26 07:30:00+02:00,2,EXPLOSIVE,SLAB,2,DRY,N,131,46.78003,8.422511,0,TIT,TIT,-9.2,-9.2,-9.1,,,23.4,0.7,-26.4,692.4,,1013.2,3013.0,,14.7,275.0,9.8,35.3,52.9,14.4,51.8,,,,,381.0,,,,,,0.118,760.8434448242188,714.55078125,-1498.095703125,1659.7811767539038,205.4998686787384
1a787419-5802-4808-a192-fbe672afe523,8.389757 46.787324,2023-04-19 08:30:00+02:00,4,EXPLOSIVE,LOOSE_SNOW,2,DRY,N,86,46.787324,8.389757,0,TIT,TIT,-6.5,-6.7,-6.4,,,78.4,3.0,-9.7,696.0,,1018.1,3052.4,,9.7,308.0,7.0,25.2,34.9,9.4,33.8,,,,,545.0,,,,,,0.12,746.5532836914062,2276.91650390625,-1173.01025390625,2561.308615050101,242.74361235020513
bdf4c097-2315-413e-a320-168acfd62b21,8.380633 46.782526,2023-04-14 08:00:00+02:00,4,EXPLOSIVE,SLAB,3,DRY,N,140,46.782526,8.380633,0,TIT,TIT,-13.4,-13.6,-13.2,,,100.0,2.2,-13.4,684.7,,1002.8,2929.3,,8.5,327.0,2.1,7.6,30.6,8.3,29.9,,,,,263.0,,,,,,0.052,740.0928344726562,302.5634765625,-2310.53466796875,2330.2607384657726,187.46040669647476
673e5d3c-9736-4824-ac24-c511ffd507c4,8.418437 46.784875,2023-04-17 08:00:00+02:00,4,EXPLOSIVE,SLAB,1,DRY,NW,154,46.784875,8.418437,0,TIT,TIT,-9.6,-9.7,-9.4,,,91.6,2.7,-10.7,694.0,,1015.4,3030.7,,16.1,31.0,6.3,22.7,58.0,15.2,54.7,,,,,296.0,,,,,,0.057,761.7616577148438,-112.939453125,-2126.18408203125,2129.181549505641,176.9593986356536
9312b9e3-9422-40e1-8539-92240b8f9de8,8.390152 46.787449,2023-04-17 07:30:00+02:00,2,EXPLOSIVE,LOOSE_SNOW,1,DRY,N,108,46.787449,8.390152,0,TIT,TIT,-9.4,-9.6,-9.3,,,95.6,2.9,-10.0,694.0,,1015.4,3030.7,,12.7,29.0,5.5,19.8,45.7,11.9,42.8,,,,,131.0,,,,,,0.028,747.4361572265625,-1821.86279296875,1637.07275390625,2449.324649364818,48.05806036606041
bdf4c097-2315-413e-a320-168acfd62b21,8.380633 46.782526,2023-04-13 08:00:00+02:00,4,EXPLOSIVE,SLAB,3,DRY,N,100,46.782526,8.380633,0,TIT,TIT,-13.9,-14.2,-13.6,,,99.5,2.1,-14.0,683.4,,1001.0,2915.3,,10.1,299.0,5.4,19.4,36.4,9.8,35.3,,,,,212.0,,,,,,0.032,740.0928344726562,302.5634765625,-2310.53466796875,2330.2607384657726,187.46040669647476
71d13516-3cdb-4e54-a1af-c88570197f00,8.424437 46.779206,2023-04-16 06:30:00+02:00,5,EXPLOSIVE,SLAB,1,DRY,N,303,46.779206,8.424437,0,TIT,TIT,-9.8,-9.9,-9.7,,,93.4,2.7,-10.7,692.3,,1013.1,3011.9,,10.6,343.0,2.7,9.7,38.2,10.1,36.4,,,,,29.0,,,,,,0.013,763.7742309570312,647.42431640625,-475.48828125,803.2728995056283,233.70529779875366
1bb8250c-f575-4cb3-84c9-194ae951bc8a,7.944832 46.554569,2023-05-02 12:00:00+02:00,7,NATURAL,UNKNOWN,4,WET,,139,46.554569,7.944832,0,JUN,JUN,-8.5,-9.3,-7.8,,,67.9,2.2,-13.6,656.8,,1021.3,3078.7,,10.8,317.0,5.5,19.8,38.9,10.1,36.4,,,,,1061.0,187.0,,,,49.0,0.243,667.8281860351562,-387.158203125,1338.7939453125,1393.6501362438091,16.129039568052534
11290122-2f71-4b65-840e-5b583a64fdd5,8.389124 46.787453,2023-04-14 07:00:00+02:00,4,EXPLOSIVE,SLAB,2,WET,N,122,46.787453,8.389124,0,ENG,ENG,0.4,0.0,0.9,0.0,-0.3,90.5,5.7,-1.0,891.8,,1010.0,,1420.7,4.5,261.0,1.2,4.3,16.2,4.4,15.8,0.0,,0.1,8.0,75.0,298.0,,,,0.0,0.035,745.9564208984375,-514.3798828125,395.7275390625,648.9891748054537,52.42785973224594
8d0101b0-de65-11ed-ad4d-6fea2397c693,7.846102 46.562407,2023-04-18 12:00:00+02:00,7,NATURAL,FULL_DEPTH,2,WET,S,120,46.562407,7.846102,0,INT,INT,13.4,13.2,13.7,26.5,25.8,55.5,8.5,4.7,948.9,1016.0,1016.8,,,6.5,306.0,2.9,10.4,23.4,6.2,22.3,0.0,,0.0,,909.0,,,,150.0,60.0,0.48,668.0802612304688,2308.99658203125,-617.98095703125,2390.2647717533837,255.01650424577497
b0c20dd8-9d72-42fd-9908-df362afd7f3d,8.425333 46.779051,2023-05-20 07:00:00+02:00,4,EXPLOSIVE,SLAB,2,DRY,N,144,46.779051,8.425333,0,TIT,TIT,-1.4,-2.0,-0.5,,,83.7,4.6,-3.8,696.2,,1018.4,3054.6,,16.0,139.0,11.3,40.7,57.6,15.4,55.4,,,,,346.0,,,,,,0.092,763.8226928710938,4434.85107421875,754.541015625,4498.581575870288,279.6557841562619
9312b9e3-9422-40e1-8539-92240b8f9de8,8.390152 46.787449,2023-04-14 07:30:00+02:00,2,EXPLOSIVE,LOOSE_SNOW,1,DRY,N,134,46.787449,8.390152,0,TIT,TIT,-13.4,-13.7,-13.1,,,99.4,2.2,-13.5,684.7,,1002.8,2929.1,,9.3,318.0,3.0,10.8,33.5,8.9,32.0,,,,,121.0,,,,,,0.023,747.4361572265625,-1821.86279296875,1637.07275390625,2449.324649364818,48.05806036606041
c2674210-608f-480e-8889-772ed922cf40,8.384094 46.779592,2023-04-01 07:00:00+02:00,4,EXPLOSIVE,SLAB,2,DRY,NE,92,46.779592,8.384094,0,TIT,TIT,-10.8,-10.8,-10.6,,,97.0,2.6,-11.1,686.0,,1004.5,2941.7,,25.3,286.0,14.5,52.2,91.1,24.5,88.2,,,,,91.0,,,,,,0.013,739.6619873046875,617.54150390625,1249.8046875,1394.047799016865,333.7055433096777
a4ad0c82-16f6-4de1-af92-ac146cabf042,8.423474 46.779387,2023-05-05 07:30:00+02:00,4,EXPLOSIVE,SLAB,2,DRY,N,115,46.779387,8.423474,0,TIT,TIT,-0.1,-0.6,0.6,,,68.5,4.1,-5.3,701.9,,1026.2,3119.6,,4.1,183.0,2.3,8.3,14.8,4.0,14.4,,,,,397.0,,,,,,0.145,763.22314453125,604.35791015625,-1931.72607421875,2024.0588206336824,197.3727625092364
3c08ef45-da0c-4efd-bbb0-523da6d751f9,8.422511 46.78003,2023-04-29 07:30:00+02:00,2,EXPLOSIVE,SLAB,2,DRY,N,115,46.78003,8.422511,0,TIT,TIT,-2.8,-3.0,-2.6,,,99.3,4.9,-2.9,697.5,,1020.2,3069.6,,7.7,346.0,2.3,8.3,27.7,7.4,26.6,,,,,143.0,,,,,,0.049,760.8434448242188,714.55078125,-1498.095703125,1659.7811767539038,205.4998686787384
9b1e09ce-808a-44b8-8176-c69307d3a01b,8.390545 46.780329,2023-04-19 08:30:00+02:00,4,EXPLOSIVE,LOOSE_SNOW,1,DRY,NW,104,46.780329,8.390545,0,TIT,TIT,-6.5,-6.7,-6.4,,,78.4,3.0,-9.7,696.0,,1018.1,3052.4,,9.7,308.0,7.0,25.2,34.9,9.4,33.8,,,,,545.0,,,,,,0.12,743.1220092773438,116.2353515625,-934.38720703125,941.5891405578752,187.0910193202708
b463a2d6-9b9e-4b10-99b6-7308c06e3b30,8.423808 46.779796,2023-04-23 08:00:00+02:00,3,EXPLOSIVE,SLAB,1,DRY,N,225,46.779796,8.423808,0,TIT,TIT,-4.1,-4.3,-3.9,,,96.0,4.4,-4.6,692.6,,1013.4,3013.3,,9.1,155.0,6.9,24.8,32.8,8.9,32.0,,,,,395.0,,,,,,0.09,763.7023315429688,1030.95703125,-891.76025390625,1363.1246277324583,229.14075337416182
9f2be370-d7a6-11ed-a8d1-4961cd70d9e1,8.210814 46.503291,2023-04-08 12:00:00+02:00,7,NATURAL,SLAB,3,WET,S,137,46.503291,8.210814,0,ULR,ULR,7.4,6.9,7.6,13.0,11.7,41.0,4.2,-5.0,865.6,,1017.9,,1497.1,11.4,81.0,4.1,14.8,41.0,10.7,38.5,,,0.0,0.0,885.0,236.0,,,103.0,60.0,0.407,686.5875244140625,1112.9150390625,-722.4609375,1326.8495356990802,237.00994253482378
5dfb93d0-d046-11ed-b49c-43d9bede54f5,8.263448 46.782775,2023-04-02 05:45:00+02:00,0,EXPLOSIVE,SLAB,2,DRY,NW,56,46.782775,8.263448,0,GIH,GIH,1.6,1.2,2.2,,,99.3,6.8,1.5,958.4,1015.8,1013.9,,,2.0,256.0,0.6,2.2,7.2,2.0,7.2,0.0,,0.0,,12.0,,,,12.0,0.0,0.011,684.3196411132812,175.78125,-795.95947265625,815.1383501975466,192.45342407958165
9879b1f6-3d1c-4854-ae1b-1f0a970d5832,8.425218 46.770162,2023-05-17 09:30:00+02:00,2,EXPLOSIVE,SLAB,2,DRY,S,160,46.770162,8.425218,0,TIT,TIT,-6.9,-7.7,-6.2,,,85.1,3.1,-9.0,694.8,,1016.5,3039.5,,19.9,63.0,11.4,41.0,71.6,19.7,70.9,,,,,741.0,,,,,,0.128,762.6640625,1480.95703125,-900.0,1732.984053131711,238.7123167053758
b463a2d6-9b9e-4b10-99b6-7308c06e3b30,8.423808 46.779796,2023-04-21 08:00:00.000 +0200,3,EXPLOSIVE,SLAB,1,DRY,N,268,46.779796,8.423808,1,TIT,TIT,-6.8,-7.2,-6.6,,,84.2,3.1,-9.1,690.2,,1010.3,2987.9,,16.7,168.0,9.9,35.6,60.1,15.4,55.4,,,,,283.0,,,,,,0.064,763.7023315429688,1030.95703125,-891.76025390625,1363.1246277324583,229.14075337416182
1aca9480-d131-11ed-bb43-5ff35461761d,8.354817 46.766741,2023-04-02 12:00:00.000 +0200,10,NATURAL,SLAB,3,DRY,NW,77,46.766741,8.354817,1,TIT,TIT,-10.5,-10.6,-10.3,,,93.9,2.6,-11.3,691.2,,1011.6,3000.3,,4.0,317.0,1.8,6.5,14.4,3.8,13.7,,,,,713.0,,,,,,0.173,722.8215942382812,411.43798828125,-947.4609375,1032.939226813127,203.47305250621116
26ffd848-b17b-4d9b-a93a-0d9106053d47,8.073009 46.53608,2023-05-22 12:00:00+02:00,7,PERSON,SLAB,3,DRY,,208,46.53608,8.073009,0,JUN,JUN,-1.9,-2.7,-0.9,,,77.6,4.2,-5.3,659.8,,1025.4,3101.8,,2.2,146.0,0.8,2.9,7.9,2.2,7.9,,,,,815.0,274.0,,,,8.0,0.335,618.4442138671875,74.37744140625,198.8525390625,212.30717388195632,339.4925369814307
b0c20dd8-9d72-42fd-9908-df362afd7f3d,8.425333 46.779051,2023-05-18 07:00:00+02:00,4,EXPLOSIVE,SLAB,2,DRY,N,158,46.779051,8.425333,0,TIT,TIT,-2.3,-2.5,-2.0,,,76.5,4.0,-5.8,696.9,,1019.4,3062.9,,2.7,248.0,1.9,6.8,9.7,2.7,9.7,,,,,457.0,,,,,,0.152,763.8226928710938,4434.85107421875,754.541015625,4498.581575870288,279.6557841562619
bc76da5f-d990-4bb2-a099-1ab0703da0a4,8.422538 46.779775,2023-05-05 07:30:00+02:00,4,EXPLOSIVE,SLAB,2,DRY,N,94,46.779775,8.422538,0,TIT,TIT,-0.1,-0.6,0.6,,,68.5,4.1,-5.3,701.9,,1026.2,3119.6,,4.1,183.0,2.3,8.3,14.8,4.0,14.4,,,,,397.0,,,,,,0.145,760.8377075195312,-135.46142578125,-1545.99609375,1551.91936638633,174.99248631940367
10ab716e-5fe3-4dac-9343-2f5c3d5e2a92,8.244594 46.61198,2023-05-08 12:00:00+02:00,7,NATURAL,SLAB,4,WET,NW,109,46.61198,8.244594,0,GRH,GRH,5.6,5.0,6.1,,,94.1,8.6,4.7,807.9,,1024.3,,1543.6,5.0,4.0,2.7,9.7,18.0,4.9,17.6,,,0.0,118.0,547.0,337.0,,,,0.0,0.232,680.986328125,-652.8076171875,-236.75537109375,694.4140629334639,109.93431582636845
97c5682e-950b-4c24-8c69-651f6ff3d0c8,8.035288 46.786336,2023-04-22 10:30:00+02:00,4,EXPLOSIVE,SLAB,2,DRY,S,32,46.786336,8.035288,0,BRZ,BRZ,,,,,,,,,945.5,,1011.9,,,4.9,61.0,2.7,9.7,17.6,4.7,16.9,,,0.0,,,,,,,,,622.7722778320312,-650.93994140625,-661.376953125,927.9775220569088,135.4556705144938
48001904-f349-4f12-8b6b-34916e483022,8.424677 46.77918,2023-04-15 07:30:00+02:00,2,EXPLOSIVE,SLAB,2,DRY,N,280,46.77918,8.424677,0,TIT,TIT,-9.0,-9.1,-8.8,,,97.9,3.0,-9.3,685.0,,1003.1,2929.2,,13.6,300.0,9.7,34.9,49.0,13.3,47.9,,,,,147.0,,,,,,0.023,763.7684936523438,968.115234375,-818.37158203125,1267.6668147842681,229.7913426430641
f9b59268-33ad-4905-91cd-ccc9a1ae40a4,8.385942 46.778812,2023-04-14 08:30:00.000 +0200,2,EXPLOSIVE,LOOSE_SNOW,2,DRY,NE,139,46.778812,8.385942,1,TIT,TIT,-13.4,-13.6,-13.2,,,100.0,2.2,-13.4,684.7,,1002.8,2929.3,,8.5,327.0,2.1,7.6,30.6,8.3,29.9,,,,,263.0,,,,,,0.052,738.9261474609375,1856.9091796875,715.4296875,1989.9626477308693,291.07066856438576
9fe44fc7-c389-4ba2-9149-62bca569dc15,8.426432 46.777678,2023-05-18 07:00:00+02:00,4,EXPLOSIVE,SLAB,2,DRY,NE,140,46.777678,8.426432,0,TIT,TIT,-2.3,-2.5,-2.0,,,76.5,4.0,-5.8,696.9,,1019.4,3062.9,,2.7,248.0,1.9,6.8,9.7,2.7,9.7,,,,,457.0,,,,,,0.152,762.9927978515625,-111.181640625,-1086.21826171875,1091.8935247098818,174.15575022355583
5f7c51f6-7065-4c64-860a-51df7287e4b5,8.42359 46.779392,2023-05-18 07:00:00+02:00,4,EXPLOSIVE,SLAB,2,DRY,N,111,46.779392,8.42359,0,TIT,TIT,-2.3,-2.5,-2.0,,,76.5,4.0,-5.8,696.9,,1019.4,3062.9,,2.7,248.0,1.9,6.8,9.7,2.7,9.7,,,,,457.0,,,,,,0.152,763.22314453125,604.35791015625,-1931.72607421875,2024.0588206336824,197.3727625092364
729aca22-4176-463d-b386-a7be12b79b0f,8.424589 46.778965,2023-04-28 07:00:00+02:00,3,EXPLOSIVE,SLAB,2,DRY,N,186,46.778965,8.424589,0,TIT,TIT,-1.2,-1.4,-0.7,,,99.9,5.6,-1.2,698.5,,1021.5,3080.9,,23.3,274.0,11.7,42.1,83.9,22.6,81.4,,,,,112.0,,,,,,0.025,763.47265625,893.29833984375,435.05859375,993.6085265150091,295.96723836070544
35790a01-26e9-458d-9830-8b595ce08bc3,8.391669 46.779911,2023-04-16 16:00:00+02:00,5,PERSON,SLAB,3,DRY,NW,126,46.779911,8.391669,0,TIT,TIT,-9.4,-9.4,-9.3,,,96.3,2.9,-9.8,694.3,,1015.8,3034.3,,5.9,17.0,2.5,9.0,21.2,5.2,18.7,,,,,237.0,,,,,,0.057,743.1171875,488.671875,304.1015625,575.5675127480329,301.89409339107294
5192475d-5f0c-41d7-bde8-a82e5bea8b68,8.422294 46.780382,2023-04-16 08:00:00.000 +0200,4,EXPLOSIVE,SLAB,3,DRY,N,211,46.780382,8.422294,1,TIT,TIT,-9.5,-9.6,-9.3,,,94.1,2.8,-10.3,692.7,,1013.7,3017.0,,7.6,16.0,3.6,13.0,27.4,7.1,25.6,,,,,249.0,,,,,,0.057,760.693115234375,1238.48876953125,-1949.08447265625,2309.282294091548,212.43272500298517
9fe44fc7-c389-4ba2-9149-62bca569dc15,8.426432 46.777678,2023-05-19 07:00:00+02:00,4,EXPLOSIVE,SLAB,2,DRY,NE,137,46.777678,8.426432,0,TIT,TIT,-2.9,-3.2,-2.4,,,86.1,4.2,-4.9,697.8,,1020.6,3072.9,,10.4,165.0,6.6,23.8,37.4,10.0,36.0,,,,,261.0,,,,,,0.076,762.9927978515625,-111.181640625,-1086.21826171875,1091.8935247098818,174.15575022355583
931d9d63-4823-45cb-940f-26620aa25be9,8.425244 46.779006,2023-04-13 07:30:00+02:00,2,EXPLOSIVE,SLAB,2,DRY,N,199,46.779006,8.425244,0,TIT,TIT,-13.5,-13.7,-13.0,,,100.0,2.2,-13.5,683.5,,1001.1,2915.8,,10.2,306.0,5.7,20.5,36.7,9.9,35.6,,,,,127.0,,,,,,0.019,763.1732788085938,1680.46875,-810.24169921875,1865.6009302311816,244.2588574618955
1aca9480-d131-11ed-bb43-5ff35461761d,8.354817 46.766741,2023-04-02 12:00:00+02:00,10,NATURAL,SLAB,3,DRY,NW,77,46.766741,8.354817,0,TIT,TIT,-10.5,-10.6,-10.3,,,93.9,2.6,-11.3,691.2,,1011.6,3000.3,,4.0,317.0,1.8,6.5,14.4,3.8,13.7,,,,,713.0,,,,,,0.173,722.8215942382812,411.43798828125,-947.4609375,1032.939226813127,203.47305250621116
23b16de7-0279-40fb-918f-75ed3769abf5,8.426264 46.778244,2023-05-17 07:00:00+02:00,4,EXPLOSIVE,SLAB,2,DRY,NE,134,46.778244,8.426264,0,TIT,TIT,-7.2,-7.3,-7.0,,,93.9,3.3,-8.0,694.2,,1015.8,3033.2,,23.4,50.0,12.0,43.2,84.2,21.1,76.0,,,,,147.0,,,,,,0.03,763.5789794921875,960.205078125,-1153.45458984375,1500.8168718696666,219.77603552705924
146fb98c-e881-4676-9e59-446d1d57d1c2,8.034003 46.784284,2023-04-19 10:30:00+02:00,4,EXPLOSIVE,SLAB,2,DRY,S,25,46.784284,8.034003,0,BRZ,BRZ,,,,,,,,,952.0,,1018.7,,,4.7,258.0,2.9,10.4,16.9,4.6,16.6,,,0.0,,,,,,,,,622.0633544921875,-860.11962890625,-1528.30810546875,1753.7193165587546,150.6295373945058
c1bf9390-dd0b-11ed-8f1e-7bb69ddca4ec,8.237684 46.748368,2023-04-20 12:00:00+02:00,7,NATURAL,SLAB,2,DRY,NW,64,46.748368,8.237684,0,MER,MER,6.3,6.2,6.4,8.0,7.3,86.6,8.3,4.3,941.8,1011.4,1010.5,,,3.1,291.0,1.2,4.3,11.2,3.1,11.2,0.0,,0.8,,139.0,,,,127.0,0.0,0.078,667.4393920898438,265.2099609375,-1795.60546875,1815.085486357427,188.40181165468005
a8219770-e77f-11ed-991c-c3bbd7ca6c9a,7.788493 46.554381,2023-05-03 15:11:00+02:00,0,NATURAL,SLAB,3,WET,NW,110,46.554381,7.788493,0,FRU,FRU,17.7,17.6,17.9,,,53.4,10.8,8.1,,,,,,8.8,49.0,4.6,16.6,31.7,8.5,30.6,,,0.0,,664.0,313.0,,,74.0,60.0,,647.3303833007812,-2223.6328125,274.98779296875,2240.571617045187,82.95025220388905
850fbf08-4de4-4e22-97a7-6ee73d0c55e0,8.423568 46.779438,2023-04-27 07:30:00+02:00,2,EXPLOSIVE,SLAB,2,DRY,N,169,46.779438,8.423568,0,TIT,TIT,-7.2,-7.3,-7.1,,,89.9,3.2,-8.6,696.2,,1018.4,3055.0,,8.5,238.0,4.7,16.9,30.6,8.4,30.2,,,,,272.0,,,,,,0.062,763.22314453125,604.35791015625,-1931.72607421875,2024.0588206336824,197.3727625092364
ab2a9319-7f29-4629-a314-d5965080c33e,8.421443 46.780432,2023-05-03 07:30:00+02:00,4,EXPLOSIVE,SLAB,2,DRY,N,118,46.780432,8.421443,0,TIT,TIT,-1.2,-1.4,-1.0,,,12.9,0.7,-26.3,700.1,,1023.7,3098.4,,15.2,59.0,9.4,33.8,54.7,14.1,50.8,,,,,410.0,,,,,,0.202,760.1211547851562,676.9775390625,-425.830078125,799.7686189336653,237.82942760048624
50fbf8f0-dd0c-11ed-8f1e-7bb69ddca4ec,8.23687 46.747556,2023-04-19 12:00:00+02:00,5,NATURAL,SLAB,2,DRY,N,57,46.747556,8.23687,0,MER,MER,13.9,13.3,14.3,21.2,21.0,60.5,9.6,6.4,948.0,1016.1,1017.0,,,8.5,280.0,4.3,15.5,30.6,8.2,29.5,0.0,,0.0,,892.0,,,,138.0,60.0,0.463,666.6058349609375,-1043.9208984375,-1423.49853515625,1765.2532174695355,143.74558715192933
f4bbdd10-e717-11ed-acf0-f7b342f82229,7.841373 46.562945,2023-04-29 12:00:00+02:00,7,NATURAL,UNKNOWN,3,UNKNOWN,NW,148,46.562945,7.841373,0,INT,INT,16.4,15.4,17.3,24.7,21.8,70.7,13.2,11.1,948.7,1015.1,1016.6,,,2.5,243.0,0.8,2.9,9.0,2.3,8.3,0.0,,0.0,,638.0,,,,432.0,17.0,0.38,665.4730224609375,-145.78857421875,540.41748046875,559.7368681522844,15.097306660713329
1a787419-5802-4808-a192-fbe672afe523,8.389757 46.787324,2023-04-17 08:30:00+02:00,4,EXPLOSIVE,LOOSE_SNOW,2,DRY,N,109,46.787324,8.389757,0,TIT,TIT,-9.6,-9.7,-9.4,,,91.6,2.7,-10.7,694.0,,1015.4,3030.7,,16.1,31.0,6.3,22.7,58.0,15.2,54.7,,,,,296.0,,,,,,0.057,746.5532836914062,2276.91650390625,-1173.01025390625,2561.308615050101,242.74361235020513
68246170-d6db-11ed-8552-37fbec7ec321,8.370977 46.777677,2023-04-13 15:00:00+02:00,3,NATURAL,FULL_DEPTH,2,WET,S,28,46.777677,8.370977,0,TIT,TIT,-12.8,-13.0,-12.3,,,99.5,2.3,-12.9,683.2,,1000.7,2911.4,,8.9,347.0,2.5,9.0,32.0,8.4,30.2,,,,,325.0,,,,,,0.066,734.1911010742188,-529.1015625,-456.26220703125,698.6584752258922,130.7723117290622
71d13516-3cdb-4e54-a1af-c88570197f00,8.424437 46.779206,2023-04-14 06:30:00.000 +0200,5,EXPLOSIVE,SLAB,1,DRY,N,287,46.779206,8.424437,1,TIT,TIT,-13.5,-13.9,-13.1,,,100.0,2.2,-13.5,684.5,,1002.4,2926.6,,9.8,323.0,2.1,7.6,35.3,9.6,34.6,,,,,25.0,,,,,,0.008,763.7742309570312,647.42431640625,-475.48828125,803.2728995056283,233.70529779875366
5dfb93d0-d046-11ed-b49c-43d9bede54f5,8.263448 46.782775,2023-04-05 05:45:00+02:00,0,EXPLOSIVE,SLAB,2,DRY,NW,44,46.782775,8.263448,0,GIH,GIH,-2.4,-2.7,-2.0,,,99.3,5.1,-2.5,964.2,1022.9,1020.0,,,1.5,259.0,0.6,2.2,5.4,1.5,5.4,0.0,,0.0,,17.0,,,,14.0,0.0,0.01,684.3196411132812,175.78125,-795.95947265625,815.1383501975466,192.45342407958165
b0c20dd8-9d72-42fd-9908-df362afd7f3d,8.425333 46.779051,2023-05-17 07:00:00.000 +0200,4,EXPLOSIVE,SLAB,2,DRY,N,145,46.779051,8.425333,1,TIT,TIT,-7.2,-7.3,-7.0,,,93.9,3.3,-8.0,694.2,,1015.8,3033.2,,23.4,50.0,12.0,43.2,84.2,21.1,76.0,,,,,147.0,,,,,,0.03,763.8226928710938,4434.85107421875,754.541015625,4498.581575870288,279.6557841562619
27d50482-68af-45c1-b95c-82786dd48176,7.97274 46.575625,2023-04-02 08:00:00+02:00,3,EXPLOSIVE,LOOSE_SNOW,1,DRY,N,75,46.575625,7.97274,0,JUN,JUN,-15.1,-15.4,-14.9,,,77.9,1.5,-18.1,647.3,,1007.6,2979.0,,6.8,315.0,5.0,18.0,24.5,6.7,24.1,,,,,458.0,150.0,,,,60.0,0.07,645.8840942382812,95.47119140625,1123.35205078125,1127.4016934451397,355.1422324947262
110f1420-d9f1-11ed-8014-25b7abf6ec82,8.252181 46.759933,2023-04-17 02:00:00+02:00,4,NATURAL,FULL_DEPTH,2,WET,S,74,46.759933,8.252181,0,MER,MER,5.8,5.8,5.8,5.4,5.3,96.1,8.9,5.2,950.9,1021.4,1020.1,,,0.6,270.0,0.1,0.4,2.2,0.6,2.2,0.0,,0.6,,2.0,,,,1.0,0.0,-0.008,676.0153198242188,-296.19140625,-636.767578125,702.2836305137196,155.05458271526572
a7ed94b7-52d1-4b17-9928-83b4745ca8bf,8.307745 46.608205,2023-05-03 12:00:00+02:00,7,NATURAL,UNKNOWN,3,WET,,37,46.608205,8.307745,0,GRH,GRH,6.4,5.8,6.8,,,62.4,6.0,-0.2,807.0,,1023.2,,1533.1,5.0,6.0,2.0,7.2,18.0,4.8,17.3,,,0.0,154.0,1026.0,238.0,,,,60.0,0.475,686.95361328125,385.29052734375,-1229.91943359375,1288.856316116112,197.3939398203321
1bae5ef4-62c9-4601-861f-8e5b286b94b1,8.422604 46.780389,2023-04-13 07:30:00+02:00,2,EXPLOSIVE,SLAB,2,DRY,N,163,46.780389,8.422604,0,TIT,TIT,-13.5,-13.7,-13.0,,,100.0,2.2,-13.5,683.5,,1001.1,2915.8,,10.2,306.0,5.7,20.5,36.7,9.9,35.6,,,,,127.0,,,,,,0.019,761.2346801757812,793.65234375,-2353.60107421875,2483.8120016022795,198.63450110654304
1bae5ef4-62c9-4601-861f-8e5b286b94b1,8.422604 46.780389,2023-04-13 07:30:00.000 +0200,2,EXPLOSIVE,SLAB,2,DRY,N,163,46.780389,8.422604,1,TIT,TIT,-13.5,-13.7,-13.0,,,100.0,2.2,-13.5,683.5,,1001.1,2915.8,,10.2,306.0,5.7,20.5,36.7,9.9,35.6,,,,,127.0,,,,,,0.019,761.2346801757812,793.65234375,-2353.60107421875,2483.8120016022795,198.63450110654304
d68cc42c-2801-4238-bb58-3d963f2ab1ea,8.380899 46.782267,2023-04-05 07:00:00+02:00,4,EXPLOSIVE,SLAB,3,DRY,N,105,46.782267,8.380899,0,TIT,TIT,-14.1,-14.2,-14.0,,,28.1,0.6,-28.6,689.6,,1009.4,2984.0,,7.6,6.0,2.7,9.7,27.4,7.1,25.6,,,,,253.0,,,,,,0.059,740.3651733398438,2322.18017578125,308.7158203125,2342.6109848847414,277.5726253123122
be39a3d6-d2cf-47e2-870e-49c1b9134b29,8.422461 46.779843,2023-05-19 07:00:00+02:00,4,EXPLOSIVE,SLAB,2,DRY,N,81,46.779843,8.422461,0,TIT,TIT,-2.9,-3.2,-2.4,,,86.1,4.2,-4.9,697.8,,1020.6,3072.9,,10.4,165.0,6.6,23.8,37.4,10.0,36.0,,,,,261.0,,,,,,0.076,760.8377075195312,-135.46142578125,-1545.99609375,1551.91936638633,174.99248631940367
f9b59268-33ad-4905-91cd-ccc9a1ae40a4,8.385942 46.778812,2023-04-15 08:30:00+02:00,2,EXPLOSIVE,LOOSE_SNOW,2,DRY,NE,126,46.778812,8.385942,0,TIT,TIT,-8.8,-8.9,-8.7,,,97.5,3.1,-9.1,685.0,,1003.2,2929.3,,13.4,306.0,10.3,37.1,48.2,12.9,46.4,,,,,285.0,,,,,,0.043,738.9261474609375,1856.9091796875,715.4296875,1989.9626477308693,291.07066856438576
f7fca170-d124-11ed-9f3d-c1122c0370be,8.243319 46.765333,2023-04-01 12:00:00.000 +0200,10,NATURAL,SLAB,3,WET,SW,82,46.765333,8.243319,1,MER,MER,9.8,8.5,10.7,15.5,11.8,65.6,7.9,3.6,940.8,1009.5,1009.4,,,4.8,117.0,2.7,9.7,17.3,4.7,16.9,0.0,,0.0,,762.0,,,,455.0,26.0,0.354,670.1203002929688,321.8994140625,3.18603515625,321.9151807445522,270.56707281621993
49e457f5-5bb7-4272-bb56-c1782a243205,8.423263 46.779484,2023-04-16 08:00:00.000 +0200,4,EXPLOSIVE,SLAB,3,DRY,N,179,46.779484,8.423263,1,TIT,TIT,-9.5,-9.6,-9.3,,,94.1,2.8,-10.3,692.7,,1013.7,3017.0,,7.6,16.0,3.6,13.0,27.4,7.1,25.6,,,,,249.0,,,,,,0.057,762.3836059570312,804.96826171875,-2790.41748046875,2904.204472429597,196.09157727397564
1851a448-559e-4572-8066-2824a030e41d,8.385872 46.778947,2023-04-13 07:30:00.000 +0200,2,EXPLOSIVE,LOOSE_SNOW,1,DRY,NE,107,46.778947,8.385872,1,TIT,TIT,-13.5,-13.7,-13.0,,,100.0,2.2,-13.5,683.5,,1001.1,2915.8,,10.2,306.0,5.7,20.5,36.7,9.9,35.6,,,,,127.0,,,,,,0.019,738.9261474609375,1856.9091796875,715.4296875,1989.9626477308693,291.07066856438576
dda75b80-ddc2-11ed-b3b1-431b3c02902e,8.263291 46.74286,2023-04-17 14:30:00.000 +0200,1,SNOW_GROOMER,SLAB,3,DRY,SE,127,46.74286,8.263291,1,MER,MER,11.6,11.1,12.1,14.3,13.0,57.1,7.8,3.4,948.8,1017.6,1017.9,,,13.4,336.0,6.0,21.6,48.2,13.2,47.5,0.0,,0.0,,451.0,,,,342.0,10.0,0.264,686.8361206054688,-379.248046875,-98.6572265625,391.8702966690722,104.58167844827773
4067dd0b-f3b4-40af-8872-12824f7b55a6,8.423024 46.779666,2023-04-03 07:00:00+02:00,4,EXPLOSIVE,SLAB,3,DRY,NE,119,46.779666,8.423024,0,TIT,TIT,-11.1,-11.4,-10.6,,,93.9,2.5,-11.9,692.7,,1013.6,3017.2,,10.4,32.0,6.3,22.7,37.4,9.9,35.6,,,,,76.0,,,,,,0.018,761.8928833007812,656.43310546875,-2499.49951171875,2584.260480492943,194.71504785369478
ff002b7f-49f5-4ba6-971a-c1b18578a2b6,8.389256 46.787371,2023-04-15 08:30:00+02:00,2,EXPLOSIVE,SLAB,1,DRY,N,103,46.787371,8.389256,0,ENG,ENG,1.5,0.8,2.3,2.6,1.4,93.9,6.4,0.7,889.0,,1006.9,,1396.9,2.5,108.0,1.0,3.6,9.0,2.3,8.3,0.0,,0.4,0.0,141.0,320.0,,,,0.0,0.06,745.9564208984375,-514.3798828125,395.7275390625,648.9891748054537,52.42785973224594
099a6e90-d12e-11ed-ba10-b99b29af1712,8.260874 46.762857,2023-04-02 07:18:00.000 +0200,0,EXPLOSIVE,SLAB,3,DRY,NE,105,46.762857,8.260874,1,MER,MER,4.2,3.1,5.7,5.1,0.0,91.4,7.5,2.9,945.1,1015.5,1014.0,,,1.2,346.0,0.6,2.2,4.3,1.2,4.3,0.0,,0.0,,215.0,,,,67.0,43.0,0.068,681.629638671875,-711.80419921875,568.54248046875,910.9916410829492,51.384435582299645
20077a30-ec16-11ed-aa20-6507e99101f4,8.022203 46.505884,2023-05-08 14:00:00+02:00,0,PERSON,SLAB,2,WET,E,85,46.505884,8.022203,0,JUN,JUN,-2.5,-2.9,-1.8,,,95.9,4.9,-3.1,660.9,,1027.0,3116.6,,3.8,307.0,2.1,7.6,13.7,3.8,13.7,,,,,790.0,294.0,,,,2.0,0.277,638.0261840820312,-635.77880859375,765.41748046875,995.026940772971,39.71404307188509
be39a3d6-d2cf-47e2-870e-49c1b9134b29,8.422461 46.779843,2023-05-17 07:00:00+02:00,4,EXPLOSIVE,SLAB,2,DRY,N,76,46.779843,8.422461,0,TIT,TIT,-7.2,-7.3,-7.0,,,93.9,3.3,-8.0,694.2,,1015.8,3033.2,,23.4,50.0,12.0,43.2,84.2,21.1,76.0,,,,,147.0,,,,,,0.03,760.8377075195312,-135.46142578125,-1545.99609375,1551.91936638633,174.99248631940367
da27b6a6-0240-478c-9ff6-ab83983e37eb,8.426516 46.77779,2023-05-01 07:30:00+02:00,2,EXPLOSIVE,SLAB,2,DRY,NE,182,46.77779,8.426516,0,TIT,TIT,-4.5,-4.6,-4.4,,,97.0,4.3,-4.9,694.7,,1016.3,3037.3,,6.1,242.0,4.1,14.8,22.0,6.0,21.6,,,,,150.0,,,,,,0.043,762.9927978515625,-111.181640625,-1086.21826171875,1091.8935247098818,174.15575022355583
35750744-ea24-4b2e-81ea-9ce6b475ccb9,8.42211 46.780566,2023-04-14 06:30:00+02:00,5,EXPLOSIVE,SLAB,2,DRY,N,230,46.780566,8.42211,0,TIT,TIT,-13.5,-13.9,-13.1,,,100.0,2.2,-13.5,684.5,,1002.4,2926.6,,9.8,323.0,2.1,7.6,35.3,9.6,34.6,,,,,25.0,,,,,,0.008,761.1071166992188,1203.8818359375,-1454.69970703125,1888.2485833536457,219.61051112267845
ad918400-77b8-4908-b8c3-86205d723ff7,8.426238 46.77793,2023-04-29 07:30:00+02:00,2,EXPLOSIVE,SLAB,2,DRY,NE,174,46.77793,8.426238,0,TIT,TIT,-2.8,-3.0,-2.6,,,99.3,4.9,-2.9,697.5,,1020.2,3069.6,,7.7,346.0,2.3,8.3,27.7,7.4,26.6,,,,,143.0,,,,,,0.049,762.98095703125,506.79931640625,-562.60986328125,757.2155607032843,222.01254629079492
74720590-2505-48bc-ad7b-327442e7d8ae,8.216759 46.608474,2023-04-24 12:00:00+02:00,7,PERSON,SLAB,1,DRY,N,79,46.608474,8.216759,0,GRH,GRH,-0.3,-0.8,0.1,,,92.7,5.5,-1.4,797.8,,1012.1,,1450.7,9.5,340.0,4.4,15.8,34.2,8.8,31.7,,,0.2,177.0,631.0,309.0,,,,0.0,0.191,678.3681640625,1724.96337890625,-1325.93994140625,2175.6873366327427,232.45134135486592
72a5d090-d8f5-11ed-9de9-4bc775516e2e,8.249382 46.761703,2023-04-12 16:00:00+02:00,3,NATURAL,FULL_DEPTH,2,WET,SW,66,46.761703,8.249382,0,MER,MER,14.0,13.3,14.8,12.4,11.4,54.6,8.7,5.0,935.5,1002.7,1003.8,,,6.1,319.0,2.4,8.6,22.0,5.9,21.2,0.0,,0.0,,56.0,,,,54.0,0.0,0.095,673.8353271484375,-344.42138671875,-843.0908203125,910.7295004140751,157.7788910334798
b0c20dd8-9d72-42fd-9908-df362afd7f3d,8.425333 46.779051,2023-05-19 07:00:00+02:00,4,EXPLOSIVE,SLAB,2,DRY,N,153,46.779051,8.425333,0,TIT,TIT,-2.9,-3.2,-2.4,,,86.1,4.2,-4.9,697.8,,1020.6,3072.9,,10.4,165.0,6.6,23.8,37.4,10.0,36.0,,,,,261.0,,,,,,0.076,763.8226928710938,4434.85107421875,754.541015625,4498.581575870288,279.6557841562619
50fbf8f0-dd0c-11ed-8f1e-7bb69ddca4ec,8.23687 46.747556,2023-04-20 12:00:00+02:00,5,NATURAL,SLAB,2,DRY,N,56,46.747556,8.23687,0,MER,MER,6.3,6.2,6.4,8.0,7.3,86.6,8.3,4.3,941.8,1011.4,1010.5,,,3.1,291.0,1.2,4.3,11.2,3.1,11.2,0.0,,0.8,,139.0,,,,127.0,0.0,0.078,666.6058349609375,-1043.9208984375,-1423.49853515625,1765.2532174695355,143.74558715192933
50374fe0-d439-11ed-a920-a702e6e7f311,8.245848 46.760908,2023-04-07 16:00:00+02:00,2,NATURAL,FULL_DEPTH,1,WET,SW,41,46.760908,8.245848,0,MER,MER,6.9,6.3,7.6,7.0,6.0,73.1,7.3,2.4,947.8,1017.7,1016.8,,,10.6,305.0,5.2,18.7,38.2,10.4,37.4,0.0,,0.1,,148.0,,,,145.0,0.0,0.096,672.4798583984375,248.18115234375,-138.6474609375,284.2833143240863,240.8099044636349
8cb21b8c-4e00-4409-bc59-db5c053ba65d,8.42279 46.779714,2023-04-14 06:30:00+02:00,5,EXPLOSIVE,SLAB,2,DRY,N,162,46.779714,8.42279,0,TIT,TIT,-13.5,-13.9,-13.1,,,100.0,2.2,-13.5,684.5,,1002.4,2926.6,,9.8,323.0,2.1,7.6,35.3,9.6,34.6,,,,,25.0,,,,,,0.008,761.37451171875,-2.08740234375,-1899.31640625,1899.3175533067028,179.93703034634154
11f734d7-e1b6-4c3b-8fe6-abdd0b39cea0,8.385873 46.778735,2023-04-12 08:00:00.000 +0200,4,EXPLOSIVE,SLAB,2,DRY,NE,77,46.778735,8.385873,1,TIT,TIT,-4.5,-4.7,-4.3,,,96.7,4.2,-5.0,689.8,,1009.7,2982.1,,21.3,256.0,9.9,35.6,76.7,20.0,72.0,,,,,216.0,,,,,,0.045,738.159423828125,-807.4951171875,-2791.95556640625,2906.383362371265,163.86896488795355
931d9d63-4823-45cb-940f-26620aa25be9,8.425244 46.779006,2023-04-17 07:30:00+02:00,2,EXPLOSIVE,SLAB,2,DRY,N,283,46.779006,8.425244,0,TIT,TIT,-9.4,-9.6,-9.3,,,95.6,2.9,-10.0,694.0,,1015.4,3030.7,,12.7,29.0,5.5,19.8,45.7,11.9,42.8,,,,,131.0,,,,,,0.028,763.1732788085938,1680.46875,-810.24169921875,1865.6009302311816,244.2588574618955
da27b6a6-0240-478c-9ff6-ab83983e37eb,8.426516 46.77779,2023-04-29 07:30:00.000 +0200,2,EXPLOSIVE,SLAB,2,DRY,NE,177,46.77779,8.426516,1,TIT,TIT,-2.8,-3.0,-2.6,,,99.3,4.9,-2.9,697.5,,1020.2,3069.6,,7.7,346.0,2.3,8.3,27.7,7.4,26.6,,,,,143.0,,,,,,0.049,762.9927978515625,-111.181640625,-1086.21826171875,1091.8935247098818,174.15575022355583
c98d2b1a-9c67-4f2a-8b1b-1b27502b6c5d,8.423896 46.779967,2023-04-14 07:00:00+02:00,3,EXPLOSIVE,SLAB,1,DRY,NW,300,46.779967,8.423896,0,TIT,TIT,-13.4,-13.7,-13.1,,,99.4,2.2,-13.5,684.7,,1002.8,2929.1,,9.3,318.0,3.0,10.8,33.5,8.9,32.0,,,,,121.0,,,,,,0.023,764.029541015625,305.74951171875,-790.576171875,847.6399279486448,201.1436112374965
b5d8fc03-e36a-4fa1-9d42-ea7105356bda,8.385358 46.779077,2023-04-17 05:00:00+02:00,3,EXPLOSIVE,UNKNOWN,2,DRY,NE,129,46.779077,8.385358,0,TIT,TIT,-9.3,-9.4,-9.1,,,94.4,2.9,-10.1,693.5,,1014.8,3026.0,,13.9,18.0,8.3,29.9,50.0,13.6,49.0,,,,,1.0,,,,,,0.001,739.8767700195312,888.02490234375,118.4326171875,895.8875554423712,277.59650059112585
931d9d63-4823-45cb-940f-26620aa25be9,8.425244 46.779006,2023-04-15 07:30:00+02:00,2,EXPLOSIVE,SLAB,2,DRY,N,262,46.779006,8.425244,0,TIT,TIT,-9.0,-9.1,-8.8,,,97.9,3.0,-9.3,685.0,,1003.1,2929.2,,13.6,300.0,9.7,34.9,49.0,13.3,47.9,,,,,147.0,,,,,,0.023,763.1732788085938,1680.46875,-810.24169921875,1865.6009302311816,244.2588574618955
33f93161-2ec3-46b0-ab16-f598e280759a,8.383072 46.779972,2023-04-13 08:00:00+02:00,4,EXPLOSIVE,SLAB,2,DRY,NE,78,46.779972,8.383072,0,TIT,TIT,-13.9,-14.2,-13.6,,,99.5,2.1,-14.0,683.4,,1001.0,2915.3,,10.1,299.0,5.4,19.4,36.4,9.8,35.3,,,,,212.0,,,,,,0.032,740.880126953125,1365.93017578125,-3138.57421875,3422.9246809872943,203.51902337309957
564bddb0-e717-11ed-acf0-f7b342f82229,7.822357 46.529218,2023-04-29 12:00:00+02:00,7,NATURAL,SLAB,3,UNKNOWN,N,204,46.529218,7.822357,0,INT,INT,16.4,15.4,17.3,24.7,21.8,70.7,13.2,11.1,948.7,1015.1,1016.6,,,2.5,243.0,0.8,2.9,9.0,2.3,8.3,0.0,,0.0,,638.0,,,,432.0,17.0,0.38,666.2966918945312,248.291015625,-37.5732421875,251.11785473871532,261.394866180814
bafec949-69be-4d29-96df-732ded5d7686,8.389718 46.787228,2023-04-03 08:00:00+02:00,3,EXPLOSIVE,SLAB,1,DRY,N,68,46.787228,8.389718,0,TIT,TIT,-11.3,-11.6,-11.0,,,94.8,2.5,-12.0,692.7,,1013.6,3017.1,,9.9,35.0,5.6,20.2,35.6,9.7,34.9,,,,,225.0,,,,,,0.04,746.5532836914062,2276.91650390625,-1173.01025390625,2561.308615050101,242.74361235020513
35790a01-26e9-458d-9830-8b595ce08bc3,8.391669 46.779911,2023-04-15 16:00:00+02:00,5,PERSON,SLAB,3,DRY,NW,111,46.779911,8.391669,0,TIT,TIT,-9.8,-9.9,-9.1,,,98.0,2.9,-10.0,688.0,,1007.2,2963.5,,12.4,314.0,6.7,24.1,44.6,12.0,43.2,,,,,219.0,,,,,,0.038,743.1171875,488.671875,304.1015625,575.5675127480329,301.89409339107294
50fbf8f0-dd0c-11ed-8f1e-7bb69ddca4ec,8.23687 46.747556,2023-04-16 12:00:00+02:00,5,NATURAL,SLAB,2,DRY,N,90,46.747556,8.23687,0,MER,MER,6.1,5.9,6.2,7.2,6.9,83.5,7.9,3.5,951.5,1021.9,1020.8,,,1.0,90.0,0.3,1.1,3.6,0.9,3.2,0.0,,0.2,,119.0,,,,108.0,0.0,0.07,666.6058349609375,-1043.9208984375,-1423.49853515625,1765.2532174695355,143.74558715192933
acaee50d-c93e-4865-b666-dcf8ca1d9f21,8.226812 46.595085,2023-04-21 12:00:00+02:00,7,PERSON,SLAB,1,DRY,NW,256,46.595085,8.226812,0,GRH,GRH,1.9,1.3,2.4,,,76.3,5.4,-1.8,799.3,,1013.9,,1461.9,10.7,152.0,7.0,25.2,38.5,10.2,36.7,,,0.0,186.0,555.0,311.0,,,,0.0,0.188,675.0115356445312,1040.95458984375,708.3984375,1259.1325602847428,304.23637214155286
b6bd2020-dd0b-11ed-8f1e-7bb69ddca4ec,8.237321 46.747742,2023-04-16 12:00:00+02:00,7,NATURAL,SLAB,2,DRY,N,90,46.747742,8.237321,0,MER,MER,6.1,5.9,6.2,7.2,6.9,83.5,7.9,3.5,951.5,1021.9,1020.8,,,1.0,90.0,0.3,1.1,3.6,0.9,3.2,0.0,,0.2,,119.0,,,,108.0,0.0,0.07,666.8665771484375,-88.65966796875,-2022.5830078125,2024.5252678631077,177.49005361316605
71d13516-3cdb-4e54-a1af-c88570197f00,8.424437 46.779206,2023-04-14 06:30:00+02:00,5,EXPLOSIVE,SLAB,1,DRY,N,287,46.779206,8.424437,0,TIT,TIT,-13.5,-13.9,-13.1,,,100.0,2.2,-13.5,684.5,,1002.4,2926.6,,9.8,323.0,2.1,7.6,35.3,9.6,34.6,,,,,25.0,,,,,,0.008,763.7742309570312,647.42431640625,-475.48828125,803.2728995056283,233.70529779875366
87548817-41cb-4875-9f16-2dd62dfe20ab,8.382498 46.780197,2023-04-02 07:00:00+02:00,4,EXPLOSIVE,SLAB,2,DRY,NE,81,46.780197,8.382498,0,TIT,TIT,-11.8,-11.9,-11.7,,,95.3,2.4,-12.4,688.8,,1008.4,2974.4,,8.9,313.0,5.2,18.7,32.0,8.8,31.7,,,,,127.0,,,,,,0.022,739.82470703125,627.20947265625,-361.23046875,723.7949807390736,240.06095131471258
26f6eb66-fc4c-4eb2-aecd-11eeddba5a5a,7.964013 46.534843,2023-05-19 10:30:00+02:00,3,PERSON,SLAB,1,DRY,SE,288,46.534843,7.964013,0,JUN,JUN,-4.3,-5.3,-3.7,,,96.0,4.3,-4.8,656.8,,1021.2,3070.6,,10.0,146.0,8.3,29.9,36.0,9.9,35.6,,,,,520.0,288.0,,,,0.0,0.119,672.6456298828125,-1239.0380859375,282.12890625,1270.7525715675279,77.17246046219545
ad918400-77b8-4908-b8c3-86205d723ff7,8.426238 46.77793,2023-04-28 07:30:00+02:00,2,EXPLOSIVE,SLAB,2,DRY,NE,170,46.77793,8.426238,0,TIT,TIT,-1.2,-1.4,-0.7,,,99.9,5.6,-1.2,698.5,,1021.5,3080.9,,23.3,274.0,11.7,42.1,83.9,22.6,81.4,,,,,112.0,,,,,,0.025,762.98095703125,506.79931640625,-562.60986328125,757.2155607032843,222.01254629079492
dda75b80-ddc2-11ed-b3b1-431b3c02902e,8.263291 46.74286,2023-04-19 14:30:00+02:00,1,SNOW_GROOMER,SLAB,3,DRY,SE,106,46.74286,8.263291,0,MER,MER,14.2,13.9,14.5,21.1,20.5,58.5,9.5,6.2,946.9,1014.8,1015.9,,,9.7,287.0,4.3,15.5,34.9,9.5,34.2,0.0,,0.0,,787.0,,,,191.0,60.0,0.419,686.8361206054688,-379.248046875,-98.6572265625,391.8702966690722,104.58167844827773
1bb8250c-f575-4cb3-84c9-194ae951bc8a,7.944832 46.554569,2023-05-04 12:00:00+02:00,7,NATURAL,UNKNOWN,4,WET,,133,46.554569,7.944832,0,JUN,JUN,-2.7,-3.0,-2.2,,,47.9,2.4,-12.2,661.7,,1028.2,3127.2,,5.8,318.0,3.1,11.2,20.9,5.4,19.4,,,,,1043.0,195.0,,,,60.0,0.37,667.8281860351562,-387.158203125,1338.7939453125,1393.6501362438091,16.129039568052534
87548817-41cb-4875-9f16-2dd62dfe20ab,8.382498 46.780197,2023-04-03 07:00:00+02:00,4,EXPLOSIVE,SLAB,2,DRY,NE,76,46.780197,8.382498,0,TIT,TIT,-11.1,-11.4,-10.6,,,93.9,2.5,-11.9,692.7,,1013.6,3017.2,,10.4,32.0,6.3,22.7,37.4,9.9,35.6,,,,,76.0,,,,,,0.018,739.82470703125,627.20947265625,-361.23046875,723.7949807390736,240.06095131471258
a7ed94b7-52d1-4b17-9928-83b4745ca8bf,8.307745 46.608205,2023-05-06 12:00:00+02:00,7,NATURAL,UNKNOWN,3,WET,,23,46.608205,8.307745,0,GRH,GRH,10.6,9.7,11.5,,,56.9,7.3,2.4,805.6,,1021.6,,1511.7,3.9,211.0,1.9,6.8,14.0,3.7,13.3,,,0.0,133.0,922.0,286.0,,,,53.0,0.486,686.95361328125,385.29052734375,-1229.91943359375,1288.856316116112,197.3939398203321
dda75b80-ddc2-11ed-b3b1-431b3c02902e,8.263291 46.74286,2023-04-21 14:30:00+02:00,1,SNOW_GROOMER,SLAB,3,DRY,SE,121,46.74286,8.263291,0,MER,MER,12.0,11.5,12.4,15.3,14.0,63.7,8.9,5.4,942.3,1010.5,1011.0,,,9.9,291.0,5.9,21.2,35.6,9.5,34.2,0.0,,0.0,,518.0,,,,418.0,1.0,0.277,686.8361206054688,-379.248046875,-98.6572265625,391.8702966690722,104.58167844827773
d1dc6b80-4759-4599-8761-9b826a9ee094,8.401311 46.769587,2023-04-17 00:00:00+02:00,6,NATURAL,SLAB,3,DRY,NW,271,46.769587,8.401311,0,TIT,TIT,-9.2,-9.3,-9.1,,,94.0,2.9,-10.0,694.3,,1015.9,3034.9,,8.7,10.0,4.1,14.8,31.3,8.3,29.9,,,,,0.0,,,,,,0.0,747.0386352539062,-160.400390625,-956.9091796875,970.2594825524029,170.48434964326998
1aca9480-d131-11ed-bb43-5ff35461761d,8.354817 46.766741,2023-04-03 12:00:00+02:00,10,NATURAL,SLAB,3,DRY,NW,70,46.766741,8.354817,0,TIT,TIT,-11.1,-11.3,-10.9,,,32.1,0.9,-24.6,692.5,,1013.3,3014.6,,11.7,40.0,8.9,32.0,42.1,11.6,41.8,,,,,917.0,,,,,,0.182,722.8215942382812,411.43798828125,-947.4609375,1032.939226813127,203.47305250621116
ce082ed0-ea41-11ed-9704-3747ffc8acfd,7.997493 46.55824,2023-05-04 12:00:00+02:00,7,PERSON,SLAB,3,DRY,S,341,46.55824,7.997493,0,JUN,JUN,-2.7,-3.0,-2.2,,,47.9,2.4,-12.2,661.7,,1028.2,3127.2,,5.8,318.0,3.1,11.2,20.9,5.4,19.4,,,,,1043.0,195.0,,,,60.0,0.37,634.9352416992188,192.15087890625,1593.896484375,1605.4370006846825,353.12592737705734
792e43cf-e040-4ad1-98dd-47672e4855cd,8.426192 46.777884,2023-04-15 07:00:00+02:00,0,EXPLOSIVE,SLAB,2,DRY,NE,207,46.777884,8.426192,0,TIT,TIT,-9.0,-9.1,-8.8,,,97.9,3.0,-9.3,685.0,,1003.1,2929.2,,13.6,300.0,9.7,34.9,49.0,13.3,47.9,,,,,147.0,,,,,,0.023,762.9501342773438,-1177.0751953125,-389.90478515625,1239.9724823187414,108.32739193972753
9fe44fc7-c389-4ba2-9149-62bca569dc15,8.426432 46.777678,2023-05-17 07:00:00+02:00,4,EXPLOSIVE,SLAB,2,DRY,NE,130,46.777678,8.426432,0,TIT,TIT,-7.2,-7.3,-7.0,,,93.9,3.3,-8.0,694.2,,1015.8,3033.2,,23.4,50.0,12.0,43.2,84.2,21.1,76.0,,,,,147.0,,,,,,0.03,762.9927978515625,-111.181640625,-1086.21826171875,1091.8935247098818,174.15575022355583
8cb21b8c-4e00-4409-bc59-db5c053ba65d,8.42279 46.779714,2023-04-16 06:30:00+02:00,5,EXPLOSIVE,SLAB,2,DRY,N,171,46.779714,8.42279,0,TIT,TIT,-9.8,-9.9,-9.7,,,93.4,2.7,-10.7,692.3,,1013.1,3011.9,,10.6,343.0,2.7,9.7,38.2,10.1,36.4,,,,,29.0,,,,,,0.013,761.37451171875,-2.08740234375,-1899.31640625,1899.3175533067028,179.93703034634154
d940ed50-ecda-11ed-aeab-3b3cc7819483,7.967581 46.511291,2023-05-06 12:00:00+02:00,7,NATURAL,SLAB,3,UNKNOWN,S,248,46.511291,7.967581,0,JUN,JUN,-2.9,-3.2,-2.5,,,70.1,3.5,-7.6,659.9,,1025.6,3105.1,,12.0,312.0,4.9,17.6,43.2,11.6,41.8,,,,,1034.0,211.0,,,,60.0,0.32,673.9722900390625,404.18701171875,1046.77734375,1122.1006852463993,338.88717349648687
529f5410-e6a1-11ed-9300-179866ebe517,7.727729 46.504859,2023-04-29 17:00:00+02:00,3,UNKNOWN,UNKNOWN,1,WET,,2,46.504859,7.727729,0,FRU,FRU,16.7,15.9,17.2,,,64.0,12.2,9.9,,,,,,9.8,70.0,3.4,12.2,35.3,9.2,33.1,,,0.0,,152.0,339.0,,,137.0,2.0,,652.4718017578125,-780.46875,-7.470703125,780.504504235398,90.54842258167407
48001904-f349-4f12-8b6b-34916e483022,8.424677 46.77918,2023-04-16 07:30:00+02:00,2,EXPLOSIVE,SLAB,2,DRY,N,310,46.77918,8.424677,0,TIT,TIT,-9.6,-9.8,-9.5,,,97.1,2.9,-10.0,692.5,,1013.4,3014.3,,8.1,12.0,2.5,9.0,29.2,7.6,27.4,,,,,150.0,,,,,,0.035,763.7684936523438,968.115234375,-818.37158203125,1267.6668147842681,229.7913426430641
35790a01-26e9-458d-9830-8b595ce08bc3,8.391669 46.779911,2023-04-17 16:00:00+02:00,5,PERSON,SLAB,3,DRY,NW,115,46.779911,8.391669,0,TIT,TIT,-8.2,-8.6,-7.8,,,96.0,3.2,-8.7,694.3,,1015.8,3034.2,,4.0,175.0,1.5,5.4,14.4,3.7,13.3,,,,,330.0,,,,,,0.087,743.1171875,488.671875,304.1015625,575.5675127480329,301.89409339107294
9b1e09ce-808a-44b8-8176-c69307d3a01b,8.390545 46.780329,2023-04-16 08:30:00.000 +0200,4,EXPLOSIVE,LOOSE_SNOW,1,DRY,NW,141,46.780329,8.390545,1,TIT,TIT,-9.5,-9.6,-9.3,,,94.1,2.8,-10.3,692.7,,1013.7,3017.0,,7.6,16.0,3.6,13.0,27.4,7.1,25.6,,,,,249.0,,,,,,0.057,743.1220092773438,116.2353515625,-934.38720703125,941.5891405578752,187.0910193202708
5192475d-5f0c-41d7-bde8-a82e5bea8b68,8.422294 46.780382,2023-04-19 08:00:00+02:00,4,EXPLOSIVE,SLAB,3,DRY,N,166,46.780382,8.422294,0,TIT,TIT,-6.5,-6.7,-6.4,,,78.4,3.0,-9.7,696.0,,1018.1,3052.4,,9.7,308.0,7.0,25.2,34.9,9.4,33.8,,,,,545.0,,,,,,0.12,760.693115234375,1238.48876953125,-1949.08447265625,2309.282294091548,212.43272500298517
49e457f5-5bb7-4272-bb56-c1782a243205,8.423263 46.779484,2023-04-18 08:00:00+02:00,4,EXPLOSIVE,SLAB,3,DRY,N,159,46.779484,8.423263,0,TIT,TIT,-6.1,-7.1,-5.1,,,76.1,3.0,-9.7,694.1,,1015.6,3031.7,,4.1,233.0,1.3,4.7,14.8,3.9,14.0,,,,,514.0,,,,,,0.154,762.3836059570312,804.96826171875,-2790.41748046875,2904.204472429597,196.09157727397564
1bae5ef4-62c9-4601-861f-8e5b286b94b1,8.422604 46.780389,2023-04-14 07:30:00+02:00,2,EXPLOSIVE,SLAB,2,DRY,N,235,46.780389,8.422604,0,TIT,TIT,-13.4,-13.7,-13.1,,,99.4,2.2,-13.5,684.7,,1002.8,2929.1,,9.3,318.0,3.0,10.8,33.5,8.9,32.0,,,,,121.0,,,,,,0.023,761.2346801757812,793.65234375,-2353.60107421875,2483.8120016022795,198.63450110654304
8500f990-d7a6-11ed-a8d1-4961cd70d9e1,8.209308 46.504515,2023-04-08 12:00:00+02:00,7,NATURAL,SLAB,4,WET,S,219,46.504515,8.209308,0,ULR,ULR,7.4,6.9,7.6,13.0,11.7,41.0,4.2,-5.0,865.6,,1017.9,,1497.1,11.4,81.0,4.1,14.8,41.0,10.7,38.5,,,0.0,0.0,885.0,236.0,,,103.0,60.0,0.407,685.5072631835938,-1156.201171875,134.2529296875,1163.9695008782662,83.37672982311005
673e5d3c-9736-4824-ac24-c511ffd507c4,8.418437 46.784875,2023-04-19 08:00:00+02:00,4,EXPLOSIVE,SLAB,1,DRY,NW,128,46.784875,8.418437,0,TIT,TIT,-6.5,-6.7,-6.4,,,78.4,3.0,-9.7,696.0,,1018.1,3052.4,,9.7,308.0,7.0,25.2,34.9,9.4,33.8,,,,,545.0,,,,,,0.12,761.7616577148438,-112.939453125,-2126.18408203125,2129.181549505641,176.9593986356536
a4ad0c82-16f6-4de1-af92-ac146cabf042,8.423474 46.779387,2023-05-03 07:30:00+02:00,4,EXPLOSIVE,SLAB,2,DRY,N,131,46.779387,8.423474,0,TIT,TIT,-1.2,-1.4,-1.0,,,12.9,0.7,-26.3,700.1,,1023.7,3098.4,,15.2,59.0,9.4,33.8,54.7,14.1,50.8,,,,,410.0,,,,,,0.202,763.22314453125,604.35791015625,-1931.72607421875,2024.0588206336824,197.3727625092364
9b1e09ce-808a-44b8-8176-c69307d3a01b,8.390545 46.780329,2023-04-20 08:30:00+02:00,4,EXPLOSIVE,LOOSE_SNOW,1,DRY,NW,99,46.780329,8.390545,0,TIT,TIT,-7.8,-7.9,-7.7,,,84.8,2.9,-9.9,688.3,,1007.7,2966.8,,9.3,229.0,5.7,20.5,33.5,9.1,32.8,,,,,444.0,,,,,,0.096,743.1220092773438,116.2353515625,-934.38720703125,941.5891405578752,187.0910193202708
792e43cf-e040-4ad1-98dd-47672e4855cd,8.426192 46.777884,2023-04-17 07:00:00+02:00,0,EXPLOSIVE,SLAB,2,DRY,NE,228,46.777884,8.426192,0,TIT,TIT,-9.4,-9.6,-9.3,,,95.6,2.9,-10.0,694.0,,1015.4,3030.7,,12.7,29.0,5.5,19.8,45.7,11.9,42.8,,,,,131.0,,,,,,0.028,762.9501342773438,-1177.0751953125,-389.90478515625,1239.9724823187414,108.32739193972753
0d183e05-ccd5-4337-8515-db8621df2658,8.421449 46.780606,2023-04-13 07:30:00.000 +0200,2,EXPLOSIVE,SLAB,2,DRY,N,128,46.780606,8.421449,1,TIT,TIT,-13.5,-13.7,-13.0,,,100.0,2.2,-13.5,683.5,,1001.1,2915.8,,10.2,306.0,5.7,20.5,36.7,9.9,35.6,,,,,127.0,,,,,,0.019,760.1211547851562,676.9775390625,-425.830078125,799.7686189336653,237.82942760048624
34e33f73-9c60-4cff-be3e-9f199f5b9d9e,8.385879 46.778707,2023-04-19 05:00:00+02:00,3,EXPLOSIVE,UNKNOWN,2,DRY,NE,95,46.778707,8.385879,0,TIT,TIT,-6.7,-6.9,-6.4,,,78.7,2.9,-9.8,696.1,,1018.2,3053.6,,7.5,288.0,4.4,15.8,27.0,6.8,24.5,,,,,2.0,,,,,,0.005,738.159423828125,-807.4951171875,-2791.95556640625,2906.383362371265,163.86896488795355
d940ed50-ecda-11ed-aeab-3b3cc7819483,7.967581 46.511291,2023-05-09 12:00:00+02:00,7,NATURAL,SLAB,3,UNKNOWN,S,235,46.511291,7.967581,0,JUN,JUN,-2.6,-2.8,-2.4,,,89.0,4.5,-4.2,657.6,,1022.3,3076.3,,8.8,133.0,7.2,25.9,31.7,8.6,31.0,,,,,738.0,289.0,,,,0.0,0.199,673.9722900390625,404.18701171875,1046.77734375,1122.1006852463993,338.88717349648687
ae543637-3b77-4592-997d-c9f3fc4c3078,8.424992 46.778957,2023-04-29 07:30:00+02:00,2,EXPLOSIVE,SLAB,2,DRY,N,200,46.778957,8.424992,0,TIT,TIT,-2.8,-3.0,-2.6,,,99.3,4.9,-2.9,697.5,,1020.2,3069.6,,7.7,346.0,2.3,8.3,27.7,7.4,26.6,,,,,143.0,,,,,,0.049,763.2218017578125,1885.0341796875,538.87939453125,1960.5470819239442,285.9537753137972
11290122-2f71-4b65-840e-5b583a64fdd5,8.389124 46.787453,2023-04-16 07:00:00+02:00,4,EXPLOSIVE,SLAB,2,WET,N,122,46.787453,8.389124,0,ENG,ENG,0.4,0.3,0.5,0.4,0.1,96.9,6.1,0.0,899.4,,1018.4,,1488.0,2.5,94.0,1.4,5.0,9.0,2.3,8.3,0.0,,1.3,0.0,49.0,319.0,,,,0.0,0.026,745.9564208984375,-514.3798828125,395.7275390625,648.9891748054537,52.42785973224594
97c5682e-950b-4c24-8c69-651f6ff3d0c8,8.035288 46.786336,2023-04-18 10:30:00.000 +0200,4,EXPLOSIVE,SLAB,2,DRY,S,37,46.786336,8.035288,1,BRZ,BRZ,,,,,,,,,950.6,,1017.2,,,6.1,107.0,2.6,9.4,22.0,6.0,21.6,,,0.0,,,,,,,,,622.7722778320312,-650.93994140625,-661.376953125,927.9775220569088,135.4556705144938
59a9c34c-87a8-4479-9db9-c3a9d7e37faf,8.42632 46.777873,2023-04-28 07:00:00+02:00,3,EXPLOSIVE,SLAB,2,DRY,NE,170,46.777873,8.42632,0,TIT,TIT,-1.2,-1.4,-0.7,,,99.9,5.6,-1.2,698.5,,1021.5,3080.9,,23.3,274.0,11.7,42.1,83.9,22.6,81.4,,,,,112.0,,,,,,0.025,762.9927978515625,-111.181640625,-1086.21826171875,1091.8935247098818,174.15575022355583
72a5d090-d8f5-11ed-9de9-4bc775516e2e,8.249382 46.761703,2023-04-14 16:00:00+02:00,3,NATURAL,FULL_DEPTH,2,WET,SW,97,46.761703,8.249382,0,MER,MER,11.5,11.3,11.7,18.3,16.8,38.4,5.2,-2.2,938.0,1006.0,1006.5,,,3.0,197.0,1.8,6.5,10.8,2.9,10.4,0.0,,0.0,,484.0,,,,93.0,60.0,0.248,673.8353271484375,-344.42138671875,-843.0908203125,910.7295004140751,157.7788910334798
ad918400-77b8-4908-b8c3-86205d723ff7,8.426238 46.77793,2023-04-30 07:30:00+02:00,2,EXPLOSIVE,SLAB,2,DRY,NE,171,46.77793,8.426238,0,TIT,TIT,-2.5,-2.8,-2.2,,,55.7,2.8,-10.2,696.8,,1019.2,3060.9,,4.1,178.0,2.8,10.1,14.8,3.8,13.7,,,,,281.0,,,,,,0.108,762.98095703125,506.79931640625,-562.60986328125,757.2155607032843,222.01254629079492
bdf4c097-2315-413e-a320-168acfd62b21,8.380633 46.782526,2023-04-16 08:00:00+02:00,4,EXPLOSIVE,SLAB,3,DRY,N,147,46.782526,8.380633,0,TIT,TIT,-9.5,-9.6,-9.3,,,94.1,2.8,-10.3,692.7,,1013.7,3017.0,,7.6,16.0,3.6,13.0,27.4,7.1,25.6,,,,,249.0,,,,,,0.057,740.0928344726562,302.5634765625,-2310.53466796875,2330.2607384657726,187.46040669647476
72a5d090-d8f5-11ed-9de9-4bc775516e2e,8.249382 46.761703,2023-04-11 16:00:00.000 +0200,3,NATURAL,FULL_DEPTH,2,WET,SW,60,46.761703,8.249382,1,MER,MER,9.1,8.9,9.3,9.2,8.9,82.9,9.6,6.4,949.1,1018.5,1018.2,,,2.7,162.0,1.0,3.6,9.7,2.6,9.4,0.0,,0.0,,110.0,,,,102.0,0.0,0.066,673.8353271484375,-344.42138671875,-843.0908203125,910.7295004140751,157.7788910334798
4b5d9a70-d15e-11ed-94cc-21edfa2a74e3,8.233716 46.754659,2023-04-04 15:30:00+02:00,1,NATURAL,FULL_DEPTH,2,WET,S,16,46.754659,8.233716,0,MER,MER,5.2,4.9,5.6,6.0,4.5,49.3,4.4,-4.6,949.9,1020.5,1019.1,,,14.0,317.0,6.6,23.8,50.4,13.8,49.7,0.0,,0.0,,239.0,,,,104.0,16.0,0.162,664.812255859375,-231.48193359375,-347.8271484375,417.81288966529496,146.35589611458641
ad1f7e7f-180e-4f38-9562-d610574cd4c5,8.239483 46.749076,2023-04-04 06:30:00+02:00,2,EXPLOSIVE,SLAB,1,DRY,N,61,46.749076,8.239483,0,MER,MER,0.7,0.6,0.9,-1.3,-1.8,67.1,4.3,-4.7,949.3,1021.0,1018.4,,,5.0,332.0,1.9,6.8,18.0,4.9,17.6,0.0,,0.0,,25.0,,,,21.0,0.0,0.027,668.8071899414062,636.328125,-222.91259765625,674.2429153204895,250.69409250408142
6e6f00b6-dfe0-4527-9b3f-7c45ffdf4fee,8.379219 46.783826,2023-04-03 07:00:00+02:00,4,EXPLOSIVE,SLAB,2,DRY,N,110,46.783826,8.379219,0,TIT,TIT,-11.1,-11.4,-10.6,,,93.9,2.5,-11.9,692.7,,1013.6,3017.2,,10.4,32.0,6.3,22.7,37.4,9.9,35.6,,,,,76.0,,,,,,0.018,740.6515502929688,-445.05615234375,-1093.90869140625,1180.9789176243398,157.8610771717615
f9b59268-33ad-4905-91cd-ccc9a1ae40a4,8.385942 46.778812,2023-04-14 08:30:00+02:00,2,EXPLOSIVE,LOOSE_SNOW,2,DRY,NE,139,46.778812,8.385942,0,TIT,TIT,-13.4,-13.6,-13.2,,,100.0,2.2,-13.4,684.7,,1002.8,2929.3,,8.5,327.0,2.1,7.6,30.6,8.3,29.9,,,,,263.0,,,,,,0.052,738.9261474609375,1856.9091796875,715.4296875,1989.9626477308693,291.07066856438576
26d0ed0c-b5fc-4983-9f76-b0f25e82ece7,8.388771 46.786265,2023-04-17 08:30:00+02:00,4,EXPLOSIVE,LOOSE_SNOW,1,DRY,NW,100,46.786265,8.388771,0,TIT,TIT,-9.6,-9.7,-9.4,,,91.6,2.7,-10.7,694.0,,1015.4,3030.7,,16.1,31.0,6.3,22.7,58.0,15.2,54.7,,,,,296.0,,,,,,0.057,745.5567626953125,1001.2939453125,-1150.927734375,1525.5242425713996,221.02289546196127
f4bf91bd-2855-4c53-b901-3cb18add524d,8.420301 46.78111,2023-04-19 08:00:00+02:00,4,EXPLOSIVE,SLAB,2,DRY,N,133,46.78111,8.420301,0,TIT,TIT,-6.5,-6.7,-6.4,,,78.4,3.0,-9.7,696.0,,1018.1,3052.4,,9.7,308.0,7.0,25.2,34.9,9.4,33.8,,,,,545.0,,,,,,0.12,759.58349609375,874.072265625,-621.826171875,1072.6929260340712,234.57146728890586
1360c83b-baa5-40fd-8967-adc55e27b8f8,8.035169 46.786944,2023-05-10 11:00:00+02:00,4,EXPLOSIVE,FULL_DEPTH,2,WET,SW,23,46.786944,8.035169,0,BRZ,BRZ,,,,,,,,,949.4,,1015.9,,,5.8,262.0,2.4,8.6,20.9,5.6,20.2,,,0.2,,,,,,,,,622.5305786132812,-663.46435546875,913.8427734375,1129.2889645885616,35.98024504551412
45a4cc4a-b623-44fe-a276-c1a4df80223b,8.420264 46.781131,2023-05-03 07:30:00+02:00,4,EXPLOSIVE,SLAB,2,DRY,N,115,46.781131,8.420264,0,TIT,TIT,-1.2,-1.4,-1.0,,,12.9,0.7,-26.3,700.1,,1023.7,3098.4,,15.2,59.0,9.4,33.8,54.7,14.1,50.8,,,,,410.0,,,,,,0.202,759.58349609375,874.072265625,-621.826171875,1072.6929260340712,234.57146728890586
b4aeb776-bc6c-459f-adeb-919a10f47c8a,8.420466 46.780907,2023-04-01 07:00:00.000 +0200,4,EXPLOSIVE,SLAB,2,DRY,NW,118,46.780907,8.420466,1,TIT,TIT,-10.8,-10.8,-10.6,,,97.0,2.6,-11.1,686.0,,1004.5,2941.7,,25.3,286.0,14.5,52.2,91.1,24.5,88.2,,,,,91.0,,,,,,0.013,759.4605712890625,1555.8837890625,-442.19970703125,1617.502688086176,254.13425279336218
ae543637-3b77-4592-997d-c9f3fc4c3078,8.424992 46.778957,2023-04-26 07:30:00+02:00,2,EXPLOSIVE,SLAB,2,DRY,N,229,46.778957,8.424992,0,TIT,TIT,-9.2,-9.2,-9.1,,,23.4,0.7,-26.4,692.4,,1013.2,3013.0,,14.7,275.0,9.8,35.3,52.9,14.4,51.8,,,,,381.0,,,,,,0.118,763.2218017578125,1885.0341796875,538.87939453125,1960.5470819239442,285.9537753137972
110f1420-d9f1-11ed-8014-25b7abf6ec82,8.252181 46.759933,2023-04-13 02:00:00.000 +0200,4,NATURAL,FULL_DEPTH,2,WET,S,54,46.759933,8.252181,1,MER,MER,4.8,4.7,5.0,3.9,3.8,89.5,7.7,3.2,939.9,1009.8,1008.5,,,1.7,45.0,0.7,2.5,6.1,1.7,6.1,0.0,,0.5,,0.0,,,,1.0,0.0,-0.004,676.0153198242188,-296.19140625,-636.767578125,702.2836305137196,155.05458271526572
8b4032b5-5847-4489-a91a-a268f821bb88,8.425022 46.770122,2023-05-17 09:30:00+02:00,2,EXPLOSIVE,SLAB,2,DRY,S,158,46.770122,8.425022,0,TIT,TIT,-6.9,-7.7,-6.2,,,85.1,3.1,-9.0,694.8,,1016.5,3039.5,,19.9,63.0,11.4,41.0,71.6,19.7,70.9,,,,,741.0,,,,,,0.128,761.7406616210938,1075.89111328125,-1517.2119140625,1859.9660426499088,215.34136178213532
35790a01-26e9-458d-9830-8b595ce08bc3,8.391669 46.779911,2023-04-14 16:00:00.000 +0200,5,PERSON,SLAB,3,DRY,NW,122,46.779911,8.391669,1,TIT,TIT,-10.8,-11.0,-10.5,,,36.7,1.0,-22.9,685.0,,1003.2,2930.8,,7.9,282.0,3.9,14.0,28.4,7.7,27.7,,,,,530.0,,,,,,0.127,743.1171875,488.671875,304.1015625,575.5675127480329,301.89409339107294
87548817-41cb-4875-9f16-2dd62dfe20ab,8.382498 46.780197,2023-04-01 07:00:00.000 +0200,4,EXPLOSIVE,SLAB,2,DRY,NE,79,46.780197,8.382498,1,TIT,TIT,-10.8,-10.8,-10.6,,,97.0,2.6,-11.1,686.0,,1004.5,2941.7,,25.3,286.0,14.5,52.2,91.1,24.5,88.2,,,,,91.0,,,,,,0.013,739.82470703125,627.20947265625,-361.23046875,723.7949807390736,240.06095131471258
87548817-41cb-4875-9f16-2dd62dfe20ab,8.382498 46.780197,2023-04-05 07:00:00+02:00,4,EXPLOSIVE,SLAB,2,DRY,NE,75,46.780197,8.382498,0,TIT,TIT,-14.1,-14.2,-14.0,,,28.1,0.6,-28.6,689.6,,1009.4,2984.0,,7.6,6.0,2.7,9.7,27.4,7.1,25.6,,,,,253.0,,,,,,0.059,739.82470703125,627.20947265625,-361.23046875,723.7949807390736,240.06095131471258
ff002b7f-49f5-4ba6-971a-c1b18578a2b6,8.389256 46.787371,2023-04-18 08:30:00+02:00,2,EXPLOSIVE,SLAB,1,DRY,N,93,46.787371,8.389256,0,ENG,ENG,5.1,4.3,5.9,12.1,9.3,69.1,6.1,-0.2,898.4,,1017.3,,1486.8,3.7,99.0,2.0,7.2,13.3,3.4,12.2,0.0,,0.0,0.0,460.0,253.0,,,,60.0,0.186,745.9564208984375,-514.3798828125,395.7275390625,648.9891748054537,52.42785973224594
367958a0-d439-11ed-a920-a702e6e7f311,8.242864 46.759718,2023-04-08 15:00:00+02:00,2,NATURAL,FULL_DEPTH,1,WET,S,40,46.759718,8.242864,0,MER,MER,11.1,10.9,11.2,13.1,12.6,48.0,6.3,0.5,950.5,1019.5,1019.7,,,12.6,321.0,6.9,24.8,45.4,12.2,43.9,0.0,,0.0,,371.0,,,,292.0,6.0,0.249,670.0982666015625,-593.26171875,-257.84912109375,646.8737405267148,113.49119369921517
c1bf9390-dd0b-11ed-8f1e-7bb69ddca4ec,8.237684 46.748368,2023-04-17 12:00:00+02:00,7,NATURAL,SLAB,2,DRY,NW,84,46.748368,8.237684,0,MER,MER,11.6,11.2,11.9,19.5,18.3,60.7,8.3,4.2,949.4,1018.2,1018.5,,,8.4,327.0,3.8,13.7,30.2,8.1,29.2,0.0,,0.0,,848.0,,,,368.0,39.0,0.412,667.4393920898438,265.2099609375,-1795.60546875,1815.085486357427,188.40181165468005
9879b1f6-3d1c-4854-ae1b-1f0a970d5832,8.425218 46.770162,2023-05-15 09:30:00+02:00,2,EXPLOSIVE,SLAB,2,DRY,S,165,46.770162,8.425218,0,TIT,TIT,-6.3,-6.6,-5.8,,,98.0,3.7,-6.6,693.2,,1014.3,3021.2,,7.5,355.0,2.6,9.4,27.0,7.1,25.6,,,,,461.0,,,,,,0.13,762.6640625,1480.95703125,-900.0,1732.984053131711,238.7123167053758
a608e0ea-99f5-4d75-9162-5dd2600c0d00,8.423735 46.779426,2023-04-05 07:00:00+02:00,4,EXPLOSIVE,SLAB,2,DRY,N,173,46.779426,8.423735,0,TIT,TIT,-14.1,-14.2,-14.0,,,28.1,0.6,-28.6,689.6,,1009.4,2984.0,,7.6,6.0,2.7,9.7,27.4,7.1,25.6,,,,,253.0,,,,,,0.059,763.22314453125,604.35791015625,-1931.72607421875,2024.0588206336824,197.3727625092364
bafec949-69be-4d29-96df-732ded5d7686,8.389718 46.787228,2023-04-01 08:00:00+02:00,3,EXPLOSIVE,SLAB,1,DRY,N,70,46.787228,8.389718,0,TIT,TIT,-10.5,-10.6,-10.3,,,95.9,2.7,-11.1,686.2,,1004.9,2944.5,,24.1,280.0,14.1,50.8,86.8,23.6,85.0,,,,,202.0,,,,,,0.026,746.5532836914062,2276.91650390625,-1173.01025390625,2561.308615050101,242.74361235020513
b121901c-cb98-4082-b65b-7aa17e40b945,8.420495 46.780984,2023-04-17 08:00:00+02:00,4,EXPLOSIVE,SLAB,2,DRY,NE,166,46.780984,8.420495,0,TIT,TIT,-9.6,-9.7,-9.4,,,91.6,2.7,-10.7,694.0,,1015.4,3030.7,,16.1,31.0,6.3,22.7,58.0,15.2,54.7,,,,,296.0,,,,,,0.057,759.96630859375,419.23828125,-252.24609375,489.27377640497747,238.96563872299566
c2674210-608f-480e-8889-772ed922cf40,8.384094 46.779592,2023-04-02 07:00:00+02:00,4,EXPLOSIVE,SLAB,2,DRY,NE,95,46.779592,8.384094,0,TIT,TIT,-11.8,-11.9,-11.7,,,95.3,2.4,-12.4,688.8,,1008.4,2974.4,,8.9,313.0,5.2,18.7,32.0,8.8,31.7,,,,,127.0,,,,,,0.022,739.6619873046875,617.54150390625,1249.8046875,1394.047799016865,333.7055433096777
49e457f5-5bb7-4272-bb56-c1782a243205,8.423263 46.779484,2023-04-19 08:00:00+02:00,4,EXPLOSIVE,SLAB,3,DRY,N,144,46.779484,8.423263,0,TIT,TIT,-6.5,-6.7,-6.4,,,78.4,3.0,-9.7,696.0,,1018.1,3052.4,,9.7,308.0,7.0,25.2,34.9,9.4,33.8,,,,,545.0,,,,,,0.12,762.3836059570312,804.96826171875,-2790.41748046875,2904.204472429597,196.09157727397564
b4aeb776-bc6c-459f-adeb-919a10f47c8a,8.420466 46.780907,2023-04-01 07:00:00+02:00,4,EXPLOSIVE,SLAB,2,DRY,NW,118,46.780907,8.420466,0,TIT,TIT,-10.8,-10.8,-10.6,,,97.0,2.6,-11.1,686.0,,1004.5,2941.7,,25.3,286.0,14.5,52.2,91.1,24.5,88.2,,,,,91.0,,,,,,0.013,759.4605712890625,1555.8837890625,-442.19970703125,1617.502688086176,254.13425279336218
ad918400-77b8-4908-b8c3-86205d723ff7,8.426238 46.77793,2023-04-27 07:30:00+02:00,2,EXPLOSIVE,SLAB,2,DRY,NE,187,46.77793,8.426238,0,TIT,TIT,-7.2,-7.3,-7.1,,,89.9,3.2,-8.6,696.2,,1018.4,3055.0,,8.5,238.0,4.7,16.9,30.6,8.4,30.2,,,,,272.0,,,,,,0.062,762.98095703125,506.79931640625,-562.60986328125,757.2155607032843,222.01254629079492
45a4cc4a-b623-44fe-a276-c1a4df80223b,8.420264 46.781131,2023-05-05 07:30:00+02:00,4,EXPLOSIVE,SLAB,2,DRY,N,100,46.781131,8.420264,0,TIT,TIT,-0.1,-0.6,0.6,,,68.5,4.1,-5.3,701.9,,1026.2,3119.6,,4.1,183.0,2.3,8.3,14.8,4.0,14.4,,,,,397.0,,,,,,0.145,759.58349609375,874.072265625,-621.826171875,1072.6929260340712,234.57146728890586
59a9c34c-87a8-4479-9db9-c3a9d7e37faf,8.42632 46.777873,2023-04-26 07:00:00+02:00,3,EXPLOSIVE,SLAB,2,DRY,NE,198,46.777873,8.42632,0,TIT,TIT,-9.2,-9.2,-9.1,,,23.4,0.7,-26.4,692.4,,1013.2,3013.0,,14.7,275.0,9.8,35.3,52.9,14.4,51.8,,,,,381.0,,,,,,0.118,762.9927978515625,-111.181640625,-1086.21826171875,1091.8935247098818,174.15575022355583
48001904-f349-4f12-8b6b-34916e483022,8.424677 46.77918,2023-04-13 07:30:00.000 +0200,2,EXPLOSIVE,SLAB,2,DRY,N,211,46.77918,8.424677,1,TIT,TIT,-13.5,-13.7,-13.0,,,100.0,2.2,-13.5,683.5,,1001.1,2915.8,,10.2,306.0,5.7,20.5,36.7,9.9,35.6,,,,,127.0,,,,,,0.019,763.7684936523438,968.115234375,-818.37158203125,1267.6668147842681,229.7913426430641
18414158-6d92-4cd1-ab90-28699222ae16,8.421236 46.785109,2023-05-04 16:30:00+02:00,2,EXPLOSIVE,SLAB,2,DRY,NW,111,46.785109,8.421236,0,TIT,TIT,1.1,0.7,1.4,,,75.8,5.0,-2.8,702.3,,1026.7,3124.5,,7.0,243.0,3.5,12.6,25.2,6.9,24.8,,,,,487.0,,,,,,0.179,763.1668701171875,-1156.4208984375,-2850.40283203125,3076.0535754753632,157.91739022172194
129ea644-660f-4e28-b1b5-6ad36254a3b7,8.425551 46.770235,2023-05-20 09:00:00+02:00,3,EXPLOSIVE,SLAB,2,DRY,SE,163,46.770235,8.425551,0,TIT,TIT,-1.7,-2.2,0.1,,,89.6,4.9,-3.2,696.2,,1018.3,3053.9,,16.7,153.0,11.7,42.1,60.1,15.9,57.2,,,,,353.0,,,,,,0.09,762.7124633789062,601.94091796875,-638.96484375,877.8433460894508,223.29101804078493
839994f8-5b6d-44ab-8e1c-fd57876e2bd9,8.4215 46.780442,2023-04-03 07:00:00+02:00,4,EXPLOSIVE,SLAB,2,DRY,E,112,46.780442,8.4215,0,TIT,TIT,-11.1,-11.4,-10.6,,,93.9,2.5,-11.9,692.7,,1013.6,3017.2,,10.4,32.0,6.3,22.7,37.4,9.9,35.6,,,,,76.0,,,,,,0.018,760.1211547851562,676.9775390625,-425.830078125,799.7686189336653,237.82942760048624
20077a30-ec16-11ed-aa20-6507e99101f4,8.022203 46.505884,2023-05-09 14:00:00+02:00,0,PERSON,SLAB,2,WET,E,82,46.505884,8.022203,0,JUN,JUN,-2.0,-2.6,-1.4,,,89.1,4.7,-3.6,656.7,,1021.1,3065.2,,7.8,123.0,5.8,20.9,28.1,7.7,27.7,,,,,604.0,294.0,,,,0.0,0.18,638.0261840820312,-635.77880859375,765.41748046875,995.026940772971,39.71404307188509
35790a01-26e9-458d-9830-8b595ce08bc3,8.391669 46.779911,2023-04-14 16:00:00+02:00,5,PERSON,SLAB,3,DRY,NW,122,46.779911,8.391669,0,TIT,TIT,-10.8,-11.0,-10.5,,,36.7,1.0,-22.9,685.0,,1003.2,2930.8,,7.9,282.0,3.9,14.0,28.4,7.7,27.7,,,,,530.0,,,,,,0.127,743.1171875,488.671875,304.1015625,575.5675127480329,301.89409339107294
c2674210-608f-480e-8889-772ed922cf40,8.384094 46.779592,2023-04-01 07:00:00.000 +0200,4,EXPLOSIVE,SLAB,2,DRY,NE,92,46.779592,8.384094,1,TIT,TIT,-10.8,-10.8,-10.6,,,97.0,2.6,-11.1,686.0,,1004.5,2941.7,,25.3,286.0,14.5,52.2,91.1,24.5,88.2,,,,,91.0,,,,,,0.013,739.6619873046875,617.54150390625,1249.8046875,1394.047799016865,333.7055433096777
c8a8b700-feb1-11ed-b35a-bf420b8ac344,8.01247 46.561817,2023-05-28 12:00:00.000 +0200,6,PERSON,SLAB,2,DRY,SE,201,46.561817,8.01247,1,JUN,JUN,-2.1,-2.7,-1.5,,,94.0,4.9,-3.0,660.2,,1026.0,3107.2,,5.6,309.0,2.6,9.4,20.2,5.5,19.8,,,,,773.0,289.0,,,,7.0,0.273,625.70361328125,-708.50830078125,673.4619140625,977.514686318656,46.45269393629553
ab2a9319-7f29-4629-a314-d5965080c33e,8.421443 46.780432,2023-05-04 07:30:00+02:00,4,EXPLOSIVE,SLAB,2,DRY,N,116,46.780432,8.421443,0,TIT,TIT,0.3,0.1,0.6,,,29.4,1.8,-15.5,701.8,,1026.0,3118.3,,6.5,307.0,4.7,16.9,23.4,6.5,23.4,,,,,407.0,,,,,,0.18,760.1211547851562,676.9775390625,-425.830078125,799.7686189336653,237.82942760048624
34e33f73-9c60-4cff-be3e-9f199f5b9d9e,8.385879 46.778707,2023-04-16 05:00:00.000 +0200,3,EXPLOSIVE,UNKNOWN,2,DRY,NE,126,46.778707,8.385879,1,TIT,TIT,-9.8,-10.0,-9.7,,,94.3,2.8,-10.6,691.9,,1012.6,3008.0,,13.0,336.0,3.9,14.0,46.8,12.7,45.7,,,,,0.0,,,,,,0.0,738.159423828125,-807.4951171875,-2791.95556640625,2906.383362371265,163.86896488795355
a94851d0-e58a-11ed-94a2-bf37c1703856,7.5461 46.68465,2023-04-29 12:00:00+02:00,7,NATURAL,SLAB,2,UNKNOWN,SW,20,46.68465,7.5461,0,THU,THU,17.1,16.7,17.4,,,68.6,13.4,11.3,949.7,1015.0,1016.6,,,3.3,107.0,1.7,6.1,11.9,3.2,11.5,,,0.0,,672.0,,,,,41.0,0.401,562.5616455078125,982.06787109375,-1802.197265625,2052.40646258504,208.5872063112933
d940ed50-ecda-11ed-aeab-3b3cc7819483,7.967581 46.511291,2023-05-08 12:00:00+02:00,7,NATURAL,SLAB,3,UNKNOWN,S,242,46.511291,7.967581,0,JUN,JUN,-3.6,-3.9,-3.0,,,97.2,4.5,-4.0,660.7,,1026.8,3116.1,,4.1,315.0,2.3,8.3,14.8,4.0,14.4,,,,,1051.0,241.0,,,,55.0,0.353,673.9722900390625,404.18701171875,1046.77734375,1122.1006852463993,338.88717349648687
3127a717-5395-4ff5-9722-0942f1737558,8.42626 46.777558,2023-04-15 06:30:00+02:00,5,EXPLOSIVE,SLAB,2,DRY,NE,176,46.777558,8.42626,0,TIT,TIT,-9.1,-9.2,-8.9,,,98.6,3.0,-9.3,684.9,,1003.0,2928.0,,13.9,300.0,9.9,35.6,50.0,13.8,49.7,,,,,45.0,,,,,,0.008,763.458251953125,-2435.6689453125,65.80810546875,2436.5578010597433,88.45233088164204
129ea644-660f-4e28-b1b5-6ad36254a3b7,8.425551 46.770235,2023-05-18 09:00:00+02:00,3,EXPLOSIVE,SLAB,2,DRY,SE,176,46.770235,8.425551,0,TIT,TIT,-1.6,-2.5,-0.9,,,77.4,4.2,-5.0,697.4,,1020.0,3067.6,,3.4,266.0,1.7,6.1,12.2,3.1,11.2,,,,,761.0,,,,,,0.279,762.7124633789062,601.94091796875,-638.96484375,877.8433460894508,223.29101804078493
f7fca170-d124-11ed-9f3d-c1122c0370be,8.243319 46.765333,2023-04-03 12:00:00+02:00,10,NATURAL,SLAB,3,WET,SW,80,46.765333,8.243319,0,MER,MER,5.7,5.4,6.2,10.3,8.5,65.4,6.0,-0.3,951.2,1021.7,1020.4,,,12.9,344.0,6.7,24.1,46.4,12.5,45.0,0.0,,0.0,,587.0,,,,309.0,38.0,0.231,670.1203002929688,321.8994140625,3.18603515625,321.9151807445522,270.56707281621993
f7fca170-d124-11ed-9f3d-c1122c0370be,8.243319 46.765333,2023-04-02 12:00:00+02:00,10,NATURAL,SLAB,3,WET,SW,84,46.765333,8.243319,0,MER,MER,10.9,10.5,11.2,14.2,13.3,56.7,7.4,2.6,946.1,1014.8,1015.0,,,4.8,289.0,2.9,10.4,17.3,4.7,16.9,0.0,,0.0,,482.0,,,,439.0,2.0,0.264,670.1203002929688,321.8994140625,3.18603515625,321.9151807445522,270.56707281621993
4067dd0b-f3b4-40af-8872-12824f7b55a6,8.423024 46.779666,2023-04-05 07:00:00+02:00,4,EXPLOSIVE,SLAB,3,DRY,NE,118,46.779666,8.423024,0,TIT,TIT,-14.1,-14.2,-14.0,,,28.1,0.6,-28.6,689.6,,1009.4,2984.0,,7.6,6.0,2.7,9.7,27.4,7.1,25.6,,,,,253.0,,,,,,0.059,761.8928833007812,656.43310546875,-2499.49951171875,2584.260480492943,194.71504785369478
3efdca94-9b97-483a-8a85-137add93bbd1,8.426389 46.777499,2023-05-06 07:30:00+02:00,4,EXPLOSIVE,SLAB,3,DRY,NE,145,46.777499,8.426389,0,TIT,TIT,-1.2,-1.7,-0.9,,,87.1,4.9,-3.1,700.2,,1023.8,3099.8,,14.1,261.0,8.7,31.3,50.8,13.8,49.7,,,,,337.0,,,,,,0.09,763.458251953125,-2435.6689453125,65.80810546875,2436.5578010597433,88.45233088164204
110f1420-d9f1-11ed-8014-25b7abf6ec82,8.252181 46.759933,2023-04-16 02:00:00+02:00,4,NATURAL,FULL_DEPTH,2,WET,S,79,46.759933,8.252181,0,MER,MER,5.1,5.1,5.2,4.5,4.4,95.4,8.4,4.5,949.5,1020.0,1018.6,,,1.1,333.0,0.4,1.4,4.0,1.0,3.6,0.0,,0.4,,1.0,,,,1.0,0.0,-0.006,676.0153198242188,-296.19140625,-636.767578125,702.2836305137196,155.05458271526572
792e43cf-e040-4ad1-98dd-47672e4855cd,8.426192 46.777884,2023-04-16 07:00:00+02:00,0,EXPLOSIVE,SLAB,2,DRY,NE,232,46.777884,8.426192,0,TIT,TIT,-9.6,-9.8,-9.5,,,97.1,2.9,-10.0,692.5,,1013.4,3014.3,,8.1,12.0,2.5,9.0,29.2,7.6,27.4,,,,,150.0,,,,,,0.035,762.9501342773438,-1177.0751953125,-389.90478515625,1239.9724823187414,108.32739193972753
8339db4e-32c5-49bd-ae04-41feeaf45eaa,8.420784 46.781168,2023-04-12 07:00:00+02:00,3,EXPLOSIVE,SLAB,2,DRY,N,142,46.781168,8.420784,0,TIT,TIT,-4.6,-4.7,-4.5,,,99.0,4.3,-4.8,690.1,,1010.2,2985.8,,25.3,268.0,12.0,43.2,91.1,24.2,87.1,,,,,99.0,,,,,,0.019,759.7236328125,302.23388671875,504.82177734375,588.379426188259,329.0912861493857
b1c2736c-200d-4a78-a75a-d1aa12bb81e8,7.992735 46.584254,2023-06-07 08:00:00+02:00,3,EXPLOSIVE,UNKNOWN,0,UNKNOWN,,4,46.584254,7.992735,0,JUN,JUN,-2.9,-3.3,-2.6,,,67.5,3.4,-8.1,660.4,,1026.4,3111.4,,1.9,360.0,0.2,0.7,6.8,1.7,6.1,,,,,676.0,195.0,,,,60.0,0.263,629.8162231445312,-922.6318359375,1105.8837890625,1440.2181986062508,39.83802821390573
1360c83b-baa5-40fd-8967-adc55e27b8f8,8.035169 46.786944,2023-05-09 11:00:00+02:00,4,EXPLOSIVE,FULL_DEPTH,2,WET,SW,23,46.786944,8.035169,0,BRZ,BRZ,,,,,,,,,948.7,,1015.2,,,4.2,258.0,2.5,9.0,15.1,4.1,14.8,,,0.0,,,,,,,,,622.5305786132812,-663.46435546875,913.8427734375,1129.2889645885616,35.98024504551412
23b16de7-0279-40fb-918f-75ed3769abf5,8.426264 46.778244,2023-05-19 07:00:00+02:00,4,EXPLOSIVE,SLAB,2,DRY,NE,141,46.778244,8.426264,0,TIT,TIT,-2.9,-3.2,-2.4,,,86.1,4.2,-4.9,697.8,,1020.6,3072.9,,10.4,165.0,6.6,23.8,37.4,10.0,36.0,,,,,261.0,,,,,,0.076,763.5789794921875,960.205078125,-1153.45458984375,1500.8168718696666,219.77603552705924
50374fe0-d439-11ed-a920-a702e6e7f311,8.245848 46.760908,2023-04-09 16:00:00+02:00,2,NATURAL,FULL_DEPTH,1,WET,SW,45,46.760908,8.245848,0,MER,MER,13.7,13.0,14.2,17.1,15.4,47.1,7.4,2.6,950.7,1019.0,1019.9,,,9.7,326.0,4.6,16.6,34.9,9.6,34.6,0.0,,0.0,,396.0,,,,74.0,60.0,0.251,672.4798583984375,248.18115234375,-138.6474609375,284.2833143240863,240.8099044636349
4b5d9a70-d15e-11ed-94cc-21edfa2a74e3,8.233716 46.754659,2023-04-02 15:30:00.000 +0200,1,NATURAL,FULL_DEPTH,2,WET,S,18,46.754659,8.233716,1,MER,MER,10.5,9.8,11.5,11.3,8.4,56.8,7.2,2.3,946.7,1015.6,1015.6,,,11.0,301.0,4.6,16.6,39.6,10.6,38.2,0.0,,0.1,,219.0,,,,178.0,6.0,0.164,664.812255859375,-231.48193359375,-347.8271484375,417.81288966529496,146.35589611458641
d940ed50-ecda-11ed-aeab-3b3cc7819483,7.967581 46.511291,2023-05-10 12:00:00+02:00,7,NATURAL,SLAB,3,UNKNOWN,S,247,46.511291,7.967581,0,JUN,JUN,-8.0,-8.6,-7.6,,,96.3,3.2,-8.5,653.0,,1015.9,3032.2,,7.0,314.0,4.1,14.8,25.2,6.9,24.8,,,,,983.0,272.0,,,,4.0,0.234,673.9722900390625,404.18701171875,1046.77734375,1122.1006852463993,338.88717349648687
099a6e90-d12e-11ed-ba10-b99b29af1712,8.260874 46.762857,2023-04-05 07:18:00+02:00,0,EXPLOSIVE,SLAB,3,DRY,NE,99,46.762857,8.260874,0,MER,MER,0.2,-0.8,1.3,1.0,-3.5,78.3,4.8,-3.2,949.7,1021.6,1018.8,,,2.2,99.0,0.9,3.2,7.9,2.2,7.9,0.0,,0.0,,201.0,,,,51.0,45.0,0.06,681.629638671875,-711.80419921875,568.54248046875,910.9916410829492,51.384435582299645
18414158-6d92-4cd1-ab90-28699222ae16,8.421236 46.785109,2023-05-03 16:30:00+02:00,2,EXPLOSIVE,SLAB,2,DRY,NW,113,46.785109,8.421236,0,TIT,TIT,-0.6,-0.9,-0.5,,,20.5,1.2,-20.6,701.3,,1025.4,3112.9,,5.1,119.0,2.9,10.4,18.4,5.0,18.0,,,,,585.0,,,,,,0.235,763.1668701171875,-1156.4208984375,-2850.40283203125,3076.0535754753632,157.91739022172194
33f93161-2ec3-46b0-ab16-f598e280759a,8.383072 46.779972,2023-04-15 08:00:00+02:00,4,EXPLOSIVE,SLAB,2,DRY,NE,105,46.779972,8.383072,0,TIT,TIT,-8.8,-8.9,-8.7,,,97.5,3.1,-9.1,685.0,,1003.2,2929.3,,13.4,306.0,10.3,37.1,48.2,12.9,46.4,,,,,285.0,,,,,,0.043,740.880126953125,1365.93017578125,-3138.57421875,3422.9246809872943,203.51902337309957
b2b22272-2994-46f8-ba69-aa77d0ffdafa,8.420101 46.781175,2023-04-29 00:00:00+02:00,6,NATURAL,SLAB,2,DRY,N,113,46.781175,8.420101,0,TIT,TIT,-2.0,-2.1,-1.9,,,100.0,5.3,-2.0,698.5,,1021.6,3081.0,,15.3,285.0,10.1,36.4,55.1,14.7,52.9,,,,,0.0,,,,,,-0.002,759.620849609375,-140.51513671875,692.138671875,706.2580581855176,11.475986466331335
3127a717-5395-4ff5-9722-0942f1737558,8.42626 46.777558,2023-04-16 06:30:00+02:00,5,EXPLOSIVE,SLAB,2,DRY,NE,197,46.777558,8.42626,0,TIT,TIT,-9.8,-9.9,-9.7,,,93.4,2.7,-10.7,692.3,,1013.1,3011.9,,10.6,343.0,2.7,9.7,38.2,10.1,36.4,,,,,29.0,,,,,,0.013,763.458251953125,-2435.6689453125,65.80810546875,2436.5578010597433,88.45233088164204
673e5d3c-9736-4824-ac24-c511ffd507c4,8.418437 46.784875,2023-04-16 08:00:00+02:00,4,EXPLOSIVE,SLAB,1,DRY,NW,169,46.784875,8.418437,0,TIT,TIT,-9.5,-9.6,-9.3,,,94.1,2.8,-10.3,692.7,,1013.7,3017.0,,7.6,16.0,3.6,13.0,27.4,7.1,25.6,,,,,249.0,,,,,,0.057,761.7616577148438,-112.939453125,-2126.18408203125,2129.181549505641,176.9593986356536
5192475d-5f0c-41d7-bde8-a82e5bea8b68,8.422294 46.780382,2023-04-17 08:00:00+02:00,4,EXPLOSIVE,SLAB,3,DRY,N,198,46.780382,8.422294,0,TIT,TIT,-9.6,-9.7,-9.4,,,91.6,2.7,-10.7,694.0,,1015.4,3030.7,,16.1,31.0,6.3,22.7,58.0,15.2,54.7,,,,,296.0,,,,,,0.057,760.693115234375,1238.48876953125,-1949.08447265625,2309.282294091548,212.43272500298517
fe8541fa-4448-482f-8c28-995faac1b624,8.419783 46.781356,2023-04-14 07:30:00+02:00,2,EXPLOSIVE,SLAB,1,DRY,N,156,46.781356,8.419783,0,TIT,TIT,-13.4,-13.7,-13.1,,,99.4,2.2,-13.5,684.7,,1002.8,2929.1,,9.3,318.0,3.0,10.8,33.5,8.9,32.0,,,,,121.0,,,,,,0.023,758.8815307617188,-1939.5263671875,-1050.18310546875,2205.594496734957,118.43393634386692
da27b6a6-0240-478c-9ff6-ab83983e37eb,8.426516 46.77779,2023-04-30 07:30:00+02:00,2,EXPLOSIVE,SLAB,2,DRY,NE,175,46.77779,8.426516,0,TIT,TIT,-2.5,-2.8,-2.2,,,55.7,2.8,-10.2,696.8,,1019.2,3060.9,,4.1,178.0,2.8,10.1,14.8,3.8,13.7,,,,,281.0,,,,,,0.108,762.9927978515625,-111.181640625,-1086.21826171875,1091.8935247098818,174.15575022355583
0d6a183c-f453-4a31-98c7-90213921e278,8.417328 46.785788,2023-04-04 06:30:00+02:00,2,EXPLOSIVE,SLAB,1,DRY,NW,78,46.785788,8.417328,0,TIT,TIT,-13.5,-14.1,-12.8,,,16.5,0.4,-33.9,688.4,,1007.8,2970.2,,24.1,61.0,10.0,36.0,86.8,23.5,84.6,,,,,52.0,,,,,,0.07,760.0443725585938,104.26025390625,-1012.060546875,1017.4167047407467,185.88173690537573
b210fde3-14f2-42fc-8dc3-c8d01a9cf57a,8.425206 46.770128,2023-05-20 09:00:00+02:00,3,EXPLOSIVE,SLAB,2,DRY,S,160,46.770128,8.425206,0,TIT,TIT,-1.7,-2.2,0.1,,,89.6,4.9,-3.2,696.2,,1018.3,3053.9,,16.7,153.0,11.7,42.1,60.1,15.9,57.2,,,,,353.0,,,,,,0.09,761.9268798828125,601.06201171875,-1339.892578125,1468.5324861390877,204.16051306819816
1a787419-5802-4808-a192-fbe672afe523,8.389757 46.787324,2023-04-16 08:30:00+02:00,4,EXPLOSIVE,LOOSE_SNOW,2,DRY,N,135,46.787324,8.389757,0,TIT,TIT,-9.5,-9.6,-9.3,,,94.1,2.8,-10.3,692.7,,1013.7,3017.0,,7.6,16.0,3.6,13.0,27.4,7.1,25.6,,,,,249.0,,,,,,0.057,746.5532836914062,2276.91650390625,-1173.01025390625,2561.308615050101,242.74361235020513
59a9c34c-87a8-4479-9db9-c3a9d7e37faf,8.42632 46.777873,2023-04-27 07:00:00+02:00,3,EXPLOSIVE,SLAB,2,DRY,NE,187,46.777873,8.42632,0,TIT,TIT,-7.2,-7.3,-7.1,,,89.9,3.2,-8.6,696.2,,1018.4,3055.0,,8.5,238.0,4.7,16.9,30.6,8.4,30.2,,,,,272.0,,,,,,0.062,762.9927978515625,-111.181640625,-1086.21826171875,1091.8935247098818,174.15575022355583
c8a8b700-feb1-11ed-b35a-bf420b8ac344,8.01247 46.561817,2023-05-28 12:00:00+02:00,6,PERSON,SLAB,2,DRY,SE,201,46.561817,8.01247,0,JUN,JUN,-2.1,-2.7,-1.5,,,94.0,4.9,-3.0,660.2,,1026.0,3107.2,,5.6,309.0,2.6,9.4,20.2,5.5,19.8,,,,,773.0,289.0,,,,7.0,0.273,625.70361328125,-708.50830078125,673.4619140625,977.514686318656,46.45269393629553
a608e0ea-99f5-4d75-9162-5dd2600c0d00,8.423735 46.779426,2023-04-01 07:00:00+02:00,4,EXPLOSIVE,SLAB,2,DRY,N,182,46.779426,8.423735,0,TIT,TIT,-10.8,-10.8,-10.6,,,97.0,2.6,-11.1,686.0,,1004.5,2941.7,,25.3,286.0,14.5,52.2,91.1,24.5,88.2,,,,,91.0,,,,,,0.013,763.22314453125,604.35791015625,-1931.72607421875,2024.0588206336824,197.3727625092364
8b4032b5-5847-4489-a91a-a268f821bb88,8.425022 46.770122,2023-05-18 09:30:00+02:00,2,EXPLOSIVE,SLAB,2,DRY,S,171,46.770122,8.425022,0,TIT,TIT,-1.6,-2.5,-0.9,,,77.4,4.2,-5.0,697.4,,1020.0,3067.6,,3.4,266.0,1.7,6.1,12.2,3.1,11.2,,,,,761.0,,,,,,0.279,761.7406616210938,1075.89111328125,-1517.2119140625,1859.9660426499088,215.34136178213532
63723fcc-14a3-472f-a9d8-8ce81f021fe4,8.42184 46.780304,2023-04-29 07:30:00.000 +0200,2,EXPLOSIVE,LOOSE_SNOW,1,WET,N,113,46.780304,8.42184,1,TIT,TIT,-2.8,-3.0,-2.6,,,99.3,4.9,-2.9,697.5,,1020.2,3069.6,,7.7,346.0,2.3,8.3,27.7,7.4,26.6,,,,,143.0,,,,,,0.049,760.15185546875,228.62548828125,-1075.341796875,1099.3769117087159,192.00277998423186
20077a30-ec16-11ed-aa20-6507e99101f4,8.022203 46.505884,2023-05-06 14:00:00+02:00,0,PERSON,SLAB,2,WET,E,90,46.505884,8.022203,0,JUN,JUN,-2.4,-2.6,-2.2,,,73.0,3.8,-6.5,660.2,,1026.1,3108.0,,9.0,320.0,3.7,13.3,32.4,8.7,31.3,,,,,827.0,224.0,,,,57.0,0.275,638.0261840820312,-635.77880859375,765.41748046875,995.026940772971,39.71404307188509
f4bf91bd-2855-4c53-b901-3cb18add524d,8.420301 46.78111,2023-04-16 08:00:00.000 +0200,4,EXPLOSIVE,SLAB,2,DRY,N,173,46.78111,8.420301,1,TIT,TIT,-9.5,-9.6,-9.3,,,94.1,2.8,-10.3,692.7,,1013.7,3017.0,,7.6,16.0,3.6,13.0,27.4,7.1,25.6,,,,,249.0,,,,,,0.057,759.58349609375,874.072265625,-621.826171875,1072.6929260340712,234.57146728890586
9879b1f6-3d1c-4854-ae1b-1f0a970d5832,8.425218 46.770162,2023-05-15 09:30:00.000 +0200,2,EXPLOSIVE,SLAB,2,DRY,S,165,46.770162,8.425218,1,TIT,TIT,-6.3,-6.6,-5.8,,,98.0,3.7,-6.6,693.2,,1014.3,3021.2,,7.5,355.0,2.6,9.4,27.0,7.1,25.6,,,,,461.0,,,,,,0.13,762.6640625,1480.95703125,-900.0,1732.984053131711,238.7123167053758
1bae5ef4-62c9-4601-861f-8e5b286b94b1,8.422604 46.780389,2023-04-15 07:30:00+02:00,2,EXPLOSIVE,SLAB,2,DRY,N,221,46.780389,8.422604,0,TIT,TIT,-9.0,-9.1,-8.8,,,97.9,3.0,-9.3,685.0,,1003.1,2929.2,,13.6,300.0,9.7,34.9,49.0,13.3,47.9,,,,,147.0,,,,,,0.023,761.2346801757812,793.65234375,-2353.60107421875,2483.8120016022795,198.63450110654304
68246170-d6db-11ed-8552-37fbec7ec321,8.370977 46.777677,2023-04-12 15:00:00+02:00,3,NATURAL,FULL_DEPTH,2,WET,S,26,46.777677,8.370977,0,TIT,TIT,-4.9,-5.0,-4.7,,,94.9,4.0,-5.6,687.5,,1006.6,2955.7,,9.8,211.0,7.1,25.6,35.3,9.6,34.6,,,,,361.0,,,,,,0.082,734.1911010742188,-529.1015625,-456.26220703125,698.6584752258922,130.7723117290622
59a9c34c-87a8-4479-9db9-c3a9d7e37faf,8.42632 46.777873,2023-04-25 07:00:00+02:00,3,EXPLOSIVE,SLAB,2,DRY,NE,181,46.777873,8.42632,0,TIT,TIT,-10.2,-10.4,-10.0,,,98.9,2.8,-10.3,687.7,,1006.9,2961.3,,16.3,291.0,10.1,36.4,58.7,15.8,56.9,,,,,90.0,,,,,,0.015,762.9927978515625,-111.181640625,-1086.21826171875,1091.8935247098818,174.15575022355583
26f6eb66-fc4c-4eb2-aecd-11eeddba5a5a,7.964013 46.534843,2023-05-17 10:30:00.000 +0200,3,PERSON,SLAB,1,DRY,SE,283,46.534843,7.964013,1,JUN,JUN,-5.5,-6.2,-4.4,,,79.8,3.2,-8.4,653.8,,1016.9,3035.6,,8.0,136.0,4.4,15.8,28.8,7.7,27.7,,,,,875.0,237.0,,,,16.0,0.24,672.6456298828125,-1239.0380859375,282.12890625,1270.7525715675279,77.17246046219545
514e8b36-8761-43bc-a150-8a7eaeb0c925,8.038115 46.78053,2023-05-12 11:00:00+02:00,4,EXPLOSIVE,FULL_DEPTH,1,WET,NW,50,46.78053,8.038115,0,BRZ,BRZ,,,,,,,,,946.8,,1013.2,,,3.6,256.0,2.1,7.6,13.0,3.4,12.2,,,0.0,,,,,,,,,628.7517700195312,-1166.30859375,-2373.486328125,2644.5629290397683,153.83093742679455
be39a3d6-d2cf-47e2-870e-49c1b9134b29,8.422461 46.779843,2023-05-18 07:00:00+02:00,4,EXPLOSIVE,SLAB,2,DRY,N,83,46.779843,8.422461,0,TIT,TIT,-2.3,-2.5,-2.0,,,76.5,4.0,-5.8,696.9,,1019.4,3062.9,,2.7,248.0,1.9,6.8,9.7,2.7,9.7,,,,,457.0,,,,,,0.152,760.8377075195312,-135.46142578125,-1545.99609375,1551.91936638633,174.99248631940367
ab2a9319-7f29-4629-a314-d5965080c33e,8.421443 46.780432,2023-05-05 07:30:00+02:00,4,EXPLOSIVE,SLAB,2,DRY,N,103,46.780432,8.421443,0,TIT,TIT,-0.1,-0.6,0.6,,,68.5,4.1,-5.3,701.9,,1026.2,3119.6,,4.1,183.0,2.3,8.3,14.8,4.0,14.4,,,,,397.0,,,,,,0.145,760.1211547851562,676.9775390625,-425.830078125,799.7686189336653,237.82942760048624
ad918400-77b8-4908-b8c3-86205d723ff7,8.426238 46.77793,2023-04-26 07:30:00.000 +0200,2,EXPLOSIVE,SLAB,2,DRY,NE,198,46.77793,8.426238,1,TIT,TIT,-9.2,-9.2,-9.1,,,23.4,0.7,-26.4,692.4,,1013.2,3013.0,,14.7,275.0,9.8,35.3,52.9,14.4,51.8,,,,,381.0,,,,,,0.118,762.98095703125,506.79931640625,-562.60986328125,757.2155607032843,222.01254629079492
850fbf08-4de4-4e22-97a7-6ee73d0c55e0,8.423568 46.779438,2023-04-26 07:30:00+02:00,2,EXPLOSIVE,SLAB,2,DRY,N,178,46.779438,8.423568,0,TIT,TIT,-9.2,-9.2,-9.1,,,23.4,0.7,-26.4,692.4,,1013.2,3013.0,,14.7,275.0,9.8,35.3,52.9,14.4,51.8,,,,,381.0,,,,,,0.118,763.22314453125,604.35791015625,-1931.72607421875,2024.0588206336824,197.3727625092364
0d6a183c-f453-4a31-98c7-90213921e278,8.417328 46.785788,2023-04-01 06:30:00+02:00,2,EXPLOSIVE,SLAB,1,DRY,NW,79,46.785788,8.417328,0,TIT,TIT,-10.8,-10.8,-10.7,,,95.6,2.6,-11.4,685.8,,1004.3,2940.2,,26.1,286.0,14.8,53.3,94.0,25.5,91.8,,,,,7.0,,,,,,0.008,760.0443725585938,104.26025390625,-1012.060546875,1017.4167047407467,185.88173690537573
367958a0-d439-11ed-a920-a702e6e7f311,8.242864 46.759718,2023-04-07 15:00:00+02:00,2,NATURAL,FULL_DEPTH,1,WET,S,39,46.759718,8.242864,0,MER,MER,7.6,6.9,8.1,8.4,7.3,74.3,7.7,3.3,947.5,1017.2,1016.5,,,9.6,290.0,4.2,15.1,34.6,9.3,33.5,0.0,,0.0,,274.0,,,,261.0,0.0,0.136,670.0982666015625,-593.26171875,-257.84912109375,646.8737405267148,113.49119369921517
fe8541fa-4448-482f-8c28-995faac1b624,8.419783 46.781356,2023-04-13 07:30:00.000 +0200,2,EXPLOSIVE,SLAB,1,DRY,N,105,46.781356,8.419783,1,TIT,TIT,-13.5,-13.7,-13.0,,,100.0,2.2,-13.5,683.5,,1001.1,2915.8,,10.2,306.0,5.7,20.5,36.7,9.9,35.6,,,,,127.0,,,,,,0.019,758.8815307617188,-1939.5263671875,-1050.18310546875,2205.594496734957,118.43393634386692
f7fca170-d124-11ed-9f3d-c1122c0370be,8.243319 46.765333,2023-04-01 12:00:00+02:00,10,NATURAL,SLAB,3,WET,SW,82,46.765333,8.243319,0,MER,MER,9.8,8.5,10.7,15.5,11.8,65.6,7.9,3.6,940.8,1009.5,1009.4,,,4.8,117.0,2.7,9.7,17.3,4.7,16.9,0.0,,0.0,,762.0,,,,455.0,26.0,0.354,670.1203002929688,321.8994140625,3.18603515625,321.9151807445522,270.56707281621993
35750744-ea24-4b2e-81ea-9ce6b475ccb9,8.42211 46.780566,2023-04-17 06:30:00+02:00,5,EXPLOSIVE,SLAB,2,DRY,N,225,46.780566,8.42211,0,TIT,TIT,-9.4,-9.4,-9.3,,,95.4,2.9,-10.0,693.7,,1015.0,3028.0,,15.7,25.0,8.0,28.8,56.5,14.6,52.6,,,,,38.0,,,,,,0.012,761.1071166992188,1203.8818359375,-1454.69970703125,1888.2485833536457,219.61051112267845
1b05e8ea-984f-445d-8163-f5d970cfecf8,8.387973 46.785269,2023-04-12 07:00:00+02:00,4,EXPLOSIVE,SLAB,1,WET,NW,67,46.785269,8.387973,0,TIT,TIT,-4.6,-4.7,-4.5,,,99.0,4.3,-4.8,690.1,,1010.2,2985.8,,25.3,268.0,12.0,43.2,91.1,24.2,87.1,,,,,99.0,,,,,,0.019,744.79541015625,581.06689453125,-1019.64111328125,1173.5871232310014,209.67768820011696
e18fb476-2bc8-4cdf-829a-b6f36d7508bd,8.420851 46.780719,2023-04-29 00:00:00+02:00,6,NATURAL,SLAB,2,DRY,NW,119,46.780719,8.420851,0,TIT,TIT,-2.0,-2.1,-1.9,,,100.0,5.3,-2.0,698.5,,1021.6,3081.0,,15.3,285.0,10.1,36.4,55.1,14.7,52.9,,,,,0.0,,,,,,-0.002,759.5701904296875,1050.62255859375,-655.8837890625,1238.544026420159,238.02424677849248
1851a448-559e-4572-8066-2824a030e41d,8.385872 46.778947,2023-04-17 07:30:00+02:00,2,EXPLOSIVE,LOOSE_SNOW,1,DRY,NE,152,46.778947,8.385872,0,TIT,TIT,-9.4,-9.6,-9.3,,,95.6,2.9,-10.0,694.0,,1015.4,3030.7,,12.7,29.0,5.5,19.8,45.7,11.9,42.8,,,,,131.0,,,,,,0.028,738.9261474609375,1856.9091796875,715.4296875,1989.9626477308693,291.07066856438576
b2b22272-2994-46f8-ba69-aa77d0ffdafa,8.420101 46.781175,2023-04-26 00:00:00+02:00,6,NATURAL,SLAB,2,DRY,N,126,46.781175,8.420101,0,TIT,TIT,-12.0,-12.3,-11.4,,,84.7,2.1,-14.1,691.8,,1012.5,3007.9,,15.6,275.0,9.6,34.6,56.2,15.1,54.4,,,,,0.0,,,,,,0.004,759.620849609375,-140.51513671875,692.138671875,706.2580581855176,11.475986466331335
b2b22272-2994-46f8-ba69-aa77d0ffdafa,8.420101 46.781175,2023-04-25 00:00:00+02:00,6,NATURAL,SLAB,2,DRY,N,115,46.781175,8.420101,0,TIT,TIT,-9.7,-10.0,-9.1,,,98.9,2.9,-9.8,689.8,,1009.7,2984.4,,15.3,252.0,4.8,17.3,55.1,15.2,54.7,,,,,0.0,,,,,,-0.001,759.620849609375,-140.51513671875,692.138671875,706.2580581855176,11.475986466331335
ff002b7f-49f5-4ba6-971a-c1b18578a2b6,8.389256 46.787371,2023-04-17 08:30:00+02:00,2,EXPLOSIVE,SLAB,1,DRY,N,101,46.787371,8.389256,0,ENG,ENG,4.0,3.0,5.4,7.8,4.9,89.2,7.3,2.4,900.3,,1019.4,,1502.5,3.8,135.0,0.8,2.9,13.7,3.6,13.0,0.0,,0.0,0.0,430.0,288.0,,,,28.0,0.168,745.9564208984375,-514.3798828125,395.7275390625,648.9891748054537,52.42785973224594
9fe44fc7-c389-4ba2-9149-62bca569dc15,8.426432 46.777678,2023-05-21 07:00:00+02:00,4,EXPLOSIVE,SLAB,2,DRY,NE,126,46.777678,8.426432,0,TIT,TIT,-0.8,-1.1,-0.2,,,89.3,5.2,-2.3,697.5,,1020.2,3069.0,,11.5,145.0,5.5,19.8,41.4,11.1,40.0,,,,,278.0,,,,,,0.088,762.9927978515625,-111.181640625,-1086.21826171875,1091.8935247098818,174.15575022355583
63723fcc-14a3-472f-a9d8-8ce81f021fe4,8.42184 46.780304,2023-05-02 07:30:00+02:00,2,EXPLOSIVE,LOOSE_SNOW,1,WET,N,118,46.780304,8.42184,0,TIT,TIT,-6.7,-6.9,-6.5,,,97.5,3.6,-7.1,697.0,,1019.6,3064.7,,10.9,23.0,7.1,25.6,39.2,10.7,38.5,,,,,152.0,,,,,,0.033,760.15185546875,228.62548828125,-1075.341796875,1099.3769117087159,192.00277998423186
63723fcc-14a3-472f-a9d8-8ce81f021fe4,8.42184 46.780304,2023-04-29 07:30:00+02:00,2,EXPLOSIVE,LOOSE_SNOW,1,WET,N,113,46.780304,8.42184,0,TIT,TIT,-2.8,-3.0,-2.6,,,99.3,4.9,-2.9,697.5,,1020.2,3069.6,,7.7,346.0,2.3,8.3,27.7,7.4,26.6,,,,,143.0,,,,,,0.049,760.15185546875,228.62548828125,-1075.341796875,1099.3769117087159,192.00277998423186
233c98fe-a27b-4c5e-992f-1bc9cdd0362a,8.422835 46.779803,2023-04-27 07:00:00+02:00,3,EXPLOSIVE,SLAB,2,DRY,N,136,46.779803,8.422835,0,TIT,TIT,-7.2,-7.3,-7.1,,,89.9,3.2,-8.6,696.2,,1018.4,3055.0,,8.5,238.0,4.7,16.9,30.6,8.4,30.2,,,,,272.0,,,,,,0.062,761.37451171875,-2.08740234375,-1899.31640625,1899.3175533067028,179.93703034634154
26f6eb66-fc4c-4eb2-aecd-11eeddba5a5a,7.964013 46.534843,2023-05-21 10:30:00+02:00,3,PERSON,SLAB,1,DRY,SE,289,46.534843,7.964013,0,JUN,JUN,-2.8,-2.9,-2.5,,,99.1,4.9,-2.9,657.6,,1022.3,3076.7,,13.8,141.0,11.5,41.4,49.7,13.7,49.3,,,,,483.0,297.0,,,,0.0,0.1,672.6456298828125,-1239.0380859375,282.12890625,1270.7525715675279,77.17246046219545
3127a717-5395-4ff5-9722-0942f1737558,8.42626 46.777558,2023-04-14 06:30:00.000 +0200,5,EXPLOSIVE,SLAB,2,DRY,NE,185,46.777558,8.42626,1,TIT,TIT,-13.5,-13.9,-13.1,,,100.0,2.2,-13.5,684.5,,1002.4,2926.6,,9.8,323.0,2.1,7.6,35.3,9.6,34.6,,,,,25.0,,,,,,0.008,763.458251953125,-2435.6689453125,65.80810546875,2436.5578010597433,88.45233088164204
97f65a13-9c8a-44c6-b5dc-c7c4d60fed1e,7.972757 46.575628,2023-04-17 07:30:00+02:00,2,EXPLOSIVE,SLAB,1,DRY,N,76,46.575628,7.972757,0,JUN,JUN,-12.2,-12.6,-11.9,,,76.7,1.8,-15.5,651.9,,1014.3,3028.0,,12.4,40.0,5.8,20.9,44.6,12.0,43.2,,,,,277.0,161.0,,,,57.0,0.052,645.8840942382812,95.47119140625,1123.35205078125,1127.4016934451397,355.1422324947262
dda75b80-ddc2-11ed-b3b1-431b3c02902e,8.263291 46.74286,2023-04-20 14:30:00+02:00,1,SNOW_GROOMER,SLAB,3,DRY,SE,103,46.74286,8.263291,0,MER,MER,5.7,5.5,5.9,5.9,5.6,89.6,8.2,4.2,942.2,1012.0,1010.9,,,3.5,292.0,1.7,6.1,12.6,3.4,12.2,0.0,,1.7,,61.0,,,,55.0,0.0,0.044,686.8361206054688,-379.248046875,-98.6572265625,391.8702966690722,104.58167844827773
8d0101b0-de65-11ed-ad4d-6fea2397c693,7.846102 46.562407,2023-04-19 12:00:00+02:00,7,NATURAL,FULL_DEPTH,2,WET,S,109,46.562407,7.846102,0,INT,INT,12.3,11.9,12.5,23.2,22.6,67.6,9.7,6.5,949.6,1017.0,1017.5,,,9.1,288.0,5.0,18.0,32.8,8.6,31.0,0.0,,0.0,,869.0,,,,120.0,60.0,0.411,668.0802612304688,2308.99658203125,-617.98095703125,2390.2647717533837,255.01650424577497
d68cc42c-2801-4238-bb58-3d963f2ab1ea,8.380899 46.782267,2023-04-04 07:00:00+02:00,4,EXPLOSIVE,SLAB,3,DRY,N,108,46.782267,8.380899,0,TIT,TIT,-13.3,-13.6,-13.1,,,20.2,0.5,-31.5,688.6,,1008.1,2972.7,,22.7,49.0,6.8,24.5,81.7,21.8,78.5,,,,,257.0,,,,,,0.081,740.3651733398438,2322.18017578125,308.7158203125,2342.6109848847414,277.5726253123122
a608e0ea-99f5-4d75-9162-5dd2600c0d00,8.423735 46.779426,2023-04-04 07:00:00+02:00,4,EXPLOSIVE,SLAB,2,DRY,N,176,46.779426,8.423735,0,TIT,TIT,-13.3,-13.6,-13.1,,,20.2,0.5,-31.5,688.6,,1008.1,2972.7,,22.7,49.0,6.8,24.5,81.7,21.8,78.5,,,,,257.0,,,,,,0.081,763.22314453125,604.35791015625,-1931.72607421875,2024.0588206336824,197.3727625092364
4067dd0b-f3b4-40af-8872-12824f7b55a6,8.423024 46.779666,2023-04-01 07:00:00+02:00,4,EXPLOSIVE,SLAB,3,DRY,NE,125,46.779666,8.423024,0,TIT,TIT,-10.8,-10.8,-10.6,,,97.0,2.6,-11.1,686.0,,1004.5,2941.7,,25.3,286.0,14.5,52.2,91.1,24.5,88.2,,,,,91.0,,,,,,0.013,761.8928833007812,656.43310546875,-2499.49951171875,2584.260480492943,194.71504785369478
839994f8-5b6d-44ab-8e1c-fd57876e2bd9,8.4215 46.780442,2023-04-04 07:00:00+02:00,4,EXPLOSIVE,SLAB,2,DRY,E,114,46.780442,8.4215,0,TIT,TIT,-13.3,-13.6,-13.1,,,20.2,0.5,-31.5,688.6,,1008.1,2972.7,,22.7,49.0,6.8,24.5,81.7,21.8,78.5,,,,,257.0,,,,,,0.081,760.1211547851562,676.9775390625,-425.830078125,799.7686189336653,237.82942760048624
b5d8fc03-e36a-4fa1-9d42-ea7105356bda,8.385358 46.779077,2023-04-20 05:00:00+02:00,3,EXPLOSIVE,UNKNOWN,2,DRY,NE,102,46.779077,8.385358,0,TIT,TIT,-7.9,-8.0,-7.8,,,80.9,2.7,-10.6,688.7,,1008.2,2970.6,,15.4,245.0,10.4,37.4,55.4,15.2,54.7,,,,,7.0,,,,,,0.007,739.8767700195312,888.02490234375,118.4326171875,895.8875554423712,277.59650059112585
b4aeb776-bc6c-459f-adeb-919a10f47c8a,8.420466 46.780907,2023-04-04 07:00:00+02:00,4,EXPLOSIVE,SLAB,2,DRY,NW,116,46.780907,8.420466,0,TIT,TIT,-13.3,-13.6,-13.1,,,20.2,0.5,-31.5,688.6,,1008.1,2972.7,,22.7,49.0,6.8,24.5,81.7,21.8,78.5,,,,,257.0,,,,,,0.081,759.4605712890625,1555.8837890625,-442.19970703125,1617.502688086176,254.13425279336218
11290122-2f71-4b65-840e-5b583a64fdd5,8.389124 46.787453,2023-04-15 07:00:00+02:00,4,EXPLOSIVE,SLAB,2,WET,N,100,46.787453,8.389124,0,ENG,ENG,0.5,0.3,0.7,0.3,0.2,96.3,6.1,-0.1,889.2,,1007.1,,1397.6,1.8,90.0,0.9,3.2,6.5,1.6,5.8,0.0,,1.3,0.0,49.0,316.0,,,,0.0,0.027,745.9564208984375,-514.3798828125,395.7275390625,648.9891748054537,52.42785973224594
146fb98c-e881-4676-9e59-446d1d57d1c2,8.034003 46.784284,2023-04-18 10:30:00.000 +0200,4,EXPLOSIVE,SLAB,2,DRY,S,29,46.784284,8.034003,1,BRZ,BRZ,,,,,,,,,950.6,,1017.2,,,6.1,107.0,2.6,9.4,22.0,6.0,21.6,,,0.0,,,,,,,,,622.0633544921875,-860.11962890625,-1528.30810546875,1753.7193165587546,150.6295373945058
4b5d9a70-d15e-11ed-94cc-21edfa2a74e3,8.233716 46.754659,2023-04-05 15:30:00+02:00,1,NATURAL,FULL_DEPTH,2,WET,S,15,46.754659,8.233716,0,MER,MER,9.8,9.4,10.1,14.9,14.1,43.4,5.3,-2.1,948.1,1017.2,1017.1,,,9.5,317.0,4.9,17.6,34.2,9.3,33.5,0.0,,0.0,,594.0,,,,148.0,60.0,0.304,664.812255859375,-231.48193359375,-347.8271484375,417.81288966529496,146.35589611458641
74720590-2505-48bc-ad7b-327442e7d8ae,8.216759 46.608474,2023-04-21 12:00:00.000 +0200,7,PERSON,SLAB,1,DRY,N,130,46.608474,8.216759,1,GRH,GRH,1.9,1.3,2.4,,,76.3,5.4,-1.8,799.3,,1013.9,,1461.9,10.7,152.0,7.0,25.2,38.5,10.2,36.7,,,0.0,186.0,555.0,311.0,,,,0.0,0.188,678.3681640625,1724.96337890625,-1325.93994140625,2175.6873366327427,232.45134135486592
8cb21b8c-4e00-4409-bc59-db5c053ba65d,8.42279 46.779714,2023-04-18 06:30:00+02:00,5,EXPLOSIVE,SLAB,2,DRY,N,151,46.779714,8.42279,0,TIT,TIT,-7.8,-7.9,-7.6,,,78.7,2.7,-10.9,693.5,,1014.7,3025.2,,6.6,217.0,4.4,15.8,23.8,6.4,23.0,,,,,44.0,,,,,,0.026,761.37451171875,-2.08740234375,-1899.31640625,1899.3175533067028,179.93703034634154
74720590-2505-48bc-ad7b-327442e7d8ae,8.216759 46.608474,2023-04-23 12:00:00+02:00,7,PERSON,SLAB,1,DRY,N,84,46.608474,8.216759,0,GRH,GRH,4.9,4.6,5.3,,,73.2,6.3,0.5,798.7,,1013.1,,1449.6,7.7,153.0,5.2,18.7,27.7,7.4,26.6,,,0.0,165.0,544.0,314.0,,,,0.0,0.226,678.3681640625,1724.96337890625,-1325.93994140625,2175.6873366327427,232.45134135486592
d68cc42c-2801-4238-bb58-3d963f2ab1ea,8.380899 46.782267,2023-04-01 07:00:00.000 +0200,4,EXPLOSIVE,SLAB,3,DRY,N,110,46.782267,8.380899,1,TIT,TIT,-10.8,-10.8,-10.6,,,97.0,2.6,-11.1,686.0,,1004.5,2941.7,,25.3,286.0,14.5,52.2,91.1,24.5,88.2,,,,,91.0,,,,,,0.013,740.3651733398438,2322.18017578125,308.7158203125,2342.6109848847414,277.5726253123122
11f734d7-e1b6-4c3b-8fe6-abdd0b39cea0,8.385873 46.778735,2023-04-13 08:00:00+02:00,4,EXPLOSIVE,SLAB,2,DRY,NE,81,46.778735,8.385873,0,TIT,TIT,-13.9,-14.2,-13.6,,,99.5,2.1,-14.0,683.4,,1001.0,2915.3,,10.1,299.0,5.4,19.4,36.4,9.8,35.3,,,,,212.0,,,,,,0.032,738.159423828125,-807.4951171875,-2791.95556640625,2906.383362371265,163.86896488795355
10ab716e-5fe3-4dac-9343-2f5c3d5e2a92,8.244594 46.61198,2023-05-08 12:00:00.000 +0200,7,NATURAL,SLAB,4,WET,NW,109,46.61198,8.244594,1,GRH,GRH,5.6,5.0,6.1,,,94.1,8.6,4.7,807.9,,1024.3,,1543.6,5.0,4.0,2.7,9.7,18.0,4.9,17.6,,,0.0,118.0,547.0,337.0,,,,0.0,0.232,680.986328125,-652.8076171875,-236.75537109375,694.4140629334639,109.93431582636845
63723fcc-14a3-472f-a9d8-8ce81f021fe4,8.42184 46.780304,2023-05-01 07:30:00+02:00,2,EXPLOSIVE,LOOSE_SNOW,1,WET,N,117,46.780304,8.42184,0,TIT,TIT,-4.5,-4.6,-4.4,,,97.0,4.3,-4.9,694.7,,1016.3,3037.3,,6.1,242.0,4.1,14.8,22.0,6.0,21.6,,,,,150.0,,,,,,0.043,760.15185546875,228.62548828125,-1075.341796875,1099.3769117087159,192.00277998423186
e18fb476-2bc8-4cdf-829a-b6f36d7508bd,8.420851 46.780719,2023-04-26 00:00:00+02:00,6,NATURAL,SLAB,2,DRY,NW,133,46.780719,8.420851,0,TIT,TIT,-12.0,-12.3,-11.4,,,84.7,2.1,-14.1,691.8,,1012.5,3007.9,,15.6,275.0,9.6,34.6,56.2,15.1,54.4,,,,,0.0,,,,,,0.004,759.5701904296875,1050.62255859375,-655.8837890625,1238.544026420159,238.02424677849248
129ea644-660f-4e28-b1b5-6ad36254a3b7,8.425551 46.770235,2023-05-17 09:00:00+02:00,3,EXPLOSIVE,SLAB,2,DRY,SE,163,46.770235,8.425551,0,TIT,TIT,-6.9,-7.7,-6.2,,,85.1,3.1,-9.0,694.8,,1016.5,3039.5,,19.9,63.0,11.4,41.0,71.6,19.7,70.9,,,,,741.0,,,,,,0.128,762.7124633789062,601.94091796875,-638.96484375,877.8433460894508,223.29101804078493
33f93161-2ec3-46b0-ab16-f598e280759a,8.383072 46.779972,2023-04-16 08:00:00+02:00,4,EXPLOSIVE,SLAB,2,DRY,NE,118,46.779972,8.383072,0,TIT,TIT,-9.5,-9.6,-9.3,,,94.1,2.8,-10.3,692.7,,1013.7,3017.0,,7.6,16.0,3.6,13.0,27.4,7.1,25.6,,,,,249.0,,,,,,0.057,740.880126953125,1365.93017578125,-3138.57421875,3422.9246809872943,203.51902337309957
f4bbdd10-e717-11ed-acf0-f7b342f82229,7.841373 46.562945,2023-05-02 12:00:00+02:00,7,NATURAL,UNKNOWN,3,UNKNOWN,NW,162,46.562945,7.841373,0,INT,INT,13.9,13.3,14.4,26.4,23.8,63.0,10.0,7.0,953.7,1021.0,1021.9,,,4.6,32.0,2.1,7.6,16.6,4.4,15.8,0.0,,0.0,,720.0,,,,391.0,28.0,0.395,665.4730224609375,-145.78857421875,540.41748046875,559.7368681522844,15.097306660713329
792e43cf-e040-4ad1-98dd-47672e4855cd,8.426192 46.777884,2023-04-14 07:00:00+02:00,0,EXPLOSIVE,SLAB,2,DRY,NE,217,46.777884,8.426192,0,TIT,TIT,-13.4,-13.7,-13.1,,,99.4,2.2,-13.5,684.7,,1002.8,2929.1,,9.3,318.0,3.0,10.8,33.5,8.9,32.0,,,,,121.0,,,,,,0.023,762.9501342773438,-1177.0751953125,-389.90478515625,1239.9724823187414,108.32739193972753
0d183e05-ccd5-4337-8515-db8621df2658,8.421449 46.780606,2023-04-16 07:30:00+02:00,2,EXPLOSIVE,SLAB,2,DRY,N,197,46.780606,8.421449,0,TIT,TIT,-9.6,-9.8,-9.5,,,97.1,2.9,-10.0,692.5,,1013.4,3014.3,,8.1,12.0,2.5,9.0,29.2,7.6,27.4,,,,,150.0,,,,,,0.035,760.1211547851562,676.9775390625,-425.830078125,799.7686189336653,237.82942760048624
2f93ceb4-a841-42da-a6c1-1933628dbb83,8.385941 46.778747,2023-04-05 07:00:00+02:00,4,EXPLOSIVE,SLAB,2,DRY,NE,76,46.778747,8.385941,0,TIT,TIT,-14.1,-14.2,-14.0,,,28.1,0.6,-28.6,689.6,,1009.4,2984.0,,7.6,6.0,2.7,9.7,27.4,7.1,25.6,,,,,253.0,,,,,,0.059,738.159423828125,-807.4951171875,-2791.95556640625,2906.383362371265,163.86896488795355
33f93161-2ec3-46b0-ab16-f598e280759a,8.383072 46.779972,2023-04-12 08:00:00+02:00,4,EXPLOSIVE,SLAB,2,DRY,NE,77,46.779972,8.383072,0,TIT,TIT,-4.5,-4.7,-4.3,,,96.7,4.2,-5.0,689.8,,1009.7,2982.1,,21.3,256.0,9.9,35.6,76.7,20.0,72.0,,,,,216.0,,,,,,0.045,740.880126953125,1365.93017578125,-3138.57421875,3422.9246809872943,203.51902337309957
0d183e05-ccd5-4337-8515-db8621df2658,8.421449 46.780606,2023-04-13 07:30:00+02:00,2,EXPLOSIVE,SLAB,2,DRY,N,128,46.780606,8.421449,0,TIT,TIT,-13.5,-13.7,-13.0,,,100.0,2.2,-13.5,683.5,,1001.1,2915.8,,10.2,306.0,5.7,20.5,36.7,9.9,35.6,,,,,127.0,,,,,,0.019,760.1211547851562,676.9775390625,-425.830078125,799.7686189336653,237.82942760048624
367958a0-d439-11ed-a920-a702e6e7f311,8.242864 46.759718,2023-04-09 15:00:00+02:00,2,NATURAL,FULL_DEPTH,1,WET,S,42,46.759718,8.242864,0,MER,MER,13.9,13.7,14.0,18.2,18.0,48.2,7.6,3.1,950.7,1019.0,1019.9,,,9.6,306.0,4.6,16.6,34.6,9.3,33.5,0.0,,0.0,,578.0,,,,83.0,60.0,0.331,670.0982666015625,-593.26171875,-257.84912109375,646.8737405267148,113.49119369921517
c98d2b1a-9c67-4f2a-8b1b-1b27502b6c5d,8.423896 46.779967,2023-04-12 07:00:00.000 +0200,3,EXPLOSIVE,SLAB,1,DRY,NW,213,46.779967,8.423896,1,TIT,TIT,-4.6,-4.7,-4.5,,,99.0,4.3,-4.8,690.1,,1010.2,2985.8,,25.3,268.0,12.0,43.2,91.1,24.2,87.1,,,,,99.0,,,,,,0.019,764.029541015625,305.74951171875,-790.576171875,847.6399279486448,201.1436112374965
e5f438a3-68c9-465f-a6d1-9ab6a2ebaf71,8.384832 46.783436,2023-04-03 08:00:00+02:00,3,EXPLOSIVE,SLAB,1,DRY,N,66,46.783436,8.384832,0,TIT,TIT,-11.3,-11.6,-11.0,,,94.8,2.5,-12.0,692.7,,1013.6,3017.1,,9.9,35.0,5.6,20.2,35.6,9.7,34.9,,,,,225.0,,,,,,0.04,742.1997680664062,-14.2822265625,283.0078125,283.3679656058845,2.8890286260990763
26ffd848-b17b-4d9b-a93a-0d9106053d47,8.073009 46.53608,2023-05-26 12:00:00+02:00,7,PERSON,SLAB,3,DRY,,201,46.53608,8.073009,0,JUN,JUN,-1.1,-1.6,-0.4,,,72.3,4.1,-5.4,664.7,,1032.5,3160.1,,5.3,152.0,4.0,14.4,19.1,5.3,19.1,,,,,1087.0,193.0,,,,60.0,0.378,618.4442138671875,74.37744140625,198.8525390625,212.30717388195632,339.4925369814307
9fe44fc7-c389-4ba2-9149-62bca569dc15,8.426432 46.777678,2023-05-17 07:00:00.000 +0200,4,EXPLOSIVE,SLAB,2,DRY,NE,130,46.777678,8.426432,1,TIT,TIT,-7.2,-7.3,-7.0,,,93.9,3.3,-8.0,694.2,,1015.8,3033.2,,23.4,50.0,12.0,43.2,84.2,21.1,76.0,,,,,147.0,,,,,,0.03,762.9927978515625,-111.181640625,-1086.21826171875,1091.8935247098818,174.15575022355583
f9b59268-33ad-4905-91cd-ccc9a1ae40a4,8.385942 46.778812,2023-04-17 08:30:00+02:00,2,EXPLOSIVE,LOOSE_SNOW,2,DRY,NE,131,46.778812,8.385942,0,TIT,TIT,-9.6,-9.7,-9.4,,,91.6,2.7,-10.7,694.0,,1015.4,3030.7,,16.1,31.0,6.3,22.7,58.0,15.2,54.7,,,,,296.0,,,,,,0.057,738.9261474609375,1856.9091796875,715.4296875,1989.9626477308693,291.07066856438576
729aca22-4176-463d-b386-a7be12b79b0f,8.424589 46.778965,2023-04-29 07:00:00+02:00,3,EXPLOSIVE,SLAB,2,DRY,N,189,46.778965,8.424589,0,TIT,TIT,-2.8,-3.0,-2.6,,,99.3,4.9,-2.9,697.5,,1020.2,3069.6,,7.7,346.0,2.3,8.3,27.7,7.4,26.6,,,,,143.0,,,,,,0.049,763.47265625,893.29833984375,435.05859375,993.6085265150091,295.96723836070544
c98d2b1a-9c67-4f2a-8b1b-1b27502b6c5d,8.423896 46.779967,2023-04-16 07:00:00+02:00,3,EXPLOSIVE,SLAB,1,DRY,NW,316,46.779967,8.423896,0,TIT,TIT,-9.6,-9.8,-9.5,,,97.1,2.9,-10.0,692.5,,1013.4,3014.3,,8.1,12.0,2.5,9.0,29.2,7.6,27.4,,,,,150.0,,,,,,0.035,764.029541015625,305.74951171875,-790.576171875,847.6399279486448,201.1436112374965
37f6f440-e68a-11ed-9633-279e930b62b5,7.970158 46.5442,2023-04-29 12:00:00.000 +0200,7,NATURAL,SLAB,2,DRY,SE,265,46.5442,7.970158,1,JUN,JUN,-5.4,-5.5,-5.3,,,87.5,3.6,-7.1,657.1,,1021.7,3076.0,,7.0,314.0,4.4,15.8,25.2,6.5,23.4,,,,,974.0,244.0,,,,36.0,0.263,659.6864624023438,-1524.90234375,127.6611328125,1530.236753840795,85.21449516841656
5f7c51f6-7065-4c64-860a-51df7287e4b5,8.42359 46.779392,2023-05-21 07:00:00+02:00,4,EXPLOSIVE,SLAB,2,DRY,N,97,46.779392,8.42359,0,TIT,TIT,-0.8,-1.1,-0.2,,,89.3,5.2,-2.3,697.5,,1020.2,3069.0,,11.5,145.0,5.5,19.8,41.4,11.1,40.0,,,,,278.0,,,,,,0.088,763.22314453125,604.35791015625,-1931.72607421875,2024.0588206336824,197.3727625092364
11f734d7-e1b6-4c3b-8fe6-abdd0b39cea0,8.385873 46.778735,2023-04-14 08:00:00+02:00,4,EXPLOSIVE,SLAB,2,DRY,NE,121,46.778735,8.385873,0,TIT,TIT,-13.4,-13.6,-13.2,,,100.0,2.2,-13.4,684.7,,1002.8,2929.3,,8.5,327.0,2.1,7.6,30.6,8.3,29.9,,,,,263.0,,,,,,0.052,738.159423828125,-807.4951171875,-2791.95556640625,2906.383362371265,163.86896488795355
6e6f00b6-dfe0-4527-9b3f-7c45ffdf4fee,8.379219 46.783826,2023-04-01 07:00:00+02:00,4,EXPLOSIVE,SLAB,2,DRY,N,114,46.783826,8.379219,0,TIT,TIT,-10.8,-10.8,-10.6,,,97.0,2.6,-11.1,686.0,,1004.5,2941.7,,25.3,286.0,14.5,52.2,91.1,24.5,88.2,,,,,91.0,,,,,,0.013,740.6515502929688,-445.05615234375,-1093.90869140625,1180.9789176243398,157.8610771717615
6e6f00b6-dfe0-4527-9b3f-7c45ffdf4fee,8.379219 46.783826,2023-04-05 07:00:00+02:00,4,EXPLOSIVE,SLAB,2,DRY,N,110,46.783826,8.379219,0,TIT,TIT,-14.1,-14.2,-14.0,,,28.1,0.6,-28.6,689.6,,1009.4,2984.0,,7.6,6.0,2.7,9.7,27.4,7.1,25.6,,,,,253.0,,,,,,0.059,740.6515502929688,-445.05615234375,-1093.90869140625,1180.9789176243398,157.8610771717615
45a4cc4a-b623-44fe-a276-c1a4df80223b,8.420264 46.781131,2023-05-02 07:30:00+02:00,4,EXPLOSIVE,SLAB,2,DRY,N,115,46.781131,8.420264,0,TIT,TIT,-6.7,-6.9,-6.5,,,97.5,3.6,-7.1,697.0,,1019.6,3064.7,,10.9,23.0,7.1,25.6,39.2,10.7,38.5,,,,,152.0,,,,,,0.033,759.58349609375,874.072265625,-621.826171875,1072.6929260340712,234.57146728890586
1bae5ef4-62c9-4601-861f-8e5b286b94b1,8.422604 46.780389,2023-04-16 07:30:00+02:00,2,EXPLOSIVE,SLAB,2,DRY,N,247,46.780389,8.422604,0,TIT,TIT,-9.6,-9.8,-9.5,,,97.1,2.9,-10.0,692.5,,1013.4,3014.3,,8.1,12.0,2.5,9.0,29.2,7.6,27.4,,,,,150.0,,,,,,0.035,761.2346801757812,793.65234375,-2353.60107421875,2483.8120016022795,198.63450110654304
9f2be370-d7a6-11ed-a8d1-4961cd70d9e1,8.210814 46.503291,2023-04-09 12:00:00+02:00,7,NATURAL,SLAB,3,WET,S,152,46.503291,8.210814,0,ULR,ULR,9.9,9.4,10.4,16.3,15.1,25.9,3.2,-8.8,867.1,,1019.6,,1513.0,6.4,57.0,2.5,9.0,23.0,6.3,22.7,,,0.0,0.0,904.0,232.0,,,89.0,60.0,0.471,686.5875244140625,1112.9150390625,-722.4609375,1326.8495356990802,237.00994253482378
b2b22272-2994-46f8-ba69-aa77d0ffdafa,8.420101 46.781175,2023-04-27 00:00:00+02:00,6,NATURAL,SLAB,2,DRY,N,132,46.781175,8.420101,0,TIT,TIT,-6.3,-6.4,-6.1,,,98.1,3.8,-6.5,695.8,,1017.9,3050.7,,14.1,290.0,10.2,36.7,50.8,14.0,50.4,,,,,0.0,,,,,,0.0,759.620849609375,-140.51513671875,692.138671875,706.2580581855176,11.475986466331335
fe8541fa-4448-482f-8c28-995faac1b624,8.419783 46.781356,2023-04-13 07:30:00+02:00,2,EXPLOSIVE,SLAB,1,DRY,N,105,46.781356,8.419783,0,TIT,TIT,-13.5,-13.7,-13.0,,,100.0,2.2,-13.5,683.5,,1001.1,2915.8,,10.2,306.0,5.7,20.5,36.7,9.9,35.6,,,,,127.0,,,,,,0.019,758.8815307617188,-1939.5263671875,-1050.18310546875,2205.594496734957,118.43393634386692
ff002b7f-49f5-4ba6-971a-c1b18578a2b6,8.389256 46.787371,2023-04-16 08:30:00+02:00,2,EXPLOSIVE,SLAB,1,DRY,N,126,46.787371,8.389256,0,ENG,ENG,0.4,0.3,0.5,0.8,0.6,97.4,6.1,0.1,899.6,,1018.7,,1490.1,1.8,95.0,1.1,4.0,6.5,1.7,6.1,0.0,,1.7,0.0,76.0,320.0,,,,0.0,0.037,745.9564208984375,-514.3798828125,395.7275390625,648.9891748054537,52.42785973224594
acaee50d-c93e-4865-b666-dcf8ca1d9f21,8.226812 46.595085,2023-04-23 12:00:00+02:00,7,PERSON,SLAB,1,DRY,NW,198,46.595085,8.226812,0,GRH,GRH,4.9,4.6,5.3,,,73.2,6.3,0.5,798.7,,1013.1,,1449.6,7.7,153.0,5.2,18.7,27.7,7.4,26.6,,,0.0,165.0,544.0,314.0,,,,0.0,0.226,675.0115356445312,1040.95458984375,708.3984375,1259.1325602847428,304.23637214155286
931d9d63-4823-45cb-940f-26620aa25be9,8.425244 46.779006,2023-04-14 07:30:00+02:00,2,EXPLOSIVE,SLAB,2,DRY,N,276,46.779006,8.425244,0,TIT,TIT,-13.4,-13.7,-13.1,,,99.4,2.2,-13.5,684.7,,1002.8,2929.1,,9.3,318.0,3.0,10.8,33.5,8.9,32.0,,,,,121.0,,,,,,0.023,763.1732788085938,1680.46875,-810.24169921875,1865.6009302311816,244.2588574618955
74d69404-e345-4837-afea-4a4f976882c4,8.416507 46.785698,2023-04-20 08:00:00+02:00,4,EXPLOSIVE,SLAB,2,DRY,NW,113,46.785698,8.416507,0,TIT,TIT,-7.8,-7.9,-7.7,,,84.8,2.9,-9.9,688.3,,1007.7,2966.8,,9.3,229.0,5.7,20.5,33.5,9.1,32.8,,,,,444.0,,,,,,0.096,759.0537109375,512.29248046875,-429.1259765625,668.2759080690729,230.04850034138033
b121901c-cb98-4082-b65b-7aa17e40b945,8.420495 46.780984,2023-04-16 08:00:00+02:00,4,EXPLOSIVE,SLAB,2,DRY,NE,180,46.780984,8.420495,0,TIT,TIT,-9.5,-9.6,-9.3,,,94.1,2.8,-10.3,692.7,,1013.7,3017.0,,7.6,16.0,3.6,13.0,27.4,7.1,25.6,,,,,249.0,,,,,,0.057,759.96630859375,419.23828125,-252.24609375,489.27377640497747,238.96563872299566
1aca9480-d131-11ed-bb43-5ff35461761d,8.354817 46.766741,2023-04-05 12:00:00+02:00,10,NATURAL,SLAB,3,DRY,NW,67,46.766741,8.354817,0,TIT,TIT,-13.6,-13.8,-13.4,,,47.3,1.0,-22.6,690.5,,1010.7,2994.1,,5.6,290.0,2.9,10.4,20.2,5.1,18.4,,,,,643.0,,,,,,0.135,722.8215942382812,411.43798828125,-947.4609375,1032.939226813127,203.47305250621116
c8a8b700-feb1-11ed-b35a-bf420b8ac344,8.01247 46.561817,2023-05-31 12:00:00+02:00,6,PERSON,SLAB,2,DRY,SE,190,46.561817,8.01247,0,JUN,JUN,-1.7,-1.9,-1.4,,,90.4,4.9,-3.0,660.3,,1026.3,3108.6,,6.4,150.0,5.3,19.1,23.0,6.3,22.7,,,,,705.0,289.0,,,,1.0,0.218,625.70361328125,-708.50830078125,673.4619140625,977.514686318656,46.45269393629553
3a0dd0e2-9199-4139-bb1e-3327bd98128b,8.425944 46.778157,2023-04-12 07:00:00.000 +0200,3,EXPLOSIVE,SLAB,2,DRY,NE,173,46.778157,8.425944,1,TIT,TIT,-4.6,-4.7,-4.5,,,99.0,4.3,-4.8,690.1,,1010.2,2985.8,,25.3,268.0,12.0,43.2,91.1,24.2,87.1,,,,,99.0,,,,,,0.019,763.0839233398438,1136.09619140625,2768.994140625,2992.9990155266287,337.6920487492303
e5f438a3-68c9-465f-a6d1-9ab6a2ebaf71,8.384832 46.783436,2023-04-05 08:00:00+02:00,3,EXPLOSIVE,SLAB,1,DRY,N,63,46.783436,8.384832,0,TIT,TIT,-13.9,-14.3,-13.5,,,28.3,0.6,-28.5,689.7,,1009.5,2984.5,,7.2,7.0,3.4,12.2,25.9,7.0,25.2,,,,,459.0,,,,,,0.097,742.1997680664062,-14.2822265625,283.0078125,283.3679656058845,2.8890286260990763
b2ae7f83-144e-4307-bbca-2bcde419c704,8.384786 46.783437,2023-04-17 08:30:00+02:00,4,EXPLOSIVE,LOOSE_SNOW,1,DRY,N,99,46.783437,8.384786,0,TIT,TIT,-9.6,-9.7,-9.4,,,91.6,2.7,-10.7,694.0,,1015.4,3030.7,,16.1,31.0,6.3,22.7,58.0,15.2,54.7,,,,,296.0,,,,,,0.057,742.1997680664062,-14.2822265625,283.0078125,283.3679656058845,2.8890286260990763
8500f990-d7a6-11ed-a8d1-4961cd70d9e1,8.209308 46.504515,2023-04-10 12:00:00+02:00,7,NATURAL,SLAB,4,WET,S,231,46.504515,8.209308,0,ULR,ULR,11.7,11.1,12.6,17.6,17.1,23.5,3.3,-8.5,868.1,,1020.8,,1523.7,4.6,56.0,2.1,7.6,16.6,4.5,16.2,,,0.0,0.0,794.0,256.0,,,317.0,60.0,0.441,685.5072631835938,-1156.201171875,134.2529296875,1163.9695008782662,83.37672982311005
b121901c-cb98-4082-b65b-7aa17e40b945,8.420495 46.780984,2023-04-19 08:00:00+02:00,4,EXPLOSIVE,SLAB,2,DRY,NE,139,46.780984,8.420495,0,TIT,TIT,-6.5,-6.7,-6.4,,,78.4,3.0,-9.7,696.0,,1018.1,3052.4,,9.7,308.0,7.0,25.2,34.9,9.4,33.8,,,,,545.0,,,,,,0.12,759.96630859375,419.23828125,-252.24609375,489.27377640497747,238.96563872299566
850fbf08-4de4-4e22-97a7-6ee73d0c55e0,8.423568 46.779438,2023-04-29 07:30:00+02:00,2,EXPLOSIVE,SLAB,2,DRY,N,156,46.779438,8.423568,0,TIT,TIT,-2.8,-3.0,-2.6,,,99.3,4.9,-2.9,697.5,,1020.2,3069.6,,7.7,346.0,2.3,8.3,27.7,7.4,26.6,,,,,143.0,,,,,,0.049,763.22314453125,604.35791015625,-1931.72607421875,2024.0588206336824,197.3727625092364
18414158-6d92-4cd1-ab90-28699222ae16,8.421236 46.785109,2023-05-02 16:30:00.000 +0200,2,EXPLOSIVE,SLAB,2,DRY,NW,113,46.785109,8.421236,1,TIT,TIT,-5.7,-6.1,-5.3,,,98.4,4.0,-5.9,699.3,,1022.6,3090.0,,8.4,18.0,4.8,17.3,30.2,8.2,29.5,,,,,264.0,,,,,,0.063,763.1668701171875,-1156.4208984375,-2850.40283203125,3076.0535754753632,157.91739022172194
2ed09558-7716-4dda-935c-3c151ebe5b3b,8.238855 46.748629,2023-04-18 08:30:00+02:00,4,EXPLOSIVE,SLAB,1,DRY,NW,70,46.748629,8.238855,0,MER,MER,8.8,8.1,9.2,15.2,13.1,64.5,7.3,2.5,948.3,1017.8,1017.4,,,2.6,107.0,1.1,4.0,9.4,2.5,9.0,0.0,,0.0,,457.0,,,,103.0,60.0,0.207,667.5252075195312,594.90966796875,-803.43017578125,999.7087377824496,216.51854871929072
c7cfde41-7339-4d2c-afdf-9006721cfe7f,8.419526 46.781209,2023-04-05 07:00:00+02:00,4,EXPLOSIVE,SLAB,2,DRY,NW,79,46.781209,8.419526,0,TIT,TIT,-14.1,-14.2,-14.0,,,28.1,0.6,-28.6,689.6,,1009.4,2984.0,,7.6,6.0,2.7,9.7,27.4,7.1,25.6,,,,,253.0,,,,,,0.059,758.5951538085938,1165.31982421875,-2994.6533203125,3213.3967700201447,201.26267682707908
f9b59268-33ad-4905-91cd-ccc9a1ae40a4,8.385942 46.778812,2023-04-18 08:30:00+02:00,2,EXPLOSIVE,LOOSE_SNOW,2,DRY,NE,121,46.778812,8.385942,0,TIT,TIT,-6.1,-7.1,-5.1,,,76.1,3.0,-9.7,694.1,,1015.6,3031.7,,4.1,233.0,1.3,4.7,14.8,3.9,14.0,,,,,514.0,,,,,,0.154,738.9261474609375,1856.9091796875,715.4296875,1989.9626477308693,291.07066856438576
0d6a183c-f453-4a31-98c7-90213921e278,8.417328 46.785788,2023-04-01 06:30:00.000 +0200,2,EXPLOSIVE,SLAB,1,DRY,NW,79,46.785788,8.417328,1,TIT,TIT,-10.8,-10.8,-10.7,,,95.6,2.6,-11.4,685.8,,1004.3,2940.2,,26.1,286.0,14.8,53.3,94.0,25.5,91.8,,,,,7.0,,,,,,0.008,760.0443725585938,104.26025390625,-1012.060546875,1017.4167047407467,185.88173690537573
11f734d7-e1b6-4c3b-8fe6-abdd0b39cea0,8.385873 46.778735,2023-04-16 08:00:00+02:00,4,EXPLOSIVE,SLAB,2,DRY,NE,126,46.778735,8.385873,0,TIT,TIT,-9.5,-9.6,-9.3,,,94.1,2.8,-10.3,692.7,,1013.7,3017.0,,7.6,16.0,3.6,13.0,27.4,7.1,25.6,,,,,249.0,,,,,,0.057,738.159423828125,-807.4951171875,-2791.95556640625,2906.383362371265,163.86896488795355
839994f8-5b6d-44ab-8e1c-fd57876e2bd9,8.4215 46.780442,2023-04-05 07:00:00+02:00,4,EXPLOSIVE,SLAB,2,DRY,E,110,46.780442,8.4215,0,TIT,TIT,-14.1,-14.2,-14.0,,,28.1,0.6,-28.6,689.6,,1009.4,2984.0,,7.6,6.0,2.7,9.7,27.4,7.1,25.6,,,,,253.0,,,,,,0.059,760.1211547851562,676.9775390625,-425.830078125,799.7686189336653,237.82942760048624
9793e5e8-7a24-425c-8b33-04a387b5aa44,8.40304 46.792701,2023-04-04 06:30:00+02:00,2,EXPLOSIVE,SLAB,1,DRY,NW,67,46.792701,8.40304,0,ENG,ENG,-3.5,-3.6,-3.4,-3.5,-3.6,89.0,4.2,-5.1,898.3,,1017.2,,1472.1,5.0,230.0,2.7,9.7,18.0,4.8,17.3,0.0,,0.0,0.0,3.0,291.0,,,,0.0,0.016,753.0325317382812,-2151.45263671875,-107.33642578125,2154.1284911405714,92.8561304264642
5192475d-5f0c-41d7-bde8-a82e5bea8b68,8.422294 46.780382,2023-04-16 08:00:00+02:00,4,EXPLOSIVE,SLAB,3,DRY,N,211,46.780382,8.422294,0,TIT,TIT,-9.5,-9.6,-9.3,,,94.1,2.8,-10.3,692.7,,1013.7,3017.0,,7.6,16.0,3.6,13.0,27.4,7.1,25.6,,,,,249.0,,,,,,0.057,760.693115234375,1238.48876953125,-1949.08447265625,2309.282294091548,212.43272500298517
850fbf08-4de4-4e22-97a7-6ee73d0c55e0,8.423568 46.779438,2023-04-30 07:30:00+02:00,2,EXPLOSIVE,SLAB,2,DRY,N,154,46.779438,8.423568,0,TIT,TIT,-2.5,-2.8,-2.2,,,55.7,2.8,-10.2,696.8,,1019.2,3060.9,,4.1,178.0,2.8,10.1,14.8,3.8,13.7,,,,,281.0,,,,,,0.108,763.22314453125,604.35791015625,-1931.72607421875,2024.0588206336824,197.3727625092364
9793e5e8-7a24-425c-8b33-04a387b5aa44,8.40304 46.792701,2023-04-03 06:30:00+02:00,2,EXPLOSIVE,SLAB,1,DRY,NW,64,46.792701,8.40304,0,ENG,ENG,0.9,0.7,1.2,1.0,0.7,98.4,6.4,0.7,900.2,,1019.3,,1495.6,5.5,236.0,3.0,10.8,19.8,5.4,19.4,0.0,,0.4,0.0,2.0,323.0,,,,0.0,0.012,753.0325317382812,-2151.45263671875,-107.33642578125,2154.1284911405714,92.8561304264642
3a0dd0e2-9199-4139-bb1e-3327bd98128b,8.425944 46.778157,2023-04-15 07:00:00+02:00,3,EXPLOSIVE,SLAB,2,DRY,NE,218,46.778157,8.425944,0,TIT,TIT,-9.0,-9.1,-8.8,,,97.9,3.0,-9.3,685.0,,1003.1,2929.2,,13.6,300.0,9.7,34.9,49.0,13.3,47.9,,,,,147.0,,,,,,0.023,763.0839233398438,1136.09619140625,2768.994140625,2992.9990155266287,337.6920487492303
514e8b36-8761-43bc-a150-8a7eaeb0c925,8.038115 46.78053,2023-05-08 11:00:00+02:00,4,EXPLOSIVE,FULL_DEPTH,1,WET,NW,47,46.78053,8.038115,0,BRZ,BRZ,,,,,,,,,955.0,,1021.9,,,3.0,246.0,1.7,6.1,10.8,2.9,10.4,,,0.0,,,,,,,,,628.7517700195312,-1166.30859375,-2373.486328125,2644.5629290397683,153.83093742679455
564bddb0-e717-11ed-acf0-f7b342f82229,7.822357 46.529218,2023-04-29 12:00:00.000 +0200,7,NATURAL,SLAB,3,UNKNOWN,N,204,46.529218,7.822357,1,INT,INT,16.4,15.4,17.3,24.7,21.8,70.7,13.2,11.1,948.7,1015.1,1016.6,,,2.5,243.0,0.8,2.9,9.0,2.3,8.3,0.0,,0.0,,638.0,,,,432.0,17.0,0.38,666.2966918945312,248.291015625,-37.5732421875,251.11785473871532,261.394866180814
9b1e09ce-808a-44b8-8176-c69307d3a01b,8.390545 46.780329,2023-04-17 08:30:00+02:00,4,EXPLOSIVE,LOOSE_SNOW,1,DRY,NW,126,46.780329,8.390545,0,TIT,TIT,-9.6,-9.7,-9.4,,,91.6,2.7,-10.7,694.0,,1015.4,3030.7,,16.1,31.0,6.3,22.7,58.0,15.2,54.7,,,,,296.0,,,,,,0.057,743.1220092773438,116.2353515625,-934.38720703125,941.5891405578752,187.0910193202708
c8a8b700-feb1-11ed-b35a-bf420b8ac344,8.01247 46.561817,2023-05-30 12:00:00+02:00,6,PERSON,SLAB,2,DRY,SE,196,46.561817,8.01247,0,JUN,JUN,-1.2,-1.7,-0.7,,,74.1,4.2,-5.2,661.1,,1027.4,3117.5,,3.9,308.0,1.2,4.3,14.0,3.8,13.7,,,,,1082.0,212.0,,,,60.0,0.443,625.70361328125,-708.50830078125,673.4619140625,977.514686318656,46.45269393629553
34e33f73-9c60-4cff-be3e-9f199f5b9d9e,8.385879 46.778707,2023-04-18 05:00:00+02:00,3,EXPLOSIVE,UNKNOWN,2,DRY,NE,107,46.778707,8.385879,0,TIT,TIT,-7.9,-8.0,-7.8,,,78.2,2.6,-11.0,693.2,,1014.3,3021.8,,7.2,204.0,5.2,18.7,25.9,7.1,25.6,,,,,1.0,,,,,,0.006,738.159423828125,-807.4951171875,-2791.95556640625,2906.383362371265,163.86896488795355
233c98fe-a27b-4c5e-992f-1bc9cdd0362a,8.422835 46.779803,2023-04-25 07:00:00+02:00,3,EXPLOSIVE,SLAB,2,DRY,N,137,46.779803,8.422835,0,TIT,TIT,-10.2,-10.4,-10.0,,,98.9,2.8,-10.3,687.7,,1006.9,2961.3,,16.3,291.0,10.1,36.4,58.7,15.8,56.9,,,,,90.0,,,,,,0.015,761.37451171875,-2.08740234375,-1899.31640625,1899.3175533067028,179.93703034634154
ad1f7e7f-180e-4f38-9562-d610574cd4c5,8.239483 46.749076,2023-04-02 06:30:00+02:00,2,EXPLOSIVE,SLAB,1,DRY,N,68,46.749076,8.239483,0,MER,MER,3.5,2.9,4.0,0.2,-0.5,93.7,7.3,2.6,944.8,1015.4,1013.7,,,1.5,101.0,0.7,2.5,5.4,1.5,5.4,0.0,,0.0,,18.0,,,,14.0,0.0,0.011,668.8071899414062,636.328125,-222.91259765625,674.2429153204895,250.69409250408142
b121901c-cb98-4082-b65b-7aa17e40b945,8.420495 46.780984,2023-04-18 08:00:00+02:00,4,EXPLOSIVE,SLAB,2,DRY,NE,154,46.780984,8.420495,0,TIT,TIT,-6.1,-7.1,-5.1,,,76.1,3.0,-9.7,694.1,,1015.6,3031.7,,4.1,233.0,1.3,4.7,14.8,3.9,14.0,,,,,514.0,,,,,,0.154,759.96630859375,419.23828125,-252.24609375,489.27377640497747,238.96563872299566
f4bbdd10-e717-11ed-acf0-f7b342f82229,7.841373 46.562945,2023-05-03 12:00:00+02:00,7,NATURAL,UNKNOWN,3,UNKNOWN,NW,158,46.562945,7.841373,0,INT,INT,16.5,16.2,16.8,30.0,28.8,52.6,9.9,6.8,953.0,1019.6,1021.1,,,6.9,318.0,3.0,10.8,24.8,6.7,24.1,0.0,,0.0,,915.0,,,,94.0,60.0,0.529,665.4730224609375,-145.78857421875,540.41748046875,559.7368681522844,15.097306660713329
26d0ed0c-b5fc-4983-9f76-b0f25e82ece7,8.388771 46.786265,2023-04-20 08:30:00+02:00,4,EXPLOSIVE,LOOSE_SNOW,1,DRY,NW,75,46.786265,8.388771,0,TIT,TIT,-7.8,-7.9,-7.7,,,84.8,2.9,-9.9,688.3,,1007.7,2966.8,,9.3,229.0,5.7,20.5,33.5,9.1,32.8,,,,,444.0,,,,,,0.096,745.5567626953125,1001.2939453125,-1150.927734375,1525.5242425713996,221.02289546196127
50374fe0-d439-11ed-a920-a702e6e7f311,8.245848 46.760908,2023-04-05 16:00:00+02:00,2,NATURAL,FULL_DEPTH,1,WET,SW,41,46.760908,8.245848,0,MER,MER,8.4,8.1,8.9,9.0,7.2,42.7,4.7,-3.5,948.0,1017.6,1017.1,,,8.8,322.0,4.7,16.9,31.7,8.5,30.6,0.0,,0.0,,189.0,,,,113.0,19.0,0.16,672.4798583984375,248.18115234375,-138.6474609375,284.2833143240863,240.8099044636349
5dfb93d0-d046-11ed-b49c-43d9bede54f5,8.263448 46.782775,2023-04-03 05:45:00+02:00,0,EXPLOSIVE,SLAB,2,DRY,NW,49,46.782775,8.263448,0,GIH,GIH,5.0,4.9,5.1,,,99.2,8.7,4.9,965.5,1022.6,1021.3,,,6.4,82.0,3.0,10.8,23.0,6.3,22.7,0.0,,0.0,,1.0,,,,1.0,0.0,0.013,684.3196411132812,175.78125,-795.95947265625,815.1383501975466,192.45342407958165
da27b6a6-0240-478c-9ff6-ab83983e37eb,8.426516 46.77779,2023-05-03 07:30:00+02:00,2,EXPLOSIVE,SLAB,2,DRY,NE,184,46.77779,8.426516,0,TIT,TIT,-1.2,-1.4,-1.0,,,12.9,0.7,-26.3,700.1,,1023.7,3098.4,,15.2,59.0,9.4,33.8,54.7,14.1,50.8,,,,,410.0,,,,,,0.202,762.9927978515625,-111.181640625,-1086.21826171875,1091.8935247098818,174.15575022355583
c8a8b700-feb1-11ed-b35a-bf420b8ac344,8.01247 46.561817,2023-05-29 12:00:00+02:00,6,PERSON,SLAB,2,DRY,SE,199,46.561817,8.01247,0,JUN,JUN,-2.2,-2.6,-1.8,,,81.4,4.2,-5.0,660.0,,1025.8,3105.0,,5.6,161.0,4.1,14.8,20.2,5.5,19.8,,,,,1077.0,203.0,,,,60.0,0.35,625.70361328125,-708.50830078125,673.4619140625,977.514686318656,46.45269393629553
74d69404-e345-4837-afea-4a4f976882c4,8.416507 46.785698,2023-04-16 08:00:00+02:00,4,EXPLOSIVE,SLAB,2,DRY,NW,161,46.785698,8.416507,0,TIT,TIT,-9.5,-9.6,-9.3,,,94.1,2.8,-10.3,692.7,,1013.7,3017.0,,7.6,16.0,3.6,13.0,27.4,7.1,25.6,,,,,249.0,,,,,,0.057,759.0537109375,512.29248046875,-429.1259765625,668.2759080690729,230.04850034138033
45a4cc4a-b623-44fe-a276-c1a4df80223b,8.420264 46.781131,2023-05-02 07:30:00.000 +0200,4,EXPLOSIVE,SLAB,2,DRY,N,115,46.781131,8.420264,1,TIT,TIT,-6.7,-6.9,-6.5,,,97.5,3.6,-7.1,697.0,,1019.6,3064.7,,10.9,23.0,7.1,25.6,39.2,10.7,38.5,,,,,152.0,,,,,,0.033,759.58349609375,874.072265625,-621.826171875,1072.6929260340712,234.57146728890586
3efdca94-9b97-483a-8a85-137add93bbd1,8.426389 46.777499,2023-05-04 07:30:00+02:00,4,EXPLOSIVE,SLAB,3,DRY,NE,177,46.777499,8.426389,0,TIT,TIT,0.3,0.1,0.6,,,29.4,1.8,-15.5,701.8,,1026.0,3118.3,,6.5,307.0,4.7,16.9,23.4,6.5,23.4,,,,,407.0,,,,,,0.18,763.458251953125,-2435.6689453125,65.80810546875,2436.5578010597433,88.45233088164204
48001904-f349-4f12-8b6b-34916e483022,8.424677 46.77918,2023-04-17 07:30:00+02:00,2,EXPLOSIVE,SLAB,2,DRY,N,300,46.77918,8.424677,0,TIT,TIT,-9.4,-9.6,-9.3,,,95.6,2.9,-10.0,694.0,,1015.4,3030.7,,12.7,29.0,5.5,19.8,45.7,11.9,42.8,,,,,131.0,,,,,,0.028,763.7684936523438,968.115234375,-818.37158203125,1267.6668147842681,229.7913426430641
be39a3d6-d2cf-47e2-870e-49c1b9134b29,8.422461 46.779843,2023-05-21 07:00:00+02:00,4,EXPLOSIVE,SLAB,2,DRY,N,72,46.779843,8.422461,0,TIT,TIT,-0.8,-1.1,-0.2,,,89.3,5.2,-2.3,697.5,,1020.2,3069.0,,11.5,145.0,5.5,19.8,41.4,11.1,40.0,,,,,278.0,,,,,,0.088,760.8377075195312,-135.46142578125,-1545.99609375,1551.91936638633,174.99248631940367
fdfaf590-ea4c-11ed-8348-fb5788bd30bc,8.001152 46.577404,2023-05-02 12:00:00+02:00,7,NATURAL,SLAB,2,DRY,NW,195,46.577404,8.001152,0,JUN,JUN,-8.5,-9.3,-7.8,,,67.9,2.2,-13.6,656.8,,1021.3,3078.7,,10.8,317.0,5.5,19.8,38.9,10.1,36.4,,,,,1061.0,187.0,,,,49.0,0.243,627.396728515625,-1005.908203125,1479.8583984375,1789.3664221003392,34.2052297539768
a94851d0-e58a-11ed-94a2-bf37c1703856,7.5461 46.68465,2023-04-28 12:00:00+02:00,7,NATURAL,SLAB,2,UNKNOWN,SW,11,46.68465,7.5461,0,THU,THU,17.0,16.7,17.4,,,71.8,13.9,11.9,950.1,1015.4,1017.0,,,2.4,257.0,1.0,3.6,8.6,2.3,8.3,,,0.0,,216.0,,,,,0.0,0.154,562.5616455078125,982.06787109375,-1802.197265625,2052.40646258504,208.5872063112933
acaee50d-c93e-4865-b666-dcf8ca1d9f21,8.226812 46.595085,2023-04-22 12:00:00+02:00,7,PERSON,SLAB,1,DRY,NW,222,46.595085,8.226812,0,GRH,GRH,8.3,7.7,8.9,,,45.6,5.0,-2.8,800.5,,1015.4,,1462.6,6.8,152.0,3.9,14.0,24.5,6.3,22.7,,,0.0,175.0,926.0,278.0,,,,30.0,0.448,675.0115356445312,1040.95458984375,708.3984375,1259.1325602847428,304.23637214155286
099a6e90-d12e-11ed-ba10-b99b29af1712,8.260874 46.762857,2023-04-04 07:18:00+02:00,0,EXPLOSIVE,SLAB,3,DRY,NE,101,46.762857,8.260874,0,MER,MER,0.9,0.4,1.3,0.4,-2.1,67.9,4.4,-4.3,949.6,1021.3,1018.7,,,3.0,342.0,0.9,3.2,10.8,2.9,10.4,0.0,,0.0,,125.0,,,,105.0,4.0,0.049,681.629638671875,-711.80419921875,568.54248046875,910.9916410829492,51.384435582299645
fe8541fa-4448-482f-8c28-995faac1b624,8.419783 46.781356,2023-04-15 07:30:00+02:00,2,EXPLOSIVE,SLAB,1,DRY,N,144,46.781356,8.419783,0,TIT,TIT,-9.0,-9.1,-8.8,,,97.9,3.0,-9.3,685.0,,1003.1,2929.2,,13.6,300.0,9.7,34.9,49.0,13.3,47.9,,,,,147.0,,,,,,0.023,758.8815307617188,-1939.5263671875,-1050.18310546875,2205.594496734957,118.43393634386692
5dfb93d0-d046-11ed-b49c-43d9bede54f5,8.263448 46.782775,2023-04-04 05:45:00+02:00,0,EXPLOSIVE,SLAB,2,DRY,NW,51,46.782775,8.263448,0,GIH,GIH,1.1,0.8,1.3,,,79.5,5.2,-2.1,964.7,1022.6,1020.5,,,5.2,78.0,2.4,8.6,18.7,4.9,17.6,0.0,,0.0,,5.0,,,,6.0,0.0,0.026,684.3196411132812,175.78125,-795.95947265625,815.1383501975466,192.45342407958165
a7ed94b7-52d1-4b17-9928-83b4745ca8bf,8.307745 46.608205,2023-05-04 12:00:00+02:00,7,NATURAL,UNKNOWN,3,WET,,36,46.608205,8.307745,0,GRH,GRH,10.1,9.2,11.0,,,35.6,4.4,-4.6,807.6,,1024.0,,1533.2,5.4,174.0,2.3,8.3,19.4,5.2,18.7,,,0.0,147.0,1007.0,257.0,,,,60.0,0.533,686.95361328125,385.29052734375,-1229.91943359375,1288.856316116112,197.3939398203321
729aca22-4176-463d-b386-a7be12b79b0f,8.424589 46.778965,2023-04-26 07:00:00+02:00,3,EXPLOSIVE,SLAB,2,DRY,N,216,46.778965,8.424589,0,TIT,TIT,-9.2,-9.2,-9.1,,,23.4,0.7,-26.4,692.4,,1013.2,3013.0,,14.7,275.0,9.8,35.3,52.9,14.4,51.8,,,,,381.0,,,,,,0.118,763.47265625,893.29833984375,435.05859375,993.6085265150091,295.96723836070544
26d0ed0c-b5fc-4983-9f76-b0f25e82ece7,8.388771 46.786265,2023-04-16 08:30:00.000 +0200,4,EXPLOSIVE,LOOSE_SNOW,1,DRY,NW,122,46.786265,8.388771,1,TIT,TIT,-9.5,-9.6,-9.3,,,94.1,2.8,-10.3,692.7,,1013.7,3017.0,,7.6,16.0,3.6,13.0,27.4,7.1,25.6,,,,,249.0,,,,,,0.057,745.5567626953125,1001.2939453125,-1150.927734375,1525.5242425713996,221.02289546196127
1bb8250c-f575-4cb3-84c9-194ae951bc8a,7.944832 46.554569,2023-05-02 12:00:00.000 +0200,7,NATURAL,UNKNOWN,4,WET,,139,46.554569,7.944832,1,JUN,JUN,-8.5,-9.3,-7.8,,,67.9,2.2,-13.6,656.8,,1021.3,3078.7,,10.8,317.0,5.5,19.8,38.9,10.1,36.4,,,,,1061.0,187.0,,,,49.0,0.243,667.8281860351562,-387.158203125,1338.7939453125,1393.6501362438091,16.129039568052534
bdf4c097-2315-413e-a320-168acfd62b21,8.380633 46.782526,2023-04-12 08:00:00.000 +0200,4,EXPLOSIVE,SLAB,3,DRY,N,102,46.782526,8.380633,1,TIT,TIT,-4.5,-4.7,-4.3,,,96.7,4.2,-5.0,689.8,,1009.7,2982.1,,21.3,256.0,9.9,35.6,76.7,20.0,72.0,,,,,216.0,,,,,,0.045,740.0928344726562,302.5634765625,-2310.53466796875,2330.2607384657726,187.46040669647476
c8955470-dce3-11ed-bcd6-6b951ea9af39,8.419791 46.782658,2023-04-16 12:00:00.000 +0200,7,EXPLOSIVE,SLAB,2,DRY,N,310,46.782658,8.419791,1,TIT,TIT,-9.1,-9.2,-9.1,,,96.8,3.0,-9.5,693.9,,1015.2,3029.6,,7.4,16.0,3.6,13.0,26.6,7.0,25.2,,,,,654.0,,,,,,0.147,760.7146606445312,3990.0146484375,1105.0048828125,4140.199594921155,285.47967510578906
b463a2d6-9b9e-4b10-99b6-7308c06e3b30,8.423808 46.779796,2023-04-21 08:00:00+02:00,3,EXPLOSIVE,SLAB,1,DRY,N,268,46.779796,8.423808,0,TIT,TIT,-6.8,-7.2,-6.6,,,84.2,3.1,-9.1,690.2,,1010.3,2987.9,,16.7,168.0,9.9,35.6,60.1,15.4,55.4,,,,,283.0,,,,,,0.064,763.7023315429688,1030.95703125,-891.76025390625,1363.1246277324583,229.14075337416182
a7ed94b7-52d1-4b17-9928-83b4745ca8bf,8.307745 46.608205,2023-05-05 12:00:00+02:00,7,NATURAL,UNKNOWN,3,WET,,31,46.608205,8.307745,0,GRH,GRH,10.7,10.4,11.0,,,50.1,6.4,0.7,806.9,,1023.1,,1525.5,6.1,159.0,2.0,7.2,22.0,5.9,21.2,,,0.0,141.0,576.0,316.0,,,,6.0,0.329,686.95361328125,385.29052734375,-1229.91943359375,1288.856316116112,197.3939398203321
23b16de7-0279-40fb-918f-75ed3769abf5,8.426264 46.778244,2023-05-17 07:00:00.000 +0200,4,EXPLOSIVE,SLAB,2,DRY,NE,134,46.778244,8.426264,1,TIT,TIT,-7.2,-7.3,-7.0,,,93.9,3.3,-8.0,694.2,,1015.8,3033.2,,23.4,50.0,12.0,43.2,84.2,21.1,76.0,,,,,147.0,,,,,,0.03,763.5789794921875,960.205078125,-1153.45458984375,1500.8168718696666,219.77603552705924
146fb98c-e881-4676-9e59-446d1d57d1c2,8.034003 46.784284,2023-04-22 10:30:00+02:00,4,EXPLOSIVE,SLAB,2,DRY,S,25,46.784284,8.034003,0,BRZ,BRZ,,,,,,,,,945.5,,1011.9,,,4.9,61.0,2.7,9.7,17.6,4.7,16.9,,,0.0,,,,,,,,,622.0633544921875,-860.11962890625,-1528.30810546875,1753.7193165587546,150.6295373945058
fdfaf590-ea4c-11ed-8348-fb5788bd30bc,8.001152 46.577404,2023-05-05 12:00:00+02:00,7,NATURAL,SLAB,2,DRY,NW,180,46.577404,8.001152,0,JUN,JUN,-1.9,-2.3,-1.4,,,79.7,4.2,-5.0,661.1,,1027.3,3117.7,,8.7,152.0,4.1,14.8,31.3,8.4,30.2,,,,,882.0,246.0,,,,41.0,0.291,627.396728515625,-1005.908203125,1479.8583984375,1789.3664221003392,34.2052297539768
b5d8fc03-e36a-4fa1-9d42-ea7105356bda,8.385358 46.779077,2023-04-18 05:00:00+02:00,3,EXPLOSIVE,UNKNOWN,2,DRY,NE,120,46.779077,8.385358,0,TIT,TIT,-7.9,-8.0,-7.8,,,78.2,2.6,-11.0,693.2,,1014.3,3021.8,,7.2,204.0,5.2,18.7,25.9,7.1,25.6,,,,,1.0,,,,,,0.006,739.8767700195312,888.02490234375,118.4326171875,895.8875554423712,277.59650059112585
d1dc6b80-4759-4599-8761-9b826a9ee094,8.401311 46.769587,2023-04-15 00:00:00+02:00,6,NATURAL,SLAB,3,DRY,NW,258,46.769587,8.401311,0,TIT,TIT,-10.1,-10.3,-10.0,,,99.1,2.8,-10.2,685.3,,1003.6,2933.6,,11.0,289.0,8.2,29.5,39.6,10.7,38.5,,,,,0.0,,,,,,-0.001,747.0386352539062,-160.400390625,-956.9091796875,970.2594825524029,170.48434964326998
514e8b36-8761-43bc-a150-8a7eaeb0c925,8.038115 46.78053,2023-05-11 11:00:00+02:00,4,EXPLOSIVE,FULL_DEPTH,1,WET,NW,47,46.78053,8.038115,0,BRZ,BRZ,,,,,,,,,948.8,,1015.3,,,4.3,254.0,1.0,3.6,15.5,4.1,14.8,,,0.0,,,,,,,,,628.7517700195312,-1166.30859375,-2373.486328125,2644.5629290397683,153.83093742679455
b463a2d6-9b9e-4b10-99b6-7308c06e3b30,8.423808 46.779796,2023-04-22 08:00:00+02:00,3,EXPLOSIVE,SLAB,1,DRY,N,246,46.779796,8.423808,0,TIT,TIT,-0.9,-1.4,-0.5,,,58.5,3.4,-8.1,695.3,,1017.2,3044.2,,7.3,244.0,5.1,18.4,26.3,7.2,25.9,,,,,460.0,,,,,,0.169,763.7023315429688,1030.95703125,-891.76025390625,1363.1246277324583,229.14075337416182
87548817-41cb-4875-9f16-2dd62dfe20ab,8.382498 46.780197,2023-04-01 07:00:00+02:00,4,EXPLOSIVE,SLAB,2,DRY,NE,79,46.780197,8.382498,0,TIT,TIT,-10.8,-10.8,-10.6,,,97.0,2.6,-11.1,686.0,,1004.5,2941.7,,25.3,286.0,14.5,52.2,91.1,24.5,88.2,,,,,91.0,,,,,,0.013,739.82470703125,627.20947265625,-361.23046875,723.7949807390736,240.06095131471258
3a0dd0e2-9199-4139-bb1e-3327bd98128b,8.425944 46.778157,2023-04-16 07:00:00+02:00,3,EXPLOSIVE,SLAB,2,DRY,NE,244,46.778157,8.425944,0,TIT,TIT,-9.6,-9.8,-9.5,,,97.1,2.9,-10.0,692.5,,1013.4,3014.3,,8.1,12.0,2.5,9.0,29.2,7.6,27.4,,,,,150.0,,,,,,0.035,763.0839233398438,1136.09619140625,2768.994140625,2992.9990155266287,337.6920487492303
b6bd2020-dd0b-11ed-8f1e-7bb69ddca4ec,8.237321 46.747742,2023-04-16 12:00:00.000 +0200,7,NATURAL,SLAB,2,DRY,N,90,46.747742,8.237321,1,MER,MER,6.1,5.9,6.2,7.2,6.9,83.5,7.9,3.5,951.5,1021.9,1020.8,,,1.0,90.0,0.3,1.1,3.6,0.9,3.2,0.0,,0.2,,119.0,,,,108.0,0.0,0.07,666.8665771484375,-88.65966796875,-2022.5830078125,2024.5252678631077,177.49005361316605
b210fde3-14f2-42fc-8dc3-c8d01a9cf57a,8.425206 46.770128,2023-05-17 09:00:00+02:00,3,EXPLOSIVE,SLAB,2,DRY,S,160,46.770128,8.425206,0,TIT,TIT,-6.9,-7.7,-6.2,,,85.1,3.1,-9.0,694.8,,1016.5,3039.5,,19.9,63.0,11.4,41.0,71.6,19.7,70.9,,,,,741.0,,,,,,0.128,761.9268798828125,601.06201171875,-1339.892578125,1468.5324861390877,204.16051306819816
c1bf9390-dd0b-11ed-8f1e-7bb69ddca4ec,8.237684 46.748368,2023-04-16 12:00:00.000 +0200,7,NATURAL,SLAB,2,DRY,NW,105,46.748368,8.237684,1,MER,MER,6.1,5.9,6.2,7.2,6.9,83.5,7.9,3.5,951.5,1021.9,1020.8,,,1.0,90.0,0.3,1.1,3.6,0.9,3.2,0.0,,0.2,,119.0,,,,108.0,0.0,0.07,667.4393920898438,265.2099609375,-1795.60546875,1815.085486357427,188.40181165468005
d68cc42c-2801-4238-bb58-3d963f2ab1ea,8.380899 46.782267,2023-04-03 07:00:00+02:00,4,EXPLOSIVE,SLAB,3,DRY,N,106,46.782267,8.380899,0,TIT,TIT,-11.1,-11.4,-10.6,,,93.9,2.5,-11.9,692.7,,1013.6,3017.2,,10.4,32.0,6.3,22.7,37.4,9.9,35.6,,,,,76.0,,,,,,0.018,740.3651733398438,2322.18017578125,308.7158203125,2342.6109848847414,277.5726253123122
a9add040-dd0c-11ed-8f1e-7bb69ddca4ec,8.245886 46.75731,2023-04-20 12:15:00+02:00,0,NATURAL,FULL_DEPTH,2,WET,S,31,46.75731,8.245886,0,MER,MER,6.3,6.2,6.4,8.0,7.3,86.6,8.3,4.3,941.8,1011.4,1010.5,,,3.1,291.0,1.2,4.3,11.2,3.1,11.2,0.0,,0.8,,139.0,,,,127.0,0.0,0.078,672.0734252929688,1789.013671875,-676.42822265625,1912.622560402748,249.28833442851726
3127a717-5395-4ff5-9722-0942f1737558,8.42626 46.777558,2023-04-17 06:30:00+02:00,5,EXPLOSIVE,SLAB,2,DRY,NE,196,46.777558,8.42626,0,TIT,TIT,-9.4,-9.4,-9.3,,,95.4,2.9,-10.0,693.7,,1015.0,3028.0,,15.7,25.0,8.0,28.8,56.5,14.6,52.6,,,,,38.0,,,,,,0.012,763.458251953125,-2435.6689453125,65.80810546875,2436.5578010597433,88.45233088164204
5192475d-5f0c-41d7-bde8-a82e5bea8b68,8.422294 46.780382,2023-04-20 08:00:00+02:00,4,EXPLOSIVE,SLAB,3,DRY,N,160,46.780382,8.422294,0,TIT,TIT,-7.8,-7.9,-7.7,,,84.8,2.9,-9.9,688.3,,1007.7,2966.8,,9.3,229.0,5.7,20.5,33.5,9.1,32.8,,,,,444.0,,,,,,0.096,760.693115234375,1238.48876953125,-1949.08447265625,2309.282294091548,212.43272500298517
45a4cc4a-b623-44fe-a276-c1a4df80223b,8.420264 46.781131,2023-05-04 07:30:00+02:00,4,EXPLOSIVE,SLAB,2,DRY,N,113,46.781131,8.420264,0,TIT,TIT,0.3,0.1,0.6,,,29.4,1.8,-15.5,701.8,,1026.0,3118.3,,6.5,307.0,4.7,16.9,23.4,6.5,23.4,,,,,407.0,,,,,,0.18,759.58349609375,874.072265625,-621.826171875,1072.6929260340712,234.57146728890586
839994f8-5b6d-44ab-8e1c-fd57876e2bd9,8.4215 46.780442,2023-04-01 07:00:00+02:00,4,EXPLOSIVE,SLAB,2,DRY,E,117,46.780442,8.4215,0,TIT,TIT,-10.8,-10.8,-10.6,,,97.0,2.6,-11.1,686.0,,1004.5,2941.7,,25.3,286.0,14.5,52.2,91.1,24.5,88.2,,,,,91.0,,,,,,0.013,760.1211547851562,676.9775390625,-425.830078125,799.7686189336653,237.82942760048624
f4bbdd10-e717-11ed-acf0-f7b342f82229,7.841373 46.562945,2023-04-29 12:00:00.000 +0200,7,NATURAL,UNKNOWN,3,UNKNOWN,NW,148,46.562945,7.841373,1,INT,INT,16.4,15.4,17.3,24.7,21.8,70.7,13.2,11.1,948.7,1015.1,1016.6,,,2.5,243.0,0.8,2.9,9.0,2.3,8.3,0.0,,0.0,,638.0,,,,432.0,17.0,0.38,665.4730224609375,-145.78857421875,540.41748046875,559.7368681522844,15.097306660713329
9879b1f6-3d1c-4854-ae1b-1f0a970d5832,8.425218 46.770162,2023-05-19 09:30:00+02:00,2,EXPLOSIVE,SLAB,2,DRY,S,169,46.770162,8.425218,0,TIT,TIT,-2.6,-2.9,-2.2,,,86.6,4.4,-4.5,697.8,,1020.6,3072.4,,12.1,134.0,8.6,31.0,43.6,11.7,42.1,,,,,638.0,,,,,,0.157,762.6640625,1480.95703125,-900.0,1732.984053131711,238.7123167053758
099a6e90-d12e-11ed-ba10-b99b29af1712,8.260874 46.762857,2023-04-03 07:18:00+02:00,0,EXPLOSIVE,SLAB,3,DRY,NE,101,46.762857,8.260874,0,MER,MER,5.3,5.1,5.6,5.2,4.5,77.0,6.8,1.6,950.6,1021.2,1019.8,,,8.3,274.0,4.4,15.8,29.9,8.1,29.2,0.0,,0.0,,130.0,,,,110.0,3.0,0.068,681.629638671875,-711.80419921875,568.54248046875,910.9916410829492,51.384435582299645
233c98fe-a27b-4c5e-992f-1bc9cdd0362a,8.422835 46.779803,2023-04-29 07:00:00+02:00,3,EXPLOSIVE,SLAB,2,DRY,N,125,46.779803,8.422835,0,TIT,TIT,-2.8,-3.0,-2.6,,,99.3,4.9,-2.9,697.5,,1020.2,3069.6,,7.7,346.0,2.3,8.3,27.7,7.4,26.6,,,,,143.0,,,,,,0.049,761.37451171875,-2.08740234375,-1899.31640625,1899.3175533067028,179.93703034634154
11290122-2f71-4b65-840e-5b583a64fdd5,8.389124 46.787453,2023-04-12 07:00:00.000 +0200,4,EXPLOSIVE,SLAB,2,WET,N,57,46.787453,8.389124,1,ENG,ENG,6.8,6.0,7.3,6.9,6.0,89.6,8.9,5.2,889.8,,1007.8,,1411.3,5.3,76.0,2.1,7.6,19.1,5.1,18.4,0.0,,0.0,0.0,105.0,324.0,,,,0.0,0.053,745.9564208984375,-514.3798828125,395.7275390625,648.9891748054537,52.42785973224594
b0c20dd8-9d72-42fd-9908-df362afd7f3d,8.425333 46.779051,2023-05-21 07:00:00+02:00,4,EXPLOSIVE,SLAB,2,DRY,N,140,46.779051,8.425333,0,TIT,TIT,-0.8,-1.1,-0.2,,,89.3,5.2,-2.3,697.5,,1020.2,3069.0,,11.5,145.0,5.5,19.8,41.4,11.1,40.0,,,,,278.0,,,,,,0.088,763.8226928710938,4434.85107421875,754.541015625,4498.581575870288,279.6557841562619
50fbf8f0-dd0c-11ed-8f1e-7bb69ddca4ec,8.23687 46.747556,2023-04-17 12:00:00+02:00,5,NATURAL,SLAB,2,DRY,N,73,46.747556,8.23687,0,MER,MER,11.6,11.2,11.9,19.5,18.3,60.7,8.3,4.2,949.4,1018.2,1018.5,,,8.4,327.0,3.8,13.7,30.2,8.1,29.2,0.0,,0.0,,848.0,,,,368.0,39.0,0.412,666.6058349609375,-1043.9208984375,-1423.49853515625,1765.2532174695355,143.74558715192933
11290122-2f71-4b65-840e-5b583a64fdd5,8.389124 46.787453,2023-04-13 07:00:00+02:00,4,EXPLOSIVE,SLAB,2,WET,N,69,46.787453,8.389124,0,ENG,ENG,1.0,0.8,1.2,1.0,0.8,91.4,6.0,-0.3,890.0,,1008.0,,1405.3,3.7,153.0,1.1,4.0,13.3,3.4,12.2,0.0,,0.2,0.0,55.0,301.0,,,,0.0,0.03,745.9564208984375,-514.3798828125,395.7275390625,648.9891748054537,52.42785973224594
a9add040-dd0c-11ed-8f1e-7bb69ddca4ec,8.245886 46.75731,2023-04-19 12:15:00+02:00,0,NATURAL,FULL_DEPTH,2,WET,S,32,46.75731,8.245886,0,MER,MER,13.9,13.3,14.3,21.2,21.0,60.5,9.6,6.4,948.0,1016.1,1017.0,,,8.5,280.0,4.3,15.5,30.6,8.2,29.5,0.0,,0.0,,892.0,,,,138.0,60.0,0.463,672.0734252929688,1789.013671875,-676.42822265625,1912.622560402748,249.28833442851726
26f6eb66-fc4c-4eb2-aecd-11eeddba5a5a,7.964013 46.534843,2023-05-17 10:30:00+02:00,3,PERSON,SLAB,1,DRY,SE,283,46.534843,7.964013,0,JUN,JUN,-5.5,-6.2,-4.4,,,79.8,3.2,-8.4,653.8,,1016.9,3035.6,,8.0,136.0,4.4,15.8,28.8,7.7,27.7,,,,,875.0,237.0,,,,16.0,0.24,672.6456298828125,-1239.0380859375,282.12890625,1270.7525715675279,77.17246046219545
673e5d3c-9736-4824-ac24-c511ffd507c4,8.418437 46.784875,2023-04-16 08:00:00.000 +0200,4,EXPLOSIVE,SLAB,1,DRY,NW,169,46.784875,8.418437,1,TIT,TIT,-9.5,-9.6,-9.3,,,94.1,2.8,-10.3,692.7,,1013.7,3017.0,,7.6,16.0,3.6,13.0,27.4,7.1,25.6,,,,,249.0,,,,,,0.057,761.7616577148438,-112.939453125,-2126.18408203125,2129.181549505641,176.9593986356536
37f6f440-e68a-11ed-9633-279e930b62b5,7.970158 46.5442,2023-05-02 12:00:00+02:00,7,NATURAL,SLAB,2,DRY,SE,276,46.5442,7.970158,0,JUN,JUN,-8.5,-9.3,-7.8,,,67.9,2.2,-13.6,656.8,,1021.3,3078.7,,10.8,317.0,5.5,19.8,38.9,10.1,36.4,,,,,1061.0,187.0,,,,49.0,0.243,659.6864624023438,-1524.90234375,127.6611328125,1530.236753840795,85.21449516841656
c7cfde41-7339-4d2c-afdf-9006721cfe7f,8.419526 46.781209,2023-04-04 07:00:00+02:00,4,EXPLOSIVE,SLAB,2,DRY,NW,82,46.781209,8.419526,0,TIT,TIT,-13.3,-13.6,-13.1,,,20.2,0.5,-31.5,688.6,,1008.1,2972.7,,22.7,49.0,6.8,24.5,81.7,21.8,78.5,,,,,257.0,,,,,,0.081,758.5951538085938,1165.31982421875,-2994.6533203125,3213.3967700201447,201.26267682707908
3c08ef45-da0c-4efd-bbb0-523da6d751f9,8.422511 46.78003,2023-04-27 07:30:00+02:00,2,EXPLOSIVE,SLAB,2,DRY,N,124,46.78003,8.422511,0,TIT,TIT,-7.2,-7.3,-7.1,,,89.9,3.2,-8.6,696.2,,1018.4,3055.0,,8.5,238.0,4.7,16.9,30.6,8.4,30.2,,,,,272.0,,,,,,0.062,760.8434448242188,714.55078125,-1498.095703125,1659.7811767539038,205.4998686787384
b463a2d6-9b9e-4b10-99b6-7308c06e3b30,8.423808 46.779796,2023-04-24 08:00:00+02:00,3,EXPLOSIVE,SLAB,1,DRY,N,208,46.779796,8.423808,0,TIT,TIT,-8.3,-8.6,-8.1,,,97.7,3.2,-8.6,689.3,,1009.0,2978.0,,19.3,286.0,11.4,41.0,69.5,19.0,68.4,,,,,205.0,,,,,,0.033,763.7023315429688,1030.95703125,-891.76025390625,1363.1246277324583,229.14075337416182
2f93ceb4-a841-42da-a6c1-1933628dbb83,8.385941 46.778747,2023-04-04 07:00:00+02:00,4,EXPLOSIVE,SLAB,2,DRY,NE,80,46.778747,8.385941,0,TIT,TIT,-13.3,-13.6,-13.1,,,20.2,0.5,-31.5,688.6,,1008.1,2972.7,,22.7,49.0,6.8,24.5,81.7,21.8,78.5,,,,,257.0,,,,,,0.081,738.159423828125,-807.4951171875,-2791.95556640625,2906.383362371265,163.86896488795355
ab2a9319-7f29-4629-a314-d5965080c33e,8.421443 46.780432,2023-05-06 07:30:00+02:00,4,EXPLOSIVE,SLAB,2,DRY,N,92,46.780432,8.421443,0,TIT,TIT,-1.2,-1.7,-0.9,,,87.1,4.9,-3.1,700.2,,1023.8,3099.8,,14.1,261.0,8.7,31.3,50.8,13.8,49.7,,,,,337.0,,,,,,0.09,760.1211547851562,676.9775390625,-425.830078125,799.7686189336653,237.82942760048624
b1c2736c-200d-4a78-a75a-d1aa12bb81e8,7.992735 46.584254,2023-06-06 08:00:00+02:00,3,EXPLOSIVE,UNKNOWN,0,UNKNOWN,,2,46.584254,7.992735,0,JUN,JUN,-5.0,-5.1,-4.9,,,82.0,3.4,-7.6,659.6,,1025.3,3106.0,,8.0,311.0,5.9,21.2,28.8,7.8,28.1,,,,,689.0,179.0,,,,60.0,0.173,629.8162231445312,-922.6318359375,1105.8837890625,1440.2181986062508,39.83802821390573
bdf4c097-2315-413e-a320-168acfd62b21,8.380633 46.782526,2023-04-15 08:00:00+02:00,4,EXPLOSIVE,SLAB,3,DRY,N,134,46.782526,8.380633,0,TIT,TIT,-8.8,-8.9,-8.7,,,97.5,3.1,-9.1,685.0,,1003.2,2929.3,,13.4,306.0,10.3,37.1,48.2,12.9,46.4,,,,,285.0,,,,,,0.043,740.0928344726562,302.5634765625,-2310.53466796875,2330.2607384657726,187.46040669647476
b2b22272-2994-46f8-ba69-aa77d0ffdafa,8.420101 46.781175,2023-04-25 00:00:00.000 +0200,6,NATURAL,SLAB,2,DRY,N,115,46.781175,8.420101,1,TIT,TIT,-9.7,-10.0,-9.1,,,98.9,2.9,-9.8,689.8,,1009.7,2984.4,,15.3,252.0,4.8,17.3,55.1,15.2,54.7,,,,,0.0,,,,,,-0.001,759.620849609375,-140.51513671875,692.138671875,706.2580581855176,11.475986466331335
3127a717-5395-4ff5-9722-0942f1737558,8.42626 46.777558,2023-04-18 06:30:00+02:00,5,EXPLOSIVE,SLAB,2,DRY,NE,183,46.777558,8.42626,0,TIT,TIT,-7.8,-7.9,-7.6,,,78.7,2.7,-10.9,693.5,,1014.7,3025.2,,6.6,217.0,4.4,15.8,23.8,6.4,23.0,,,,,44.0,,,,,,0.026,763.458251953125,-2435.6689453125,65.80810546875,2436.5578010597433,88.45233088164204
a8219770-e77f-11ed-991c-c3bbd7ca6c9a,7.788493 46.554381,2023-04-29 15:11:00.000 +0200,0,NATURAL,SLAB,3,WET,NW,102,46.554381,7.788493,1,FRU,FRU,17.5,17.3,17.8,,,59.4,11.9,9.5,,,,,,6.5,57.0,3.3,11.9,23.4,6.2,22.3,,,0.0,,318.0,350.0,,,288.0,0.0,,647.3303833007812,-2223.6328125,274.98779296875,2240.571617045187,82.95025220388905
a7ed94b7-52d1-4b17-9928-83b4745ca8bf,8.307745 46.608205,2023-05-02 12:00:00.000 +0200,7,NATURAL,UNKNOWN,3,WET,,35,46.608205,8.307745,1,GRH,GRH,1.7,1.5,2.1,,,94.2,6.5,0.9,805.9,,1021.9,,1529.4,8.4,352.0,5.0,18.0,30.2,8.3,29.9,,,0.0,161.0,418.0,318.0,,,,0.0,0.138,686.95361328125,385.29052734375,-1229.91943359375,1288.856316116112,197.3939398203321
e5f438a3-68c9-465f-a6d1-9ab6a2ebaf71,8.384832 46.783436,2023-04-02 08:00:00+02:00,3,EXPLOSIVE,SLAB,1,DRY,N,72,46.783436,8.384832,0,TIT,TIT,-11.6,-11.9,-11.3,,,99.0,2.5,-11.8,689.3,,1009.0,2979.5,,6.0,306.0,3.6,13.0,21.6,5.7,20.5,,,,,291.0,,,,,,0.053,742.1997680664062,-14.2822265625,283.0078125,283.3679656058845,2.8890286260990763
6e6f00b6-dfe0-4527-9b3f-7c45ffdf4fee,8.379219 46.783826,2023-04-04 07:00:00+02:00,4,EXPLOSIVE,SLAB,2,DRY,N,112,46.783826,8.379219,0,TIT,TIT,-13.3,-13.6,-13.1,,,20.2,0.5,-31.5,688.6,,1008.1,2972.7,,22.7,49.0,6.8,24.5,81.7,21.8,78.5,,,,,257.0,,,,,,0.081,740.6515502929688,-445.05615234375,-1093.90869140625,1180.9789176243398,157.8610771717615
27d50482-68af-45c1-b95c-82786dd48176,7.97274 46.575625,2023-04-01 08:00:00.000 +0200,3,EXPLOSIVE,LOOSE_SNOW,1,DRY,N,69,46.575625,7.97274,1,JUN,JUN,-14.0,-14.1,-13.9,,,95.7,2.0,-14.5,644.5,,1003.6,2942.5,,25.3,304.0,13.2,47.5,91.1,22.7,81.7,,,,,149.0,254.0,,,,0.0,0.018,645.8840942382812,95.47119140625,1123.35205078125,1127.4016934451397,355.1422324947262
792e43cf-e040-4ad1-98dd-47672e4855cd,8.426192 46.777884,2023-04-13 07:00:00+02:00,0,EXPLOSIVE,SLAB,2,DRY,NE,161,46.777884,8.426192,0,TIT,TIT,-13.5,-13.7,-13.0,,,100.0,2.2,-13.5,683.5,,1001.1,2915.8,,10.2,306.0,5.7,20.5,36.7,9.9,35.6,,,,,127.0,,,,,,0.019,762.9501342773438,-1177.0751953125,-389.90478515625,1239.9724823187414,108.32739193972753
f9b59268-33ad-4905-91cd-ccc9a1ae40a4,8.385942 46.778812,2023-04-16 08:30:00+02:00,2,EXPLOSIVE,LOOSE_SNOW,2,DRY,NE,144,46.778812,8.385942,0,TIT,TIT,-9.5,-9.6,-9.3,,,94.1,2.8,-10.3,692.7,,1013.7,3017.0,,7.6,16.0,3.6,13.0,27.4,7.1,25.6,,,,,249.0,,,,,,0.057,738.9261474609375,1856.9091796875,715.4296875,1989.9626477308693,291.07066856438576
26ffd848-b17b-4d9b-a93a-0d9106053d47,8.073009 46.53608,2023-05-24 12:00:00+02:00,7,PERSON,SLAB,3,DRY,,197,46.53608,8.073009,0,JUN,JUN,-1.9,-2.6,-1.3,,,95.1,5.0,-2.6,658.6,,1023.8,3087.4,,7.1,315.0,2.7,9.7,25.6,7.0,25.2,,,,,639.0,301.0,,,,0.0,0.228,618.4442138671875,74.37744140625,198.8525390625,212.30717388195632,339.4925369814307
ff002b7f-49f5-4ba6-971a-c1b18578a2b6,8.389256 46.787371,2023-04-14 08:30:00+02:00,2,EXPLOSIVE,SLAB,1,DRY,N,125,46.787371,8.389256,0,ENG,ENG,1.2,0.8,1.7,1.5,0.4,85.8,5.7,-1.0,891.7,,1009.9,,1421.1,5.4,267.0,2.3,8.3,19.4,5.3,19.1,0.0,,0.0,7.0,184.0,295.0,,,,0.0,0.073,745.9564208984375,-514.3798828125,395.7275390625,648.9891748054537,52.42785973224594
26d0ed0c-b5fc-4983-9f76-b0f25e82ece7,8.388771 46.786265,2023-04-16 08:30:00+02:00,4,EXPLOSIVE,LOOSE_SNOW,1,DRY,NW,122,46.786265,8.388771,0,TIT,TIT,-9.5,-9.6,-9.3,,,94.1,2.8,-10.3,692.7,,1013.7,3017.0,,7.6,16.0,3.6,13.0,27.4,7.1,25.6,,,,,249.0,,,,,,0.057,745.5567626953125,1001.2939453125,-1150.927734375,1525.5242425713996,221.02289546196127
2a2d7868-aa56-44d4-b082-8c267cccfbe3,8.388637 46.786311,2023-04-17 07:30:00+02:00,2,EXPLOSIVE,LOOSE_SNOW,1,DRY,NW,113,46.786311,8.388637,0,TIT,TIT,-9.4,-9.6,-9.3,,,95.6,2.9,-10.0,694.0,,1015.4,3030.7,,12.7,29.0,5.5,19.8,45.7,11.9,42.8,,,,,131.0,,,,,,0.028,745.34130859375,-705.322265625,-46.25244140625,706.8371712936591,93.75187474862615
8b4032b5-5847-4489-a91a-a268f821bb88,8.425022 46.770122,2023-05-15 09:30:00.000 +0200,2,EXPLOSIVE,SLAB,2,DRY,S,162,46.770122,8.425022,1,TIT,TIT,-6.3,-6.6,-5.8,,,98.0,3.7,-6.6,693.2,,1014.3,3021.2,,7.5,355.0,2.6,9.4,27.0,7.1,25.6,,,,,461.0,,,,,,0.13,761.7406616210938,1075.89111328125,-1517.2119140625,1859.9660426499088,215.34136178213532
9312b9e3-9422-40e1-8539-92240b8f9de8,8.390152 46.787449,2023-04-13 07:30:00.000 +0200,2,EXPLOSIVE,LOOSE_SNOW,1,DRY,N,76,46.787449,8.390152,1,TIT,TIT,-13.5,-13.7,-13.0,,,100.0,2.2,-13.5,683.5,,1001.1,2915.8,,10.2,306.0,5.7,20.5,36.7,9.9,35.6,,,,,127.0,,,,,,0.019,747.4361572265625,-1821.86279296875,1637.07275390625,2449.324649364818,48.05806036606041
a608e0ea-99f5-4d75-9162-5dd2600c0d00,8.423735 46.779426,2023-04-01 07:00:00.000 +0200,4,EXPLOSIVE,SLAB,2,DRY,N,182,46.779426,8.423735,1,TIT,TIT,-10.8,-10.8,-10.6,,,97.0,2.6,-11.1,686.0,,1004.5,2941.7,,25.3,286.0,14.5,52.2,91.1,24.5,88.2,,,,,91.0,,,,,,0.013,763.22314453125,604.35791015625,-1931.72607421875,2024.0588206336824,197.3727625092364
529f5410-e6a1-11ed-9300-179866ebe517,7.727729 46.504859,2023-04-30 17:00:00+02:00,3,UNKNOWN,UNKNOWN,1,WET,,1,46.504859,7.727729,0,FRU,FRU,11.5,11.1,11.9,,,85.8,11.6,9.2,,,,,,5.0,18.0,1.6,5.8,18.0,4.8,17.3,,,1.4,,14.0,367.0,,,13.0,0.0,,652.4718017578125,-780.46875,-7.470703125,780.504504235398,90.54842258167407
8b5b35b0-dd0c-11ed-8f1e-7bb69ddca4ec,8.229566 46.753026,2023-04-19 12:30:00+02:00,0,NATURAL,FULL_DEPTH,2,WET,SE,20,46.753026,8.229566,0,MER,MER,13.9,13.3,14.3,21.2,21.0,60.5,9.6,6.4,948.0,1016.1,1017.0,,,8.5,280.0,4.3,15.5,30.6,8.2,29.5,0.0,,0.0,,892.0,,,,138.0,60.0,0.463,664.6078491210938,795.849609375,1236.4013671875,1470.3961852254172,327.23133541761433
110f1420-d9f1-11ed-8014-25b7abf6ec82,8.252181 46.759933,2023-04-15 02:00:00+02:00,4,NATURAL,FULL_DEPTH,2,WET,S,68,46.759933,8.252181,0,MER,MER,5.8,5.6,6.0,3.9,3.8,73.1,6.7,1.3,939.3,1008.9,1007.8,,,4.5,103.0,1.4,5.0,16.2,4.4,15.8,0.0,,0.0,,2.0,,,,1.0,0.0,0.005,676.0153198242188,-296.19140625,-636.767578125,702.2836305137196,155.05458271526572
8cc2e1b0-ecd3-11ed-8adc-7d70564ee41a,8.023437 46.573593,2023-05-05 12:00:00+02:00,10,NATURAL,SLAB,4,WET,,185,46.573593,8.023437,0,JUN,JUN,-1.9,-2.3,-1.4,,,79.7,4.2,-5.0,661.1,,1027.3,3117.7,,8.7,152.0,4.1,14.8,31.3,8.4,30.2,,,,,882.0,246.0,,,,41.0,0.291,616.08935546875,-1170.15380859375,707.18994140625,1367.2518235470136,58.853064354324204
4067dd0b-f3b4-40af-8872-12824f7b55a6,8.423024 46.779666,2023-04-04 07:00:00+02:00,4,EXPLOSIVE,SLAB,3,DRY,NE,121,46.779666,8.423024,0,TIT,TIT,-13.3,-13.6,-13.1,,,20.2,0.5,-31.5,688.6,,1008.1,2972.7,,22.7,49.0,6.8,24.5,81.7,21.8,78.5,,,,,257.0,,,,,,0.081,761.8928833007812,656.43310546875,-2499.49951171875,2584.260480492943,194.71504785369478
50fbf8f0-dd0c-11ed-8f1e-7bb69ddca4ec,8.23687 46.747556,2023-04-16 12:00:00.000 +0200,5,NATURAL,SLAB,2,DRY,N,90,46.747556,8.23687,1,MER,MER,6.1,5.9,6.2,7.2,6.9,83.5,7.9,3.5,951.5,1021.9,1020.8,,,1.0,90.0,0.3,1.1,3.6,0.9,3.2,0.0,,0.2,,119.0,,,,108.0,0.0,0.07,666.6058349609375,-1043.9208984375,-1423.49853515625,1765.2532174695355,143.74558715192933
9f2be370-d7a6-11ed-a8d1-4961cd70d9e1,8.210814 46.503291,2023-04-12 12:00:00+02:00,7,NATURAL,SLAB,3,WET,S,143,46.503291,8.210814,0,ULR,ULR,11.2,10.8,11.8,14.7,13.8,50.5,6.7,1.3,855.9,,1006.8,,1404.7,7.0,101.0,2.3,8.3,25.2,6.9,24.8,,,0.0,0.0,467.0,321.0,,,434.0,0.0,0.275,686.5875244140625,1112.9150390625,-722.4609375,1326.8495356990802,237.00994253482378
b2ae7f83-144e-4307-bbca-2bcde419c704,8.384786 46.783437,2023-04-16 08:30:00+02:00,4,EXPLOSIVE,LOOSE_SNOW,1,DRY,N,115,46.783437,8.384786,0,TIT,TIT,-9.5,-9.6,-9.3,,,94.1,2.8,-10.3,692.7,,1013.7,3017.0,,7.6,16.0,3.6,13.0,27.4,7.1,25.6,,,,,249.0,,,,,,0.057,742.1997680664062,-14.2822265625,283.0078125,283.3679656058845,2.8890286260990763
1a787419-5802-4808-a192-fbe672afe523,8.389757 46.787324,2023-04-20 08:30:00+02:00,4,EXPLOSIVE,LOOSE_SNOW,2,DRY,N,80,46.787324,8.389757,0,TIT,TIT,-7.8,-7.9,-7.7,,,84.8,2.9,-9.9,688.3,,1007.7,2966.8,,9.3,229.0,5.7,20.5,33.5,9.1,32.8,,,,,444.0,,,,,,0.096,746.5532836914062,2276.91650390625,-1173.01025390625,2561.308615050101,242.74361235020513
2ed09558-7716-4dda-935c-3c151ebe5b3b,8.238855 46.748629,2023-04-17 08:30:00+02:00,4,EXPLOSIVE,SLAB,1,DRY,NW,76,46.748629,8.238855,0,MER,MER,7.9,6.8,8.9,14.6,8.4,77.8,8.3,4.2,950.5,1020.4,1019.7,,,2.7,143.0,0.8,2.9,9.7,2.6,9.4,0.0,,0.0,,555.0,,,,220.0,48.0,0.241,667.5252075195312,594.90966796875,-803.43017578125,999.7087377824496,216.51854871929072
5192475d-5f0c-41d7-bde8-a82e5bea8b68,8.422294 46.780382,2023-04-18 08:00:00+02:00,4,EXPLOSIVE,SLAB,3,DRY,N,184,46.780382,8.422294,0,TIT,TIT,-6.1,-7.1,-5.1,,,76.1,3.0,-9.7,694.1,,1015.6,3031.7,,4.1,233.0,1.3,4.7,14.8,3.9,14.0,,,,,514.0,,,,,,0.154,760.693115234375,1238.48876953125,-1949.08447265625,2309.282294091548,212.43272500298517
bc76da5f-d990-4bb2-a099-1ab0703da0a4,8.422538 46.779775,2023-05-06 07:30:00+02:00,4,EXPLOSIVE,SLAB,2,DRY,N,84,46.779775,8.422538,0,TIT,TIT,-1.2,-1.7,-0.9,,,87.1,4.9,-3.1,700.2,,1023.8,3099.8,,14.1,261.0,8.7,31.3,50.8,13.8,49.7,,,,,337.0,,,,,,0.09,760.8377075195312,-135.46142578125,-1545.99609375,1551.91936638633,174.99248631940367
1bae5ef4-62c9-4601-861f-8e5b286b94b1,8.422604 46.780389,2023-04-17 07:30:00+02:00,2,EXPLOSIVE,SLAB,2,DRY,N,232,46.780389,8.422604,0,TIT,TIT,-9.4,-9.6,-9.3,,,95.6,2.9,-10.0,694.0,,1015.4,3030.7,,12.7,29.0,5.5,19.8,45.7,11.9,42.8,,,,,131.0,,,,,,0.028,761.2346801757812,793.65234375,-2353.60107421875,2483.8120016022795,198.63450110654304
