avalanche_id,location,trigger_date_time,trigger_date_time_accuracy_code,trigger_type,avalanche_type,avalanche_size,avalanche_moisture,start_zone_aspect,snow_depth_sat,lat,lon,Avalanche Event,elevation,slope,aspect
0d6a183c-f453-4a31-98c7-90213921e278,8.417328 46.785788,2023-04-01 06:30:00.000 +0200,2,EXPLOSIVE,SLAB,1,DRY,NW,79,46.785788,8.417328,1,2336.0,89.9975586746184,32.47119229084849
a7ed94b7-52d1-4b17-9928-83b4745ca8bf,8.307745 46.608205,2023-05-04 12:00:00+02:00,7,NATURAL,UNKNOWN,3,WET,,117,46.584696521056,8.29709143859324,0,2166.0,89.99375742955924,101.30993247402021
74720590-2505-48bc-ad7b-327442e7d8ae,8.216759 46.608474,2023-04-22 12:00:00+02:00,7,PERSON,SLAB,1,DRY,N,87,46.617306095715556,8.227025495690288,0,2117.0,89.99925489291519,290.55604521958344
a4ad0c82-16f6-4de1-af92-ac146cabf042,8.423474 46.779387,2023-05-02 07:30:00+02:00,4,EXPLOSIVE,SLAB,2,DRY,N,0,46.81374989368975,8.419820294928536,0,1017.0,89.98576474942456,243.43494882292202
ff002b7f-49f5-4ba6-971a-c1b18578a2b6,8.389256 46.787371,2023-04-17 08:30:00+02:00,2,EXPLOSIVE,SLAB,1,DRY,N,0,46.83041748822188,8.384884313873902,0,1211.0,89.99627446458098,20.556045219583464
8500f990-d7a6-11ed-a8d1-4961cd70d9e1,8.209308 46.504515,2023-04-10 12:00:00+02:00,7,NATURAL,SLAB,4,WET,S,216,46.522762390711165,8.196791941141083,0,3082.0,89.99860411880877,142.12501634890182
27d50482-68af-45c1-b95c-82786dd48176,7.97274 46.575625,2023-04-02 08:00:00+02:00,3,EXPLOSIVE,LOOSE_SNOW,1,DRY,N,144,46.54821446358012,7.976520687450214,0,3451.0,89.99735658027784,221.6335393365702
50374fe0-d439-11ed-a920-a702e6e7f311,8.245848 46.760908,2023-04-08 16:00:00+02:00,2,NATURAL,FULL_DEPTH,1,WET,SW,42,46.786555003739984,8.277538705566936,0,1736.0,89.99867600541765,286.92751306414704
b2ae7f83-144e-4307-bbca-2bcde419c704,8.384786 46.783437,2023-04-19 08:30:00+02:00,4,EXPLOSIVE,LOOSE_SNOW,1,DRY,N,205,46.76987371884463,8.405205252069464,0,2798.0,89.99947585110918,287.24145939894
26d0ed0c-b5fc-4983-9f76-b0f25e82ece7,8.388771 46.786265,2023-04-18 08:30:00+02:00,4,EXPLOSIVE,LOOSE_SNOW,1,DRY,NW,119,46.7546015877947,8.415829024766438,0,2048.0,89.99913302778126,299.3577535427913
11f734d7-e1b6-4c3b-8fe6-abdd0b39cea0,8.385873 46.778735,2023-04-15 08:00:00+02:00,4,EXPLOSIVE,SLAB,2,DRY,NE,90,46.79139766033652,8.381446172899603,0,1774.0,89.99861735020872,235.61965527615513
850fbf08-4de4-4e22-97a7-6ee73d0c55e0,8.423568 46.779438,2023-04-27 07:30:00+02:00,2,EXPLOSIVE,SLAB,2,DRY,N,0,46.82361530993255,8.405636741648218,0,1068.0,89.99898163645221,97.35237935989237
b5d8fc03-e36a-4fa1-9d42-ea7105356bda,8.385358 46.779077,2023-04-17 05:00:00+02:00,3,EXPLOSIVE,UNKNOWN,2,DRY,NE,190,46.784377863897895,8.414240134583647,0,2248.0,89.99791468260202,328.3924977537511
da27b6a6-0240-478c-9ff6-ab83983e37eb,8.426516 46.77779,2023-05-01 07:30:00+02:00,2,EXPLOSIVE,SLAB,2,DRY,NE,0,46.81436511016338,8.386614898486469,0,1187.0,89.9993665396505,275.71059313749964
a7ed94b7-52d1-4b17-9928-83b4745ca8bf,8.307745 46.608205,2023-05-04 12:00:00+02:00,7,NATURAL,UNKNOWN,3,WET,,143,46.58499929199321,8.26682478827869,0,2489.0,89.99935900655079,244.98310652189997
b5d8fc03-e36a-4fa1-9d42-ea7105356bda,8.385358 46.779077,2023-04-16 05:00:00+02:00,3,EXPLOSIVE,UNKNOWN,2,DRY,NE,113,46.778063576578745,8.404555232042478,0,2193.0,89.9993509284301,286.5873385569274
ff002b7f-49f5-4ba6-971a-c1b18578a2b6,8.389256 46.787371,2023-04-14 08:30:00+02:00,2,EXPLOSIVE,SLAB,1,DRY,N,64,46.78158345682037,8.350460552593736,0,2052.0,89.99892514388745,78.3106308245608
40432ba0-e72a-11ed-8f49-75cb9dad9a7e,7.996764 46.557888,2023-04-30 12:00:00+02:00,7,NATURAL,SLAB,3,DRY,S,204,46.55882307027919,8.030570512759123,0,3479.0,89.99738350885492,80.53767779197439
9793e5e8-7a24-425c-8b33-04a387b5aa44,8.40304 46.792701,2023-04-03 06:30:00+02:00,2,EXPLOSIVE,SLAB,1,DRY,NW,7,46.824705859461034,8.358722346581093,0,1542.0,89.99911750657374,133.87669728592456
1bae5ef4-62c9-4601-861f-8e5b286b94b1,8.422604 46.780389,2023-04-15 07:30:00+02:00,2,EXPLOSIVE,SLAB,2,DRY,N,218,46.77428048826921,8.41916353808669,0,2717.0,89.99943168009399,268.97696981133214
ae543637-3b77-4592-997d-c9f3fc4c3078,8.424992 46.778957,2023-04-26 07:30:00.000 +0200,2,EXPLOSIVE,SLAB,2,DRY,N,229,46.778957,8.424992,1,2750.0,89.99955410210963,281.30993247402023
8cc2e1b0-ecd3-11ed-8adc-7d70564ee41a,8.023437 46.573593,2023-05-05 12:00:00.000 +0200,10,NATURAL,SLAB,4,WET,,185,46.573593,8.023437,1,2759.0,89.99288237460244,206.565051177078
74720590-2505-48bc-ad7b-327442e7d8ae,8.216759 46.608474,2023-04-23 12:00:00+02:00,7,PERSON,SLAB,1,DRY,N,47,46.57401807230429,8.22214503442916,0,2672.0,89.99909386574734,94.89909245378777
b121901c-cb98-4082-b65b-7aa17e40b945,8.420495 46.780984,2023-04-17 08:00:00+02:00,4,EXPLOSIVE,SLAB,2,DRY,NE,213,46.77158327899507,8.390460383027994,0,2349.0,89.99910183669533,286.3895403340348
fdfaf590-ea4c-11ed-8348-fb5788bd30bc,8.001152 46.577404,2023-05-01 12:00:00+02:00,7,NATURAL,SLAB,2,DRY,NW,47,46.591751231833655,7.9620245354654955,0,1996.0,89.99796639273394,206.565051177078
b5d8fc03-e36a-4fa1-9d42-ea7105356bda,8.385358 46.779077,2023-04-16 05:00:00+02:00,3,EXPLOSIVE,UNKNOWN,2,DRY,NE,211,46.7647052035711,8.38075326470656,0,2567.0,89.99928320218636,277.76516601842536
fdfaf590-ea4c-11ed-8348-fb5788bd30bc,8.001152 46.577404,2023-05-03 12:00:00+02:00,7,NATURAL,SLAB,2,DRY,NW,128,46.570218716337756,8.036467836716183,0,2806.0,89.9996739866903,302.8762617522106
97f65a13-9c8a-44c6-b5dc-c7c4d60fed1e,7.972757 46.575628,2023-04-17 07:30:00+02:00,2,EXPLOSIVE,SLAB,1,DRY,N,224,46.55056515694428,7.986459449877123,0,3375.0,89.99933410305096,307.3493490446406
ce082ed0-ea41-11ed-9704-3747ffc8acfd,7.997493 46.55824,2023-05-04 12:00:00+02:00,7,PERSON,SLAB,3,DRY,S,138,46.51419064359404,7.991690728616659,0,3599.0,89.99896233942707,70.97439396243132
74720590-2505-48bc-ad7b-327442e7d8ae,8.216759 46.608474,2023-04-22 12:00:00+02:00,7,PERSON,SLAB,1,DRY,N,65,46.57833333521902,8.20209416367219,0,2685.0,89.99932654506009,83.9275435927923
72a5d090-d8f5-11ed-9de9-4bc775516e2e,8.249382 46.761703,2023-04-12 16:00:00+02:00,3,NATURAL,FULL_DEPTH,2,WET,SW,19,46.797668862097254,8.23799943531135,0,1652.0,89.99476701772076,279.4623222080256
1b05e8ea-984f-445d-8163-f5d970cfecf8,8.387973 46.785269,2023-04-13 07:00:00+02:00,4,EXPLOSIVE,SLAB,1,WET,NW,16,46.74721431161781,8.354249746897576,0,1676.0,89.99886964845152,73.49563861824498
50374fe0-d439-11ed-a920-a702e6e7f311,8.245848 46.760908,2023-04-06 16:00:00+02:00,2,NATURAL,FULL_DEPTH,1,WET,SW,106,46.74073601459517,8.2577941020287,0,2102.0,89.99873081536879,293.4985656759521
dda75b80-ddc2-11ed-b3b1-431b3c02902e,8.263291 46.74286,2023-04-17 14:30:00.000 +0200,1,SNOW_GROOMER,SLAB,3,DRY,SE,127,46.74286,8.263291,1,2200.0,89.99820080614808,132.70938995736148
27d50482-68af-45c1-b95c-82786dd48176,7.97274 46.575625,2023-04-03 08:00:00+02:00,3,EXPLOSIVE,LOOSE_SNOW,1,DRY,N,239,46.54364992491017,8.002615050471153,0,3383.0,89.99627446458098,69.44395478041653
bc76da5f-d990-4bb2-a099-1ab0703da0a4,8.422538 46.779775,2023-05-02 07:30:00.000 +0200,4,EXPLOSIVE,SLAB,2,DRY,N,107,46.779775,8.422538,1,2662.0,89.99913970301039,288.92464441605125
ad1f7e7f-180e-4f38-9562-d610574cd4c5,8.239483 46.749076,2023-04-03 06:30:00+02:00,2,EXPLOSIVE,SLAB,1,DRY,N,35,46.75427801841247,8.24420911700308,0,1773.0,89.99549841842848,8.13010235415598
564bddb0-e717-11ed-acf0-f7b342f82229,7.822357 46.529218,2023-04-29 12:00:00+02:00,7,NATURAL,SLAB,3,UNKNOWN,N,32,46.5228752974708,7.793158985574205,0,1829.0,89.99936107594586,51.519801751656985
c1bf9390-dd0b-11ed-8f1e-7bb69ddca4ec,8.237684 46.748368,2023-04-19 12:00:00+02:00,7,NATURAL,SLAB,2,DRY,NW,65,46.749264430541004,8.248468237192572,0,1911.0,89.99502883477531,51.34019174590991
a94851d0-e58a-11ed-94a2-bf37c1703856,7.5461 46.68465,2023-04-28 12:00:00+02:00,7,NATURAL,SLAB,2,UNKNOWN,SW,10,46.688758164069284,7.509287523468081,0,1803.0,89.99902825958337,238.73626830562256
f9b59268-33ad-4905-91cd-ccc9a1ae40a4,8.385942 46.778812,2023-04-17 08:30:00+02:00,2,EXPLOSIVE,LOOSE_SNOW,2,DRY,NE,109,46.79041412010121,8.379086443277847,0,1856.0,89.99876657424494,234.46232220802563
a94851d0-e58a-11ed-94a2-bf37c1703856,7.5461 46.68465,2023-04-26 12:00:00+02:00,7,NATURAL,SLAB,2,UNKNOWN,SW,0,46.71596346165784,7.511995669642227,0,1329.0,89.99879431533223,232.69605172201656
c1bf9390-dd0b-11ed-8f1e-7bb69ddca4ec,8.237684 46.748368,2023-04-16 12:00:00+02:00,7,NATURAL,SLAB,2,DRY,NW,148,46.78520153460515,8.232538049276052,0,1848.0,89.99845597025636,247.16634582208246
50fbf8f0-dd0c-11ed-8f1e-7bb69ddca4ec,8.23687 46.747556,2023-04-16 12:00:00+02:00,5,NATURAL,SLAB,2,DRY,N,0,46.7363893840997,8.209508230688485,0,1126.0,89.9975586746184,32.47119229084849
68246170-d6db-11ed-8552-37fbec7ec321,8.370977 46.777677,2023-04-10 15:00:00+02:00,3,NATURAL,FULL_DEPTH,2,WET,S,63,46.820698181624984,8.326497247452883,0,1995.0,89.99892940799765,137.72631099390625
b6bd2020-dd0b-11ed-8f1e-7bb69ddca4ec,8.237321 46.747742,2023-04-16 12:00:00+02:00,7,NATURAL,SLAB,2,DRY,N,0,46.71199138389503,8.22543512696883,0,688.0,89.99855462926242,39.47245984834383
673e5d3c-9736-4824-ac24-c511ffd507c4,8.418437 46.784875,2023-04-18 08:00:00+02:00,4,EXPLOSIVE,SLAB,1,DRY,NW,0,46.8251091060988,8.414328231554402,0,1164.0,89.99871120094275,58.240519915187214
50374fe0-d439-11ed-a920-a702e6e7f311,8.245848 46.760908,2023-04-06 16:00:00+02:00,2,NATURAL,FULL_DEPTH,1,WET,SW,3,46.72972769127707,8.240300064037429,0,1820.0,89.99922639076019,64.05770451012833
673e5d3c-9736-4824-ac24-c511ffd507c4,8.418437 46.784875,2023-04-16 08:00:00+02:00,4,EXPLOSIVE,SLAB,1,DRY,NW,84,46.79182081686875,8.390838948285156,0,1761.0,0.0,-0.0
11f734d7-e1b6-4c3b-8fe6-abdd0b39cea0,8.385873 46.778735,2023-04-12 08:00:00+02:00,4,EXPLOSIVE,SLAB,2,DRY,NE,115,46.77232817591753,8.41236015851133,0,2691.0,89.99885437765168,120.25643716352927
c8955470-dce3-11ed-bcd6-6b951ea9af39,8.419791 46.782658,2023-04-19 12:00:00+02:00,7,EXPLOSIVE,SLAB,2,DRY,N,154,46.77280473405286,8.38413522701489,0,2173.0,89.99909968368392,278.13010235415595
f4bbdd10-e717-11ed-acf0-f7b342f82229,7.841373 46.562945,2023-04-30 12:00:00+02:00,7,NATURAL,UNKNOWN,3,UNKNOWN,NW,74,46.52215206071072,7.831181413598106,0,2353.0,89.99933351944266,199.5731258304102
d1dc6b80-4759-4599-8761-9b826a9ee094,8.401311 46.769587,2023-04-16 00:00:00+02:00,6,NATURAL,SLAB,3,DRY,NW,0,46.81119922646689,8.377755111902088,0,1224.0,89.99629972273938,234.46232220802563
1a787419-5802-4808-a192-fbe672afe523,8.389757 46.787324,2023-04-17 08:30:00+02:00,4,EXPLOSIVE,LOOSE_SNOW,2,DRY,N,153,46.77943123615677,8.360282837867649,0,2128.0,89.99844865253887,313.02506598911805
bafec949-69be-4d29-96df-732ded5d7686,8.389718 46.787228,2023-04-04 08:00:00+02:00,3,EXPLOSIVE,SLAB,1,DRY,N,108,46.76683771705611,8.353902113816602,0,2051.0,89.99745961054808,298.6104596659652
ae543637-3b77-4592-997d-c9f3fc4c3078,8.424992 46.778957,2023-04-26 07:30:00+02:00,2,EXPLOSIVE,SLAB,2,DRY,N,65,46.796472436300746,8.42457374074091,0,2006.0,89.99784413341945,241.69924423399362
fdfaf590-ea4c-11ed-8348-fb5788bd30bc,8.001152 46.577404,2023-05-01 12:00:00+02:00,7,NATURAL,SLAB,2,DRY,NW,50,46.602238557570466,8.040526548493858,0,1992.0,89.99935374379048,275.8263420295558
f9b59268-33ad-4905-91cd-ccc9a1ae40a4,8.385942 46.778812,2023-04-17 08:30:00+02:00,2,EXPLOSIVE,LOOSE_SNOW,2,DRY,NE,44,46.778449548268895,8.360505715474407,0,2093.0,89.99942885102519,80.70669140060288
10ab716e-5fe3-4dac-9343-2f5c3d5e2a92,8.244594 46.61198,2023-05-10 12:00:00+02:00,7,NATURAL,SLAB,4,WET,NW,17,46.64895592460113,8.27028148148305,0,1583.0,89.9993152646585,251.17528998175993
ad1f7e7f-180e-4f38-9562-d610574cd4c5,8.239483 46.749076,2023-04-04 06:30:00+02:00,2,EXPLOSIVE,SLAB,1,DRY,N,17,46.73086530010908,8.236708951296256,0,1674.0,89.99804463791354,10.619655276155134
acaee50d-c93e-4865-b666-dcf8ca1d9f21,8.226812 46.595085,2023-04-21 12:00:00.000 +0200,7,PERSON,SLAB,1,DRY,NW,256,46.595085,8.226812,1,2615.0,89.99902507428665,319.9697407281103
74d69404-e345-4837-afea-4a4f976882c4,8.416507 46.785698,2023-04-16 08:00:00.000 +0200,4,EXPLOSIVE,SLAB,2,DRY,NW,161,46.785698,8.416507,1,2310.0,89.99884914817785,347.4711922908485
45a4cc4a-b623-44fe-a276-c1a4df80223b,8.420264 46.781131,2023-05-02 07:30:00.000 +0200,4,EXPLOSIVE,SLAB,2,DRY,N,115,46.781131,8.420264,1,2542.0,89.99873881031216,236.30993247402023
b1c2736c-200d-4a78-a75a-d1aa12bb81e8,7.992735 46.584254,2023-06-05 08:00:00.000 +0200,3,EXPLOSIVE,UNKNOWN,0,UNKNOWN,,4,46.584254,7.992735,1,2121.0,89.99820080614808,312.70938995736145
129ea644-660f-4e28-b1b5-6ad36254a3b7,8.425551 46.770235,2023-05-19 09:00:00+02:00,3,EXPLOSIVE,SLAB,2,DRY,SE,57,46.780059584454406,8.381425817086235,0,2266.0,89.9987514859071,64.4400348281762
f4bbdd10-e717-11ed-acf0-f7b342f82229,7.841373 46.562945,2023-05-01 12:00:00+02:00,7,NATURAL,UNKNOWN,3,UNKNOWN,NW,107,46.56133250232883,7.808815918742607,0,2225.0,89.99914468666992,300.6997225508144
34e33f73-9c60-4cff-be3e-9f199f5b9d9e,8.385879 46.778707,2023-04-16 05:00:00.000 +0200,3,EXPLOSIVE,UNKNOWN,2,DRY,NE,126,46.778707,8.385879,1,2210.0,89.99654744453728,102.52880770915151
ab2a9319-7f29-4629-a314-d5965080c33e,8.421443 46.780432,2023-05-02 07:30:00.000 +0200,4,EXPLOSIVE,SLAB,2,DRY,N,119,46.780432,8.421443,1,2571.0,89.99943058996529,259.695153531234
97f65a13-9c8a-44c6-b5dc-c7c4d60fed1e,7.972757 46.575628,2023-04-19 07:30:00+02:00,2,EXPLOSIVE,SLAB,1,DRY,N,213,46.56010459949266,7.9927367909926925,0,3641.0,89.9995421778461,310.333141628561
2f93ceb4-a841-42da-a6c1-1933628dbb83,8.385941 46.778747,2023-04-01 07:00:00+02:00,4,EXPLOSIVE,SLAB,2,DRY,NE,72,46.76749084285923,8.359970396162943,0,2078.0,89.99916263230192,296.565051177078
37f6f440-e68a-11ed-9633-279e930b62b5,7.970158 46.5442,2023-05-02 12:00:00+02:00,7,NATURAL,SLAB,2,DRY,SE,299,46.50762554205277,7.964423187410057,0,3647.0,89.99681690114143,126.86989764584402
b463a2d6-9b9e-4b10-99b6-7308c06e3b30,8.423808 46.779796,2023-04-22 08:00:00+02:00,3,EXPLOSIVE,SLAB,1,DRY,N,2,46.79993215773278,8.404384712292515,0,1417.0,89.99842797952294,290.22485943116806
146fb98c-e881-4676-9e59-446d1d57d1c2,8.034003 46.784284,2023-04-19 10:30:00+02:00,4,EXPLOSIVE,SLAB,2,DRY,S,16,46.792592827885095,7.998810552672142,0,1403.0,89.99249736407491,315.0
3efdca94-9b97-483a-8a85-137add93bbd1,8.426389 46.777499,2023-05-05 07:30:00+02:00,4,EXPLOSIVE,SLAB,3,DRY,NE,0,46.81910649842694,8.421862751287334,0,1022.0,89.99249736407491,135.0
b4aeb776-bc6c-459f-adeb-919a10f47c8a,8.420466 46.780907,2023-04-04 07:00:00+02:00,4,EXPLOSIVE,SLAB,2,DRY,NW,56,46.78801452105234,8.40546908068899,0,2002.0,89.99940891338042,31.328692867804165
1a787419-5802-4808-a192-fbe672afe523,8.389757 46.787324,2023-04-19 08:30:00+02:00,4,EXPLOSIVE,LOOSE_SNOW,2,DRY,N,0,46.825742777707305,8.422133694914843,0,1149.0,89.99903894816235,118.88658176691071
a94851d0-e58a-11ed-94a2-bf37c1703856,7.5461 46.68465,2023-04-26 12:00:00+02:00,7,NATURAL,SLAB,2,UNKNOWN,SW,32,46.70124822849504,7.538486607833953,0,1643.0,89.99916407728608,240.0684881594922
f9b59268-33ad-4905-91cd-ccc9a1ae40a4,8.385942 46.778812,2023-04-16 08:30:00+02:00,2,EXPLOSIVE,LOOSE_SNOW,2,DRY,NE,69,46.78085852217928,8.346880635403386,0,1963.0,89.99828875545086,53.74616226255522
931d9d63-4823-45cb-940f-26620aa25be9,8.425244 46.779006,2023-04-14 07:30:00+02:00,2,EXPLOSIVE,SLAB,2,DRY,N,197,46.74320410865184,8.4227343633799,0,2504.0,89.99949500062019,138.21548399174821
9b1e09ce-808a-44b8-8176-c69307d3a01b,8.390545 46.780329,2023-04-16 08:30:00+02:00,4,EXPLOSIVE,LOOSE_SNOW,1,DRY,NW,3,46.8220958965424,8.353787848423378,0,1505.0,89.99910183669533,73.61045966596522
d68cc42c-2801-4238-bb58-3d963f2ab1ea,8.380899 46.782267,2023-04-03 07:00:00+02:00,4,EXPLOSIVE,SLAB,3,DRY,N,139,46.77514680390107,8.40057709582404,0,2270.0,89.99867485860533,272.3859440303888
bdf4c097-2315-413e-a320-168acfd62b21,8.380633 46.782526,2023-04-14 08:00:00+02:00,4,EXPLOSIVE,SLAB,3,DRY,N,60,46.80466012804394,8.371593080995876,0,1480.0,89.995924459539,309.8055710922652
d68cc42c-2801-4238-bb58-3d963f2ab1ea,8.380899 46.782267,2023-04-04 07:00:00+02:00,4,EXPLOSIVE,SLAB,3,DRY,N,178,46.80543641588956,8.341253633307822,0,2507.0,89.99919537604828,286.1443387802835
c1bf9390-dd0b-11ed-8f1e-7bb69ddca4ec,8.237684 46.748368,2023-04-18 12:00:00+02:00,7,NATURAL,SLAB,2,DRY,NW,101,46.77684659355279,8.25728527498937,0,1881.0,89.98993415768265,288.434948822922
b2ae7f83-144e-4307-bbca-2bcde419c704,8.384786 46.783437,2023-04-16 08:30:00+02:00,4,EXPLOSIVE,LOOSE_SNOW,1,DRY,N,180,46.78352601052058,8.38609402512946,0,2033.0,89.99893955601816,268.0908475670036
acaee50d-c93e-4865-b666-dcf8ca1d9f21,8.226812 46.595085,2023-04-23 12:00:00+02:00,7,PERSON,SLAB,1,DRY,NW,70,46.57012249269515,8.210756653509733,0,2248.0,89.9949670788025,161.565051177078
1360c83b-baa5-40fd-8967-adc55e27b8f8,8.035169 46.786944,2023-05-10 11:00:00+02:00,4,EXPLOSIVE,FULL_DEPTH,2,WET,SW,1,46.77247996814533,8.007395456854766,0,1618.0,89.9989442327509,84.28940686250037
74720590-2505-48bc-ad7b-327442e7d8ae,8.216759 46.608474,2023-04-23 12:00:00+02:00,7,PERSON,SLAB,1,DRY,N,112,46.56776143837122,8.204274688222176,0,2257.0,89.98874604619276,225.0
6e6f00b6-dfe0-4527-9b3f-7c45ffdf4fee,8.379219 46.783826,2023-04-04 07:00:00+02:00,4,EXPLOSIVE,SLAB,2,DRY,N,18,46.799545233627406,8.393886431101214,0,1552.0,89.99967465151981,220.8553762588957
146fb98c-e881-4676-9e59-446d1d57d1c2,8.034003 46.784284,2023-04-21 10:30:00+02:00,4,EXPLOSIVE,SLAB,2,DRY,S,99,46.781368509117364,7.991622606663469,0,1874.0,89.99943104494741,298.8556612197165
4067dd0b-f3b4-40af-8872-12824f7b55a6,8.423024 46.779666,2023-04-02 07:00:00+02:00,4,EXPLOSIVE,SLAB,3,DRY,NE,127,46.782907668033516,8.384256072951072,0,2083.0,89.99826862246945,247.6198649480404
6e6f00b6-dfe0-4527-9b3f-7c45ffdf4fee,8.379219 46.783826,2023-04-04 07:00:00+02:00,4,EXPLOSIVE,SLAB,2,DRY,N,0,46.81096652077753,8.394414808841766,0,1255.0,89.99761416653523,77.0053832080835
1aca9480-d131-11ed-bb43-5ff35461761d,8.354817 46.766741,2023-04-02 12:00:00+02:00,10,NATURAL,SLAB,3,DRY,NW,71,46.740734676605676,8.316537914654862,0,2177.0,89.99847557212121,343.3007557660064
97c5682e-950b-4c24-8c69-651f6ff3d0c8,8.035288 46.786336,2023-04-21 10:30:00+02:00,4,EXPLOSIVE,SLAB,2,DRY,S,28,46.79274072410386,8.009688065017171,0,1524.0,89.99204225289657,-0.0
ad918400-77b8-4908-b8c3-86205d723ff7,8.426238 46.77793,2023-04-27 07:30:00+02:00,2,EXPLOSIVE,SLAB,2,DRY,NE,21,46.74902165942267,8.385881259614035,0,1595.0,89.99605185178126,119.74488129694222
1360c83b-baa5-40fd-8967-adc55e27b8f8,8.035169 46.786944,2023-05-11 11:00:00+02:00,4,EXPLOSIVE,FULL_DEPTH,2,WET,SW,0,46.80363991225141,8.070907628359203,0,1404.0,89.99805923037184,322.4314079711725
74720590-2505-48bc-ad7b-327442e7d8ae,8.216759 46.608474,2023-04-22 12:00:00+02:00,7,PERSON,SLAB,1,DRY,N,90,46.563713341859064,8.210592760445344,0,2238.0,89.99117167225354,146.30993247402023
26f6eb66-fc4c-4eb2-aecd-11eeddba5a5a,7.964013 46.534843,2023-05-17 10:30:00.000 +0200,3,PERSON,SLAB,1,DRY,SE,283,46.534843,7.964013,1,3913.0,89.99949531809013,87.27368900609373
63723fcc-14a3-472f-a9d8-8ce81f021fe4,8.42184 46.780304,2023-05-02 07:30:00+02:00,2,EXPLOSIVE,LOOSE_SNOW,1,WET,N,171,46.77461462082822,8.422582821061138,0,,,
34e33f73-9c60-4cff-be3e-9f199f5b9d9e,8.385879 46.778707,2023-04-19 05:00:00+02:00,3,EXPLOSIVE,UNKNOWN,2,DRY,NE,150,46.76011816348501,8.426428989857405,0,,,
1bb8250c-f575-4cb3-84c9-194ae951bc8a,7.944832 46.554569,2023-05-03 12:00:00+02:00,7,NATURAL,UNKNOWN,4,WET,,127,46.51443194604064,7.944395304364071,0,,,
c2674210-608f-480e-8889-772ed922cf40,8.384094 46.779592,2023-04-03 07:00:00+02:00,4,EXPLOSIVE,SLAB,2,DRY,NE,158,46.75913909417803,8.373363595895963,0,,,
8b4032b5-5847-4489-a91a-a268f821bb88,8.425022 46.770122,2023-05-18 09:30:00+02:00,2,EXPLOSIVE,SLAB,2,DRY,S,88,46.78052673829944,8.395257198503066,0,,,
34e33f73-9c60-4cff-be3e-9f199f5b9d9e,8.385879 46.778707,2023-04-18 05:00:00+02:00,3,EXPLOSIVE,UNKNOWN,2,DRY,NE,70,46.79899994098303,8.387871560854206,0,,,
97c5682e-950b-4c24-8c69-651f6ff3d0c8,8.035288 46.786336,2023-04-18 10:30:00+02:00,4,EXPLOSIVE,SLAB,2,DRY,S,0,46.820467825807704,7.9916344606614125,0,,,
97f65a13-9c8a-44c6-b5dc-c7c4d60fed1e,7.972757 46.575628,2023-04-19 07:30:00+02:00,2,EXPLOSIVE,SLAB,1,DRY,N,100,46.5339961737715,7.931087938480194,0,,,
099a6e90-d12e-11ed-ba10-b99b29af1712,8.260874 46.762857,2023-04-05 07:18:00+02:00,0,EXPLOSIVE,SLAB,3,DRY,NE,102,46.76303352848078,8.270069896722182,0,,,
c8a8b700-feb1-11ed-b35a-bf420b8ac344,8.01247 46.561817,2023-05-29 12:00:00+02:00,6,PERSON,SLAB,2,DRY,SE,144,46.52511361316831,8.048402771678004,0,,,
850fbf08-4de4-4e22-97a7-6ee73d0c55e0,8.423568 46.779438,2023-04-26 07:30:00+02:00,2,EXPLOSIVE,SLAB,2,DRY,N,33,46.75221232886769,8.399263127109005,0,,,
8d0101b0-de65-11ed-ad4d-6fea2397c693,7.846102 46.562407,2023-04-21 12:00:00+02:00,7,NATURAL,FULL_DEPTH,2,WET,S,80,46.55142349224901,7.861676606517864,0,,,
ff002b7f-49f5-4ba6-971a-c1b18578a2b6,8.389256 46.787371,2023-04-14 08:30:00+02:00,2,EXPLOSIVE,SLAB,1,DRY,N,230,46.773733628336984,8.413911346698217,0,,,
ce082ed0-ea41-11ed-9704-3747ffc8acfd,7.997493 46.55824,2023-05-05 12:00:00+02:00,7,PERSON,SLAB,3,DRY,S,130,46.52411593711326,8.020079835935805,0,,,
26ffd848-b17b-4d9b-a93a-0d9106053d47,8.073009 46.53608,2023-05-25 12:00:00+02:00,7,PERSON,SLAB,3,DRY,,61,46.56706476669922,8.076456142438456,0,,,
ff002b7f-49f5-4ba6-971a-c1b18578a2b6,8.389256 46.787371,2023-04-16 08:30:00+02:00,2,EXPLOSIVE,SLAB,1,DRY,N,0,46.81386492224975,8.42435788786813,0,,,
146fb98c-e881-4676-9e59-446d1d57d1c2,8.034003 46.784284,2023-04-19 10:30:00+02:00,4,EXPLOSIVE,SLAB,2,DRY,S,24,46.81079047853952,8.019832333636854,0,,,
f7fca170-d124-11ed-9f3d-c1122c0370be,8.243319 46.765333,2023-04-01 12:00:00+02:00,10,NATURAL,SLAB,3,WET,SW,23,46.79771259557573,8.232066732639415,0,,,
da27b6a6-0240-478c-9ff6-ab83983e37eb,8.426516 46.77779,2023-05-02 07:30:00+02:00,2,EXPLOSIVE,SLAB,2,DRY,NE,0,46.815958033634374,8.395976679500492,0,,,
1360c83b-baa5-40fd-8967-adc55e27b8f8,8.035169 46.786944,2023-05-10 11:00:00+02:00,4,EXPLOSIVE,FULL_DEPTH,2,WET,SW,10,46.78727715352641,7.992037207719753,0,,,
72a5d090-d8f5-11ed-9de9-4bc775516e2e,8.249382 46.761703,2023-04-13 16:00:00+02:00,3,NATURAL,FULL_DEPTH,2,WET,SW,0,46.718672572367375,8.239896028305074,0,,,
5192475d-5f0c-41d7-bde8-a82e5bea8b68,8.422294 46.780382,2023-04-19 08:00:00+02:00,4,EXPLOSIVE,SLAB,3,DRY,N,91,46.74094416563707,8.411992722685158,0,,,
5f7c51f6-7065-4c64-860a-51df7287e4b5,8.42359 46.779392,2023-05-19 07:00:00+02:00,4,EXPLOSIVE,SLAB,2,DRY,N,47,46.74003168913931,8.426052528551468,0,,,
50374fe0-d439-11ed-a920-a702e6e7f311,8.245848 46.760908,2023-04-06 16:00:00+02:00,2,NATURAL,FULL_DEPTH,1,WET,SW,105,46.76060471737837,8.262803273548835,0,,,
1aca9480-d131-11ed-bb43-5ff35461761d,8.354817 46.766741,2023-04-03 12:00:00+02:00,10,NATURAL,SLAB,3,DRY,NW,109,46.75725648972844,8.361212200215151,0,,,
110f1420-d9f1-11ed-8014-25b7abf6ec82,8.252181 46.759933,2023-04-16 02:00:00+02:00,4,NATURAL,FULL_DEPTH,2,WET,S,127,46.743846315507454,8.248141346037992,0,,,
4067dd0b-f3b4-40af-8872-12824f7b55a6,8.423024 46.779666,2023-04-02 07:00:00+02:00,4,EXPLOSIVE,SLAB,3,DRY,NE,162,46.77398750345237,8.394803432990114,0,,,
a7ed94b7-52d1-4b17-9928-83b4745ca8bf,8.307745 46.608205,2023-05-02 12:00:00+02:00,7,NATURAL,UNKNOWN,3,WET,,0,46.64754777141393,8.303708271534694,0,,,
c8955470-dce3-11ed-bcd6-6b951ea9af39,8.419791 46.782658,2023-04-17 12:00:00+02:00,7,EXPLOSIVE,SLAB,2,DRY,N,135,46.76237167846521,8.423181266579606,0,,,
20077a30-ec16-11ed-aa20-6507e99101f4,8.022203 46.505884,2023-05-06 14:00:00+02:00,0,PERSON,SLAB,2,WET,E,179,46.505110608028936,7.994501579209692,0,,,
b6bd2020-dd0b-11ed-8f1e-7bb69ddca4ec,8.237321 46.747742,2023-04-17 12:00:00+02:00,7,NATURAL,SLAB,2,DRY,N,0,46.710117001960484,8.231621926251016,0,,,
839994f8-5b6d-44ab-8e1c-fd57876e2bd9,8.4215 46.780442,2023-04-04 07:00:00+02:00,4,EXPLOSIVE,SLAB,2,DRY,E,83,46.756467439921366,8.41607920618793,0,,,
3c08ef45-da0c-4efd-bbb0-523da6d751f9,8.422511 46.78003,2023-04-26 07:30:00.000 +0200,2,EXPLOSIVE,SLAB,2,DRY,N,131,46.78003,8.422511,1,,,
74720590-2505-48bc-ad7b-327442e7d8ae,8.216759 46.608474,2023-04-21 12:00:00+02:00,7,PERSON,SLAB,1,DRY,N,98,46.63164124864639,8.240990913060196,0,,,
ad1f7e7f-180e-4f38-9562-d610574cd4c5,8.239483 46.749076,2023-04-04 06:30:00+02:00,2,EXPLOSIVE,SLAB,1,DRY,N,0,46.721858000036484,8.229402826045815,0,,,
26ffd848-b17b-4d9b-a93a-0d9106053d47,8.073009 46.53608,2023-05-25 12:00:00+02:00,7,PERSON,SLAB,3,DRY,,162,46.53314122202571,8.063555733375107,0,,,
b5d8fc03-e36a-4fa1-9d42-ea7105356bda,8.385358 46.779077,2023-04-17 05:00:00+02:00,3,EXPLOSIVE,UNKNOWN,2,DRY,NE,180,46.74506720350805,8.415341258171225,0,,,
d1dc6b80-4759-4599-8761-9b826a9ee094,8.401311 46.769587,2023-04-13 00:00:00+02:00,6,NATURAL,SLAB,3,DRY,NW,126,46.76986846797026,8.386918580302599,0,,,
23b16de7-0279-40fb-918f-75ed3769abf5,8.426264 46.778244,2023-05-19 07:00:00+02:00,4,EXPLOSIVE,SLAB,2,DRY,NE,13,46.75288600202582,8.396228510632437,0,,,
11290122-2f71-4b65-840e-5b583a64fdd5,8.389124 46.787453,2023-04-12 07:00:00+02:00,4,EXPLOSIVE,SLAB,2,WET,N,12,46.79957201833766,8.39397559316091,0,,,
9f2be370-d7a6-11ed-a8d1-4961cd70d9e1,8.210814 46.503291,2023-04-09 12:00:00+02:00,7,NATURAL,SLAB,3,WET,S,119,46.52651810833045,8.228391533772147,0,,,
8339db4e-32c5-49bd-ae04-41feeaf45eaa,8.420784 46.781168,2023-04-14 07:00:00+02:00,3,EXPLOSIVE,SLAB,2,DRY,N,155,46.74786789940133,8.42462904180686,0,,,
74720590-2505-48bc-ad7b-327442e7d8ae,8.216759 46.608474,2023-04-23 12:00:00+02:00,7,PERSON,SLAB,1,DRY,N,71,46.64641533403114,8.172603914727448,0,,,
49e457f5-5bb7-4272-bb56-c1782a243205,8.423263 46.779484,2023-04-16 08:00:00+02:00,4,EXPLOSIVE,SLAB,3,DRY,N,68,46.80118546352993,8.408806353184026,0,,,
ad1f7e7f-180e-4f38-9562-d610574cd4c5,8.239483 46.749076,2023-04-02 06:30:00+02:00,2,EXPLOSIVE,SLAB,1,DRY,N,130,46.75910114961731,8.280329639351375,0,,,
0d6a183c-f453-4a31-98c7-90213921e278,8.417328 46.785788,2023-04-03 06:30:00+02:00,2,EXPLOSIVE,SLAB,1,DRY,NW,0,46.82200559139149,8.391221292244852,0,,,
ad1f7e7f-180e-4f38-9562-d610574cd4c5,8.239483 46.749076,2023-04-04 06:30:00+02:00,2,EXPLOSIVE,SLAB,1,DRY,N,108,46.76897430938911,8.259496373477159,0,,,
50fbf8f0-dd0c-11ed-8f1e-7bb69ddca4ec,8.23687 46.747556,2023-04-17 12:00:00+02:00,5,NATURAL,SLAB,2,DRY,N,41,46.748407724334776,8.275404849334983,0,,,
2ed09558-7716-4dda-935c-3c151ebe5b3b,8.238855 46.748629,2023-04-19 08:30:00+02:00,4,EXPLOSIVE,SLAB,1,DRY,NW,0,46.72244870771768,8.263243057279732,0,,,
8339db4e-32c5-49bd-ae04-41feeaf45eaa,8.420784 46.781168,2023-04-15 07:00:00+02:00,3,EXPLOSIVE,SLAB,2,DRY,N,123,46.783295305660694,8.395500525473912,0,,,
110f1420-d9f1-11ed-8014-25b7abf6ec82,8.252181 46.759933,2023-04-15 02:00:00+02:00,4,NATURAL,FULL_DEPTH,2,WET,S,124,46.764184372054274,8.237480850500376,0,,,
26d0ed0c-b5fc-4983-9f76-b0f25e82ece7,8.388771 46.786265,2023-04-18 08:30:00+02:00,4,EXPLOSIVE,LOOSE_SNOW,1,DRY,NW,0,46.80999965913545,8.400124656895501,0,,,
564bddb0-e717-11ed-acf0-f7b342f82229,7.822357 46.529218,2023-04-29 12:00:00+02:00,7,NATURAL,SLAB,3,UNKNOWN,N,127,46.52063914464703,7.8547030129824025,0,,,
1bae5ef4-62c9-4601-861f-8e5b286b94b1,8.422604 46.780389,2023-04-14 07:30:00+02:00,2,EXPLOSIVE,SLAB,2,DRY,N,0,46.81835065439195,8.390734192393426,0,,,
b1c2736c-200d-4a78-a75a-d1aa12bb81e8,7.992735 46.584254,2023-06-07 08:00:00+02:00,3,EXPLOSIVE,UNKNOWN,0,UNKNOWN,,136,46.53932946689746,8.010888067575383,0,,,
514e8b36-8761-43bc-a150-8a7eaeb0c925,8.038115 46.78053,2023-05-08 11:00:00+02:00,4,EXPLOSIVE,FULL_DEPTH,1,WET,NW,0,46.7556509065511,7.998783215724464,0,,,
fdfaf590-ea4c-11ed-8348-fb5788bd30bc,8.001152 46.577404,2023-05-02 12:00:00+02:00,7,NATURAL,SLAB,2,DRY,NW,232,46.552493460831926,8.039095464973885,0,,,
11f734d7-e1b6-4c3b-8fe6-abdd0b39cea0,8.385873 46.778735,2023-04-13 08:00:00+02:00,4,EXPLOSIVE,SLAB,2,DRY,NE,58,46.77990187804971,8.369692450634862,0,,,
0d183e05-ccd5-4337-8515-db8621df2658,8.421449 46.780606,2023-04-15 07:30:00+02:00,2,EXPLOSIVE,SLAB,2,DRY,N,224,46.750382558967615,8.422358669574509,0,,,
129ea644-660f-4e28-b1b5-6ad36254a3b7,8.425551 46.770235,2023-05-18 09:00:00+02:00,3,EXPLOSIVE,SLAB,2,DRY,SE,0,46.8112261121929,8.391185743682309,0,,,
a94851d0-e58a-11ed-94a2-bf37c1703856,7.5461 46.68465,2023-04-26 12:00:00+02:00,7,NATURAL,SLAB,2,UNKNOWN,SW,0,46.665643167320006,7.5089968458393805,0,,,
1a787419-5802-4808-a192-fbe672afe523,8.389757 46.787324,2023-04-17 08:30:00+02:00,4,EXPLOSIVE,LOOSE_SNOW,2,DRY,N,233,46.770947777256474,8.402705205682183,0,,,
8b4032b5-5847-4489-a91a-a268f821bb88,8.425022 46.770122,2023-05-16 09:30:00+02:00,2,EXPLOSIVE,SLAB,2,DRY,S,88,46.76092139658696,8.384328392714393,0,,,
a8219770-e77f-11ed-991c-c3bbd7ca6c9a,7.788493 46.554381,2023-05-02 15:11:00+02:00,0,NATURAL,SLAB,3,WET,NW,20,46.588753556214094,7.755647381278422,0,,,
1bb8250c-f575-4cb3-84c9-194ae951bc8a,7.944832 46.554569,2023-05-05 12:00:00+02:00,7,NATURAL,UNKNOWN,4,WET,,0,46.57052472459629,7.922070262214772,0,,,
b210fde3-14f2-42fc-8dc3-c8d01a9cf57a,8.425206 46.770128,2023-05-19 09:00:00+02:00,3,EXPLOSIVE,SLAB,2,DRY,S,14,46.753546369009435,8.397200165963794,0,,,
099a6e90-d12e-11ed-ba10-b99b29af1712,8.260874 46.762857,2023-04-04 07:18:00+02:00,0,EXPLOSIVE,SLAB,3,DRY,NE,27,46.74614860349854,8.271762753242829,0,,,
9f2be370-d7a6-11ed-a8d1-4961cd70d9e1,8.210814 46.503291,2023-04-10 12:00:00+02:00,7,NATURAL,SLAB,3,WET,S,143,46.50466951914651,8.174662509632414,0,,,
1bb8250c-f575-4cb3-84c9-194ae951bc8a,7.944832 46.554569,2023-05-02 12:00:00+02:00,7,NATURAL,UNKNOWN,4,WET,,0,46.57275820012765,7.9141956832530544,0,,,
b5d8fc03-e36a-4fa1-9d42-ea7105356bda,8.385358 46.779077,2023-04-16 05:00:00+02:00,3,EXPLOSIVE,UNKNOWN,2,DRY,NE,183,46.77022743237596,8.395230079458287,0,,,
099a6e90-d12e-11ed-ba10-b99b29af1712,8.260874 46.762857,2023-04-04 07:18:00+02:00,0,EXPLOSIVE,SLAB,3,DRY,NE,67,46.747845565165846,8.25555766571696,0,,,
c8a8b700-feb1-11ed-b35a-bf420b8ac344,8.01247 46.561817,2023-05-30 12:00:00+02:00,6,PERSON,SLAB,2,DRY,SE,151,46.559845613047216,7.993244278290016,0,,,
233c98fe-a27b-4c5e-992f-1bc9cdd0362a,8.422835 46.779803,2023-04-25 07:00:00+02:00,3,EXPLOSIVE,SLAB,2,DRY,N,51,46.805533825630754,8.378427846002534,0,,,
b1c2736c-200d-4a78-a75a-d1aa12bb81e8,7.992735 46.584254,2023-06-08 08:00:00+02:00,3,EXPLOSIVE,UNKNOWN,0,UNKNOWN,,30,46.55608968199935,7.973369442219973,0,,,
a4ad0c82-16f6-4de1-af92-ac146cabf042,8.423474 46.779387,2023-05-04 07:30:00+02:00,4,EXPLOSIVE,SLAB,2,DRY,N,200,46.76328258566808,8.388384607560432,0,,,
a8219770-e77f-11ed-991c-c3bbd7ca6c9a,7.788493 46.554381,2023-04-30 15:11:00+02:00,0,NATURAL,SLAB,3,WET,NW,53,46.521478791458286,7.792558977296088,0,,,
1a787419-5802-4808-a192-fbe672afe523,8.389757 46.787324,2023-04-18 08:30:00+02:00,4,EXPLOSIVE,LOOSE_SNOW,2,DRY,N,0,46.8154743876206,8.36799011971167,0,,,
ab2a9319-7f29-4629-a314-d5965080c33e,8.421443 46.780432,2023-05-05 07:30:00+02:00,4,EXPLOSIVE,SLAB,2,DRY,N,0,46.80921086316412,8.391446709562764,0,,,
f7fca170-d124-11ed-9f3d-c1122c0370be,8.243319 46.765333,2023-04-02 12:00:00+02:00,10,NATURAL,SLAB,3,WET,SW,99,46.73724707526395,8.24722542393038,0,,,
f7fca170-d124-11ed-9f3d-c1122c0370be,8.243319 46.765333,2023-04-04 12:00:00+02:00,10,NATURAL,SLAB,3,WET,SW,111,46.76304489072534,8.287578674828652,0,,,
ce082ed0-ea41-11ed-9704-3747ffc8acfd,7.997493 46.55824,2023-05-03 12:00:00+02:00,7,PERSON,SLAB,3,DRY,S,249,46.51859153441406,7.977868204611085,0,,,
a8219770-e77f-11ed-991c-c3bbd7ca6c9a,7.788493 46.554381,2023-04-30 15:11:00+02:00,0,NATURAL,SLAB,3,WET,NW,95,46.535214587397554,7.810688348751082,0,,,
87548817-41cb-4875-9f16-2dd62dfe20ab,8.382498 46.780197,2023-04-04 07:00:00+02:00,4,EXPLOSIVE,SLAB,2,DRY,NE,81,46.76856058005857,8.424960819909225,0,,,
da27b6a6-0240-478c-9ff6-ab83983e37eb,8.426516 46.77779,2023-04-29 07:30:00+02:00,2,EXPLOSIVE,SLAB,2,DRY,NE,16,46.738199136637846,8.39987347777396,0,,,
c1bf9390-dd0b-11ed-8f1e-7bb69ddca4ec,8.237684 46.748368,2023-04-16 12:00:00.000 +0200,7,NATURAL,SLAB,2,DRY,NW,105,46.748368,8.237684,1,,,
9fe44fc7-c389-4ba2-9149-62bca569dc15,8.426432 46.777678,2023-05-17 07:00:00+02:00,4,EXPLOSIVE,SLAB,2,DRY,NE,29,46.802359578280694,8.38616653742107,0,,,
a94851d0-e58a-11ed-94a2-bf37c1703856,7.5461 46.68465,2023-04-26 12:00:00.000 +0200,7,NATURAL,SLAB,2,UNKNOWN,SW,28,46.68465,7.5461,1,,,
b0c20dd8-9d72-42fd-9908-df362afd7f3d,8.425333 46.779051,2023-05-19 07:00:00+02:00,4,EXPLOSIVE,SLAB,2,DRY,N,36,46.73778761543724,8.418056259134412,0,,,
1851a448-559e-4572-8066-2824a030e41d,8.385872 46.778947,2023-04-14 07:30:00+02:00,2,EXPLOSIVE,LOOSE_SNOW,1,DRY,NE,188,46.754953215007674,8.378535015204728,0,,,
b1c2736c-200d-4a78-a75a-d1aa12bb81e8,7.992735 46.584254,2023-06-05 08:00:00+02:00,3,EXPLOSIVE,UNKNOWN,0,UNKNOWN,,0,46.61826317916687,8.037234646611093,0,,,
e18fb476-2bc8-4cdf-829a-b6f36d7508bd,8.420851 46.780719,2023-04-27 00:00:00+02:00,6,NATURAL,SLAB,2,DRY,NW,0,46.81212352218698,8.41587354743066,0,,,
87548817-41cb-4875-9f16-2dd62dfe20ab,8.382498 46.780197,2023-04-01 07:00:00+02:00,4,EXPLOSIVE,SLAB,2,DRY,NE,74,46.76188617734013,8.424103522800166,0,,,
2a2d7868-aa56-44d4-b082-8c267cccfbe3,8.388637 46.786311,2023-04-13 07:30:00+02:00,2,EXPLOSIVE,LOOSE_SNOW,1,DRY,NW,1,46.74387899693524,8.366454710283938,0,,,
529f5410-e6a1-11ed-9300-179866ebe517,7.727729 46.504859,2023-04-29 17:00:00.000 +0200,3,UNKNOWN,UNKNOWN,1,WET,,2,46.504859,7.727729,1,,,
6e6f00b6-dfe0-4527-9b3f-7c45ffdf4fee,8.379219 46.783826,2023-04-01 07:00:00+02:00,4,EXPLOSIVE,SLAB,2,DRY,N,90,46.78962583994681,8.373971052836962,0,,,
b121901c-cb98-4082-b65b-7aa17e40b945,8.420495 46.780984,2023-04-16 08:00:00.000 +0200,4,EXPLOSIVE,SLAB,2,DRY,NE,180,46.780984,8.420495,1,,,
367958a0-d439-11ed-a920-a702e6e7f311,8.242864 46.759718,2023-04-07 15:00:00+02:00,2,NATURAL,FULL_DEPTH,1,WET,S,3,46.72920312112684,8.256094898601047,0,,,
1a787419-5802-4808-a192-fbe672afe523,8.389757 46.787324,2023-04-18 08:30:00+02:00,4,EXPLOSIVE,LOOSE_SNOW,2,DRY,N,0,46.814441166896366,8.371664706317468,0,,,
e18fb476-2bc8-4cdf-829a-b6f36d7508bd,8.420851 46.780719,2023-04-27 00:00:00+02:00,6,NATURAL,SLAB,2,DRY,NW,210,46.744375936320154,8.420218796995416,0,,,
5f7c51f6-7065-4c64-860a-51df7287e4b5,8.42359 46.779392,2023-05-20 07:00:00+02:00,4,EXPLOSIVE,SLAB,2,DRY,N,51,46.758744203577706,8.392570489071739,0,,,
bdf4c097-2315-413e-a320-168acfd62b21,8.380633 46.782526,2023-04-12 08:00:00+02:00,4,EXPLOSIVE,SLAB,3,DRY,N,5,46.814848300607366,8.356908621219409,0,,,
367958a0-d439-11ed-a920-a702e6e7f311,8.242864 46.759718,2023-04-08 15:00:00+02:00,2,NATURAL,FULL_DEPTH,1,WET,S,8,46.79276165775792,8.287486230258235,0,,,
850fbf08-4de4-4e22-97a7-6ee73d0c55e0,8.423568 46.779438,2023-04-29 07:30:00+02:00,2,EXPLOSIVE,SLAB,2,DRY,N,123,46.78843956710403,8.413083969409579,0,,,
9b1e09ce-808a-44b8-8176-c69307d3a01b,8.390545 46.780329,2023-04-19 08:30:00+02:00,4,EXPLOSIVE,LOOSE_SNOW,1,DRY,NW,129,46.746473282210886,8.40539607221531,0,,,
26ffd848-b17b-4d9b-a93a-0d9106053d47,8.073009 46.53608,2023-05-24 12:00:00+02:00,7,PERSON,SLAB,3,DRY,,107,46.57927091092052,8.112838745894805,0,,,
2ed09558-7716-4dda-935c-3c151ebe5b3b,8.238855 46.748629,2023-04-18 08:30:00+02:00,4,EXPLOSIVE,SLAB,1,DRY,NW,7,46.75213830576219,8.21656542253929,0,,,
50fbf8f0-dd0c-11ed-8f1e-7bb69ddca4ec,8.23687 46.747556,2023-04-17 12:00:00+02:00,5,NATURAL,SLAB,2,DRY,N,39,46.749951337572355,8.23109259831606,0,,,
367958a0-d439-11ed-a920-a702e6e7f311,8.242864 46.759718,2023-04-06 15:00:00+02:00,2,NATURAL,FULL_DEPTH,1,WET,S,0,46.743246071420245,8.21388488458298,0,,,
4b5d9a70-d15e-11ed-94cc-21edfa2a74e3,8.233716 46.754659,2023-04-03 15:30:00+02:00,1,NATURAL,FULL_DEPTH,2,WET,S,12,46.76273218536363,8.201661939673219,0,,,
74720590-2505-48bc-ad7b-327442e7d8ae,8.216759 46.608474,2023-04-21 12:00:00.000 +0200,7,PERSON,SLAB,1,DRY,N,130,46.608474,8.216759,1,,,
bafec949-69be-4d29-96df-732ded5d7686,8.389718 46.787228,2023-04-02 08:00:00+02:00,3,EXPLOSIVE,SLAB,1,DRY,N,35,46.804201908866425,8.367581119246266,0,,,
9b1e09ce-808a-44b8-8176-c69307d3a01b,8.390545 46.780329,2023-04-18 08:30:00+02:00,4,EXPLOSIVE,LOOSE_SNOW,1,DRY,NW,1,46.74053136858333,8.366646293756565,0,,,
0d183e05-ccd5-4337-8515-db8621df2658,8.421449 46.780606,2023-04-14 07:30:00+02:00,2,EXPLOSIVE,SLAB,2,DRY,N,95,46.803280808618545,8.380870938032084,0,,,
4067dd0b-f3b4-40af-8872-12824f7b55a6,8.423024 46.779666,2023-04-02 07:00:00+02:00,4,EXPLOSIVE,SLAB,3,DRY,NE,130,46.78358542928593,8.392281274352882,0,,,
514e8b36-8761-43bc-a150-8a7eaeb0c925,8.038115 46.78053,2023-05-09 11:00:00+02:00,4,EXPLOSIVE,FULL_DEPTH,1,WET,NW,0,46.74230734709203,8.025675361162834,0,,,
be39a3d6-d2cf-47e2-870e-49c1b9134b29,8.422461 46.779843,2023-05-17 07:00:00.000 +0200,4,EXPLOSIVE,SLAB,2,DRY,N,76,46.779843,8.422461,1,,,
c98d2b1a-9c67-4f2a-8b1b-1b27502b6c5d,8.423896 46.779967,2023-04-15 07:00:00+02:00,3,EXPLOSIVE,SLAB,1,DRY,NW,91,46.79596125631168,8.41742280511208,0,,,
5f7c51f6-7065-4c64-860a-51df7287e4b5,8.42359 46.779392,2023-05-18 07:00:00+02:00,4,EXPLOSIVE,SLAB,2,DRY,N,20,46.758448384761174,8.40790071979158,0,,,
ab2a9319-7f29-4629-a314-d5965080c33e,8.421443 46.780432,2023-05-02 07:30:00+02:00,4,EXPLOSIVE,SLAB,2,DRY,N,23,46.80278109487526,8.416525562798412,0,,,
a608e0ea-99f5-4d75-9162-5dd2600c0d00,8.423735 46.779426,2023-04-04 07:00:00+02:00,4,EXPLOSIVE,SLAB,2,DRY,N,152,46.75419632206259,8.425657501711534,0,,,
b210fde3-14f2-42fc-8dc3-c8d01a9cf57a,8.425206 46.770128,2023-05-16 09:00:00+02:00,3,EXPLOSIVE,SLAB,2,DRY,S,37,46.72827251534904,8.385381806260153,0,,,
514e8b36-8761-43bc-a150-8a7eaeb0c925,8.038115 46.78053,2023-05-09 11:00:00+02:00,4,EXPLOSIVE,FULL_DEPTH,1,WET,NW,0,46.77434555614733,8.016928276320504,0,,,
a7ed94b7-52d1-4b17-9928-83b4745ca8bf,8.307745 46.608205,2023-05-05 12:00:00+02:00,7,NATURAL,UNKNOWN,3,WET,,0,46.64842002053925,8.30134166410619,0,,,
d1dc6b80-4759-4599-8761-9b826a9ee094,8.401311 46.769587,2023-04-16 00:00:00+02:00,6,NATURAL,SLAB,3,DRY,NW,0,46.80933838849323,8.414950988552961,0,,,
26d0ed0c-b5fc-4983-9f76-b0f25e82ece7,8.388771 46.786265,2023-04-19 08:30:00+02:00,4,EXPLOSIVE,LOOSE_SNOW,1,DRY,NW,52,46.800899073652246,8.419227158226402,0,,,
b2b22272-2994-46f8-ba69-aa77d0ffdafa,8.420101 46.781175,2023-04-28 00:00:00+02:00,6,NATURAL,SLAB,2,DRY,N,0,46.8256225416469,8.375267431705296,0,,,
f9b59268-33ad-4905-91cd-ccc9a1ae40a4,8.385942 46.778812,2023-04-16 08:30:00+02:00,2,EXPLOSIVE,LOOSE_SNOW,2,DRY,NE,129,46.771151047610616,8.383695957388067,0,,,
f9b59268-33ad-4905-91cd-ccc9a1ae40a4,8.385942 46.778812,2023-04-15 08:30:00+02:00,2,EXPLOSIVE,LOOSE_SNOW,2,DRY,NE,184,46.77386563115299,8.408402417639477,0,,,
673e5d3c-9736-4824-ac24-c511ffd507c4,8.418437 46.784875,2023-04-17 08:00:00+02:00,4,EXPLOSIVE,SLAB,1,DRY,NW,73,46.794497421876954,8.38692877616552,0,,,
da27b6a6-0240-478c-9ff6-ab83983e37eb,8.426516 46.77779,2023-05-02 07:30:00+02:00,2,EXPLOSIVE,SLAB,2,DRY,NE,40,46.79138502356995,8.399675658066931,0,,,
2a2d7868-aa56-44d4-b082-8c267cccfbe3,8.388637 46.786311,2023-04-13 07:30:00+02:00,2,EXPLOSIVE,LOOSE_SNOW,1,DRY,NW,90,46.7454449055284,8.409429151036255,0,,,
97c5682e-950b-4c24-8c69-651f6ff3d0c8,8.035288 46.786336,2023-04-18 10:30:00.000 +0200,4,EXPLOSIVE,SLAB,2,DRY,S,37,46.786336,8.035288,1,,,
514e8b36-8761-43bc-a150-8a7eaeb0c925,8.038115 46.78053,2023-05-08 11:00:00+02:00,4,EXPLOSIVE,FULL_DEPTH,1,WET,NW,0,46.82291228457632,8.012272250600128,0,,,
f4bf91bd-2855-4c53-b901-3cb18add524d,8.420301 46.78111,2023-04-16 08:00:00.000 +0200,4,EXPLOSIVE,SLAB,2,DRY,N,173,46.78111,8.420301,1,,,
5f7c51f6-7065-4c64-860a-51df7287e4b5,8.42359 46.779392,2023-05-17 07:00:00.000 +0200,4,EXPLOSIVE,SLAB,2,DRY,N,102,46.779392,8.42359,1,,,
26d0ed0c-b5fc-4983-9f76-b0f25e82ece7,8.388771 46.786265,2023-04-19 08:30:00+02:00,4,EXPLOSIVE,LOOSE_SNOW,1,DRY,NW,0,46.801537844057286,8.402491014112647,0,,,
2f93ceb4-a841-42da-a6c1-1933628dbb83,8.385941 46.778747,2023-04-03 07:00:00+02:00,4,EXPLOSIVE,SLAB,2,DRY,NE,0,46.82023484899867,8.392137002945352,0,,,
2f93ceb4-a841-42da-a6c1-1933628dbb83,8.385941 46.778747,2023-04-04 07:00:00+02:00,4,EXPLOSIVE,SLAB,2,DRY,NE,125,46.75740958244676,8.402477210121754,0,,,
f4bf91bd-2855-4c53-b901-3cb18add524d,8.420301 46.78111,2023-04-18 08:00:00+02:00,4,EXPLOSIVE,SLAB,2,DRY,N,49,46.75777803162822,8.408458658419194,0,,,
9b1e09ce-808a-44b8-8176-c69307d3a01b,8.390545 46.780329,2023-04-16 08:30:00.000 +0200,4,EXPLOSIVE,LOOSE_SNOW,1,DRY,NW,141,46.780329,8.390545,1,,,
ab2a9319-7f29-4629-a314-d5965080c33e,8.421443 46.780432,2023-05-03 07:30:00+02:00,4,EXPLOSIVE,SLAB,2,DRY,N,0,46.8203734371757,8.394223132856684,0,,,
50fbf8f0-dd0c-11ed-8f1e-7bb69ddca4ec,8.23687 46.747556,2023-04-18 12:00:00+02:00,5,NATURAL,SLAB,2,DRY,N,36,46.737305214430734,8.238820842138418,0,,,
f7fca170-d124-11ed-9f3d-c1122c0370be,8.243319 46.765333,2023-04-04 12:00:00+02:00,10,NATURAL,SLAB,3,WET,SW,9,46.79132565017795,8.261127250312166,0,,,
ae543637-3b77-4592-997d-c9f3fc4c3078,8.424992 46.778957,2023-04-27 07:30:00+02:00,2,EXPLOSIVE,SLAB,2,DRY,N,0,46.809206161925005,8.409085757716205,0,,,
a9add040-dd0c-11ed-8f1e-7bb69ddca4ec,8.245886 46.75731,2023-04-17 12:15:00.000 +0200,0,NATURAL,FULL_DEPTH,2,WET,S,39,46.75731,8.245886,1,,,
367958a0-d439-11ed-a920-a702e6e7f311,8.242864 46.759718,2023-04-05 15:00:00.000 +0200,2,NATURAL,FULL_DEPTH,1,WET,S,39,46.759718,8.242864,1,,,
1aca9480-d131-11ed-bb43-5ff35461761d,8.354817 46.766741,2023-04-03 12:00:00+02:00,10,NATURAL,SLAB,3,DRY,NW,0,46.73891677099263,8.375481591999595,0,,,
dda75b80-ddc2-11ed-b3b1-431b3c02902e,8.263291 46.74286,2023-04-20 14:30:00+02:00,1,SNOW_GROOMER,SLAB,3,DRY,SE,9,46.74675600915323,8.28992415489816,0,,,
27d50482-68af-45c1-b95c-82786dd48176,7.97274 46.575625,2023-04-03 08:00:00+02:00,3,EXPLOSIVE,LOOSE_SNOW,1,DRY,N,7,46.60833924475307,8.01111637506444,0,,,
26f6eb66-fc4c-4eb2-aecd-11eeddba5a5a,7.964013 46.534843,2023-05-20 10:30:00+02:00,3,PERSON,SLAB,1,DRY,SE,95,46.553248900223565,7.9249619564878495,0,,,
8cb21b8c-4e00-4409-bc59-db5c053ba65d,8.42279 46.779714,2023-04-15 06:30:00+02:00,5,EXPLOSIVE,SLAB,2,DRY,N,0,46.81020917340261,8.407526097067478,0,,,
11f734d7-e1b6-4c3b-8fe6-abdd0b39cea0,8.385873 46.778735,2023-04-15 08:00:00+02:00,4,EXPLOSIVE,SLAB,2,DRY,NE,239,46.77699865496606,8.389820890269963,0,,,
9fe44fc7-c389-4ba2-9149-62bca569dc15,8.426432 46.777678,2023-05-17 07:00:00.000 +0200,4,EXPLOSIVE,SLAB,2,DRY,NE,130,46.777678,8.426432,1,,,
d68cc42c-2801-4238-bb58-3d963f2ab1ea,8.380899 46.782267,2023-04-01 07:00:00.000 +0200,4,EXPLOSIVE,SLAB,3,DRY,N,110,46.782267,8.380899,1,,,
3c08ef45-da0c-4efd-bbb0-523da6d751f9,8.422511 46.78003,2023-04-27 07:30:00+02:00,2,EXPLOSIVE,SLAB,2,DRY,N,41,46.7571349303002,8.396369677044085,0,,,
fe8541fa-4448-482f-8c28-995faac1b624,8.419783 46.781356,2023-04-13 07:30:00+02:00,2,EXPLOSIVE,SLAB,1,DRY,N,151,46.77673606932959,8.399567573314169,0,,,
1bae5ef4-62c9-4601-861f-8e5b286b94b1,8.422604 46.780389,2023-04-13 07:30:00.000 +0200,2,EXPLOSIVE,SLAB,2,DRY,N,163,46.780389,8.422604,1,,,
2a2d7868-aa56-44d4-b082-8c267cccfbe3,8.388637 46.786311,2023-04-13 07:30:00+02:00,2,EXPLOSIVE,LOOSE_SNOW,1,DRY,NW,3,46.74174551249012,8.346297013680315,0,,,
87548817-41cb-4875-9f16-2dd62dfe20ab,8.382498 46.780197,2023-04-01 07:00:00.000 +0200,4,EXPLOSIVE,SLAB,2,DRY,NE,79,46.780197,8.382498,1,,,
b1c2736c-200d-4a78-a75a-d1aa12bb81e8,7.992735 46.584254,2023-06-06 08:00:00+02:00,3,EXPLOSIVE,UNKNOWN,0,UNKNOWN,,0,46.606164496551166,8.024931742168803,0,,,
49e457f5-5bb7-4272-bb56-c1782a243205,8.423263 46.779484,2023-04-17 08:00:00+02:00,4,EXPLOSIVE,SLAB,3,DRY,N,95,46.79640752717496,8.411569169888065,0,,,
35790a01-26e9-458d-9830-8b595ce08bc3,8.391669 46.779911,2023-04-14 16:00:00+02:00,5,PERSON,SLAB,3,DRY,NW,81,46.77442549857016,8.34825005997114,0,,,
b6bd2020-dd0b-11ed-8f1e-7bb69ddca4ec,8.237321 46.747742,2023-04-17 12:00:00+02:00,7,NATURAL,SLAB,2,DRY,N,0,46.732885446625986,8.20714568200324,0,,,
ce082ed0-ea41-11ed-9704-3747ffc8acfd,7.997493 46.55824,2023-05-06 12:00:00+02:00,7,PERSON,SLAB,3,DRY,S,127,46.55887885601738,7.969948489532887,0,,,
b6bd2020-dd0b-11ed-8f1e-7bb69ddca4ec,8.237321 46.747742,2023-04-19 12:00:00+02:00,7,NATURAL,SLAB,2,DRY,N,103,46.75068316536156,8.27397715626332,0,,,
d1dc6b80-4759-4599-8761-9b826a9ee094,8.401311 46.769587,2023-04-14 00:00:00+02:00,6,NATURAL,SLAB,3,DRY,NW,4,46.744533166428646,8.362189449089385,0,,,
233c98fe-a27b-4c5e-992f-1bc9cdd0362a,8.422835 46.779803,2023-04-28 07:00:00+02:00,3,EXPLOSIVE,SLAB,2,DRY,N,0,46.81465237165525,8.383160838103416,0,,,
a9add040-dd0c-11ed-8f1e-7bb69ddca4ec,8.245886 46.75731,2023-04-17 12:15:00+02:00,0,NATURAL,FULL_DEPTH,2,WET,S,54,46.755407213944935,8.240097384165093,0,,,
b4aeb776-bc6c-459f-adeb-919a10f47c8a,8.420466 46.780907,2023-04-01 07:00:00.000 +0200,4,EXPLOSIVE,SLAB,2,DRY,NW,118,46.780907,8.420466,1,,,
367958a0-d439-11ed-a920-a702e6e7f311,8.242864 46.759718,2023-04-05 15:00:00+02:00,2,NATURAL,FULL_DEPTH,1,WET,S,0,46.72783915023768,8.23001723331576,0,,,
ff002b7f-49f5-4ba6-971a-c1b18578a2b6,8.389256 46.787371,2023-04-16 08:30:00+02:00,2,EXPLOSIVE,SLAB,1,DRY,N,43,46.815812707721264,8.351033297207314,0,,,
8b5b35b0-dd0c-11ed-8f1e-7bb69ddca4ec,8.229566 46.753026,2023-04-17 12:30:00+02:00,0,NATURAL,FULL_DEPTH,2,WET,SE,0,46.709423976632394,8.204981801105642,0,,,
b1c2736c-200d-4a78-a75a-d1aa12bb81e8,7.992735 46.584254,2023-06-05 08:00:00+02:00,3,EXPLOSIVE,UNKNOWN,0,UNKNOWN,,76,46.56676796014273,7.992743784132548,0,,,
72a5d090-d8f5-11ed-9de9-4bc775516e2e,8.249382 46.761703,2023-04-11 16:00:00+02:00,3,NATURAL,FULL_DEPTH,2,WET,SW,64,46.77783326419244,8.256361525994507,0,,,
e18fb476-2bc8-4cdf-829a-b6f36d7508bd,8.420851 46.780719,2023-04-28 00:00:00+02:00,6,NATURAL,SLAB,2,DRY,NW,142,46.77616327455354,8.413998531990982,0,,,
8cc2e1b0-ecd3-11ed-8adc-7d70564ee41a,8.023437 46.573593,2023-05-05 12:00:00+02:00,10,NATURAL,SLAB,4,WET,,27,46.5968984807474,7.989291467157725,0,,,
514e8b36-8761-43bc-a150-8a7eaeb0c925,8.038115 46.78053,2023-05-10 11:00:00+02:00,4,EXPLOSIVE,FULL_DEPTH,1,WET,NW,0,46.814214853584254,8.003186071099721,0,,,
6e6f00b6-dfe0-4527-9b3f-7c45ffdf4fee,8.379219 46.783826,2023-04-02 07:00:00+02:00,4,EXPLOSIVE,SLAB,2,DRY,N,87,46.79455766369479,8.421687269077598,0,,,
37f6f440-e68a-11ed-9633-279e930b62b5,7.970158 46.5442,2023-04-30 12:00:00+02:00,7,NATURAL,SLAB,2,DRY,SE,222,46.53389712545549,7.9945669301917075,0,,,
514e8b36-8761-43bc-a150-8a7eaeb0c925,8.038115 46.78053,2023-05-11 11:00:00+02:00,4,EXPLOSIVE,FULL_DEPTH,1,WET,NW,9,46.80602804221949,8.011722221697314,0,,,
529f5410-e6a1-11ed-9300-179866ebe517,7.727729 46.504859,2023-04-30 17:00:00+02:00,3,UNKNOWN,UNKNOWN,1,WET,,69,46.52825049036419,7.745877570626814,0,,,
f4bbdd10-e717-11ed-acf0-f7b342f82229,7.841373 46.562945,2023-04-30 12:00:00+02:00,7,NATURAL,UNKNOWN,3,UNKNOWN,NW,155,46.562118671534,7.8484014127772745,0,,,
9312b9e3-9422-40e1-8539-92240b8f9de8,8.390152 46.787449,2023-04-16 07:30:00+02:00,2,EXPLOSIVE,LOOSE_SNOW,1,DRY,N,203,46.774930294169344,8.411957425040471,0,,,
b4aeb776-bc6c-459f-adeb-919a10f47c8a,8.420466 46.780907,2023-04-03 07:00:00+02:00,4,EXPLOSIVE,SLAB,2,DRY,NW,94,46.76000769540328,8.394038027409048,0,,,
c8a8b700-feb1-11ed-b35a-bf420b8ac344,8.01247 46.561817,2023-05-28 12:00:00.000 +0200,6,PERSON,SLAB,2,DRY,SE,201,46.561817,8.01247,1,,,
ad1f7e7f-180e-4f38-9562-d610574cd4c5,8.239483 46.749076,2023-04-01 06:30:00+02:00,2,EXPLOSIVE,SLAB,1,DRY,N,0,46.70694086641098,8.228937143808079,0,,,
b4aeb776-bc6c-459f-adeb-919a10f47c8a,8.420466 46.780907,2023-04-03 07:00:00+02:00,4,EXPLOSIVE,SLAB,2,DRY,NW,140,46.762418527582746,8.396812080726274,0,,,
d68cc42c-2801-4238-bb58-3d963f2ab1ea,8.380899 46.782267,2023-04-02 07:00:00+02:00,4,EXPLOSIVE,SLAB,3,DRY,N,0,46.81955744557495,8.38544517100271,0,,,
ce082ed0-ea41-11ed-9704-3747ffc8acfd,7.997493 46.55824,2023-05-04 12:00:00+02:00,7,PERSON,SLAB,3,DRY,S,150,46.52603875093334,8.030378000743708,0,,,
c2674210-608f-480e-8889-772ed922cf40,8.384094 46.779592,2023-04-04 07:00:00+02:00,4,EXPLOSIVE,SLAB,2,DRY,NE,132,46.788561306068225,8.376562048791472,0,,,
97f65a13-9c8a-44c6-b5dc-c7c4d60fed1e,7.972757 46.575628,2023-04-17 07:30:00+02:00,2,EXPLOSIVE,SLAB,1,DRY,N,30,46.61205786098562,7.975309517440531,0,,,
b2b22272-2994-46f8-ba69-aa77d0ffdafa,8.420101 46.781175,2023-04-28 00:00:00+02:00,6,NATURAL,SLAB,2,DRY,N,81,46.789877382074614,8.377124766146647,0,,,
d1dc6b80-4759-4599-8761-9b826a9ee094,8.401311 46.769587,2023-04-16 00:00:00+02:00,6,NATURAL,SLAB,3,DRY,NW,117,46.79348262916378,8.41620642321852,0,,,
68246170-d6db-11ed-8552-37fbec7ec321,8.370977 46.777677,2023-04-10 15:00:00+02:00,3,NATURAL,FULL_DEPTH,2,WET,S,36,46.791007294294374,8.395967867210823,0,,,
ad918400-77b8-4908-b8c3-86205d723ff7,8.426238 46.77793,2023-04-29 07:30:00+02:00,2,EXPLOSIVE,SLAB,2,DRY,NE,0,46.80480019027986,8.388524953600736,0,,,
233c98fe-a27b-4c5e-992f-1bc9cdd0362a,8.422835 46.779803,2023-04-25 07:00:00.000 +0200,3,EXPLOSIVE,SLAB,2,DRY,N,137,46.779803,8.422835,1,,,
49e457f5-5bb7-4272-bb56-c1782a243205,8.423263 46.779484,2023-04-19 08:00:00+02:00,4,EXPLOSIVE,SLAB,3,DRY,N,16,46.800177248967096,8.409757674762012,0,,,
35790a01-26e9-458d-9830-8b595ce08bc3,8.391669 46.779911,2023-04-17 16:00:00+02:00,5,PERSON,SLAB,3,DRY,NW,123,46.7839088431895,8.396575461126139,0,,,
0d6a183c-f453-4a31-98c7-90213921e278,8.417328 46.785788,2023-04-03 06:30:00+02:00,2,EXPLOSIVE,SLAB,1,DRY,NW,0,46.8138267760905,8.375659218744943,0,,,
4067dd0b-f3b4-40af-8872-12824f7b55a6,8.423024 46.779666,2023-04-01 07:00:00+02:00,4,EXPLOSIVE,SLAB,3,DRY,NE,0,46.813347389202676,8.415527107485946,0,,,
11f734d7-e1b6-4c3b-8fe6-abdd0b39cea0,8.385873 46.778735,2023-04-12 08:00:00.000 +0200,4,EXPLOSIVE,SLAB,2,DRY,NE,77,46.778735,8.385873,1,,,
ce082ed0-ea41-11ed-9704-3747ffc8acfd,7.997493 46.55824,2023-05-05 12:00:00+02:00,7,PERSON,SLAB,3,DRY,S,226,46.52794104516589,7.990080781330899,0,,,
f4bbdd10-e717-11ed-acf0-f7b342f82229,7.841373 46.562945,2023-04-29 12:00:00+02:00,7,NATURAL,UNKNOWN,3,UNKNOWN,NW,57,46.568379097320424,7.803557427449056,0,,,
8d0101b0-de65-11ed-ad4d-6fea2397c693,7.846102 46.562407,2023-04-18 12:00:00+02:00,7,NATURAL,FULL_DEPTH,2,WET,S,26,46.58107227438614,7.890088133196801,0,,,
1851a448-559e-4572-8066-2824a030e41d,8.385872 46.778947,2023-04-16 07:30:00+02:00,2,EXPLOSIVE,LOOSE_SNOW,1,DRY,NE,158,46.79029116342364,8.420430355384081,0,,,
b2b22272-2994-46f8-ba69-aa77d0ffdafa,8.420101 46.781175,2023-04-28 00:00:00+02:00,6,NATURAL,SLAB,2,DRY,N,140,46.76374824182528,8.407614302893691,0,,,
c8955470-dce3-11ed-bcd6-6b951ea9af39,8.419791 46.782658,2023-04-16 12:00:00+02:00,7,EXPLOSIVE,SLAB,2,DRY,N,0,46.81275231208952,8.37992480043673,0,,,
8d0101b0-de65-11ed-ad4d-6fea2397c693,7.846102 46.562407,2023-04-18 12:00:00.000 +0200,7,NATURAL,FULL_DEPTH,2,WET,S,120,46.562407,7.846102,1,,,
fdfaf590-ea4c-11ed-8348-fb5788bd30bc,8.001152 46.577404,2023-05-01 12:00:00.000 +0200,7,NATURAL,SLAB,2,DRY,NW,192,46.577404,8.001152,1,,,
fe8541fa-4448-482f-8c28-995faac1b624,8.419783 46.781356,2023-04-13 07:30:00.000 +0200,2,EXPLOSIVE,SLAB,1,DRY,N,105,46.781356,8.419783,1,,,
10ab716e-5fe3-4dac-9343-2f5c3d5e2a92,8.244594 46.61198,2023-05-10 12:00:00+02:00,7,NATURAL,SLAB,4,WET,NW,157,46.59020849081712,8.258619470297708,0,,,
b6bd2020-dd0b-11ed-8f1e-7bb69ddca4ec,8.237321 46.747742,2023-04-16 12:00:00.000 +0200,7,NATURAL,SLAB,2,DRY,N,90,46.747742,8.237321,1,,,
3a0dd0e2-9199-4139-bb1e-3327bd98128b,8.425944 46.778157,2023-04-14 07:00:00+02:00,3,EXPLOSIVE,SLAB,2,DRY,NE,202,46.753892129712376,8.420449050536513,0,,,
9312b9e3-9422-40e1-8539-92240b8f9de8,8.390152 46.787449,2023-04-16 07:30:00+02:00,2,EXPLOSIVE,LOOSE_SNOW,1,DRY,N,127,46.75340762350875,8.402156701718729,0,,,
129ea644-660f-4e28-b1b5-6ad36254a3b7,8.425551 46.770235,2023-05-16 09:00:00.000 +0200,3,EXPLOSIVE,SLAB,2,DRY,SE,167,46.770235,8.425551,1,,,
367958a0-d439-11ed-a920-a702e6e7f311,8.242864 46.759718,2023-04-05 15:00:00+02:00,2,NATURAL,FULL_DEPTH,1,WET,S,49,46.773641083592096,8.279664409145292,0,,,
4b5d9a70-d15e-11ed-94cc-21edfa2a74e3,8.233716 46.754659,2023-04-02 15:30:00+02:00,1,NATURAL,FULL_DEPTH,2,WET,S,116,46.7723524461488,8.24644635694518,0,,,
5dfb93d0-d046-11ed-b49c-43d9bede54f5,8.263448 46.782775,2023-04-02 05:45:00+02:00,0,EXPLOSIVE,SLAB,2,DRY,NW,3,46.8258718144071,8.257971326154438,0,,,
1aca9480-d131-11ed-bb43-5ff35461761d,8.354817 46.766741,2023-04-03 12:00:00+02:00,10,NATURAL,SLAB,3,DRY,NW,0,46.73863616760249,8.377286890808191,0,,,
1a787419-5802-4808-a192-fbe672afe523,8.389757 46.787324,2023-04-16 08:30:00.000 +0200,4,EXPLOSIVE,LOOSE_SNOW,2,DRY,N,135,46.787324,8.389757,1,,,
3127a717-5395-4ff5-9722-0942f1737558,8.42626 46.777558,2023-04-14 06:30:00.000 +0200,5,EXPLOSIVE,SLAB,2,DRY,NE,185,46.777558,8.42626,1,,,
c8955470-dce3-11ed-bcd6-6b951ea9af39,8.419791 46.782658,2023-04-16 12:00:00.000 +0200,7,EXPLOSIVE,SLAB,2,DRY,N,310,46.782658,8.419791,1,,,
10ab716e-5fe3-4dac-9343-2f5c3d5e2a92,8.244594 46.61198,2023-05-11 12:00:00+02:00,7,NATURAL,SLAB,4,WET,NW,59,46.60474384195697,8.281506346848165,0,,,
26f6eb66-fc4c-4eb2-aecd-11eeddba5a5a,7.964013 46.534843,2023-05-19 10:30:00+02:00,3,PERSON,SLAB,1,DRY,SE,221,46.53737128452227,7.969701276481185,0,,,
acaee50d-c93e-4865-b666-dcf8ca1d9f21,8.226812 46.595085,2023-04-23 12:00:00+02:00,7,PERSON,SLAB,1,DRY,NW,212,46.594719847985274,8.245341710483926,0,,,
11290122-2f71-4b65-840e-5b583a64fdd5,8.389124 46.787453,2023-04-15 07:00:00+02:00,4,EXPLOSIVE,SLAB,2,WET,N,0,46.80882167882378,8.404155228048808,0,,,
367958a0-d439-11ed-a920-a702e6e7f311,8.242864 46.759718,2023-04-05 15:00:00+02:00,2,NATURAL,FULL_DEPTH,1,WET,S,33,46.759613825716,8.247645818592959,0,,,
da27b6a6-0240-478c-9ff6-ab83983e37eb,8.426516 46.77779,2023-04-30 07:30:00+02:00,2,EXPLOSIVE,SLAB,2,DRY,NE,25,46.73742489202933,8.40846969997646,0,,,
11290122-2f71-4b65-840e-5b583a64fdd5,8.389124 46.787453,2023-04-12 07:00:00+02:00,4,EXPLOSIVE,SLAB,2,WET,N,88,46.7787009050484,8.409837761495327,0,,,
97c5682e-950b-4c24-8c69-651f6ff3d0c8,8.035288 46.786336,2023-04-19 10:30:00+02:00,4,EXPLOSIVE,SLAB,2,DRY,S,0,46.74960474717692,8.07964867240878,0,,,
8cc2e1b0-ecd3-11ed-8adc-7d70564ee41a,8.023437 46.573593,2023-05-07 12:00:00+02:00,10,NATURAL,SLAB,4,WET,,0,46.60268641008256,8.019744616025415,0,,,
acaee50d-c93e-4865-b666-dcf8ca1d9f21,8.226812 46.595085,2023-04-22 12:00:00+02:00,7,PERSON,SLAB,1,DRY,NW,132,46.61168719888623,8.220690977531557,0,,,
ad1f7e7f-180e-4f38-9562-d610574cd4c5,8.239483 46.749076,2023-04-02 06:30:00+02:00,2,EXPLOSIVE,SLAB,1,DRY,N,0,46.70666716244548,8.24270733588935,0,,,
839994f8-5b6d-44ab-8e1c-fd57876e2bd9,8.4215 46.780442,2023-04-03 07:00:00+02:00,4,EXPLOSIVE,SLAB,2,DRY,E,79,46.735481032429924,8.41936601369977,0,,,
bafec949-69be-4d29-96df-732ded5d7686,8.389718 46.787228,2023-04-03 08:00:00+02:00,3,EXPLOSIVE,SLAB,1,DRY,N,128,46.78827427441064,8.360018662316067,0,,,
564bddb0-e717-11ed-acf0-f7b342f82229,7.822357 46.529218,2023-05-01 12:00:00+02:00,7,NATURAL,SLAB,3,UNKNOWN,N,80,46.53924506022109,7.829628239375103,0,,,
5f7c51f6-7065-4c64-860a-51df7287e4b5,8.42359 46.779392,2023-05-19 07:00:00+02:00,4,EXPLOSIVE,SLAB,2,DRY,N,20,46.75596295794293,8.392231746652612,0,,,
a4ad0c82-16f6-4de1-af92-ac146cabf042,8.423474 46.779387,2023-05-02 07:30:00+02:00,4,EXPLOSIVE,SLAB,2,DRY,N,0,46.82270799956418,8.39745723031971,0,,,
9312b9e3-9422-40e1-8539-92240b8f9de8,8.390152 46.787449,2023-04-13 07:30:00+02:00,2,EXPLOSIVE,LOOSE_SNOW,1,DRY,N,64,46.787202412277395,8.407960479085537,0,,,
8b5b35b0-dd0c-11ed-8f1e-7bb69ddca4ec,8.229566 46.753026,2023-04-18 12:30:00+02:00,0,NATURAL,FULL_DEPTH,2,WET,SE,111,46.77616630060779,8.262157366666747,0,,,
5192475d-5f0c-41d7-bde8-a82e5bea8b68,8.422294 46.780382,2023-04-18 08:00:00+02:00,4,EXPLOSIVE,SLAB,3,DRY,N,148,46.777979655440284,8.41452810111594,0,,,
1b05e8ea-984f-445d-8163-f5d970cfecf8,8.387973 46.785269,2023-04-12 07:00:00+02:00,4,EXPLOSIVE,SLAB,1,WET,NW,84,46.76758330115381,8.346802185216045,0,,,
97c5682e-950b-4c24-8c69-651f6ff3d0c8,8.035288 46.786336,2023-04-21 10:30:00+02:00,4,EXPLOSIVE,SLAB,2,DRY,S,111,46.7915939824836,8.048475170135395,0,,,
ad1f7e7f-180e-4f38-9562-d610574cd4c5,8.239483 46.749076,2023-04-01 06:30:00.000 +0200,2,EXPLOSIVE,SLAB,1,DRY,N,63,46.749076,8.239483,1,,,
dda75b80-ddc2-11ed-b3b1-431b3c02902e,8.263291 46.74286,2023-04-18 14:30:00+02:00,1,SNOW_GROOMER,SLAB,3,DRY,SE,147,46.74733397327217,8.264574670336367,0,,,
63723fcc-14a3-472f-a9d8-8ce81f021fe4,8.42184 46.780304,2023-04-30 07:30:00+02:00,2,EXPLOSIVE,LOOSE_SNOW,1,WET,N,97,46.777764906624725,8.4158744636483,0,,,
45a4cc4a-b623-44fe-a276-c1a4df80223b,8.420264 46.781131,2023-05-03 07:30:00+02:00,4,EXPLOSIVE,SLAB,2,DRY,N,141,46.78391909305498,8.375303065906406,0,,,
acaee50d-c93e-4865-b666-dcf8ca1d9f21,8.226812 46.595085,2023-04-22 12:00:00+02:00,7,PERSON,SLAB,1,DRY,NW,164,46.57499480360377,8.220087593617937,0,,,
fdfaf590-ea4c-11ed-8348-fb5788bd30bc,8.001152 46.577404,2023-05-04 12:00:00+02:00,7,NATURAL,SLAB,2,DRY,NW,268,46.5440437024119,7.956865837257248,0,,,
50374fe0-d439-11ed-a920-a702e6e7f311,8.245848 46.760908,2023-04-07 16:00:00+02:00,2,NATURAL,FULL_DEPTH,1,WET,SW,0,46.747891870729156,8.202572360554429,0,,,
b1c2736c-200d-4a78-a75a-d1aa12bb81e8,7.992735 46.584254,2023-06-07 08:00:00+02:00,3,EXPLOSIVE,UNKNOWN,0,UNKNOWN,,0,46.62048189769897,7.995113526849334,0,,,
c8a8b700-feb1-11ed-b35a-bf420b8ac344,8.01247 46.561817,2023-05-29 12:00:00+02:00,6,PERSON,SLAB,2,DRY,SE,137,46.525145712320466,8.035238478194218,0,,,
63723fcc-14a3-472f-a9d8-8ce81f021fe4,8.42184 46.780304,2023-04-29 07:30:00.000 +0200,2,EXPLOSIVE,LOOSE_SNOW,1,WET,N,113,46.780304,8.42184,1,,,
c2674210-608f-480e-8889-772ed922cf40,8.384094 46.779592,2023-04-02 07:00:00+02:00,4,EXPLOSIVE,SLAB,2,DRY,NE,87,46.792782792612066,8.369900516889091,0,,,
1360c83b-baa5-40fd-8967-adc55e27b8f8,8.035169 46.786944,2023-05-08 11:00:00+02:00,4,EXPLOSIVE,FULL_DEPTH,2,WET,SW,0,46.82035370067065,8.044086951237837,0,,,
9793e5e8-7a24-425c-8b33-04a387b5aa44,8.40304 46.792701,2023-04-01 06:30:00+02:00,2,EXPLOSIVE,SLAB,1,DRY,NW,98,46.784887105696924,8.3867994560355,0,,,
ab2a9319-7f29-4629-a314-d5965080c33e,8.421443 46.780432,2023-05-03 07:30:00+02:00,4,EXPLOSIVE,SLAB,2,DRY,N,36,46.7546446919131,8.396671508703255,0,,,
bdf4c097-2315-413e-a320-168acfd62b21,8.380633 46.782526,2023-04-13 08:00:00+02:00,4,EXPLOSIVE,SLAB,3,DRY,N,79,46.785444508554065,8.351157763791011,0,,,
a8219770-e77f-11ed-991c-c3bbd7ca6c9a,7.788493 46.554381,2023-04-30 15:11:00+02:00,0,NATURAL,SLAB,3,WET,NW,143,46.564029621929215,7.821516360316962,0,,,
9793e5e8-7a24-425c-8b33-04a387b5aa44,8.40304 46.792701,2023-04-03 06:30:00+02:00,2,EXPLOSIVE,SLAB,1,DRY,NW,28,46.75370391519976,8.36357701047237,0,,,
45a4cc4a-b623-44fe-a276-c1a4df80223b,8.420264 46.781131,2023-05-04 07:30:00+02:00,4,EXPLOSIVE,SLAB,2,DRY,N,75,46.7602601031424,8.424860971093638,0,,,
50374fe0-d439-11ed-a920-a702e6e7f311,8.245848 46.760908,2023-04-05 16:00:00.000 +0200,2,NATURAL,FULL_DEPTH,1,WET,SW,41,46.760908,8.245848,1,,,
1aca9480-d131-11ed-bb43-5ff35461761d,8.354817 46.766741,2023-04-04 12:00:00+02:00,10,NATURAL,SLAB,3,DRY,NW,125,46.781732889029705,8.386804036210876,0,,,
514e8b36-8761-43bc-a150-8a7eaeb0c925,8.038115 46.78053,2023-05-10 11:00:00+02:00,4,EXPLOSIVE,FULL_DEPTH,1,WET,NW,0,46.764760327502934,8.010355750149103,0,,,
c2674210-608f-480e-8889-772ed922cf40,8.384094 46.779592,2023-04-02 07:00:00+02:00,4,EXPLOSIVE,SLAB,2,DRY,NE,81,46.764890040421804,8.352121651468128,0,,,
4067dd0b-f3b4-40af-8872-12824f7b55a6,8.423024 46.779666,2023-04-01 07:00:00+02:00,4,EXPLOSIVE,SLAB,3,DRY,NE,203,46.76656746302426,8.384620769876367,0,,,
9f2be370-d7a6-11ed-a8d1-4961cd70d9e1,8.210814 46.503291,2023-04-10 12:00:00+02:00,7,NATURAL,SLAB,3,WET,S,18,46.510538072722696,8.246053358082165,0,,,
ff002b7f-49f5-4ba6-971a-c1b18578a2b6,8.389256 46.787371,2023-04-16 08:30:00+02:00,2,EXPLOSIVE,SLAB,1,DRY,N,152,46.782976236495344,8.381310364911622,0,,,
1bb8250c-f575-4cb3-84c9-194ae951bc8a,7.944832 46.554569,2023-05-02 12:00:00.000 +0200,7,NATURAL,UNKNOWN,4,WET,,139,46.554569,7.944832,1,,,
da27b6a6-0240-478c-9ff6-ab83983e37eb,8.426516 46.77779,2023-05-02 07:30:00+02:00,2,EXPLOSIVE,SLAB,2,DRY,NE,46,46.75076659427585,8.404271506929009,0,,,
1851a448-559e-4572-8066-2824a030e41d,8.385872 46.778947,2023-04-15 07:30:00+02:00,2,EXPLOSIVE,LOOSE_SNOW,1,DRY,NE,22,46.807693972530565,8.37805805959677,0,,,
850fbf08-4de4-4e22-97a7-6ee73d0c55e0,8.423568 46.779438,2023-04-27 07:30:00+02:00,2,EXPLOSIVE,SLAB,2,DRY,N,0,46.814003015447085,8.389252280750036,0,,,
11290122-2f71-4b65-840e-5b583a64fdd5,8.389124 46.787453,2023-04-15 07:00:00+02:00,4,EXPLOSIVE,SLAB,2,WET,N,134,46.74366054729228,8.417091558536976,0,,,
26ffd848-b17b-4d9b-a93a-0d9106053d47,8.073009 46.53608,2023-05-23 12:00:00+02:00,7,PERSON,SLAB,3,DRY,,121,46.51222933555933,8.083801616435613,0,,,
529f5410-e6a1-11ed-9300-179866ebe517,7.727729 46.504859,2023-05-01 17:00:00+02:00,3,UNKNOWN,UNKNOWN,1,WET,,0,46.510726970708824,7.688775202429037,0,,,
33f93161-2ec3-46b0-ab16-f598e280759a,8.383072 46.779972,2023-04-13 08:00:00+02:00,4,EXPLOSIVE,SLAB,2,DRY,NE,115,46.75424108568979,8.339111923117908,0,,,
48001904-f349-4f12-8b6b-34916e483022,8.424677 46.77918,2023-04-15 07:30:00+02:00,2,EXPLOSIVE,SLAB,2,DRY,N,0,46.81788755472254,8.383746110291106,0,,,
b2ae7f83-144e-4307-bbca-2bcde419c704,8.384786 46.783437,2023-04-19 08:30:00+02:00,4,EXPLOSIVE,LOOSE_SNOW,1,DRY,N,67,46.78857607384954,8.344250877875899,0,,,
b5d8fc03-e36a-4fa1-9d42-ea7105356bda,8.385358 46.779077,2023-04-16 05:00:00+02:00,3,EXPLOSIVE,UNKNOWN,2,DRY,NE,74,46.75426940973623,8.35386333711689,0,,,
146fb98c-e881-4676-9e59-446d1d57d1c2,8.034003 46.784284,2023-04-19 10:30:00+02:00,4,EXPLOSIVE,SLAB,2,DRY,S,0,46.805363323628036,8.065943965000503,0,,,
4b5d9a70-d15e-11ed-94cc-21edfa2a74e3,8.233716 46.754659,2023-04-02 15:30:00+02:00,1,NATURAL,FULL_DEPTH,2,WET,S,0,46.727361469023435,8.204882342024527,0,,,
b2ae7f83-144e-4307-bbca-2bcde419c704,8.384786 46.783437,2023-04-16 08:30:00+02:00,4,EXPLOSIVE,LOOSE_SNOW,1,DRY,N,33,46.81508394243374,8.358044980062973,0,,,
26d0ed0c-b5fc-4983-9f76-b0f25e82ece7,8.388771 46.786265,2023-04-18 08:30:00+02:00,4,EXPLOSIVE,LOOSE_SNOW,1,DRY,NW,1,46.80774332271528,8.39549868418236,0,,,
2a2d7868-aa56-44d4-b082-8c267cccfbe3,8.388637 46.786311,2023-04-16 07:30:00+02:00,2,EXPLOSIVE,LOOSE_SNOW,1,DRY,NW,112,46.77485324183647,8.380376519661418,0,,,
564bddb0-e717-11ed-acf0-f7b342f82229,7.822357 46.529218,2023-05-02 12:00:00+02:00,7,NATURAL,SLAB,3,UNKNOWN,N,112,46.544845694160976,7.803664048423302,0,,,
110f1420-d9f1-11ed-8014-25b7abf6ec82,8.252181 46.759933,2023-04-13 02:00:00+02:00,4,NATURAL,FULL_DEPTH,2,WET,S,0,46.72543159747025,8.227240565835146,0,,,
f7fca170-d124-11ed-9f3d-c1122c0370be,8.243319 46.765333,2023-04-01 12:00:00.000 +0200,10,NATURAL,SLAB,3,WET,SW,82,46.765333,8.243319,1,,,
233c98fe-a27b-4c5e-992f-1bc9cdd0362a,8.422835 46.779803,2023-04-28 07:00:00+02:00,3,EXPLOSIVE,SLAB,2,DRY,N,0,46.80975520392649,8.422439838207037,0,,,
4067dd0b-f3b4-40af-8872-12824f7b55a6,8.423024 46.779666,2023-04-01 07:00:00.000 +0200,4,EXPLOSIVE,SLAB,3,DRY,NE,125,46.779666,8.423024,1,,,
33f93161-2ec3-46b0-ab16-f598e280759a,8.383072 46.779972,2023-04-15 08:00:00+02:00,4,EXPLOSIVE,SLAB,2,DRY,NE,139,46.802102097222104,8.349854715532008,0,,,
8cb21b8c-4e00-4409-bc59-db5c053ba65d,8.42279 46.779714,2023-04-15 06:30:00+02:00,5,EXPLOSIVE,SLAB,2,DRY,N,92,46.79451833658142,8.409974462745682,0,,,
11290122-2f71-4b65-840e-5b583a64fdd5,8.389124 46.787453,2023-04-14 07:00:00+02:00,4,EXPLOSIVE,SLAB,2,WET,N,171,46.77280899293221,8.392004822110966,0,,,
a9add040-dd0c-11ed-8f1e-7bb69ddca4ec,8.245886 46.75731,2023-04-17 12:15:00+02:00,0,NATURAL,FULL_DEPTH,2,WET,S,70,46.78744919014592,8.282572265669604,0,,,
8cc2e1b0-ecd3-11ed-8adc-7d70564ee41a,8.023437 46.573593,2023-05-07 12:00:00+02:00,10,NATURAL,SLAB,4,WET,,0,46.60815638185528,8.005070055685243,0,,,
4b5d9a70-d15e-11ed-94cc-21edfa2a74e3,8.233716 46.754659,2023-04-03 15:30:00+02:00,1,NATURAL,FULL_DEPTH,2,WET,S,0,46.74281305858574,8.210896067178886,0,,,
2a2d7868-aa56-44d4-b082-8c267cccfbe3,8.388637 46.786311,2023-04-14 07:30:00+02:00,2,EXPLOSIVE,LOOSE_SNOW,1,DRY,NW,143,46.77858651992903,8.423278626228202,0,,,
2ed09558-7716-4dda-935c-3c151ebe5b3b,8.238855 46.748629,2023-04-17 08:30:00+02:00,4,EXPLOSIVE,SLAB,1,DRY,NW,0,46.739871958593284,8.213459543340626,0,,,
099a6e90-d12e-11ed-ba10-b99b29af1712,8.260874 46.762857,2023-04-05 07:18:00+02:00,0,EXPLOSIVE,SLAB,3,DRY,NE,54,46.773058141273395,8.266164402515567,0,,,
1aca9480-d131-11ed-bb43-5ff35461761d,8.354817 46.766741,2023-04-02 12:00:00.000 +0200,10,NATURAL,SLAB,3,DRY,NW,77,46.766741,8.354817,1,,,
110f1420-d9f1-11ed-8014-25b7abf6ec82,8.252181 46.759933,2023-04-15 02:00:00+02:00,4,NATURAL,FULL_DEPTH,2,WET,S,105,46.78292505725125,8.29131848143181,0,,,
792e43cf-e040-4ad1-98dd-47672e4855cd,8.426192 46.777884,2023-04-13 07:00:00.000 +0200,0,EXPLOSIVE,SLAB,2,DRY,NE,161,46.777884,8.426192,1,,,
8b5b35b0-dd0c-11ed-8f1e-7bb69ddca4ec,8.229566 46.753026,2023-04-20 12:30:00+02:00,0,NATURAL,FULL_DEPTH,2,WET,SE,0,46.722759103202726,8.251744233962224,0,,,
8d0101b0-de65-11ed-ad4d-6fea2397c693,7.846102 46.562407,2023-04-21 12:00:00+02:00,7,NATURAL,FULL_DEPTH,2,WET,S,124,46.52426456455151,7.879725595403893,0,,,
9793e5e8-7a24-425c-8b33-04a387b5aa44,8.40304 46.792701,2023-04-04 06:30:00+02:00,2,EXPLOSIVE,SLAB,1,DRY,NW,38,46.80583427601491,8.378751640472261,0,,,
a608e0ea-99f5-4d75-9162-5dd2600c0d00,8.423735 46.779426,2023-04-03 07:00:00+02:00,4,EXPLOSIVE,SLAB,2,DRY,N,48,46.80317676958664,8.381768502345379,0,,,
0d183e05-ccd5-4337-8515-db8621df2658,8.421449 46.780606,2023-04-13 07:30:00.000 +0200,2,EXPLOSIVE,SLAB,2,DRY,N,128,46.780606,8.421449,1,,,
1bae5ef4-62c9-4601-861f-8e5b286b94b1,8.422604 46.780389,2023-04-13 07:30:00+02:00,2,EXPLOSIVE,SLAB,2,DRY,N,136,46.746067405101016,8.421879851114998,0,,,
514e8b36-8761-43bc-a150-8a7eaeb0c925,8.038115 46.78053,2023-05-09 11:00:00+02:00,4,EXPLOSIVE,FULL_DEPTH,1,WET,NW,52,46.78826082547037,8.073577266209462,0,,,
564bddb0-e717-11ed-acf0-f7b342f82229,7.822357 46.529218,2023-04-30 12:00:00+02:00,7,NATURAL,SLAB,3,UNKNOWN,N,125,46.5643655570933,7.860790641932613,0,,,
c7cfde41-7339-4d2c-afdf-9006721cfe7f,8.419526 46.781209,2023-04-02 07:00:00+02:00,4,EXPLOSIVE,SLAB,2,DRY,NW,0,46.82520286723931,8.387304972110227,0,,,
71d13516-3cdb-4e54-a1af-c88570197f00,8.424437 46.779206,2023-04-17 06:30:00+02:00,5,EXPLOSIVE,SLAB,1,DRY,N,119,46.744617149071715,8.422425904425134,0,,,
729aca22-4176-463d-b386-a7be12b79b0f,8.424589 46.778965,2023-04-25 07:00:00.000 +0200,3,EXPLOSIVE,SLAB,2,DRY,N,201,46.778965,8.424589,1,,,
dda75b80-ddc2-11ed-b3b1-431b3c02902e,8.263291 46.74286,2023-04-19 14:30:00+02:00,1,SNOW_GROOMER,SLAB,3,DRY,SE,79,46.73806137522563,8.24502006555221,0,,,
33f93161-2ec3-46b0-ab16-f598e280759a,8.383072 46.779972,2023-04-12 08:00:00+02:00,4,EXPLOSIVE,SLAB,2,DRY,NE,31,46.80498723696588,8.364031138077676,0,,,
1a787419-5802-4808-a192-fbe672afe523,8.389757 46.787324,2023-04-17 08:30:00+02:00,4,EXPLOSIVE,LOOSE_SNOW,2,DRY,N,141,46.82972095148124,8.349249300122164,0,,,
37f6f440-e68a-11ed-9633-279e930b62b5,7.970158 46.5442,2023-04-30 12:00:00+02:00,7,NATURAL,SLAB,2,DRY,SE,300,46.556859258111125,8.002916763934198,0,,,
1aca9480-d131-11ed-bb43-5ff35461761d,8.354817 46.766741,2023-04-03 12:00:00+02:00,10,NATURAL,SLAB,3,DRY,NW,10,46.7498651066884,8.378860769137592,0,,,
c2674210-608f-480e-8889-772ed922cf40,8.384094 46.779592,2023-04-03 07:00:00+02:00,4,EXPLOSIVE,SLAB,2,DRY,NE,117,46.77722486061487,8.385660743605767,0,,,
40432ba0-e72a-11ed-8f49-75cb9dad9a7e,7.996764 46.557888,2023-05-02 12:00:00+02:00,7,NATURAL,SLAB,3,DRY,S,23,46.59512731548051,7.971915204428046,0,,,
b2ae7f83-144e-4307-bbca-2bcde419c704,8.384786 46.783437,2023-04-17 08:30:00+02:00,4,EXPLOSIVE,LOOSE_SNOW,1,DRY,N,33,46.746957831494136,8.34570530258315,0,,,
099a6e90-d12e-11ed-ba10-b99b29af1712,8.260874 46.762857,2023-04-03 07:18:00+02:00,0,EXPLOSIVE,SLAB,3,DRY,NE,0,46.72311453367535,8.276975020218307,0,,,
26f6eb66-fc4c-4eb2-aecd-11eeddba5a5a,7.964013 46.534843,2023-05-18 10:30:00+02:00,3,PERSON,SLAB,1,DRY,SE,107,46.51237507189801,7.93619460526132,0,,,
b6bd2020-dd0b-11ed-8f1e-7bb69ddca4ec,8.237321 46.747742,2023-04-19 12:00:00+02:00,7,NATURAL,SLAB,2,DRY,N,0,46.70727596334813,8.1981112149436,0,,,
c8a8b700-feb1-11ed-b35a-bf420b8ac344,8.01247 46.561817,2023-05-31 12:00:00+02:00,6,PERSON,SLAB,2,DRY,SE,0,46.585841378432534,8.053702653631612,0,,,
2a2d7868-aa56-44d4-b082-8c267cccfbe3,8.388637 46.786311,2023-04-14 07:30:00+02:00,2,EXPLOSIVE,LOOSE_SNOW,1,DRY,NW,142,46.776769114306475,8.38832807369035,0,,,
49e457f5-5bb7-4272-bb56-c1782a243205,8.423263 46.779484,2023-04-16 08:00:00.000 +0200,4,EXPLOSIVE,SLAB,3,DRY,N,179,46.779484,8.423263,1,,,
a94851d0-e58a-11ed-94a2-bf37c1703856,7.5461 46.68465,2023-04-27 12:00:00+02:00,7,NATURAL,SLAB,2,UNKNOWN,SW,0,46.64883459448739,7.585630086939011,0,,,
b2b22272-2994-46f8-ba69-aa77d0ffdafa,8.420101 46.781175,2023-04-27 00:00:00+02:00,6,NATURAL,SLAB,2,DRY,N,93,46.791915351279634,8.415188947697777,0,,,
9312b9e3-9422-40e1-8539-92240b8f9de8,8.390152 46.787449,2023-04-16 07:30:00+02:00,2,EXPLOSIVE,LOOSE_SNOW,1,DRY,N,116,46.7559211624419,8.363630356125027,0,,,
8cc2e1b0-ecd3-11ed-8adc-7d70564ee41a,8.023437 46.573593,2023-05-07 12:00:00+02:00,10,NATURAL,SLAB,4,WET,,173,46.552799170415696,7.985302785904313,0,,,
37f6f440-e68a-11ed-9633-279e930b62b5,7.970158 46.5442,2023-04-29 12:00:00+02:00,7,NATURAL,SLAB,2,DRY,SE,112,46.570391724172175,7.989156936278784,0,,,
d1dc6b80-4759-4599-8761-9b826a9ee094,8.401311 46.769587,2023-04-14 00:00:00+02:00,6,NATURAL,SLAB,3,DRY,NW,0,46.81247342722163,8.405385058956254,0,,,
110f1420-d9f1-11ed-8014-25b7abf6ec82,8.252181 46.759933,2023-04-16 02:00:00+02:00,4,NATURAL,FULL_DEPTH,2,WET,S,64,46.78830652209947,8.274419742399596,0,,,
5dfb93d0-d046-11ed-b49c-43d9bede54f5,8.263448 46.782775,2023-04-01 05:45:00.000 +0200,0,EXPLOSIVE,SLAB,2,DRY,NW,51,46.782775,8.263448,1,,,
10ab716e-5fe3-4dac-9343-2f5c3d5e2a92,8.244594 46.61198,2023-05-09 12:00:00+02:00,7,NATURAL,SLAB,4,WET,NW,1,46.64427442356659,8.211431648845819,0,,,
099a6e90-d12e-11ed-ba10-b99b29af1712,8.260874 46.762857,2023-04-04 07:18:00+02:00,0,EXPLOSIVE,SLAB,3,DRY,NE,63,46.785236819221396,8.28254478821228,0,,,
35750744-ea24-4b2e-81ea-9ce6b475ccb9,8.42211 46.780566,2023-04-14 06:30:00.000 +0200,5,EXPLOSIVE,SLAB,2,DRY,N,230,46.780566,8.42211,1,,,
50fbf8f0-dd0c-11ed-8f1e-7bb69ddca4ec,8.23687 46.747556,2023-04-16 12:00:00.000 +0200,5,NATURAL,SLAB,2,DRY,N,90,46.747556,8.23687,1,,,
8d0101b0-de65-11ed-ad4d-6fea2397c693,7.846102 46.562407,2023-04-18 12:00:00+02:00,7,NATURAL,FULL_DEPTH,2,WET,S,106,46.56173311565473,7.803849609482985,0,,,
a7ed94b7-52d1-4b17-9928-83b4745ca8bf,8.307745 46.608205,2023-05-03 12:00:00+02:00,7,NATURAL,UNKNOWN,3,WET,,99,46.56890868859263,8.325128669331015,0,,,
74d69404-e345-4837-afea-4a4f976882c4,8.416507 46.785698,2023-04-17 08:00:00+02:00,4,EXPLOSIVE,SLAB,2,DRY,NW,1,46.807528503878856,8.388077643363712,0,,,
49e457f5-5bb7-4272-bb56-c1782a243205,8.423263 46.779484,2023-04-16 08:00:00+02:00,4,EXPLOSIVE,SLAB,3,DRY,N,280,46.7840419563509,8.41762154981477,0,,,
72a5d090-d8f5-11ed-9de9-4bc775516e2e,8.249382 46.761703,2023-04-13 16:00:00+02:00,3,NATURAL,FULL_DEPTH,2,WET,SW,13,46.72538976852143,8.243306742703053,0,,,
9312b9e3-9422-40e1-8539-92240b8f9de8,8.390152 46.787449,2023-04-16 07:30:00+02:00,2,EXPLOSIVE,LOOSE_SNOW,1,DRY,N,0,46.813541713648256,8.401199319028668,0,,,
f9b59268-33ad-4905-91cd-ccc9a1ae40a4,8.385942 46.778812,2023-04-15 08:30:00+02:00,2,EXPLOSIVE,LOOSE_SNOW,2,DRY,NE,68,46.753957077472094,8.363096871671232,0,,,
9b1e09ce-808a-44b8-8176-c69307d3a01b,8.390545 46.780329,2023-04-19 08:30:00+02:00,4,EXPLOSIVE,LOOSE_SNOW,1,DRY,NW,10,46.738078530971315,8.369259257613127,0,,,
e5f438a3-68c9-465f-a6d1-9ab6a2ebaf71,8.384832 46.783436,2023-04-03 08:00:00+02:00,3,EXPLOSIVE,SLAB,1,DRY,N,12,46.75069518856685,8.380997911701193,0,,,
8d0101b0-de65-11ed-ad4d-6fea2397c693,7.846102 46.562407,2023-04-18 12:00:00+02:00,7,NATURAL,FULL_DEPTH,2,WET,S,113,46.598731531371335,7.832965355137571,0,,,
acaee50d-c93e-4865-b666-dcf8ca1d9f21,8.226812 46.595085,2023-04-21 12:00:00+02:00,7,PERSON,SLAB,1,DRY,NW,59,46.623158872223,8.219636529053428,0,,,
8b5b35b0-dd0c-11ed-8f1e-7bb69ddca4ec,8.229566 46.753026,2023-04-17 12:30:00+02:00,0,NATURAL,FULL_DEPTH,2,WET,SE,0,46.72113424689936,8.232985494046902,0,,,
564bddb0-e717-11ed-acf0-f7b342f82229,7.822357 46.529218,2023-04-29 12:00:00.000 +0200,7,NATURAL,SLAB,3,UNKNOWN,N,204,46.529218,7.822357,1,,,
8cc2e1b0-ecd3-11ed-8adc-7d70564ee41a,8.023437 46.573593,2023-05-06 12:00:00+02:00,10,NATURAL,SLAB,4,WET,,240,46.54513834491827,8.003448056722478,0,,,
97c5682e-950b-4c24-8c69-651f6ff3d0c8,8.035288 46.786336,2023-04-21 10:30:00+02:00,4,EXPLOSIVE,SLAB,2,DRY,S,114,46.783531579597856,8.010299160492293,0,,,
a9add040-dd0c-11ed-8f1e-7bb69ddca4ec,8.245886 46.75731,2023-04-17 12:15:00+02:00,0,NATURAL,FULL_DEPTH,2,WET,S,58,46.75426791013623,8.22357035676319,0,,,
3127a717-5395-4ff5-9722-0942f1737558,8.42626 46.777558,2023-04-16 06:30:00+02:00,5,EXPLOSIVE,SLAB,2,DRY,NE,190,46.74631076714761,8.417700593293901,0,,,
71d13516-3cdb-4e54-a1af-c88570197f00,8.424437 46.779206,2023-04-15 06:30:00+02:00,5,EXPLOSIVE,SLAB,1,DRY,N,47,46.74833661472067,8.38687491817325,0,,,
68246170-d6db-11ed-8552-37fbec7ec321,8.370977 46.777677,2023-04-09 15:00:00+02:00,3,NATURAL,FULL_DEPTH,2,WET,S,95,46.7675209591499,8.346615772869624,0,,,
b1c2736c-200d-4a78-a75a-d1aa12bb81e8,7.992735 46.584254,2023-06-08 08:00:00+02:00,3,EXPLOSIVE,UNKNOWN,0,UNKNOWN,,42,46.553639617418526,7.974914938135258,0,,,
35750744-ea24-4b2e-81ea-9ce6b475ccb9,8.42211 46.780566,2023-04-15 06:30:00+02:00,5,EXPLOSIVE,SLAB,2,DRY,N,25,46.73881278552221,8.3777076650029,0,,,
a7ed94b7-52d1-4b17-9928-83b4745ca8bf,8.307745 46.608205,2023-05-05 12:00:00+02:00,7,NATURAL,UNKNOWN,3,WET,,108,46.584555420598484,8.293374541421747,0,,,
5dfb93d0-d046-11ed-b49c-43d9bede54f5,8.263448 46.782775,2023-04-04 05:45:00+02:00,0,EXPLOSIVE,SLAB,2,DRY,NW,77,46.75992312108843,8.241294716711144,0,,,
2ed09558-7716-4dda-935c-3c151ebe5b3b,8.238855 46.748629,2023-04-17 08:30:00.000 +0200,4,EXPLOSIVE,SLAB,1,DRY,NW,76,46.748629,8.238855,1,,,
74d69404-e345-4837-afea-4a4f976882c4,8.416507 46.785698,2023-04-19 08:00:00+02:00,4,EXPLOSIVE,SLAB,2,DRY,NW,137,46.77291441717452,8.385517980867895,0,,,
68246170-d6db-11ed-8552-37fbec7ec321,8.370977 46.777677,2023-04-10 15:00:00+02:00,3,NATURAL,FULL_DEPTH,2,WET,S,73,46.74496087541377,8.412468472335643,0,,,
e18fb476-2bc8-4cdf-829a-b6f36d7508bd,8.420851 46.780719,2023-04-26 00:00:00+02:00,6,NATURAL,SLAB,2,DRY,NW,113,46.74342611485615,8.409961794212775,0,,,
da27b6a6-0240-478c-9ff6-ab83983e37eb,8.426516 46.77779,2023-04-30 07:30:00+02:00,2,EXPLOSIVE,SLAB,2,DRY,NE,26,46.737595175437846,8.38800983053039,0,,,
c8a8b700-feb1-11ed-b35a-bf420b8ac344,8.01247 46.561817,2023-05-30 12:00:00+02:00,6,PERSON,SLAB,2,DRY,SE,135,46.52442635441233,8.051362663150746,0,,,
b6bd2020-dd0b-11ed-8f1e-7bb69ddca4ec,8.237321 46.747742,2023-04-17 12:00:00+02:00,7,NATURAL,SLAB,2,DRY,N,0,46.735776378001034,8.21614969257422,0,,,
bc76da5f-d990-4bb2-a099-1ab0703da0a4,8.422538 46.779775,2023-05-05 07:30:00+02:00,4,EXPLOSIVE,SLAB,2,DRY,N,0,46.809562969926,8.403372355861812,0,,,
839994f8-5b6d-44ab-8e1c-fd57876e2bd9,8.4215 46.780442,2023-04-01 07:00:00.000 +0200,4,EXPLOSIVE,SLAB,2,DRY,E,117,46.780442,8.4215,1,,,
f4bbdd10-e717-11ed-acf0-f7b342f82229,7.841373 46.562945,2023-04-29 12:00:00+02:00,7,NATURAL,UNKNOWN,3,UNKNOWN,NW,58,46.52803888082067,7.863609268529184,0,,,
2f93ceb4-a841-42da-a6c1-1933628dbb83,8.385941 46.778747,2023-04-02 07:00:00+02:00,4,EXPLOSIVE,SLAB,2,DRY,NE,134,46.78974956763065,8.3559403504385,0,,,
c98d2b1a-9c67-4f2a-8b1b-1b27502b6c5d,8.423896 46.779967,2023-04-12 07:00:00.000 +0200,3,EXPLOSIVE,SLAB,1,DRY,NW,213,46.779967,8.423896,1,,,
40432ba0-e72a-11ed-8f49-75cb9dad9a7e,7.996764 46.557888,2023-04-29 12:00:00+02:00,7,NATURAL,SLAB,3,DRY,S,178,46.543026026318415,7.960936531483599,0,,,
8cb21b8c-4e00-4409-bc59-db5c053ba65d,8.42279 46.779714,2023-04-17 06:30:00+02:00,5,EXPLOSIVE,SLAB,2,DRY,N,250,46.7670677994866,8.389698358196261,0,,,
23b16de7-0279-40fb-918f-75ed3769abf5,8.426264 46.778244,2023-05-17 07:00:00+02:00,4,EXPLOSIVE,SLAB,2,DRY,NE,91,46.784552450538236,8.414492494078189,0,,,
fdfaf590-ea4c-11ed-8348-fb5788bd30bc,8.001152 46.577404,2023-05-04 12:00:00+02:00,7,NATURAL,SLAB,2,DRY,NW,70,46.59180054648059,8.015372964040424,0,,,
dda75b80-ddc2-11ed-b3b1-431b3c02902e,8.263291 46.74286,2023-04-20 14:30:00+02:00,1,SNOW_GROOMER,SLAB,3,DRY,SE,126,46.73773109296411,8.25477504978819,0,,,
529f5410-e6a1-11ed-9300-179866ebe517,7.727729 46.504859,2023-05-01 17:00:00+02:00,3,UNKNOWN,UNKNOWN,1,WET,,0,46.52453248193375,7.683247713405885,0,,,
26ffd848-b17b-4d9b-a93a-0d9106053d47,8.073009 46.53608,2023-05-24 12:00:00+02:00,7,PERSON,SLAB,3,DRY,,135,46.502473238361056,8.074788488841733,0,,,
27d50482-68af-45c1-b95c-82786dd48176,7.97274 46.575625,2023-04-03 08:00:00+02:00,3,EXPLOSIVE,LOOSE_SNOW,1,DRY,N,255,46.54219562331226,7.978282099915851,0,,,
fdfaf590-ea4c-11ed-8348-fb5788bd30bc,8.001152 46.577404,2023-05-01 12:00:00+02:00,7,NATURAL,SLAB,2,DRY,NW,0,46.611178406255,7.9968826528231585,0,,,
68246170-d6db-11ed-8552-37fbec7ec321,8.370977 46.777677,2023-04-11 15:00:00+02:00,3,NATURAL,FULL_DEPTH,2,WET,S,181,46.805353238311305,8.340993894665422,0,,,
b5d8fc03-e36a-4fa1-9d42-ea7105356bda,8.385358 46.779077,2023-04-17 05:00:00+02:00,3,EXPLOSIVE,UNKNOWN,2,DRY,NE,59,46.757140694218485,8.395988851534755,0,,,
49e457f5-5bb7-4272-bb56-c1782a243205,8.423263 46.779484,2023-04-17 08:00:00+02:00,4,EXPLOSIVE,SLAB,3,DRY,N,93,46.761003431049716,8.387215488619383,0,,,
110f1420-d9f1-11ed-8014-25b7abf6ec82,8.252181 46.759933,2023-04-13 02:00:00+02:00,4,NATURAL,FULL_DEPTH,2,WET,S,93,46.74239013601709,8.263068898852806,0,,,
1aca9480-d131-11ed-bb43-5ff35461761d,8.354817 46.766741,2023-04-05 12:00:00+02:00,10,NATURAL,SLAB,3,DRY,NW,42,46.800616213752605,8.374788614704094,0,,,
27d50482-68af-45c1-b95c-82786dd48176,7.97274 46.575625,2023-04-02 08:00:00+02:00,3,EXPLOSIVE,LOOSE_SNOW,1,DRY,N,73,46.59020295355628,7.977887476264623,0,,,
e18fb476-2bc8-4cdf-829a-b6f36d7508bd,8.420851 46.780719,2023-04-27 00:00:00+02:00,6,NATURAL,SLAB,2,DRY,NW,0,46.82408239227205,8.423473360241898,0,,,
9879b1f6-3d1c-4854-ae1b-1f0a970d5832,8.425218 46.770162,2023-05-18 09:30:00+02:00,2,EXPLOSIVE,SLAB,2,DRY,S,129,46.77856403559261,8.413086137536729,0,,,
5dfb93d0-d046-11ed-b49c-43d9bede54f5,8.263448 46.782775,2023-04-01 05:45:00+02:00,0,EXPLOSIVE,SLAB,2,DRY,NW,20,46.77505085906042,8.228910070216752,0,,,
f7fca170-d124-11ed-9f3d-c1122c0370be,8.243319 46.765333,2023-04-01 12:00:00+02:00,10,NATURAL,SLAB,3,WET,SW,0,46.80580047213468,8.287263403327014,0,,,
9793e5e8-7a24-425c-8b33-04a387b5aa44,8.40304 46.792701,2023-04-02 06:30:00+02:00,2,EXPLOSIVE,SLAB,1,DRY,NW,42,46.79066158030975,8.398929025151876,0,,,
c2674210-608f-480e-8889-772ed922cf40,8.384094 46.779592,2023-04-02 07:00:00+02:00,4,EXPLOSIVE,SLAB,2,DRY,NE,115,46.76820315259133,8.404526787089317,0,,,
bafec949-69be-4d29-96df-732ded5d7686,8.389718 46.787228,2023-04-01 08:00:00+02:00,3,EXPLOSIVE,SLAB,1,DRY,N,113,46.79658153578677,8.354908121033526,0,,,
97f65a13-9c8a-44c6-b5dc-c7c4d60fed1e,7.972757 46.575628,2023-04-16 07:30:00+02:00,2,EXPLOSIVE,SLAB,1,DRY,N,291,46.54069240360019,7.951651765343257,0,,,
a4ad0c82-16f6-4de1-af92-ac146cabf042,8.423474 46.779387,2023-05-05 07:30:00+02:00,4,EXPLOSIVE,SLAB,2,DRY,N,62,46.79622680900792,8.419581478447078,0,,,
ce082ed0-ea41-11ed-9704-3747ffc8acfd,7.997493 46.55824,2023-05-06 12:00:00+02:00,7,PERSON,SLAB,3,DRY,S,186,46.53249236016389,8.031588161833938,0,,,
b463a2d6-9b9e-4b10-99b6-7308c06e3b30,8.423808 46.779796,2023-04-21 08:00:00+02:00,3,EXPLOSIVE,SLAB,1,DRY,N,179,46.74546847012611,8.417126534223275,0,,,
4b5d9a70-d15e-11ed-94cc-21edfa2a74e3,8.233716 46.754659,2023-04-03 15:30:00+02:00,1,NATURAL,FULL_DEPTH,2,WET,S,0,46.7394819574811,8.19841865592943,0,,,
37f6f440-e68a-11ed-9633-279e930b62b5,7.970158 46.5442,2023-05-02 12:00:00+02:00,7,NATURAL,SLAB,2,DRY,SE,211,46.53240970806789,7.9531963096119185,0,,,
9f2be370-d7a6-11ed-a8d1-4961cd70d9e1,8.210814 46.503291,2023-04-10 12:00:00+02:00,7,NATURAL,SLAB,3,WET,S,31,46.5003220003133,8.243434234995963,0,,,
1bae5ef4-62c9-4601-861f-8e5b286b94b1,8.422604 46.780389,2023-04-15 07:30:00+02:00,2,EXPLOSIVE,SLAB,2,DRY,N,0,46.81557269422272,8.408831112038548,0,,,
564bddb0-e717-11ed-acf0-f7b342f82229,7.822357 46.529218,2023-04-30 12:00:00+02:00,7,NATURAL,SLAB,3,UNKNOWN,N,201,46.50200151606228,7.835072920029259,0,,,
4b5d9a70-d15e-11ed-94cc-21edfa2a74e3,8.233716 46.754659,2023-04-05 15:30:00+02:00,1,NATURAL,FULL_DEPTH,2,WET,S,34,46.79264229733565,8.242977004949855,0,,,
3127a717-5395-4ff5-9722-0942f1737558,8.42626 46.777558,2023-04-14 06:30:00+02:00,5,EXPLOSIVE,SLAB,2,DRY,NE,109,46.75915841797209,8.418086318781995,0,,,
2ed09558-7716-4dda-935c-3c151ebe5b3b,8.238855 46.748629,2023-04-17 08:30:00+02:00,4,EXPLOSIVE,SLAB,1,DRY,NW,161,46.74469966404275,8.258308404868524,0,,,
367958a0-d439-11ed-a920-a702e6e7f311,8.242864 46.759718,2023-04-08 15:00:00+02:00,2,NATURAL,FULL_DEPTH,1,WET,S,0,46.7271859007342,8.227560441152361,0,,,
9fe44fc7-c389-4ba2-9149-62bca569dc15,8.426432 46.777678,2023-05-17 07:00:00+02:00,4,EXPLOSIVE,SLAB,2,DRY,NE,130,46.774190575316474,8.420196196007355,0,,,
ae543637-3b77-4592-997d-c9f3fc4c3078,8.424992 46.778957,2023-04-27 07:30:00+02:00,2,EXPLOSIVE,SLAB,2,DRY,N,0,46.819265217639774,8.407440907708263,0,,,
9793e5e8-7a24-425c-8b33-04a387b5aa44,8.40304 46.792701,2023-04-02 06:30:00+02:00,2,EXPLOSIVE,SLAB,1,DRY,NW,85,46.799164068395264,8.358162979605376,0,,,
6e6f00b6-dfe0-4527-9b3f-7c45ffdf4fee,8.379219 46.783826,2023-04-04 07:00:00+02:00,4,EXPLOSIVE,SLAB,2,DRY,N,58,46.76919267678418,8.347511916559471,0,,,
c7cfde41-7339-4d2c-afdf-9006721cfe7f,8.419526 46.781209,2023-04-04 07:00:00+02:00,4,EXPLOSIVE,SLAB,2,DRY,NW,0,46.81510307041926,8.41594063918538,0,,,
27d50482-68af-45c1-b95c-82786dd48176,7.97274 46.575625,2023-04-02 08:00:00+02:00,3,EXPLOSIVE,LOOSE_SNOW,1,DRY,N,202,46.53632891125479,7.951083646252476,0,,,
a4ad0c82-16f6-4de1-af92-ac146cabf042,8.423474 46.779387,2023-05-02 07:30:00.000 +0200,4,EXPLOSIVE,SLAB,2,DRY,N,131,46.779387,8.423474,1,,,
d940ed50-ecda-11ed-aeab-3b3cc7819483,7.967581 46.511291,2023-05-06 12:00:00+02:00,7,NATURAL,SLAB,3,UNKNOWN,S,142,46.53250960972979,8.003783273726002,0,,,
8339db4e-32c5-49bd-ae04-41feeaf45eaa,8.420784 46.781168,2023-04-15 07:00:00+02:00,3,EXPLOSIVE,SLAB,2,DRY,N,0,46.80573995207342,8.397441066684786,0,,,
0d6a183c-f453-4a31-98c7-90213921e278,8.417328 46.785788,2023-04-03 06:30:00+02:00,2,EXPLOSIVE,SLAB,1,DRY,NW,0,46.81750157612781,8.392392294127227,0,,,
b121901c-cb98-4082-b65b-7aa17e40b945,8.420495 46.780984,2023-04-16 08:00:00+02:00,4,EXPLOSIVE,SLAB,2,DRY,NE,62,46.741438345667824,8.384434342814707,0,,,
c7cfde41-7339-4d2c-afdf-9006721cfe7f,8.419526 46.781209,2023-04-01 07:00:00+02:00,4,EXPLOSIVE,SLAB,2,DRY,NW,20,46.75213425065562,8.388161202585364,0,,,
97f65a13-9c8a-44c6-b5dc-c7c4d60fed1e,7.972757 46.575628,2023-04-19 07:30:00+02:00,2,EXPLOSIVE,SLAB,1,DRY,N,202,46.582433377984565,8.009804894650753,0,,,
8b5b35b0-dd0c-11ed-8f1e-7bb69ddca4ec,8.229566 46.753026,2023-04-20 12:30:00+02:00,0,NATURAL,FULL_DEPTH,2,WET,SE,0,46.73127458964455,8.202323851768861,0,,,
20077a30-ec16-11ed-aa20-6507e99101f4,8.022203 46.505884,2023-05-06 14:00:00.000 +0200,0,PERSON,SLAB,2,WET,E,90,46.505884,8.022203,1,,,
be39a3d6-d2cf-47e2-870e-49c1b9134b29,8.422461 46.779843,2023-05-19 07:00:00+02:00,4,EXPLOSIVE,SLAB,2,DRY,N,118,46.77481114444336,8.420752727580552,0,,,
e5f438a3-68c9-465f-a6d1-9ab6a2ebaf71,8.384832 46.783436,2023-04-04 08:00:00+02:00,3,EXPLOSIVE,SLAB,1,DRY,N,38,46.77499008876625,8.364137918998672,0,,,
26f6eb66-fc4c-4eb2-aecd-11eeddba5a5a,7.964013 46.534843,2023-05-19 10:30:00+02:00,3,PERSON,SLAB,1,DRY,SE,163,46.54758484329921,7.975385316583955,0,,,
11f734d7-e1b6-4c3b-8fe6-abdd0b39cea0,8.385873 46.778735,2023-04-14 08:00:00+02:00,4,EXPLOSIVE,SLAB,2,DRY,NE,213,46.801376386520964,8.352205340933862,0,,,
1bae5ef4-62c9-4601-861f-8e5b286b94b1,8.422604 46.780389,2023-04-13 07:30:00+02:00,2,EXPLOSIVE,SLAB,2,DRY,N,24,46.74794226792535,8.386389903194608,0,,,
1851a448-559e-4572-8066-2824a030e41d,8.385872 46.778947,2023-04-16 07:30:00+02:00,2,EXPLOSIVE,LOOSE_SNOW,1,DRY,NE,188,46.79670983627537,8.36019128414932,0,,,
fe8541fa-4448-482f-8c28-995faac1b624,8.419783 46.781356,2023-04-16 07:30:00+02:00,2,EXPLOSIVE,SLAB,1,DRY,N,83,46.79020074553616,8.397650696582811,0,,,
c98d2b1a-9c67-4f2a-8b1b-1b27502b6c5d,8.423896 46.779967,2023-04-14 07:00:00+02:00,3,EXPLOSIVE,SLAB,1,DRY,NW,113,46.759371807045774,8.42392659790041,0,,,
d1dc6b80-4759-4599-8761-9b826a9ee094,8.401311 46.769587,2023-04-13 00:00:00.000 +0200,6,NATURAL,SLAB,3,DRY,NW,196,46.769587,8.401311,1,,,
b2ae7f83-144e-4307-bbca-2bcde419c704,8.384786 46.783437,2023-04-19 08:30:00+02:00,4,EXPLOSIVE,LOOSE_SNOW,1,DRY,N,27,46.80422609450406,8.372195969409375,0,,,
673e5d3c-9736-4824-ac24-c511ffd507c4,8.418437 46.784875,2023-04-16 08:00:00+02:00,4,EXPLOSIVE,SLAB,1,DRY,NW,66,46.80376095171249,8.425675388303654,0,,,
59a9c34c-87a8-4479-9db9-c3a9d7e37faf,8.42632 46.777873,2023-04-25 07:00:00+02:00,3,EXPLOSIVE,SLAB,2,DRY,NE,64,46.759636503611894,8.418324887479026,0,,,
1bb8250c-f575-4cb3-84c9-194ae951bc8a,7.944832 46.554569,2023-05-05 12:00:00+02:00,7,NATURAL,UNKNOWN,4,WET,,0,46.573757864403426,7.920607666100978,0,,,
9312b9e3-9422-40e1-8539-92240b8f9de8,8.390152 46.787449,2023-04-14 07:30:00+02:00,2,EXPLOSIVE,LOOSE_SNOW,1,DRY,N,172,46.78638875033227,8.358914533308992,0,,,
37f6f440-e68a-11ed-9633-279e930b62b5,7.970158 46.5442,2023-04-30 12:00:00+02:00,7,NATURAL,SLAB,2,DRY,SE,143,46.50813869889675,7.929326923148018,0,,,
a7ed94b7-52d1-4b17-9928-83b4745ca8bf,8.307745 46.608205,2023-05-02 12:00:00.000 +0200,7,NATURAL,UNKNOWN,3,WET,,35,46.608205,8.307745,1,,,
c1bf9390-dd0b-11ed-8f1e-7bb69ddca4ec,8.237684 46.748368,2023-04-17 12:00:00+02:00,7,NATURAL,SLAB,2,DRY,NW,44,46.77525385284837,8.198810805843388,0,,,
87548817-41cb-4875-9f16-2dd62dfe20ab,8.382498 46.780197,2023-04-02 07:00:00+02:00,4,EXPLOSIVE,SLAB,2,DRY,NE,146,46.78592304494026,8.42247974137885,0,,,
8500f990-d7a6-11ed-a8d1-4961cd70d9e1,8.209308 46.504515,2023-04-11 12:00:00+02:00,7,NATURAL,SLAB,4,WET,S,93,46.50604655682963,8.228787576230578,0,,,
146fb98c-e881-4676-9e59-446d1d57d1c2,8.034003 46.784284,2023-04-18 10:30:00+02:00,4,EXPLOSIVE,SLAB,2,DRY,S,0,46.74754719820076,8.065010892049585,0,,,
c8a8b700-feb1-11ed-b35a-bf420b8ac344,8.01247 46.561817,2023-05-28 12:00:00+02:00,6,PERSON,SLAB,2,DRY,SE,190,46.52236769087812,7.974543112093242,0,,,
ab2a9319-7f29-4629-a314-d5965080c33e,8.421443 46.780432,2023-05-04 07:30:00+02:00,4,EXPLOSIVE,SLAB,2,DRY,N,78,46.73894307985518,8.411581950865402,0,,,
33f93161-2ec3-46b0-ab16-f598e280759a,8.383072 46.779972,2023-04-12 08:00:00.000 +0200,4,EXPLOSIVE,SLAB,2,DRY,NE,77,46.779972,8.383072,1,,,
4067dd0b-f3b4-40af-8872-12824f7b55a6,8.423024 46.779666,2023-04-04 07:00:00+02:00,4,EXPLOSIVE,SLAB,3,DRY,NE,110,46.75231175339837,8.41594143728802,0,,,
9879b1f6-3d1c-4854-ae1b-1f0a970d5832,8.425218 46.770162,2023-05-15 09:30:00+02:00,2,EXPLOSIVE,SLAB,2,DRY,S,15,46.75815647542975,8.39726668394395,0,,,
dda75b80-ddc2-11ed-b3b1-431b3c02902e,8.263291 46.74286,2023-04-19 14:30:00+02:00,1,SNOW_GROOMER,SLAB,3,DRY,SE,43,46.776054096491634,8.28599958214456,0,,,
34e33f73-9c60-4cff-be3e-9f199f5b9d9e,8.385879 46.778707,2023-04-17 05:00:00+02:00,3,EXPLOSIVE,UNKNOWN,2,DRY,NE,81,46.79566883008967,8.410742533003907,0,,,
10ab716e-5fe3-4dac-9343-2f5c3d5e2a92,8.244594 46.61198,2023-05-08 12:00:00+02:00,7,NATURAL,SLAB,4,WET,NW,121,46.60372452383393,8.244727186202843,0,,,
23b16de7-0279-40fb-918f-75ed3769abf5,8.426264 46.778244,2023-05-20 07:00:00+02:00,4,EXPLOSIVE,SLAB,2,DRY,NE,104,46.77321006675341,8.424365358538859,0,,,
e18fb476-2bc8-4cdf-829a-b6f36d7508bd,8.420851 46.780719,2023-04-25 00:00:00.000 +0200,6,NATURAL,SLAB,2,DRY,NW,121,46.780719,8.420851,1,,,
a8219770-e77f-11ed-991c-c3bbd7ca6c9a,7.788493 46.554381,2023-04-30 15:11:00+02:00,0,NATURAL,SLAB,3,WET,NW,72,46.5893847421263,7.7903469922417194,0,,,
35790a01-26e9-458d-9830-8b595ce08bc3,8.391669 46.779911,2023-04-16 16:00:00+02:00,5,PERSON,SLAB,3,DRY,NW,154,46.76925555943891,8.365593430401471,0,,,
ad918400-77b8-4908-b8c3-86205d723ff7,8.426238 46.77793,2023-04-28 07:30:00+02:00,2,EXPLOSIVE,SLAB,2,DRY,NE,60,46.749042389452754,8.404916696107804,0,,,
e5f438a3-68c9-465f-a6d1-9ab6a2ebaf71,8.384832 46.783436,2023-04-01 08:00:00+02:00,3,EXPLOSIVE,SLAB,1,DRY,N,113,46.77615521638181,8.413598653210347,0,,,
1bb8250c-f575-4cb3-84c9-194ae951bc8a,7.944832 46.554569,2023-05-05 12:00:00+02:00,7,NATURAL,UNKNOWN,4,WET,,0,46.569173861609976,7.928554850322084,0,,,
f4bf91bd-2855-4c53-b901-3cb18add524d,8.420301 46.78111,2023-04-17 08:00:00+02:00,4,EXPLOSIVE,SLAB,2,DRY,N,99,46.791547706242895,8.40364849579236,0,,,
b6bd2020-dd0b-11ed-8f1e-7bb69ddca4ec,8.237321 46.747742,2023-04-18 12:00:00+02:00,7,NATURAL,SLAB,2,DRY,N,70,46.73614856647695,8.24601794747704,0,,,
2f93ceb4-a841-42da-a6c1-1933628dbb83,8.385941 46.778747,2023-04-02 07:00:00+02:00,4,EXPLOSIVE,SLAB,2,DRY,NE,0,46.81747260376541,8.402990192645674,0,,,
50374fe0-d439-11ed-a920-a702e6e7f311,8.245848 46.760908,2023-04-05 16:00:00+02:00,2,NATURAL,FULL_DEPTH,1,WET,SW,70,46.747217842358694,8.27664315982382,0,,,
1360c83b-baa5-40fd-8967-adc55e27b8f8,8.035169 46.786944,2023-05-09 11:00:00+02:00,4,EXPLOSIVE,FULL_DEPTH,2,WET,SW,0,46.81210221015311,8.02795628490072,0,,,
35790a01-26e9-458d-9830-8b595ce08bc3,8.391669 46.779911,2023-04-16 16:00:00+02:00,5,PERSON,SLAB,3,DRY,NW,91,46.743890705701986,8.390394846746458,0,,,
564bddb0-e717-11ed-acf0-f7b342f82229,7.822357 46.529218,2023-04-29 12:00:00+02:00,7,NATURAL,SLAB,3,UNKNOWN,N,169,46.56790899389532,7.859218149378751,0,,,
a9add040-dd0c-11ed-8f1e-7bb69ddca4ec,8.245886 46.75731,2023-04-20 12:15:00+02:00,0,NATURAL,FULL_DEPTH,2,WET,S,0,46.72485583388867,8.285386211997936,0,,,
e18fb476-2bc8-4cdf-829a-b6f36d7508bd,8.420851 46.780719,2023-04-27 00:00:00+02:00,6,NATURAL,SLAB,2,DRY,NW,44,46.798355333996334,8.39453507749875,0,,,
d1dc6b80-4759-4599-8761-9b826a9ee094,8.401311 46.769587,2023-04-15 00:00:00+02:00,6,NATURAL,SLAB,3,DRY,NW,171,46.78880066233897,8.368436578867946,0,,,
5192475d-5f0c-41d7-bde8-a82e5bea8b68,8.422294 46.780382,2023-04-19 08:00:00+02:00,4,EXPLOSIVE,SLAB,3,DRY,N,0,46.79985950818156,8.39845769582669,0,,,
74720590-2505-48bc-ad7b-327442e7d8ae,8.216759 46.608474,2023-04-21 12:00:00+02:00,7,PERSON,SLAB,1,DRY,N,232,46.61114147314063,8.246803120368197,0,,,
18414158-6d92-4cd1-ab90-28699222ae16,8.421236 46.785109,2023-05-02 16:30:00+02:00,2,EXPLOSIVE,SLAB,2,DRY,NW,89,46.77942727069661,8.389816121911997,0,,,
35790a01-26e9-458d-9830-8b595ce08bc3,8.391669 46.779911,2023-04-14 16:00:00+02:00,5,PERSON,SLAB,3,DRY,NW,133,46.783720211607026,8.361683347603757,0,,,
b463a2d6-9b9e-4b10-99b6-7308c06e3b30,8.423808 46.779796,2023-04-23 08:00:00+02:00,3,EXPLOSIVE,SLAB,1,DRY,N,34,46.751429480258366,8.396315907703885,0,,,
11f734d7-e1b6-4c3b-8fe6-abdd0b39cea0,8.385873 46.778735,2023-04-13 08:00:00+02:00,4,EXPLOSIVE,SLAB,2,DRY,NE,47,46.759945319818925,8.398941081488339,0,,,
1360c83b-baa5-40fd-8967-adc55e27b8f8,8.035169 46.786944,2023-05-08 11:00:00+02:00,4,EXPLOSIVE,FULL_DEPTH,2,WET,SW,0,46.82825540857822,8.04677372746957,0,,,
ce082ed0-ea41-11ed-9704-3747ffc8acfd,7.997493 46.55824,2023-05-05 12:00:00+02:00,7,PERSON,SLAB,3,DRY,S,15,46.603115655559755,8.023066140266831,0,,,
71d13516-3cdb-4e54-a1af-c88570197f00,8.424437 46.779206,2023-04-14 06:30:00.000 +0200,5,EXPLOSIVE,SLAB,1,DRY,N,287,46.779206,8.424437,1,,,
e5f438a3-68c9-465f-a6d1-9ab6a2ebaf71,8.384832 46.783436,2023-04-01 08:00:00.000 +0200,3,EXPLOSIVE,SLAB,1,DRY,N,68,46.783436,8.384832,1,,,
f7fca170-d124-11ed-9f3d-c1122c0370be,8.243319 46.765333,2023-04-04 12:00:00+02:00,10,NATURAL,SLAB,3,WET,SW,0,46.7335381508351,8.22169355880442,0,,,
110f1420-d9f1-11ed-8014-25b7abf6ec82,8.252181 46.759933,2023-04-14 02:00:00+02:00,4,NATURAL,FULL_DEPTH,2,WET,S,7,46.727412796759474,8.28958260272911,0,,,
9312b9e3-9422-40e1-8539-92240b8f9de8,8.390152 46.787449,2023-04-13 07:30:00.000 +0200,2,EXPLOSIVE,LOOSE_SNOW,1,DRY,N,76,46.787449,8.390152,1,,,
26f6eb66-fc4c-4eb2-aecd-11eeddba5a5a,7.964013 46.534843,2023-05-19 10:30:00+02:00,3,PERSON,SLAB,1,DRY,SE,44,46.52424259355486,7.931040481701689,0,,,
acaee50d-c93e-4865-b666-dcf8ca1d9f21,8.226812 46.595085,2023-04-21 12:00:00+02:00,7,PERSON,SLAB,1,DRY,NW,208,46.55067429224871,8.201472017456139,0,,,
50fbf8f0-dd0c-11ed-8f1e-7bb69ddca4ec,8.23687 46.747556,2023-04-16 12:00:00+02:00,5,NATURAL,SLAB,2,DRY,N,0,46.71746630823837,8.20855266978737,0,,,
839994f8-5b6d-44ab-8e1c-fd57876e2bd9,8.4215 46.780442,2023-04-04 07:00:00+02:00,4,EXPLOSIVE,SLAB,2,DRY,E,0,46.82537296234051,8.384065023462648,0,,,
b1c2736c-200d-4a78-a75a-d1aa12bb81e8,7.992735 46.584254,2023-06-05 08:00:00+02:00,3,EXPLOSIVE,UNKNOWN,0,UNKNOWN,,174,46.55161031037926,7.998429904376232,0,,,
11f734d7-e1b6-4c3b-8fe6-abdd0b39cea0,8.385873 46.778735,2023-04-14 08:00:00+02:00,4,EXPLOSIVE,SLAB,2,DRY,NE,78,46.75885118873092,8.408089272896653,0,,,
099a6e90-d12e-11ed-ba10-b99b29af1712,8.260874 46.762857,2023-04-02 07:18:00.000 +0200,0,EXPLOSIVE,SLAB,3,DRY,NE,105,46.762857,8.260874,1,,,
d1dc6b80-4759-4599-8761-9b826a9ee094,8.401311 46.769587,2023-04-16 00:00:00+02:00,6,NATURAL,SLAB,3,DRY,NW,89,46.79913341332311,8.365893762516137,0,,,
8500f990-d7a6-11ed-a8d1-4961cd70d9e1,8.209308 46.504515,2023-04-11 12:00:00+02:00,7,NATURAL,SLAB,4,WET,S,32,46.51165868566272,8.250361662505561,0,,,
b5d8fc03-e36a-4fa1-9d42-ea7105356bda,8.385358 46.779077,2023-04-16 05:00:00+02:00,3,EXPLOSIVE,UNKNOWN,2,DRY,NE,0,46.813932724983495,8.41332954262497,0,,,
33f93161-2ec3-46b0-ab16-f598e280759a,8.383072 46.779972,2023-04-12 08:00:00+02:00,4,EXPLOSIVE,SLAB,2,DRY,NE,42,46.769889589411335,8.338257883920651,0,,,
110f1420-d9f1-11ed-8014-25b7abf6ec82,8.252181 46.759933,2023-04-13 02:00:00.000 +0200,4,NATURAL,FULL_DEPTH,2,WET,S,54,46.759933,8.252181,1,,,
26d0ed0c-b5fc-4983-9f76-b0f25e82ece7,8.388771 46.786265,2023-04-16 08:30:00.000 +0200,4,EXPLOSIVE,LOOSE_SNOW,1,DRY,NW,122,46.786265,8.388771,1,,,
f4bbdd10-e717-11ed-acf0-f7b342f82229,7.841373 46.562945,2023-05-01 12:00:00+02:00,7,NATURAL,UNKNOWN,3,UNKNOWN,NW,57,46.599328300311214,7.805753575321258,0,,,
146fb98c-e881-4676-9e59-446d1d57d1c2,8.034003 46.784284,2023-04-20 10:30:00+02:00,4,EXPLOSIVE,SLAB,2,DRY,S,0,46.81882885824596,7.990435041176342,0,,,
dda75b80-ddc2-11ed-b3b1-431b3c02902e,8.263291 46.74286,2023-04-20 14:30:00+02:00,1,SNOW_GROOMER,SLAB,3,DRY,SE,117,46.77832079827877,8.282618928449393,0,,,
be39a3d6-d2cf-47e2-870e-49c1b9134b29,8.422461 46.779843,2023-05-20 07:00:00+02:00,4,EXPLOSIVE,SLAB,2,DRY,N,34,46.76085917375012,8.388474648064658,0,,,
a94851d0-e58a-11ed-94a2-bf37c1703856,7.5461 46.68465,2023-04-26 12:00:00+02:00,7,NATURAL,SLAB,2,UNKNOWN,SW,7,46.71150869038446,7.509096909371711,0,,,
1b05e8ea-984f-445d-8163-f5d970cfecf8,8.387973 46.785269,2023-04-14 07:00:00+02:00,4,EXPLOSIVE,SLAB,1,WET,NW,84,46.75517376943287,8.36069781544165,0,,,
50fbf8f0-dd0c-11ed-8f1e-7bb69ddca4ec,8.23687 46.747556,2023-04-17 12:00:00+02:00,5,NATURAL,SLAB,2,DRY,N,34,46.78464112329106,8.225516678409914,0,,,
10ab716e-5fe3-4dac-9343-2f5c3d5e2a92,8.244594 46.61198,2023-05-08 12:00:00.000 +0200,7,NATURAL,SLAB,4,WET,NW,109,46.61198,8.244594,1,,,
a8219770-e77f-11ed-991c-c3bbd7ca6c9a,7.788493 46.554381,2023-04-29 15:11:00+02:00,0,NATURAL,SLAB,3,WET,NW,105,46.52806834337797,7.754515121957736,0,,,
b0c20dd8-9d72-42fd-9908-df362afd7f3d,8.425333 46.779051,2023-05-17 07:00:00.000 +0200,4,EXPLOSIVE,SLAB,2,DRY,N,145,46.779051,8.425333,1,,,
87548817-41cb-4875-9f16-2dd62dfe20ab,8.382498 46.780197,2023-04-04 07:00:00+02:00,4,EXPLOSIVE,SLAB,2,DRY,NE,0,46.81426777994584,8.371232911430567,0,,,
1b05e8ea-984f-445d-8163-f5d970cfecf8,8.387973 46.785269,2023-04-13 07:00:00+02:00,4,EXPLOSIVE,SLAB,1,WET,NW,109,46.77452425704614,8.408160706584853,0,,,
b4aeb776-bc6c-459f-adeb-919a10f47c8a,8.420466 46.780907,2023-04-03 07:00:00+02:00,4,EXPLOSIVE,SLAB,2,DRY,NW,43,46.797051291923864,8.377150211857627,0,,,
9b1e09ce-808a-44b8-8176-c69307d3a01b,8.390545 46.780329,2023-04-17 08:30:00+02:00,4,EXPLOSIVE,LOOSE_SNOW,1,DRY,NW,1,46.80321323378113,8.407468931968198,0,,,
59a9c34c-87a8-4479-9db9-c3a9d7e37faf,8.42632 46.777873,2023-04-25 07:00:00.000 +0200,3,EXPLOSIVE,SLAB,2,DRY,NE,181,46.777873,8.42632,1,,,
c1bf9390-dd0b-11ed-8f1e-7bb69ddca4ec,8.237684 46.748368,2023-04-16 12:00:00+02:00,7,NATURAL,SLAB,2,DRY,NW,159,46.74272992104051,8.261201833665764,0,,,
110f1420-d9f1-11ed-8014-25b7abf6ec82,8.252181 46.759933,2023-04-16 02:00:00+02:00,4,NATURAL,FULL_DEPTH,2,WET,S,132,46.75943239676068,8.264308033020018,0,,,
6e6f00b6-dfe0-4527-9b3f-7c45ffdf4fee,8.379219 46.783826,2023-04-02 07:00:00+02:00,4,EXPLOSIVE,SLAB,2,DRY,N,54,46.747714753281684,8.390666694270502,0,,,
a9add040-dd0c-11ed-8f1e-7bb69ddca4ec,8.245886 46.75731,2023-04-19 12:15:00+02:00,0,NATURAL,FULL_DEPTH,2,WET,S,157,46.78183573651837,8.238150369366005,0,,,
26f6eb66-fc4c-4eb2-aecd-11eeddba5a5a,7.964013 46.534843,2023-05-18 10:30:00+02:00,3,PERSON,SLAB,1,DRY,SE,171,46.50766389894816,8.008010394724732,0,,,
37f6f440-e68a-11ed-9633-279e930b62b5,7.970158 46.5442,2023-05-02 12:00:00+02:00,7,NATURAL,SLAB,2,DRY,SE,230,46.55999015308543,7.9953699799541305,0,,,
11290122-2f71-4b65-840e-5b583a64fdd5,8.389124 46.787453,2023-04-15 07:00:00+02:00,4,EXPLOSIVE,SLAB,2,WET,N,201,46.792317127339786,8.365692586941645,0,,,
146fb98c-e881-4676-9e59-446d1d57d1c2,8.034003 46.784284,2023-04-18 10:30:00.000 +0200,4,EXPLOSIVE,SLAB,2,DRY,S,29,46.784284,8.034003,1,,,
b4aeb776-bc6c-459f-adeb-919a10f47c8a,8.420466 46.780907,2023-04-02 07:00:00+02:00,4,EXPLOSIVE,SLAB,2,DRY,NW,168,46.77173048830321,8.406086578587376,0,,,
f9b59268-33ad-4905-91cd-ccc9a1ae40a4,8.385942 46.778812,2023-04-15 08:30:00+02:00,2,EXPLOSIVE,LOOSE_SNOW,2,DRY,NE,0,46.81093961322379,8.41061959335517,0,,,
c98d2b1a-9c67-4f2a-8b1b-1b27502b6c5d,8.423896 46.779967,2023-04-13 07:00:00+02:00,3,EXPLOSIVE,SLAB,1,DRY,NW,24,46.806373601712856,8.417915975607189,0,,,
8b5b35b0-dd0c-11ed-8f1e-7bb69ddca4ec,8.229566 46.753026,2023-04-17 12:30:00+02:00,0,NATURAL,FULL_DEPTH,2,WET,SE,20,46.7356688544192,8.229295113526444,0,,,
931d9d63-4823-45cb-940f-26620aa25be9,8.425244 46.779006,2023-04-13 07:30:00+02:00,2,EXPLOSIVE,SLAB,2,DRY,N,124,46.776996732860795,8.384212679199294,0,,,
367958a0-d439-11ed-a920-a702e6e7f311,8.242864 46.759718,2023-04-07 15:00:00+02:00,2,NATURAL,FULL_DEPTH,1,WET,S,24,46.78219798502961,8.19881620695473,0,,,
49e457f5-5bb7-4272-bb56-c1782a243205,8.423263 46.779484,2023-04-16 08:00:00+02:00,4,EXPLOSIVE,SLAB,3,DRY,N,158,46.76947131227937,8.422530174579371,0,,,
bafec949-69be-4d29-96df-732ded5d7686,8.389718 46.787228,2023-04-03 08:00:00+02:00,3,EXPLOSIVE,SLAB,1,DRY,N,121,46.78764265018107,8.367061153937149,0,,,
50374fe0-d439-11ed-a920-a702e6e7f311,8.245848 46.760908,2023-04-08 16:00:00+02:00,2,NATURAL,FULL_DEPTH,1,WET,SW,0,46.74199085117017,8.225550791747482,0,,,
8d0101b0-de65-11ed-ad4d-6fea2397c693,7.846102 46.562407,2023-04-21 12:00:00+02:00,7,NATURAL,FULL_DEPTH,2,WET,S,87,46.60602067817801,7.829102424356004,0,,,
6e6f00b6-dfe0-4527-9b3f-7c45ffdf4fee,8.379219 46.783826,2023-04-04 07:00:00+02:00,4,EXPLOSIVE,SLAB,2,DRY,N,46,46.754463479605995,8.411229859444154,0,,,
8339db4e-32c5-49bd-ae04-41feeaf45eaa,8.420784 46.781168,2023-04-15 07:00:00+02:00,3,EXPLOSIVE,SLAB,2,DRY,N,105,46.79315777953945,8.411029165598858,0,,,
1a787419-5802-4808-a192-fbe672afe523,8.389757 46.787324,2023-04-18 08:30:00+02:00,4,EXPLOSIVE,LOOSE_SNOW,2,DRY,N,0,46.81267342628974,8.370719755163465,0,,,
f4bbdd10-e717-11ed-acf0-f7b342f82229,7.841373 46.562945,2023-05-01 12:00:00+02:00,7,NATURAL,UNKNOWN,3,UNKNOWN,NW,149,46.589333502872584,7.833213649582352,0,,,
0d6a183c-f453-4a31-98c7-90213921e278,8.417328 46.785788,2023-04-04 06:30:00+02:00,2,EXPLOSIVE,SLAB,1,DRY,NW,183,46.769983406268686,8.414191609864577,0,,,
529f5410-e6a1-11ed-9300-179866ebe517,7.727729 46.504859,2023-05-02 17:00:00+02:00,3,UNKNOWN,UNKNOWN,1,WET,,0,46.54595670928787,7.745500348139737,0,,,
18414158-6d92-4cd1-ab90-28699222ae16,8.421236 46.785109,2023-05-03 16:30:00+02:00,2,EXPLOSIVE,SLAB,2,DRY,NW,0,46.81632345865623,8.421670151822086,0,,,
35790a01-26e9-458d-9830-8b595ce08bc3,8.391669 46.779911,2023-04-14 16:00:00+02:00,5,PERSON,SLAB,3,DRY,NW,185,46.78911149113816,8.363504016266889,0,,,
5dfb93d0-d046-11ed-b49c-43d9bede54f5,8.263448 46.782775,2023-04-01 05:45:00+02:00,0,EXPLOSIVE,SLAB,2,DRY,NW,58,46.747833511062005,8.251005998371058,0,,,
ab2a9319-7f29-4629-a314-d5965080c33e,8.421443 46.780432,2023-05-05 07:30:00+02:00,4,EXPLOSIVE,SLAB,2,DRY,N,5,46.73909724335687,8.389849287493677,0,,,
48001904-f349-4f12-8b6b-34916e483022,8.424677 46.77918,2023-04-13 07:30:00.000 +0200,2,EXPLOSIVE,SLAB,2,DRY,N,211,46.77918,8.424677,1,,,
9f2be370-d7a6-11ed-a8d1-4961cd70d9e1,8.210814 46.503291,2023-04-08 12:00:00+02:00,7,NATURAL,SLAB,3,WET,S,185,46.53069039540551,8.210419390540292,0,,,
9fe44fc7-c389-4ba2-9149-62bca569dc15,8.426432 46.777678,2023-05-20 07:00:00+02:00,4,EXPLOSIVE,SLAB,2,DRY,NE,39,46.75761649189373,8.410736861618584,0,,,
33f93161-2ec3-46b0-ab16-f598e280759a,8.383072 46.779972,2023-04-13 08:00:00+02:00,4,EXPLOSIVE,SLAB,2,DRY,NE,160,46.770666814572685,8.413467163636348,0,,,
acaee50d-c93e-4865-b666-dcf8ca1d9f21,8.226812 46.595085,2023-04-24 12:00:00+02:00,7,PERSON,SLAB,1,DRY,NW,101,46.57164308258828,8.20159786370648,0,,,
792e43cf-e040-4ad1-98dd-47672e4855cd,8.426192 46.777884,2023-04-16 07:00:00+02:00,0,EXPLOSIVE,SLAB,2,DRY,NE,266,46.76756817550939,8.395660858676482,0,,,
f9b59268-33ad-4905-91cd-ccc9a1ae40a4,8.385942 46.778812,2023-04-15 08:30:00+02:00,2,EXPLOSIVE,LOOSE_SNOW,2,DRY,NE,0,46.81822342067513,8.39721743396582,0,,,
b2ae7f83-144e-4307-bbca-2bcde419c704,8.384786 46.783437,2023-04-16 08:30:00.000 +0200,4,EXPLOSIVE,LOOSE_SNOW,1,DRY,N,115,46.783437,8.384786,1,,,
1bb8250c-f575-4cb3-84c9-194ae951bc8a,7.944832 46.554569,2023-05-04 12:00:00+02:00,7,NATURAL,UNKNOWN,4,WET,,90,46.553562571848616,7.955955732972367,0,,,
099a6e90-d12e-11ed-ba10-b99b29af1712,8.260874 46.762857,2023-04-05 07:18:00+02:00,0,EXPLOSIVE,SLAB,3,DRY,NE,81,46.76937848749961,8.23927836965939,0,,,
26ffd848-b17b-4d9b-a93a-0d9106053d47,8.073009 46.53608,2023-05-23 12:00:00+02:00,7,PERSON,SLAB,3,DRY,,152,46.52075134624141,8.044040215027556,0,,,
ab2a9319-7f29-4629-a314-d5965080c33e,8.421443 46.780432,2023-05-02 07:30:00+02:00,4,EXPLOSIVE,SLAB,2,DRY,N,17,46.75053490324994,8.384926764989325,0,,,
3efdca94-9b97-483a-8a85-137add93bbd1,8.426389 46.777499,2023-05-02 07:30:00.000 +0200,4,EXPLOSIVE,SLAB,3,DRY,NE,183,46.777499,8.426389,1,,,
367958a0-d439-11ed-a920-a702e6e7f311,8.242864 46.759718,2023-04-08 15:00:00+02:00,2,NATURAL,FULL_DEPTH,1,WET,S,74,46.76633100962175,8.215339486277102,0,,,
2ed09558-7716-4dda-935c-3c151ebe5b3b,8.238855 46.748629,2023-04-17 08:30:00+02:00,4,EXPLOSIVE,SLAB,1,DRY,NW,44,46.7883777468456,8.2604997677111,0,,,
b6bd2020-dd0b-11ed-8f1e-7bb69ddca4ec,8.237321 46.747742,2023-04-16 12:00:00+02:00,7,NATURAL,SLAB,2,DRY,N,165,46.78389407372616,8.230267504320773,0,,,
f7fca170-d124-11ed-9f3d-c1122c0370be,8.243319 46.765333,2023-04-02 12:00:00+02:00,10,NATURAL,SLAB,3,WET,SW,79,46.75229015453438,8.282957076153531,0,,,
d940ed50-ecda-11ed-aeab-3b3cc7819483,7.967581 46.511291,2023-05-09 12:00:00+02:00,7,NATURAL,SLAB,3,UNKNOWN,S,236,46.53433930418404,7.971796823170777,0,,,
8b5b35b0-dd0c-11ed-8f1e-7bb69ddca4ec,8.229566 46.753026,2023-04-17 12:30:00+02:00,0,NATURAL,FULL_DEPTH,2,WET,SE,156,46.78593736133277,8.243804352899618,0,,,
c8955470-dce3-11ed-bcd6-6b951ea9af39,8.419791 46.782658,2023-04-16 12:00:00+02:00,7,EXPLOSIVE,SLAB,2,DRY,N,53,46.738405502290426,8.40311154655361,0,,,
1b05e8ea-984f-445d-8163-f5d970cfecf8,8.387973 46.785269,2023-04-12 07:00:00.000 +0200,4,EXPLOSIVE,SLAB,1,WET,NW,67,46.785269,8.387973,1,,,
26f6eb66-fc4c-4eb2-aecd-11eeddba5a5a,7.964013 46.534843,2023-05-19 10:30:00+02:00,3,PERSON,SLAB,1,DRY,SE,148,46.522216359546,7.989090191831955,0,,,
a4ad0c82-16f6-4de1-af92-ac146cabf042,8.423474 46.779387,2023-05-05 07:30:00+02:00,4,EXPLOSIVE,SLAB,2,DRY,N,28,46.74811884709722,8.388377903214918,0,,,
b5d8fc03-e36a-4fa1-9d42-ea7105356bda,8.385358 46.779077,2023-04-16 05:00:00.000 +0200,3,EXPLOSIVE,UNKNOWN,2,DRY,NE,141,46.779077,8.385358,1,,,
26f6eb66-fc4c-4eb2-aecd-11eeddba5a5a,7.964013 46.534843,2023-05-20 10:30:00+02:00,3,PERSON,SLAB,1,DRY,SE,0,46.56949664213849,7.921771871678713,0,,,
8500f990-d7a6-11ed-a8d1-4961cd70d9e1,8.209308 46.504515,2023-04-10 12:00:00+02:00,7,NATURAL,SLAB,4,WET,S,113,46.54618357349671,8.207692722474953,0,,,
233c98fe-a27b-4c5e-992f-1bc9cdd0362a,8.422835 46.779803,2023-04-25 07:00:00+02:00,3,EXPLOSIVE,SLAB,2,DRY,N,0,46.820414000008526,8.414199049922841,0,,,
f7fca170-d124-11ed-9f3d-c1122c0370be,8.243319 46.765333,2023-04-04 12:00:00+02:00,10,NATURAL,SLAB,3,WET,SW,84,46.74424258689506,8.24271341214092,0,,,
34e33f73-9c60-4cff-be3e-9f199f5b9d9e,8.385879 46.778707,2023-04-19 05:00:00+02:00,3,EXPLOSIVE,UNKNOWN,2,DRY,NE,0,46.812077101221796,8.372080665335949,0,,,
1bb8250c-f575-4cb3-84c9-194ae951bc8a,7.944832 46.554569,2023-05-05 12:00:00+02:00,7,NATURAL,UNKNOWN,4,WET,,39,46.58468183747903,7.962083736400032,0,,,
10ab716e-5fe3-4dac-9343-2f5c3d5e2a92,8.244594 46.61198,2023-05-11 12:00:00+02:00,7,NATURAL,SLAB,4,WET,NW,26,46.63997761807247,8.205820244384011,0,,,
529f5410-e6a1-11ed-9300-179866ebe517,7.727729 46.504859,2023-04-30 17:00:00+02:00,3,UNKNOWN,UNKNOWN,1,WET,,27,46.536525515310224,7.6987279931553445,0,,,
9879b1f6-3d1c-4854-ae1b-1f0a970d5832,8.425218 46.770162,2023-05-15 09:30:00.000 +0200,2,EXPLOSIVE,SLAB,2,DRY,S,165,46.770162,8.425218,1,,,
fdfaf590-ea4c-11ed-8348-fb5788bd30bc,8.001152 46.577404,2023-05-02 12:00:00+02:00,7,NATURAL,SLAB,2,DRY,NW,25,46.56874560460131,7.957729056326295,0,,,
1bb8250c-f575-4cb3-84c9-194ae951bc8a,7.944832 46.554569,2023-05-03 12:00:00+02:00,7,NATURAL,UNKNOWN,4,WET,,198,46.54160709920663,7.965258346016812,0,,,
34e33f73-9c60-4cff-be3e-9f199f5b9d9e,8.385879 46.778707,2023-04-18 05:00:00+02:00,3,EXPLOSIVE,UNKNOWN,2,DRY,NE,77,46.76076030853159,8.411406050412202,0,,,
099a6e90-d12e-11ed-ba10-b99b29af1712,8.260874 46.762857,2023-04-04 07:18:00+02:00,0,EXPLOSIVE,SLAB,3,DRY,NE,8,46.79494035769491,8.294370012870292,0,,,
bafec949-69be-4d29-96df-732ded5d7686,8.389718 46.787228,2023-04-02 08:00:00+02:00,3,EXPLOSIVE,SLAB,1,DRY,N,85,46.74989768336737,8.413135636302416,0,,,
5192475d-5f0c-41d7-bde8-a82e5bea8b68,8.422294 46.780382,2023-04-16 08:00:00.000 +0200,4,EXPLOSIVE,SLAB,3,DRY,N,211,46.780382,8.422294,1,,,
d68cc42c-2801-4238-bb58-3d963f2ab1ea,8.380899 46.782267,2023-04-03 07:00:00+02:00,4,EXPLOSIVE,SLAB,3,DRY,N,82,46.760125060046676,8.34119219683008,0,,,
ae543637-3b77-4592-997d-c9f3fc4c3078,8.424992 46.778957,2023-04-29 07:30:00+02:00,2,EXPLOSIVE,SLAB,2,DRY,N,11,46.80623203551442,8.382691611436284,0,,,
35790a01-26e9-458d-9830-8b595ce08bc3,8.391669 46.779911,2023-04-17 16:00:00+02:00,5,PERSON,SLAB,3,DRY,NW,158,46.78851756686181,8.412772243113556,0,,,
10ab716e-5fe3-4dac-9343-2f5c3d5e2a92,8.244594 46.61198,2023-05-11 12:00:00+02:00,7,NATURAL,SLAB,4,WET,NW,17,46.57501614564924,8.207335395312983,0,,,
5dfb93d0-d046-11ed-b49c-43d9bede54f5,8.263448 46.782775,2023-04-01 05:45:00+02:00,0,EXPLOSIVE,SLAB,2,DRY,NW,19,46.82185258290496,8.256889567960435,0,,,
b2b22272-2994-46f8-ba69-aa77d0ffdafa,8.420101 46.781175,2023-04-25 00:00:00.000 +0200,6,NATURAL,SLAB,2,DRY,N,115,46.781175,8.420101,1,,,
b463a2d6-9b9e-4b10-99b6-7308c06e3b30,8.423808 46.779796,2023-04-22 08:00:00+02:00,3,EXPLOSIVE,SLAB,1,DRY,N,0,46.805856427216696,8.393689646604273,0,,,
bdf4c097-2315-413e-a320-168acfd62b21,8.380633 46.782526,2023-04-12 08:00:00+02:00,4,EXPLOSIVE,SLAB,3,DRY,N,53,46.74513215086826,8.392532499910761,0,,,
26ffd848-b17b-4d9b-a93a-0d9106053d47,8.073009 46.53608,2023-05-22 12:00:00.000 +0200,7,PERSON,SLAB,3,DRY,,208,46.53608,8.073009,1,,,
2ed09558-7716-4dda-935c-3c151ebe5b3b,8.238855 46.748629,2023-04-20 08:30:00+02:00,4,EXPLOSIVE,SLAB,1,DRY,NW,13,46.70675204509449,8.281888704445995,0,,,
514e8b36-8761-43bc-a150-8a7eaeb0c925,8.038115 46.78053,2023-05-09 11:00:00+02:00,4,EXPLOSIVE,FULL_DEPTH,1,WET,NW,0,46.81131575826008,8.031001773483727,0,,,
9b1e09ce-808a-44b8-8176-c69307d3a01b,8.390545 46.780329,2023-04-16 08:30:00+02:00,4,EXPLOSIVE,LOOSE_SNOW,1,DRY,NW,122,46.770407988102754,8.360368400197345,0,,,
35790a01-26e9-458d-9830-8b595ce08bc3,8.391669 46.779911,2023-04-14 16:00:00.000 +0200,5,PERSON,SLAB,3,DRY,NW,122,46.779911,8.391669,1,,,
5192475d-5f0c-41d7-bde8-a82e5bea8b68,8.422294 46.780382,2023-04-19 08:00:00+02:00,4,EXPLOSIVE,SLAB,3,DRY,N,0,46.81292999874079,8.402564041652946,0,,,
20077a30-ec16-11ed-aa20-6507e99101f4,8.022203 46.505884,2023-05-08 14:00:00+02:00,0,PERSON,SLAB,2,WET,E,178,46.53139661586335,8.034468486302055,0,,,
850fbf08-4de4-4e22-97a7-6ee73d0c55e0,8.423568 46.779438,2023-04-27 07:30:00+02:00,2,EXPLOSIVE,SLAB,2,DRY,N,35,46.73480210959444,8.422703507922911,0,,,
10ab716e-5fe3-4dac-9343-2f5c3d5e2a92,8.244594 46.61198,2023-05-10 12:00:00+02:00,7,NATURAL,SLAB,4,WET,NW,124,46.596742753313094,8.250312675021767,0,,,
26f6eb66-fc4c-4eb2-aecd-11eeddba5a5a,7.964013 46.534843,2023-05-20 10:30:00+02:00,3,PERSON,SLAB,1,DRY,SE,55,46.574404688020486,7.983208312699498,0,,,
35790a01-26e9-458d-9830-8b595ce08bc3,8.391669 46.779911,2023-04-15 16:00:00+02:00,5,PERSON,SLAB,3,DRY,NW,170,46.78581210539989,8.375005587703702,0,,,
a7ed94b7-52d1-4b17-9928-83b4745ca8bf,8.307745 46.608205,2023-05-02 12:00:00+02:00,7,NATURAL,UNKNOWN,3,WET,,163,46.57493149580968,8.284960245099544,0,,,
a608e0ea-99f5-4d75-9162-5dd2600c0d00,8.423735 46.779426,2023-04-03 07:00:00+02:00,4,EXPLOSIVE,SLAB,2,DRY,N,132,46.76807839602124,8.384777555368112,0,,,
33f93161-2ec3-46b0-ab16-f598e280759a,8.383072 46.779972,2023-04-13 08:00:00+02:00,4,EXPLOSIVE,SLAB,2,DRY,NE,34,46.804884188597406,8.37547979719562,0,,,
e5f438a3-68c9-465f-a6d1-9ab6a2ebaf71,8.384832 46.783436,2023-04-03 08:00:00+02:00,3,EXPLOSIVE,SLAB,1,DRY,N,65,46.76512347858284,8.343621645593384,0,,,
3c08ef45-da0c-4efd-bbb0-523da6d751f9,8.422511 46.78003,2023-04-28 07:30:00+02:00,2,EXPLOSIVE,SLAB,2,DRY,N,9,46.74705567865566,8.385305771629909,0,,,
0d183e05-ccd5-4337-8515-db8621df2658,8.421449 46.780606,2023-04-13 07:30:00+02:00,2,EXPLOSIVE,SLAB,2,DRY,N,54,46.79383071896528,8.39820413471621,0,,,
97c5682e-950b-4c24-8c69-651f6ff3d0c8,8.035288 46.786336,2023-04-21 10:30:00+02:00,4,EXPLOSIVE,SLAB,2,DRY,S,0,46.81224207066338,8.03726605787297,0,,,
9fe44fc7-c389-4ba2-9149-62bca569dc15,8.426432 46.777678,2023-05-20 07:00:00+02:00,4,EXPLOSIVE,SLAB,2,DRY,NE,0,46.81471753151028,8.40695950483676,0,,,
b2ae7f83-144e-4307-bbca-2bcde419c704,8.384786 46.783437,2023-04-19 08:30:00+02:00,4,EXPLOSIVE,LOOSE_SNOW,1,DRY,N,0,46.811533480024586,8.424660952575035,0,,,
40432ba0-e72a-11ed-8f49-75cb9dad9a7e,7.996764 46.557888,2023-04-29 12:00:00.000 +0200,7,NATURAL,SLAB,3,DRY,S,321,46.557888,7.996764,1,,,
b210fde3-14f2-42fc-8dc3-c8d01a9cf57a,8.425206 46.770128,2023-05-16 09:00:00+02:00,3,EXPLOSIVE,SLAB,2,DRY,S,99,46.77770883037448,8.423540340434295,0,,,
50374fe0-d439-11ed-a920-a702e6e7f311,8.245848 46.760908,2023-04-06 16:00:00+02:00,2,NATURAL,FULL_DEPTH,1,WET,SW,19,46.76899260779149,8.225361310627056,0,,,
d68cc42c-2801-4238-bb58-3d963f2ab1ea,8.380899 46.782267,2023-04-02 07:00:00+02:00,4,EXPLOSIVE,SLAB,3,DRY,N,90,46.782995557582105,8.384714298154812,0,,,
8339db4e-32c5-49bd-ae04-41feeaf45eaa,8.420784 46.781168,2023-04-14 07:00:00+02:00,3,EXPLOSIVE,SLAB,2,DRY,N,17,46.811739737109384,8.39988818992829,0,,,
9793e5e8-7a24-425c-8b33-04a387b5aa44,8.40304 46.792701,2023-04-01 06:30:00+02:00,2,EXPLOSIVE,SLAB,1,DRY,NW,0,46.834028027449314,8.363040378051867,0,,,
72a5d090-d8f5-11ed-9de9-4bc775516e2e,8.249382 46.761703,2023-04-11 16:00:00+02:00,3,NATURAL,FULL_DEPTH,2,WET,SW,77,46.765865235710415,8.2806333769907,0,,,
87548817-41cb-4875-9f16-2dd62dfe20ab,8.382498 46.780197,2023-04-04 07:00:00+02:00,4,EXPLOSIVE,SLAB,2,DRY,NE,147,46.78852049348607,8.366751104152334,0,,,
514e8b36-8761-43bc-a150-8a7eaeb0c925,8.038115 46.78053,2023-05-08 11:00:00.000 +0200,4,EXPLOSIVE,FULL_DEPTH,1,WET,NW,47,46.78053,8.038115,1,,,
72a5d090-d8f5-11ed-9de9-4bc775516e2e,8.249382 46.761703,2023-04-12 16:00:00+02:00,3,NATURAL,FULL_DEPTH,2,WET,SW,0,46.72124813167339,8.27573817891563,0,,,
8cc2e1b0-ecd3-11ed-8adc-7d70564ee41a,8.023437 46.573593,2023-05-08 12:00:00+02:00,10,NATURAL,SLAB,4,WET,,198,46.57563445166422,8.014772422037455,0,,,
2f93ceb4-a841-42da-a6c1-1933628dbb83,8.385941 46.778747,2023-04-01 07:00:00.000 +0200,4,EXPLOSIVE,SLAB,2,DRY,NE,81,46.778747,8.385941,1,,,
c98d2b1a-9c67-4f2a-8b1b-1b27502b6c5d,8.423896 46.779967,2023-04-15 07:00:00+02:00,3,EXPLOSIVE,SLAB,1,DRY,NW,128,46.782376248340526,8.393609888638357,0,,,
3a0dd0e2-9199-4139-bb1e-3327bd98128b,8.425944 46.778157,2023-04-12 07:00:00.000 +0200,3,EXPLOSIVE,SLAB,2,DRY,NE,173,46.778157,8.425944,1,,,
26ffd848-b17b-4d9b-a93a-0d9106053d47,8.073009 46.53608,2023-05-24 12:00:00+02:00,7,PERSON,SLAB,3,DRY,,161,46.504199689359595,8.1063590702823,0,,,
b6bd2020-dd0b-11ed-8f1e-7bb69ddca4ec,8.237321 46.747742,2023-04-16 12:00:00+02:00,7,NATURAL,SLAB,2,DRY,N,0,46.746394831252786,8.196532925933404,0,,,
20077a30-ec16-11ed-aa20-6507e99101f4,8.022203 46.505884,2023-05-06 14:00:00+02:00,0,PERSON,SLAB,2,WET,E,204,46.53314540865854,7.998457960582122,0,,,
a94851d0-e58a-11ed-94a2-bf37c1703856,7.5461 46.68465,2023-04-29 12:00:00+02:00,7,NATURAL,SLAB,2,UNKNOWN,SW,0,46.727430288145115,7.572951546402051,0,,,
63723fcc-14a3-472f-a9d8-8ce81f021fe4,8.42184 46.780304,2023-05-02 07:30:00+02:00,2,EXPLOSIVE,LOOSE_SNOW,1,WET,N,90,46.77880381341023,8.407789704531472,0,,,
529f5410-e6a1-11ed-9300-179866ebe517,7.727729 46.504859,2023-04-29 17:00:00+02:00,3,UNKNOWN,UNKNOWN,1,WET,,95,46.51837265103983,7.715026146948764,0,,,
26ffd848-b17b-4d9b-a93a-0d9106053d47,8.073009 46.53608,2023-05-23 12:00:00+02:00,7,PERSON,SLAB,3,DRY,,73,46.57737550722634,8.097357134151945,0,,,
34e33f73-9c60-4cff-be3e-9f199f5b9d9e,8.385879 46.778707,2023-04-17 05:00:00+02:00,3,EXPLOSIVE,UNKNOWN,2,DRY,NE,68,46.79692805623677,8.397238193811067,0,,,
110f1420-d9f1-11ed-8014-25b7abf6ec82,8.252181 46.759933,2023-04-15 02:00:00+02:00,4,NATURAL,FULL_DEPTH,2,WET,S,177,46.74841303187427,8.272173829771695,0,,,
49e457f5-5bb7-4272-bb56-c1782a243205,8.423263 46.779484,2023-04-16 08:00:00+02:00,4,EXPLOSIVE,SLAB,3,DRY,N,110,46.746584683145514,8.416604952991115,0,,,
dda75b80-ddc2-11ed-b3b1-431b3c02902e,8.263291 46.74286,2023-04-20 14:30:00+02:00,1,SNOW_GROOMER,SLAB,3,DRY,SE,90,46.75651193295878,8.251338274290653,0,,,
4b5d9a70-d15e-11ed-94cc-21edfa2a74e3,8.233716 46.754659,2023-04-02 15:30:00+02:00,1,NATURAL,FULL_DEPTH,2,WET,S,13,46.74485940426472,8.22176483224482,0,,,
099a6e90-d12e-11ed-ba10-b99b29af1712,8.260874 46.762857,2023-04-02 07:18:00+02:00,0,EXPLOSIVE,SLAB,3,DRY,NE,46,46.7870851277625,8.29561273877067,0,,,
c1bf9390-dd0b-11ed-8f1e-7bb69ddca4ec,8.237684 46.748368,2023-04-19 12:00:00+02:00,7,NATURAL,SLAB,2,DRY,NW,9,46.782365794947154,8.216430666019257,0,,,
4b5d9a70-d15e-11ed-94cc-21edfa2a74e3,8.233716 46.754659,2023-04-02 15:30:00.000 +0200,1,NATURAL,FULL_DEPTH,2,WET,S,18,46.754659,8.233716,1,,,
c2674210-608f-480e-8889-772ed922cf40,8.384094 46.779592,2023-04-03 07:00:00+02:00,4,EXPLOSIVE,SLAB,2,DRY,NE,83,46.78640479130552,8.414010247156833,0,,,
c1bf9390-dd0b-11ed-8f1e-7bb69ddca4ec,8.237684 46.748368,2023-04-18 12:00:00+02:00,7,NATURAL,SLAB,2,DRY,NW,27,46.74055366643076,8.262788782014297,0,,,
33f93161-2ec3-46b0-ab16-f598e280759a,8.383072 46.779972,2023-04-15 08:00:00+02:00,4,EXPLOSIVE,SLAB,2,DRY,NE,0,46.808959094346456,8.372681075353109,0,,,
0d6a183c-f453-4a31-98c7-90213921e278,8.417328 46.785788,2023-04-03 06:30:00+02:00,2,EXPLOSIVE,SLAB,1,DRY,NW,161,46.765859305232915,8.375728769472971,0,,,
11f734d7-e1b6-4c3b-8fe6-abdd0b39cea0,8.385873 46.778735,2023-04-12 08:00:00+02:00,4,EXPLOSIVE,SLAB,2,DRY,NE,0,46.807155459798814,8.425216674545439,0,,,
33f93161-2ec3-46b0-ab16-f598e280759a,8.383072 46.779972,2023-04-12 08:00:00+02:00,4,EXPLOSIVE,SLAB,2,DRY,NE,13,46.80555948071167,8.37335113963322,0,,,
850fbf08-4de4-4e22-97a7-6ee73d0c55e0,8.423568 46.779438,2023-04-26 07:30:00.000 +0200,2,EXPLOSIVE,SLAB,2,DRY,N,178,46.779438,8.423568,1,,,
a9add040-dd0c-11ed-8f1e-7bb69ddca4ec,8.245886 46.75731,2023-04-19 12:15:00+02:00,0,NATURAL,FULL_DEPTH,2,WET,S,118,46.77994786377504,8.280996135478164,0,,,
4067dd0b-f3b4-40af-8872-12824f7b55a6,8.423024 46.779666,2023-04-04 07:00:00+02:00,4,EXPLOSIVE,SLAB,3,DRY,NE,105,46.78686796573973,8.379229679310777,0,,,
bdf4c097-2315-413e-a320-168acfd62b21,8.380633 46.782526,2023-04-13 08:00:00+02:00,4,EXPLOSIVE,SLAB,3,DRY,N,48,46.80560723516937,8.36159394156193,0,,,
fe8541fa-4448-482f-8c28-995faac1b624,8.419783 46.781356,2023-04-14 07:30:00+02:00,2,EXPLOSIVE,SLAB,1,DRY,N,77,46.75598337277296,8.400524127599981,0,,,
2ed09558-7716-4dda-935c-3c151ebe5b3b,8.238855 46.748629,2023-04-19 08:30:00+02:00,4,EXPLOSIVE,SLAB,1,DRY,NW,13,46.76208024357944,8.195637409611317,0,,,
c2674210-608f-480e-8889-772ed922cf40,8.384094 46.779592,2023-04-03 07:00:00+02:00,4,EXPLOSIVE,SLAB,2,DRY,NE,63,46.76743207474759,8.410672862528187,0,,,
23b16de7-0279-40fb-918f-75ed3769abf5,8.426264 46.778244,2023-05-20 07:00:00+02:00,4,EXPLOSIVE,SLAB,2,DRY,NE,0,46.82251926187852,8.41940517684571,0,,,
35750744-ea24-4b2e-81ea-9ce6b475ccb9,8.42211 46.780566,2023-04-15 06:30:00+02:00,5,EXPLOSIVE,SLAB,2,DRY,N,86,46.79970432350942,8.379389309513861,0,,,
11f734d7-e1b6-4c3b-8fe6-abdd0b39cea0,8.385873 46.778735,2023-04-15 08:00:00+02:00,4,EXPLOSIVE,SLAB,2,DRY,NE,80,46.7355265975993,8.424390397218243,0,,,
ad1f7e7f-180e-4f38-9562-d610574cd4c5,8.239483 46.749076,2023-04-01 06:30:00+02:00,2,EXPLOSIVE,SLAB,1,DRY,N,67,46.79122545323431,8.250829547424132,0,,,
f4bbdd10-e717-11ed-acf0-f7b342f82229,7.841373 46.562945,2023-05-01 12:00:00+02:00,7,NATURAL,UNKNOWN,3,UNKNOWN,NW,103,46.52450125793093,7.804379942087905,0,,,
3127a717-5395-4ff5-9722-0942f1737558,8.42626 46.777558,2023-04-14 06:30:00+02:00,5,EXPLOSIVE,SLAB,2,DRY,NE,48,46.807513930017166,8.386521315827487,0,,,
68246170-d6db-11ed-8552-37fbec7ec321,8.370977 46.777677,2023-04-12 15:00:00+02:00,3,NATURAL,FULL_DEPTH,2,WET,S,125,46.76991105183906,8.372010853509991,0,,,
a9add040-dd0c-11ed-8f1e-7bb69ddca4ec,8.245886 46.75731,2023-04-17 12:15:00+02:00,0,NATURAL,FULL_DEPTH,2,WET,S,89,46.78188258497853,8.242102280738681,0,,,
f9b59268-33ad-4905-91cd-ccc9a1ae40a4,8.385942 46.778812,2023-04-14 08:30:00+02:00,2,EXPLOSIVE,LOOSE_SNOW,2,DRY,NE,112,46.784237516208975,8.355213854611884,0,,,
b2b22272-2994-46f8-ba69-aa77d0ffdafa,8.420101 46.781175,2023-04-25 00:00:00+02:00,6,NATURAL,SLAB,2,DRY,N,0,46.80850504616137,8.409105273593505,0,,,
e5f438a3-68c9-465f-a6d1-9ab6a2ebaf71,8.384832 46.783436,2023-04-01 08:00:00+02:00,3,EXPLOSIVE,SLAB,1,DRY,N,79,46.7707924518455,8.376523992646783,0,,,
72a5d090-d8f5-11ed-9de9-4bc775516e2e,8.249382 46.761703,2023-04-11 16:00:00.000 +0200,3,NATURAL,FULL_DEPTH,2,WET,SW,60,46.761703,8.249382,1,,,
233c98fe-a27b-4c5e-992f-1bc9cdd0362a,8.422835 46.779803,2023-04-25 07:00:00+02:00,3,EXPLOSIVE,SLAB,2,DRY,N,4,46.808895811628204,8.385493156964705,0,,,
d1dc6b80-4759-4599-8761-9b826a9ee094,8.401311 46.769587,2023-04-16 00:00:00+02:00,6,NATURAL,SLAB,3,DRY,NW,85,46.73006892117079,8.38280133057312,0,,,
ad1f7e7f-180e-4f38-9562-d610574cd4c5,8.239483 46.749076,2023-04-03 06:30:00+02:00,2,EXPLOSIVE,SLAB,1,DRY,N,0,46.70733280307912,8.216952465004617,0,,,
8339db4e-32c5-49bd-ae04-41feeaf45eaa,8.420784 46.781168,2023-04-13 07:00:00+02:00,3,EXPLOSIVE,SLAB,2,DRY,N,23,46.806188758138575,8.419820896670133,0,,,
59a9c34c-87a8-4479-9db9-c3a9d7e37faf,8.42632 46.777873,2023-04-25 07:00:00+02:00,3,EXPLOSIVE,SLAB,2,DRY,NE,69,46.75523010058318,8.423081321289034,0,,,
931d9d63-4823-45cb-940f-26620aa25be9,8.425244 46.779006,2023-04-14 07:30:00+02:00,2,EXPLOSIVE,SLAB,2,DRY,N,1,46.82273258102356,8.423697328549741,0,,,
97f65a13-9c8a-44c6-b5dc-c7c4d60fed1e,7.972757 46.575628,2023-04-18 07:30:00+02:00,2,EXPLOSIVE,SLAB,1,DRY,N,14,46.59972128557261,7.987303369913375,0,,,
839994f8-5b6d-44ab-8e1c-fd57876e2bd9,8.4215 46.780442,2023-04-02 07:00:00+02:00,4,EXPLOSIVE,SLAB,2,DRY,E,78,46.789255907508476,8.384284142778313,0,,,
27d50482-68af-45c1-b95c-82786dd48176,7.97274 46.575625,2023-04-03 08:00:00+02:00,3,EXPLOSIVE,LOOSE_SNOW,1,DRY,N,85,46.55771890319819,7.933562768016912,0,,,
acaee50d-c93e-4865-b666-dcf8ca1d9f21,8.226812 46.595085,2023-04-23 12:00:00+02:00,7,PERSON,SLAB,1,DRY,NW,105,46.59283873696402,8.200191842249659,0,,,
87548817-41cb-4875-9f16-2dd62dfe20ab,8.382498 46.780197,2023-04-01 07:00:00+02:00,4,EXPLOSIVE,SLAB,2,DRY,NE,21,46.812020418142005,8.355297802022418,0,,,
6e6f00b6-dfe0-4527-9b3f-7c45ffdf4fee,8.379219 46.783826,2023-04-01 07:00:00.000 +0200,4,EXPLOSIVE,SLAB,2,DRY,N,114,46.783826,8.379219,1,,,
40432ba0-e72a-11ed-8f49-75cb9dad9a7e,7.996764 46.557888,2023-05-01 12:00:00+02:00,7,NATURAL,SLAB,3,DRY,S,165,46.56268826050869,7.9858056274248455,0,,,
b4aeb776-bc6c-459f-adeb-919a10f47c8a,8.420466 46.780907,2023-04-01 07:00:00+02:00,4,EXPLOSIVE,SLAB,2,DRY,NW,71,46.798911058743556,8.384706954456195,0,,,
9312b9e3-9422-40e1-8539-92240b8f9de8,8.390152 46.787449,2023-04-15 07:30:00+02:00,2,EXPLOSIVE,LOOSE_SNOW,1,DRY,N,0,46.82338027550156,8.378172192558914,0,,,
729aca22-4176-463d-b386-a7be12b79b0f,8.424589 46.778965,2023-04-28 07:00:00+02:00,3,EXPLOSIVE,SLAB,2,DRY,N,74,46.76444757035979,8.407238731365762,0,,,
50fbf8f0-dd0c-11ed-8f1e-7bb69ddca4ec,8.23687 46.747556,2023-04-18 12:00:00+02:00,5,NATURAL,SLAB,2,DRY,N,15,46.743855249264804,8.229099439635135,0,,,
a8219770-e77f-11ed-991c-c3bbd7ca6c9a,7.788493 46.554381,2023-04-29 15:11:00+02:00,0,NATURAL,SLAB,3,WET,NW,61,46.5930005981008,7.804502100459676,0,,,
68246170-d6db-11ed-8552-37fbec7ec321,8.370977 46.777677,2023-04-10 15:00:00+02:00,3,NATURAL,FULL_DEPTH,2,WET,S,37,46.79772141663773,8.371555264537642,0,,,
c8a8b700-feb1-11ed-b35a-bf420b8ac344,8.01247 46.561817,2023-05-28 12:00:00+02:00,6,PERSON,SLAB,2,DRY,SE,203,46.52090521378833,7.971435755829306,0,,,
1360c83b-baa5-40fd-8967-adc55e27b8f8,8.035169 46.786944,2023-05-08 11:00:00+02:00,4,EXPLOSIVE,FULL_DEPTH,2,WET,SW,0,46.774703444102734,8.076004670099326,0,,,
d940ed50-ecda-11ed-aeab-3b3cc7819483,7.967581 46.511291,2023-05-06 12:00:00+02:00,7,NATURAL,SLAB,3,UNKNOWN,S,209,46.555343761971734,8.009388243095248,0,,,
fdfaf590-ea4c-11ed-8348-fb5788bd30bc,8.001152 46.577404,2023-05-01 12:00:00+02:00,7,NATURAL,SLAB,2,DRY,NW,20,46.60172779278796,7.974626905965775,0,,,
a7ed94b7-52d1-4b17-9928-83b4745ca8bf,8.307745 46.608205,2023-05-04 12:00:00+02:00,7,NATURAL,UNKNOWN,3,WET,,43,46.64347255399646,8.283984056131453,0,,,
5dfb93d0-d046-11ed-b49c-43d9bede54f5,8.263448 46.782775,2023-04-02 05:45:00+02:00,0,EXPLOSIVE,SLAB,2,DRY,NW,0,46.81881291167509,8.293153074502744,0,,,
1851a448-559e-4572-8066-2824a030e41d,8.385872 46.778947,2023-04-14 07:30:00+02:00,2,EXPLOSIVE,LOOSE_SNOW,1,DRY,NE,11,46.74067535631019,8.356583264128783,0,,,
b2ae7f83-144e-4307-bbca-2bcde419c704,8.384786 46.783437,2023-04-17 08:30:00+02:00,4,EXPLOSIVE,LOOSE_SNOW,1,DRY,N,251,46.7647403879173,8.390350500460427,0,,,
1851a448-559e-4572-8066-2824a030e41d,8.385872 46.778947,2023-04-13 07:30:00.000 +0200,2,EXPLOSIVE,LOOSE_SNOW,1,DRY,NE,107,46.778947,8.385872,1,,,
c1bf9390-dd0b-11ed-8f1e-7bb69ddca4ec,8.237684 46.748368,2023-04-16 12:00:00+02:00,7,NATURAL,SLAB,2,DRY,NW,24,46.7449786370628,8.22824845207085,0,,,
0d6a183c-f453-4a31-98c7-90213921e278,8.417328 46.785788,2023-04-02 06:30:00+02:00,2,EXPLOSIVE,SLAB,1,DRY,NW,70,46.78494289985975,8.389447112205586,0,,,
564bddb0-e717-11ed-acf0-f7b342f82229,7.822357 46.529218,2023-04-30 12:00:00+02:00,7,NATURAL,SLAB,3,UNKNOWN,N,134,46.55823860424757,7.8059515011212275,0,,,
63723fcc-14a3-472f-a9d8-8ce81f021fe4,8.42184 46.780304,2023-04-30 07:30:00+02:00,2,EXPLOSIVE,LOOSE_SNOW,1,WET,N,48,46.786801912064206,8.401137319904192,0,,,
ce082ed0-ea41-11ed-9704-3747ffc8acfd,7.997493 46.55824,2023-05-03 12:00:00.000 +0200,7,PERSON,SLAB,3,DRY,S,346,46.55824,7.997493,1,,,
8cc2e1b0-ecd3-11ed-8adc-7d70564ee41a,8.023437 46.573593,2023-05-06 12:00:00+02:00,10,NATURAL,SLAB,4,WET,,38,46.59684491579877,8.031538851365301,0,,,
37f6f440-e68a-11ed-9633-279e930b62b5,7.970158 46.5442,2023-05-02 12:00:00+02:00,7,NATURAL,SLAB,2,DRY,SE,193,46.54638884386442,8.0107769365635,0,,,
a8219770-e77f-11ed-991c-c3bbd7ca6c9a,7.788493 46.554381,2023-05-01 15:11:00+02:00,0,NATURAL,SLAB,3,WET,NW,54,46.51886920679291,7.792806351699229,0,,,
a94851d0-e58a-11ed-94a2-bf37c1703856,7.5461 46.68465,2023-04-26 12:00:00+02:00,7,NATURAL,SLAB,2,UNKNOWN,SW,0,46.67613292577272,7.559888694124226,0,,,
8cb21b8c-4e00-4409-bc59-db5c053ba65d,8.42279 46.779714,2023-04-14 06:30:00.000 +0200,5,EXPLOSIVE,SLAB,2,DRY,N,162,46.779714,8.42279,1,,,
34e33f73-9c60-4cff-be3e-9f199f5b9d9e,8.385879 46.778707,2023-04-17 05:00:00+02:00,3,EXPLOSIVE,UNKNOWN,2,DRY,NE,224,46.77618538045938,8.415083599590252,0,,,
c2674210-608f-480e-8889-772ed922cf40,8.384094 46.779592,2023-04-01 07:00:00.000 +0200,4,EXPLOSIVE,SLAB,2,DRY,NE,92,46.779592,8.384094,1,,,
10ab716e-5fe3-4dac-9343-2f5c3d5e2a92,8.244594 46.61198,2023-05-09 12:00:00+02:00,7,NATURAL,SLAB,4,WET,NW,56,46.578048312134094,8.231367791596059,0,,,
34e33f73-9c60-4cff-be3e-9f199f5b9d9e,8.385879 46.778707,2023-04-19 05:00:00+02:00,3,EXPLOSIVE,UNKNOWN,2,DRY,NE,203,46.75791421832841,8.372805186371547,0,,,
850fbf08-4de4-4e22-97a7-6ee73d0c55e0,8.423568 46.779438,2023-04-27 07:30:00+02:00,2,EXPLOSIVE,SLAB,2,DRY,N,15,46.80365602479518,8.414086572679818,0,,,
146fb98c-e881-4676-9e59-446d1d57d1c2,8.034003 46.784284,2023-04-18 10:30:00+02:00,4,EXPLOSIVE,SLAB,2,DRY,S,0,46.741560409451914,8.062335478451594,0,,,
8d0101b0-de65-11ed-ad4d-6fea2397c693,7.846102 46.562407,2023-04-19 12:00:00+02:00,7,NATURAL,FULL_DEPTH,2,WET,S,52,46.54467325814884,7.839831382084923,0,,,
6e6f00b6-dfe0-4527-9b3f-7c45ffdf4fee,8.379219 46.783826,2023-04-04 07:00:00+02:00,4,EXPLOSIVE,SLAB,2,DRY,N,135,46.794392101097586,8.338898960707144,0,,,
a9add040-dd0c-11ed-8f1e-7bb69ddca4ec,8.245886 46.75731,2023-04-19 12:15:00+02:00,0,NATURAL,FULL_DEPTH,2,WET,S,67,46.787077094349,8.239085930120812,0,,,
0d183e05-ccd5-4337-8515-db8621df2658,8.421449 46.780606,2023-04-13 07:30:00+02:00,2,EXPLOSIVE,SLAB,2,DRY,N,82,46.74009984080741,8.425065570595118,0,,,
bafec949-69be-4d29-96df-732ded5d7686,8.389718 46.787228,2023-04-03 08:00:00+02:00,3,EXPLOSIVE,SLAB,1,DRY,N,0,46.813419667539335,8.402111908195772,0,,,
9f2be370-d7a6-11ed-a8d1-4961cd70d9e1,8.210814 46.503291,2023-04-08 12:00:00.000 +0200,7,NATURAL,SLAB,3,WET,S,137,46.503291,8.210814,1,,,
4b5d9a70-d15e-11ed-94cc-21edfa2a74e3,8.233716 46.754659,2023-04-03 15:30:00+02:00,1,NATURAL,FULL_DEPTH,2,WET,S,70,46.760295883685764,8.261877716295064,0,,,
bafec949-69be-4d29-96df-732ded5d7686,8.389718 46.787228,2023-04-04 08:00:00+02:00,3,EXPLOSIVE,SLAB,1,DRY,N,196,46.744122187516,8.426156692080035,0,,,
2f93ceb4-a841-42da-a6c1-1933628dbb83,8.385941 46.778747,2023-04-04 07:00:00+02:00,4,EXPLOSIVE,SLAB,2,DRY,NE,20,46.820959573429896,8.345462542686423,0,,,
1b05e8ea-984f-445d-8163-f5d970cfecf8,8.387973 46.785269,2023-04-12 07:00:00+02:00,4,EXPLOSIVE,SLAB,1,WET,NW,169,46.7950310623688,8.351436546821322,0,,,
33f93161-2ec3-46b0-ab16-f598e280759a,8.383072 46.779972,2023-04-13 08:00:00+02:00,4,EXPLOSIVE,SLAB,2,DRY,NE,96,46.78287531099659,8.409271303139695,0,,,
1bae5ef4-62c9-4601-861f-8e5b286b94b1,8.422604 46.780389,2023-04-16 07:30:00+02:00,2,EXPLOSIVE,SLAB,2,DRY,N,92,46.79665298814498,8.38373668243206,0,,,
97f65a13-9c8a-44c6-b5dc-c7c4d60fed1e,7.972757 46.575628,2023-04-16 07:30:00.000 +0200,2,EXPLOSIVE,SLAB,1,DRY,N,103,46.575628,7.972757,1,,,
26d0ed0c-b5fc-4983-9f76-b0f25e82ece7,8.388771 46.786265,2023-04-17 08:30:00+02:00,4,EXPLOSIVE,LOOSE_SNOW,1,DRY,NW,205,46.758723147399174,8.359790709005157,0,,,
9312b9e3-9422-40e1-8539-92240b8f9de8,8.390152 46.787449,2023-04-14 07:30:00+02:00,2,EXPLOSIVE,LOOSE_SNOW,1,DRY,N,67,46.756531500826405,8.403200051748744,0,,,
97c5682e-950b-4c24-8c69-651f6ff3d0c8,8.035288 46.786336,2023-04-19 10:30:00+02:00,4,EXPLOSIVE,SLAB,2,DRY,S,36,46.80273378622731,8.01213187320382,0,,,
bdf4c097-2315-413e-a320-168acfd62b21,8.380633 46.782526,2023-04-13 08:00:00+02:00,4,EXPLOSIVE,SLAB,3,DRY,N,2,46.74142134011786,8.361072649375489,0,,,
c7cfde41-7339-4d2c-afdf-9006721cfe7f,8.419526 46.781209,2023-04-01 07:00:00.000 +0200,4,EXPLOSIVE,SLAB,2,DRY,NW,84,46.781209,8.419526,1,,,
71d13516-3cdb-4e54-a1af-c88570197f00,8.424437 46.779206,2023-04-16 06:30:00+02:00,5,EXPLOSIVE,SLAB,1,DRY,N,0,46.82398225764149,8.424353075745799,0,,,
acaee50d-c93e-4865-b666-dcf8ca1d9f21,8.226812 46.595085,2023-04-21 12:00:00+02:00,7,PERSON,SLAB,1,DRY,NW,80,46.61248178397117,8.258662612395618,0,,,
146fb98c-e881-4676-9e59-446d1d57d1c2,8.034003 46.784284,2023-04-19 10:30:00+02:00,4,EXPLOSIVE,SLAB,2,DRY,S,0,46.75794647574943,7.9975826986123115,0,,,
1360c83b-baa5-40fd-8967-adc55e27b8f8,8.035169 46.786944,2023-05-08 11:00:00+02:00,4,EXPLOSIVE,FULL_DEPTH,2,WET,SW,0,46.766408438836486,8.07602779826188,0,,,
b0c20dd8-9d72-42fd-9908-df362afd7f3d,8.425333 46.779051,2023-05-18 07:00:00+02:00,4,EXPLOSIVE,SLAB,2,DRY,N,51,46.76093836184932,8.3882164831758,0,,,
ae543637-3b77-4592-997d-c9f3fc4c3078,8.424992 46.778957,2023-04-29 07:30:00+02:00,2,EXPLOSIVE,SLAB,2,DRY,N,22,46.75513706583036,8.400368200801863,0,,,
5192475d-5f0c-41d7-bde8-a82e5bea8b68,8.422294 46.780382,2023-04-17 08:00:00+02:00,4,EXPLOSIVE,SLAB,3,DRY,N,96,46.75580313132181,8.410200923225151,0,,,
5dfb93d0-d046-11ed-b49c-43d9bede54f5,8.263448 46.782775,2023-04-02 05:45:00+02:00,0,EXPLOSIVE,SLAB,2,DRY,NW,5,46.81678714781455,8.306649855084931,0,,,
529f5410-e6a1-11ed-9300-179866ebe517,7.727729 46.504859,2023-05-01 17:00:00+02:00,3,UNKNOWN,UNKNOWN,1,WET,,1,46.545873684388056,7.685525146813126,0,,,
a608e0ea-99f5-4d75-9162-5dd2600c0d00,8.423735 46.779426,2023-04-03 07:00:00+02:00,4,EXPLOSIVE,SLAB,2,DRY,N,43,46.78878443464568,8.403367817704545,0,,,
72a5d090-d8f5-11ed-9de9-4bc775516e2e,8.249382 46.761703,2023-04-11 16:00:00+02:00,3,NATURAL,FULL_DEPTH,2,WET,SW,0,46.7273106866988,8.227222561163073,0,,,
1360c83b-baa5-40fd-8967-adc55e27b8f8,8.035169 46.786944,2023-05-10 11:00:00+02:00,4,EXPLOSIVE,FULL_DEPTH,2,WET,SW,2,46.82017386647504,8.067650163795143,0,,,
40432ba0-e72a-11ed-8f49-75cb9dad9a7e,7.996764 46.557888,2023-05-02 12:00:00+02:00,7,NATURAL,SLAB,3,DRY,S,157,46.583420369838855,8.019826768499149,0,,,
40432ba0-e72a-11ed-8f49-75cb9dad9a7e,7.996764 46.557888,2023-05-02 12:00:00+02:00,7,NATURAL,SLAB,3,DRY,S,192,46.52560832613953,8.029639932897485,0,,,
71d13516-3cdb-4e54-a1af-c88570197f00,8.424437 46.779206,2023-04-17 06:30:00+02:00,5,EXPLOSIVE,SLAB,1,DRY,N,193,46.7697742910842,8.391639273088037,0,,,
c8a8b700-feb1-11ed-b35a-bf420b8ac344,8.01247 46.561817,2023-05-29 12:00:00+02:00,6,PERSON,SLAB,2,DRY,SE,250,46.56374581519298,8.002790299993237,0,,,
bdf4c097-2315-413e-a320-168acfd62b21,8.380633 46.782526,2023-04-15 08:00:00+02:00,4,EXPLOSIVE,SLAB,3,DRY,N,8,46.747899854580744,8.378303882782735,0,,,
b210fde3-14f2-42fc-8dc3-c8d01a9cf57a,8.425206 46.770128,2023-05-18 09:00:00+02:00,3,EXPLOSIVE,SLAB,2,DRY,S,130,46.76708308936789,8.39050221366861,0,,,
5dfb93d0-d046-11ed-b49c-43d9bede54f5,8.263448 46.782775,2023-04-04 05:45:00+02:00,0,EXPLOSIVE,SLAB,2,DRY,NW,48,46.74049492906234,8.303034016922767,0,,,
4b5d9a70-d15e-11ed-94cc-21edfa2a74e3,8.233716 46.754659,2023-04-04 15:30:00+02:00,1,NATURAL,FULL_DEPTH,2,WET,S,0,46.792131203135035,8.267717756308741,0,,,
72a5d090-d8f5-11ed-9de9-4bc775516e2e,8.249382 46.761703,2023-04-11 16:00:00+02:00,3,NATURAL,FULL_DEPTH,2,WET,SW,0,46.720275375811916,8.252057406234426,0,,,
1851a448-559e-4572-8066-2824a030e41d,8.385872 46.778947,2023-04-16 07:30:00+02:00,2,EXPLOSIVE,LOOSE_SNOW,1,DRY,NE,0,46.81376235295377,8.417620980116649,0,,,
74720590-2505-48bc-ad7b-327442e7d8ae,8.216759 46.608474,2023-04-22 12:00:00+02:00,7,PERSON,SLAB,1,DRY,N,265,46.59473426424002,8.236610570890393,0,,,
18414158-6d92-4cd1-ab90-28699222ae16,8.421236 46.785109,2023-05-02 16:30:00+02:00,2,EXPLOSIVE,SLAB,2,DRY,NW,0,46.82128210625138,8.418519844382748,0,,,
9312b9e3-9422-40e1-8539-92240b8f9de8,8.390152 46.787449,2023-04-15 07:30:00+02:00,2,EXPLOSIVE,LOOSE_SNOW,1,DRY,N,53,46.77879917584224,8.350598038832842,0,,,
c8955470-dce3-11ed-bcd6-6b951ea9af39,8.419791 46.782658,2023-04-18 12:00:00+02:00,7,EXPLOSIVE,SLAB,2,DRY,N,58,46.73826777886129,8.416311839409305,0,,,
b0c20dd8-9d72-42fd-9908-df362afd7f3d,8.425333 46.779051,2023-05-18 07:00:00+02:00,4,EXPLOSIVE,SLAB,2,DRY,N,84,46.776061092386996,8.410906242334727,0,,,
68246170-d6db-11ed-8552-37fbec7ec321,8.370977 46.777677,2023-04-09 15:00:00.000 +0200,3,NATURAL,FULL_DEPTH,2,WET,S,29,46.777677,8.370977,1,,,
792e43cf-e040-4ad1-98dd-47672e4855cd,8.426192 46.777884,2023-04-16 07:00:00+02:00,0,EXPLOSIVE,SLAB,2,DRY,NE,83,46.789722006902146,8.395602090671028,0,,,
a7ed94b7-52d1-4b17-9928-83b4745ca8bf,8.307745 46.608205,2023-05-04 12:00:00+02:00,7,NATURAL,UNKNOWN,3,WET,,53,46.615534147385794,8.293867153895224,0,,,
b1c2736c-200d-4a78-a75a-d1aa12bb81e8,7.992735 46.584254,2023-06-06 08:00:00+02:00,3,EXPLOSIVE,UNKNOWN,0,UNKNOWN,,46,46.573769842660326,7.990013537516582,0,,,
d68cc42c-2801-4238-bb58-3d963f2ab1ea,8.380899 46.782267,2023-04-04 07:00:00+02:00,4,EXPLOSIVE,SLAB,3,DRY,N,27,46.82021240020175,8.342393222057442,0,,,
f4bbdd10-e717-11ed-acf0-f7b342f82229,7.841373 46.562945,2023-04-29 12:00:00.000 +0200,7,NATURAL,UNKNOWN,3,UNKNOWN,NW,148,46.562945,7.841373,1,,,
18414158-6d92-4cd1-ab90-28699222ae16,8.421236 46.785109,2023-05-02 16:30:00+02:00,2,EXPLOSIVE,SLAB,2,DRY,NW,0,46.807849435656436,8.40755312771594,0,,,
b463a2d6-9b9e-4b10-99b6-7308c06e3b30,8.423808 46.779796,2023-04-21 08:00:00+02:00,3,EXPLOSIVE,SLAB,1,DRY,N,86,46.7426289337828,8.412210829213882,0,,,
b0c20dd8-9d72-42fd-9908-df362afd7f3d,8.425333 46.779051,2023-05-20 07:00:00+02:00,4,EXPLOSIVE,SLAB,2,DRY,N,16,46.78882537231297,8.398482253885277,0,,,
ab2a9319-7f29-4629-a314-d5965080c33e,8.421443 46.780432,2023-05-02 07:30:00+02:00,4,EXPLOSIVE,SLAB,2,DRY,N,161,46.773805807165374,8.400027356537723,0,,,
11290122-2f71-4b65-840e-5b583a64fdd5,8.389124 46.787453,2023-04-12 07:00:00.000 +0200,4,EXPLOSIVE,SLAB,2,WET,N,57,46.787453,8.389124,1,,,
2ed09558-7716-4dda-935c-3c151ebe5b3b,8.238855 46.748629,2023-04-17 08:30:00+02:00,4,EXPLOSIVE,SLAB,1,DRY,NW,0,46.717390328132055,8.211814856740329,0,,,
8b5b35b0-dd0c-11ed-8f1e-7bb69ddca4ec,8.229566 46.753026,2023-04-17 12:30:00.000 +0200,0,NATURAL,FULL_DEPTH,2,WET,SE,25,46.753026,8.229566,1,,,
2a2d7868-aa56-44d4-b082-8c267cccfbe3,8.388637 46.786311,2023-04-13 07:30:00.000 +0200,2,EXPLOSIVE,LOOSE_SNOW,1,DRY,NW,80,46.786311,8.388637,1,,,
6e6f00b6-dfe0-4527-9b3f-7c45ffdf4fee,8.379219 46.783826,2023-04-02 07:00:00+02:00,4,EXPLOSIVE,SLAB,2,DRY,N,73,46.761648000538926,8.401165063616356,0,,,
63723fcc-14a3-472f-a9d8-8ce81f021fe4,8.42184 46.780304,2023-04-29 07:30:00+02:00,2,EXPLOSIVE,LOOSE_SNOW,1,WET,N,0,46.80836565710815,8.42597586385634,0,,,
a608e0ea-99f5-4d75-9162-5dd2600c0d00,8.423735 46.779426,2023-04-01 07:00:00.000 +0200,4,EXPLOSIVE,SLAB,2,DRY,N,182,46.779426,8.423735,1,,,
c8a8b700-feb1-11ed-b35a-bf420b8ac344,8.01247 46.561817,2023-05-31 12:00:00+02:00,6,PERSON,SLAB,2,DRY,SE,0,46.60091426751899,7.997371072881356,0,,,
bc76da5f-d990-4bb2-a099-1ab0703da0a4,8.422538 46.779775,2023-05-02 07:30:00+02:00,4,EXPLOSIVE,SLAB,2,DRY,N,186,46.77299476266897,8.395413439937034,0,,,
dda75b80-ddc2-11ed-b3b1-431b3c02902e,8.263291 46.74286,2023-04-18 14:30:00+02:00,1,SNOW_GROOMER,SLAB,3,DRY,SE,179,46.752081147000446,8.269855718152634,0,,,
1aca9480-d131-11ed-bb43-5ff35461761d,8.354817 46.766741,2023-04-05 12:00:00+02:00,10,NATURAL,SLAB,3,DRY,NW,158,46.757973617832796,8.364668537560444,0,,,
9f2be370-d7a6-11ed-a8d1-4961cd70d9e1,8.210814 46.503291,2023-04-08 12:00:00+02:00,7,NATURAL,SLAB,3,WET,S,39,46.519620294293595,8.238092523861441,0,,,
11290122-2f71-4b65-840e-5b583a64fdd5,8.389124 46.787453,2023-04-13 07:00:00+02:00,4,EXPLOSIVE,SLAB,2,WET,N,0,46.80974153872307,8.3730314512455,0,,,
a94851d0-e58a-11ed-94a2-bf37c1703856,7.5461 46.68465,2023-04-29 12:00:00+02:00,7,NATURAL,SLAB,2,UNKNOWN,SW,0,46.71245287873713,7.517634877162201,0,,,
ce082ed0-ea41-11ed-9704-3747ffc8acfd,7.997493 46.55824,2023-05-03 12:00:00+02:00,7,PERSON,SLAB,3,DRY,S,175,46.533429054982804,8.000316218163738,0,,,
2f93ceb4-a841-42da-a6c1-1933628dbb83,8.385941 46.778747,2023-04-04 07:00:00+02:00,4,EXPLOSIVE,SLAB,2,DRY,NE,8,46.74734116427,8.377319514950395,0,,,
bafec949-69be-4d29-96df-732ded5d7686,8.389718 46.787228,2023-04-01 08:00:00.000 +0200,3,EXPLOSIVE,SLAB,1,DRY,N,70,46.787228,8.389718,1,,,
40432ba0-e72a-11ed-8f49-75cb9dad9a7e,7.996764 46.557888,2023-04-29 12:00:00+02:00,7,NATURAL,SLAB,3,DRY,S,102,46.55791886933535,7.966519520764851,0,,,
673e5d3c-9736-4824-ac24-c511ffd507c4,8.418437 46.784875,2023-04-16 08:00:00.000 +0200,4,EXPLOSIVE,SLAB,1,DRY,NW,169,46.784875,8.418437,1,,,
d940ed50-ecda-11ed-aeab-3b3cc7819483,7.967581 46.511291,2023-05-06 12:00:00.000 +0200,7,NATURAL,SLAB,3,UNKNOWN,S,248,46.511291,7.967581,1,,,
72a5d090-d8f5-11ed-9de9-4bc775516e2e,8.249382 46.761703,2023-04-11 16:00:00+02:00,3,NATURAL,FULL_DEPTH,2,WET,SW,0,46.72370856774076,8.22812238487029,0,,,
b5d8fc03-e36a-4fa1-9d42-ea7105356bda,8.385358 46.779077,2023-04-16 05:00:00+02:00,3,EXPLOSIVE,UNKNOWN,2,DRY,NE,131,46.797143842266586,8.369653666086133,0,,,
e5f438a3-68c9-465f-a6d1-9ab6a2ebaf71,8.384832 46.783436,2023-04-03 08:00:00+02:00,3,EXPLOSIVE,SLAB,1,DRY,N,0,46.80924712815692,8.395395964085072,0,,,
931d9d63-4823-45cb-940f-26620aa25be9,8.425244 46.779006,2023-04-14 07:30:00+02:00,2,EXPLOSIVE,SLAB,2,DRY,N,95,46.790263094267345,8.39126395140432,0,,,
bafec949-69be-4d29-96df-732ded5d7686,8.389718 46.787228,2023-04-02 08:00:00+02:00,3,EXPLOSIVE,SLAB,1,DRY,N,150,46.77844439327459,8.402072717675983,0,,,
564bddb0-e717-11ed-acf0-f7b342f82229,7.822357 46.529218,2023-05-01 12:00:00+02:00,7,NATURAL,SLAB,3,UNKNOWN,N,187,46.52081128075142,7.824018683497825,0,,,
f7fca170-d124-11ed-9f3d-c1122c0370be,8.243319 46.765333,2023-04-02 12:00:00+02:00,10,NATURAL,SLAB,3,WET,SW,0,46.72234938987886,8.28674078172927,0,,,
d68cc42c-2801-4238-bb58-3d963f2ab1ea,8.380899 46.782267,2023-04-03 07:00:00+02:00,4,EXPLOSIVE,SLAB,3,DRY,N,82,46.76563603855156,8.42143151818253,0,,,
1851a448-559e-4572-8066-2824a030e41d,8.385872 46.778947,2023-04-14 07:30:00+02:00,2,EXPLOSIVE,LOOSE_SNOW,1,DRY,NE,31,46.81853082210691,8.350048917421875,0,,,
792e43cf-e040-4ad1-98dd-47672e4855cd,8.426192 46.777884,2023-04-16 07:00:00+02:00,0,EXPLOSIVE,SLAB,2,DRY,NE,116,46.800558699187945,8.421276154922065,0,,,
839994f8-5b6d-44ab-8e1c-fd57876e2bd9,8.4215 46.780442,2023-04-03 07:00:00+02:00,4,EXPLOSIVE,SLAB,2,DRY,E,79,46.78245200522469,8.394692467703306,0,,,
bc76da5f-d990-4bb2-a099-1ab0703da0a4,8.422538 46.779775,2023-05-02 07:30:00+02:00,4,EXPLOSIVE,SLAB,2,DRY,N,0,46.814472707910895,8.42505008294009,0,,,
50fbf8f0-dd0c-11ed-8f1e-7bb69ddca4ec,8.23687 46.747556,2023-04-17 12:00:00+02:00,5,NATURAL,SLAB,2,DRY,N,4,46.734920887512295,8.270931353996247,0,,,
20077a30-ec16-11ed-aa20-6507e99101f4,8.022203 46.505884,2023-05-07 14:00:00+02:00,0,PERSON,SLAB,2,WET,E,215,46.546192505443976,7.992648005799727,0,,,
3efdca94-9b97-483a-8a85-137add93bbd1,8.426389 46.777499,2023-05-02 07:30:00+02:00,4,EXPLOSIVE,SLAB,3,DRY,NE,204,46.76879925040231,8.383576246905347,0,,,
a8219770-e77f-11ed-991c-c3bbd7ca6c9a,7.788493 46.554381,2023-04-29 15:11:00.000 +0200,0,NATURAL,SLAB,3,WET,NW,102,46.554381,7.788493,1,,,
b463a2d6-9b9e-4b10-99b6-7308c06e3b30,8.423808 46.779796,2023-04-21 08:00:00.000 +0200,3,EXPLOSIVE,SLAB,1,DRY,N,268,46.779796,8.423808,1,,,
35790a01-26e9-458d-9830-8b595ce08bc3,8.391669 46.779911,2023-04-15 16:00:00+02:00,5,PERSON,SLAB,3,DRY,NW,152,46.77365093903142,8.42562076176457,0,,,
48001904-f349-4f12-8b6b-34916e483022,8.424677 46.77918,2023-04-13 07:30:00+02:00,2,EXPLOSIVE,SLAB,2,DRY,N,77,46.78476358987228,8.403246033025868,0,,,
d68cc42c-2801-4238-bb58-3d963f2ab1ea,8.380899 46.782267,2023-04-03 07:00:00+02:00,4,EXPLOSIVE,SLAB,3,DRY,N,0,46.820661248556156,8.425177855083742,0,,,
5dfb93d0-d046-11ed-b49c-43d9bede54f5,8.263448 46.782775,2023-04-03 05:45:00+02:00,0,EXPLOSIVE,SLAB,2,DRY,NW,25,46.74058969922197,8.276684110510438,0,,,
1bae5ef4-62c9-4601-861f-8e5b286b94b1,8.422604 46.780389,2023-04-13 07:30:00+02:00,2,EXPLOSIVE,SLAB,2,DRY,N,68,46.79532663367704,8.423614852888498,0,,,
11290122-2f71-4b65-840e-5b583a64fdd5,8.389124 46.787453,2023-04-13 07:00:00+02:00,4,EXPLOSIVE,SLAB,2,WET,N,0,46.826371245426365,8.363646601489235,0,,,
f9b59268-33ad-4905-91cd-ccc9a1ae40a4,8.385942 46.778812,2023-04-14 08:30:00.000 +0200,2,EXPLOSIVE,LOOSE_SNOW,2,DRY,NE,139,46.778812,8.385942,1,,,
bdf4c097-2315-413e-a320-168acfd62b21,8.380633 46.782526,2023-04-12 08:00:00.000 +0200,4,EXPLOSIVE,SLAB,3,DRY,N,102,46.782526,8.380633,1,,,
8500f990-d7a6-11ed-a8d1-4961cd70d9e1,8.209308 46.504515,2023-04-08 12:00:00.000 +0200,7,NATURAL,SLAB,4,WET,S,219,46.504515,8.209308,1,,,
18414158-6d92-4cd1-ab90-28699222ae16,8.421236 46.785109,2023-05-02 16:30:00.000 +0200,2,EXPLOSIVE,SLAB,2,DRY,NW,113,46.785109,8.421236,1,,,
59a9c34c-87a8-4479-9db9-c3a9d7e37faf,8.42632 46.777873,2023-04-26 07:00:00+02:00,3,EXPLOSIVE,SLAB,2,DRY,NE,58,46.799891834894325,8.391543444893538,0,,,
ab2a9319-7f29-4629-a314-d5965080c33e,8.421443 46.780432,2023-05-04 07:30:00+02:00,4,EXPLOSIVE,SLAB,2,DRY,N,153,46.77421314573105,8.403623093886969,0,,,
bdf4c097-2315-413e-a320-168acfd62b21,8.380633 46.782526,2023-04-12 08:00:00+02:00,4,EXPLOSIVE,SLAB,3,DRY,N,0,46.817457019247996,8.36377771105166,0,,,
1a787419-5802-4808-a192-fbe672afe523,8.389757 46.787324,2023-04-19 08:30:00+02:00,4,EXPLOSIVE,LOOSE_SNOW,2,DRY,N,135,46.76371756981747,8.37775410009823,0,,,
8d0101b0-de65-11ed-ad4d-6fea2397c693,7.846102 46.562407,2023-04-18 12:00:00+02:00,7,NATURAL,FULL_DEPTH,2,WET,S,59,46.596646859220954,7.863465806415007,0,,,
97c5682e-950b-4c24-8c69-651f6ff3d0c8,8.035288 46.786336,2023-04-19 10:30:00+02:00,4,EXPLOSIVE,SLAB,2,DRY,S,8,46.82734007275586,8.057590927501625,0,,,
8cc2e1b0-ecd3-11ed-8adc-7d70564ee41a,8.023437 46.573593,2023-05-05 12:00:00+02:00,10,NATURAL,SLAB,4,WET,,153,46.5677318867886,7.9845963522878725,0,,,
3efdca94-9b97-483a-8a85-137add93bbd1,8.426389 46.777499,2023-05-05 07:30:00+02:00,4,EXPLOSIVE,SLAB,3,DRY,NE,35,46.75333537819857,8.385021734066813,0,,,
3a0dd0e2-9199-4139-bb1e-3327bd98128b,8.425944 46.778157,2023-04-14 07:00:00+02:00,3,EXPLOSIVE,SLAB,2,DRY,NE,93,46.800041185275724,8.419215937407117,0,,,
5192475d-5f0c-41d7-bde8-a82e5bea8b68,8.422294 46.780382,2023-04-16 08:00:00+02:00,4,EXPLOSIVE,SLAB,3,DRY,N,0,46.815838342175944,8.404822419955204,0,,,
129ea644-660f-4e28-b1b5-6ad36254a3b7,8.425551 46.770235,2023-05-19 09:00:00+02:00,3,EXPLOSIVE,SLAB,2,DRY,SE,56,46.74219078864517,8.411158511918948,0,,,
27d50482-68af-45c1-b95c-82786dd48176,7.97274 46.575625,2023-04-01 08:00:00.000 +0200,3,EXPLOSIVE,LOOSE_SNOW,1,DRY,N,69,46.575625,7.97274,1,,,
ff002b7f-49f5-4ba6-971a-c1b18578a2b6,8.389256 46.787371,2023-04-15 08:30:00+02:00,2,EXPLOSIVE,SLAB,1,DRY,N,48,46.7487391630384,8.347438757243928,0,,,
8500f990-d7a6-11ed-a8d1-4961cd70d9e1,8.209308 46.504515,2023-04-08 12:00:00+02:00,7,NATURAL,SLAB,4,WET,S,114,46.50430549562117,8.166206081281393,0,,,
8cc2e1b0-ecd3-11ed-8adc-7d70564ee41a,8.023437 46.573593,2023-05-06 12:00:00+02:00,10,NATURAL,SLAB,4,WET,,11,46.59668261616753,8.051093916119346,0,,,
b463a2d6-9b9e-4b10-99b6-7308c06e3b30,8.423808 46.779796,2023-04-23 08:00:00+02:00,3,EXPLOSIVE,SLAB,1,DRY,N,0,46.816384288728194,8.392784301251698,0,,,
87548817-41cb-4875-9f16-2dd62dfe20ab,8.382498 46.780197,2023-04-04 07:00:00+02:00,4,EXPLOSIVE,SLAB,2,DRY,NE,59,46.79667672467068,8.414867539934482,0,,,
87548817-41cb-4875-9f16-2dd62dfe20ab,8.382498 46.780197,2023-04-02 07:00:00+02:00,4,EXPLOSIVE,SLAB,2,DRY,NE,138,46.756061096350784,8.361810091419834,0,,,
2a2d7868-aa56-44d4-b082-8c267cccfbe3,8.388637 46.786311,2023-04-16 07:30:00+02:00,2,EXPLOSIVE,LOOSE_SNOW,1,DRY,NW,136,46.795878796967116,8.358875972231042,0,,,
23b16de7-0279-40fb-918f-75ed3769abf5,8.426264 46.778244,2023-05-17 07:00:00.000 +0200,4,EXPLOSIVE,SLAB,2,DRY,NE,134,46.778244,8.426264,1,,,
d68cc42c-2801-4238-bb58-3d963f2ab1ea,8.380899 46.782267,2023-04-04 07:00:00+02:00,4,EXPLOSIVE,SLAB,3,DRY,N,77,46.74983042634342,8.411240839590004,0,,,
97c5682e-950b-4c24-8c69-651f6ff3d0c8,8.035288 46.786336,2023-04-20 10:30:00+02:00,4,EXPLOSIVE,SLAB,2,DRY,S,43,46.78464096199833,8.029727420148562,0,,,
9879b1f6-3d1c-4854-ae1b-1f0a970d5832,8.425218 46.770162,2023-05-18 09:30:00+02:00,2,EXPLOSIVE,SLAB,2,DRY,S,22,46.78821547870674,8.397481460740133,0,,,
1b05e8ea-984f-445d-8163-f5d970cfecf8,8.387973 46.785269,2023-04-13 07:00:00+02:00,4,EXPLOSIVE,SLAB,1,WET,NW,73,46.809260285362406,8.353407251141935,0,,,
b210fde3-14f2-42fc-8dc3-c8d01a9cf57a,8.425206 46.770128,2023-05-16 09:00:00.000 +0200,3,EXPLOSIVE,SLAB,2,DRY,S,164,46.770128,8.425206,1,,,
f4bbdd10-e717-11ed-acf0-f7b342f82229,7.841373 46.562945,2023-05-02 12:00:00+02:00,7,NATURAL,UNKNOWN,3,UNKNOWN,NW,116,46.574361391758146,7.861534414024851,0,,,
2f93ceb4-a841-42da-a6c1-1933628dbb83,8.385941 46.778747,2023-04-01 07:00:00+02:00,4,EXPLOSIVE,SLAB,2,DRY,NE,37,46.774026063770094,8.352711075195883,0,,,
2f93ceb4-a841-42da-a6c1-1933628dbb83,8.385941 46.778747,2023-04-03 07:00:00+02:00,4,EXPLOSIVE,SLAB,2,DRY,NE,0,46.80964489328817,8.390734326953913,0,,,
e5f438a3-68c9-465f-a6d1-9ab6a2ebaf71,8.384832 46.783436,2023-04-03 08:00:00+02:00,3,EXPLOSIVE,SLAB,1,DRY,N,43,46.7968027123101,8.404694177709402,0,,,
e18fb476-2bc8-4cdf-829a-b6f36d7508bd,8.420851 46.780719,2023-04-25 00:00:00+02:00,6,NATURAL,SLAB,2,DRY,NW,2,46.80607373404701,8.425467543428585,0,,,
37f6f440-e68a-11ed-9633-279e930b62b5,7.970158 46.5442,2023-05-02 12:00:00+02:00,7,NATURAL,SLAB,2,DRY,SE,231,46.5381973770703,7.947104353149821,0,,,
3127a717-5395-4ff5-9722-0942f1737558,8.42626 46.777558,2023-04-16 06:30:00+02:00,5,EXPLOSIVE,SLAB,2,DRY,NE,233,46.77706398791454,8.417686980859418,0,,,
8b4032b5-5847-4489-a91a-a268f821bb88,8.425022 46.770122,2023-05-15 09:30:00.000 +0200,2,EXPLOSIVE,SLAB,2,DRY,S,162,46.770122,8.425022,1,,,
1360c83b-baa5-40fd-8967-adc55e27b8f8,8.035169 46.786944,2023-05-08 11:00:00.000 +0200,4,EXPLOSIVE,FULL_DEPTH,2,WET,SW,25,46.786944,8.035169,1,,,
27d50482-68af-45c1-b95c-82786dd48176,7.97274 46.575625,2023-04-02 08:00:00+02:00,3,EXPLOSIVE,LOOSE_SNOW,1,DRY,N,69,46.55573442629656,7.944391121788267,0,,,
50374fe0-d439-11ed-a920-a702e6e7f311,8.245848 46.760908,2023-04-08 16:00:00+02:00,2,NATURAL,FULL_DEPTH,1,WET,SW,139,46.748596620938365,8.26865323764394,0,,,
c2674210-608f-480e-8889-772ed922cf40,8.384094 46.779592,2023-04-01 07:00:00+02:00,4,EXPLOSIVE,SLAB,2,DRY,NE,5,46.80667800975789,8.368278540135488,0,,,
40432ba0-e72a-11ed-8f49-75cb9dad9a7e,7.996764 46.557888,2023-05-01 12:00:00+02:00,7,NATURAL,SLAB,3,DRY,S,203,46.52970512456169,8.037900023517755,0,,,
a4ad0c82-16f6-4de1-af92-ac146cabf042,8.423474 46.779387,2023-05-02 07:30:00+02:00,4,EXPLOSIVE,SLAB,2,DRY,N,196,46.76769483213039,8.417263670844326,0,,,
97f65a13-9c8a-44c6-b5dc-c7c4d60fed1e,7.972757 46.575628,2023-04-16 07:30:00+02:00,2,EXPLOSIVE,SLAB,1,DRY,N,109,46.613041513137574,7.9436925761443336,0,,,
ad918400-77b8-4908-b8c3-86205d723ff7,8.426238 46.77793,2023-04-26 07:30:00.000 +0200,2,EXPLOSIVE,SLAB,2,DRY,NE,198,46.77793,8.426238,1,,,
1851a448-559e-4572-8066-2824a030e41d,8.385872 46.778947,2023-04-14 07:30:00+02:00,2,EXPLOSIVE,LOOSE_SNOW,1,DRY,NE,165,46.76563616266283,8.395757221447207,0,,,
146fb98c-e881-4676-9e59-446d1d57d1c2,8.034003 46.784284,2023-04-21 10:30:00+02:00,4,EXPLOSIVE,SLAB,2,DRY,S,0,46.7654105762442,8.029287141518545,0,,,
2ed09558-7716-4dda-935c-3c151ebe5b3b,8.238855 46.748629,2023-04-18 08:30:00+02:00,4,EXPLOSIVE,SLAB,1,DRY,NW,16,46.74497554308701,8.228105192087694,0,,,
26ffd848-b17b-4d9b-a93a-0d9106053d47,8.073009 46.53608,2023-05-22 12:00:00+02:00,7,PERSON,SLAB,3,DRY,,216,46.533501928690505,8.115958347612768,0,,,
26d0ed0c-b5fc-4983-9f76-b0f25e82ece7,8.388771 46.786265,2023-04-17 08:30:00+02:00,4,EXPLOSIVE,LOOSE_SNOW,1,DRY,NW,0,46.81066050030829,8.418429440570105,0,,,
8d0101b0-de65-11ed-ad4d-6fea2397c693,7.846102 46.562407,2023-04-21 12:00:00+02:00,7,NATURAL,FULL_DEPTH,2,WET,S,140,46.51811200397713,7.815160808151692,0,,,
da27b6a6-0240-478c-9ff6-ab83983e37eb,8.426516 46.77779,2023-04-29 07:30:00.000 +0200,2,EXPLOSIVE,SLAB,2,DRY,NE,177,46.77779,8.426516,1,,,
68246170-d6db-11ed-8552-37fbec7ec321,8.370977 46.777677,2023-04-09 15:00:00+02:00,3,NATURAL,FULL_DEPTH,2,WET,S,103,46.781835793179575,8.3668199213505,0,,,
68246170-d6db-11ed-8552-37fbec7ec321,8.370977 46.777677,2023-04-11 15:00:00+02:00,3,NATURAL,FULL_DEPTH,2,WET,S,15,46.74770682627914,8.350825884480454,0,,,
87548817-41cb-4875-9f16-2dd62dfe20ab,8.382498 46.780197,2023-04-03 07:00:00+02:00,4,EXPLOSIVE,SLAB,2,DRY,NE,47,46.79312898896443,8.350912191210014,0,,,
8b4032b5-5847-4489-a91a-a268f821bb88,8.425022 46.770122,2023-05-16 09:30:00+02:00,2,EXPLOSIVE,SLAB,2,DRY,S,119,46.77531494013386,8.42053667586198,0,,,
50fbf8f0-dd0c-11ed-8f1e-7bb69ddca4ec,8.23687 46.747556,2023-04-19 12:00:00+02:00,5,NATURAL,SLAB,2,DRY,N,64,46.77112462803809,8.206967640599776,0,,,
a8219770-e77f-11ed-991c-c3bbd7ca6c9a,7.788493 46.554381,2023-04-29 15:11:00+02:00,0,NATURAL,SLAB,3,WET,NW,68,46.58069669225455,7.810334541771295,0,,,
1b05e8ea-984f-445d-8163-f5d970cfecf8,8.387973 46.785269,2023-04-14 07:00:00+02:00,4,EXPLOSIVE,SLAB,1,WET,NW,174,46.77365274023007,8.402942140991247,0,,,
a9add040-dd0c-11ed-8f1e-7bb69ddca4ec,8.245886 46.75731,2023-04-19 12:15:00+02:00,0,NATURAL,FULL_DEPTH,2,WET,S,69,46.75981999119618,8.240677383350173,0,,,
dda75b80-ddc2-11ed-b3b1-431b3c02902e,8.263291 46.74286,2023-04-17 14:30:00+02:00,1,SNOW_GROOMER,SLAB,3,DRY,SE,22,46.72574770326748,8.247815206406267,0,,,
8b4032b5-5847-4489-a91a-a268f821bb88,8.425022 46.770122,2023-05-17 09:30:00+02:00,2,EXPLOSIVE,SLAB,2,DRY,S,0,46.80429058360463,8.402819274299016,0,,,
931d9d63-4823-45cb-940f-26620aa25be9,8.425244 46.779006,2023-04-13 07:30:00.000 +0200,2,EXPLOSIVE,SLAB,2,DRY,N,199,46.779006,8.425244,1,,,
e5f438a3-68c9-465f-a6d1-9ab6a2ebaf71,8.384832 46.783436,2023-04-02 08:00:00+02:00,3,EXPLOSIVE,SLAB,1,DRY,N,95,46.74996600151795,8.408386410815108,0,,,
4067dd0b-f3b4-40af-8872-12824f7b55a6,8.423024 46.779666,2023-04-01 07:00:00+02:00,4,EXPLOSIVE,SLAB,3,DRY,NE,63,46.74096135763596,8.411668969898225,0,,,
1851a448-559e-4572-8066-2824a030e41d,8.385872 46.778947,2023-04-15 07:30:00+02:00,2,EXPLOSIVE,LOOSE_SNOW,1,DRY,NE,138,46.76502301704172,8.408678745145178,0,,,
26d0ed0c-b5fc-4983-9f76-b0f25e82ece7,8.388771 46.786265,2023-04-16 08:30:00+02:00,4,EXPLOSIVE,LOOSE_SNOW,1,DRY,NW,144,46.78737094067665,8.421023657837893,0,,,
529f5410-e6a1-11ed-9300-179866ebe517,7.727729 46.504859,2023-04-30 17:00:00+02:00,3,UNKNOWN,UNKNOWN,1,WET,,15,46.50586505021482,7.7237249248224416,0,,,
bdf4c097-2315-413e-a320-168acfd62b21,8.380633 46.782526,2023-04-13 08:00:00+02:00,4,EXPLOSIVE,SLAB,3,DRY,N,71,46.771965230276635,8.367431992586235,0,,,
40432ba0-e72a-11ed-8f49-75cb9dad9a7e,7.996764 46.557888,2023-05-01 12:00:00+02:00,7,NATURAL,SLAB,3,DRY,S,230,46.528033667347906,7.9869247490500275,0,,,
59a9c34c-87a8-4479-9db9-c3a9d7e37faf,8.42632 46.777873,2023-04-26 07:00:00+02:00,3,EXPLOSIVE,SLAB,2,DRY,NE,0,46.80642707224736,8.408288793930037,0,,,
34e33f73-9c60-4cff-be3e-9f199f5b9d9e,8.385879 46.778707,2023-04-16 05:00:00+02:00,3,EXPLOSIVE,UNKNOWN,2,DRY,NE,106,46.75448578842781,8.40556954463117,0,,,
1aca9480-d131-11ed-bb43-5ff35461761d,8.354817 46.766741,2023-04-02 12:00:00+02:00,10,NATURAL,SLAB,3,DRY,NW,97,46.76118325265842,8.385632354026745,0,,,
97f65a13-9c8a-44c6-b5dc-c7c4d60fed1e,7.972757 46.575628,2023-04-17 07:30:00+02:00,2,EXPLOSIVE,SLAB,1,DRY,N,119,46.55783298687217,7.95517532012271,0,,,
1bb8250c-f575-4cb3-84c9-194ae951bc8a,7.944832 46.554569,2023-05-03 12:00:00+02:00,7,NATURAL,UNKNOWN,4,WET,,264,46.543024508308626,7.977371802048,0,,,
27d50482-68af-45c1-b95c-82786dd48176,7.97274 46.575625,2023-04-01 08:00:00+02:00,3,EXPLOSIVE,LOOSE_SNOW,1,DRY,N,187,46.56571088471114,7.998959648764687,0,,,
35750744-ea24-4b2e-81ea-9ce6b475ccb9,8.42211 46.780566,2023-04-16 06:30:00+02:00,5,EXPLOSIVE,SLAB,2,DRY,N,91,46.792186396853516,8.384584135802506,0,,,
9793e5e8-7a24-425c-8b33-04a387b5aa44,8.40304 46.792701,2023-04-01 06:30:00.000 +0200,2,EXPLOSIVE,SLAB,1,DRY,NW,66,46.792701,8.40304,1,,,
37f6f440-e68a-11ed-9633-279e930b62b5,7.970158 46.5442,2023-04-29 12:00:00.000 +0200,7,NATURAL,SLAB,2,DRY,SE,265,46.5442,7.970158,1,,,
da27b6a6-0240-478c-9ff6-ab83983e37eb,8.426516 46.77779,2023-04-29 07:30:00+02:00,2,EXPLOSIVE,SLAB,2,DRY,NE,0,46.80494464493891,8.390211509935208,0,,,
ad918400-77b8-4908-b8c3-86205d723ff7,8.426238 46.77793,2023-04-28 07:30:00+02:00,2,EXPLOSIVE,SLAB,2,DRY,NE,138,46.77165246472473,8.422616858936166,0,,,
c1bf9390-dd0b-11ed-8f1e-7bb69ddca4ec,8.237684 46.748368,2023-04-17 12:00:00+02:00,7,NATURAL,SLAB,2,DRY,NW,72,46.758775822927305,8.2289016590543,0,,,
1a787419-5802-4808-a192-fbe672afe523,8.389757 46.787324,2023-04-17 08:30:00+02:00,4,EXPLOSIVE,LOOSE_SNOW,2,DRY,N,33,46.74894421824834,8.386320567109646,0,,,
59a9c34c-87a8-4479-9db9-c3a9d7e37faf,8.42632 46.777873,2023-04-27 07:00:00+02:00,3,EXPLOSIVE,SLAB,2,DRY,NE,43,46.74932779410131,8.391337328737327,0,,,
ad918400-77b8-4908-b8c3-86205d723ff7,8.426238 46.77793,2023-04-28 07:30:00+02:00,2,EXPLOSIVE,SLAB,2,DRY,NE,53,46.73540588930695,8.417090818412149,0,,,
8339db4e-32c5-49bd-ae04-41feeaf45eaa,8.420784 46.781168,2023-04-12 07:00:00.000 +0200,3,EXPLOSIVE,SLAB,2,DRY,N,142,46.781168,8.420784,1,,,
bc76da5f-d990-4bb2-a099-1ab0703da0a4,8.422538 46.779775,2023-05-03 07:30:00+02:00,4,EXPLOSIVE,SLAB,2,DRY,N,0,46.80591048878997,8.402724752707503,0,,,
8b5b35b0-dd0c-11ed-8f1e-7bb69ddca4ec,8.229566 46.753026,2023-04-20 12:30:00+02:00,0,NATURAL,FULL_DEPTH,2,WET,SE,72,46.752261923034006,8.252463483458229,0,,,
8b5b35b0-dd0c-11ed-8f1e-7bb69ddca4ec,8.229566 46.753026,2023-04-19 12:30:00+02:00,0,NATURAL,FULL_DEPTH,2,WET,SE,0,46.74052985668796,8.195147171748467,0,,,
26d0ed0c-b5fc-4983-9f76-b0f25e82ece7,8.388771 46.786265,2023-04-17 08:30:00+02:00,4,EXPLOSIVE,LOOSE_SNOW,1,DRY,NW,0,46.82483657095532,8.422452102312546,0,,,
ff002b7f-49f5-4ba6-971a-c1b18578a2b6,8.389256 46.787371,2023-04-14 08:30:00.000 +0200,2,EXPLOSIVE,SLAB,1,DRY,N,125,46.787371,8.389256,1,,,
ae543637-3b77-4592-997d-c9f3fc4c3078,8.424992 46.778957,2023-04-28 07:30:00+02:00,2,EXPLOSIVE,SLAB,2,DRY,N,100,46.78260829782501,8.4057100831422,0,,,
2a2d7868-aa56-44d4-b082-8c267cccfbe3,8.388637 46.786311,2023-04-13 07:30:00+02:00,2,EXPLOSIVE,LOOSE_SNOW,1,DRY,NW,27,46.75243426802704,8.365470510587059,0,,,
