avalanche_id,location,trigger_date_time,trigger_date_time_accuracy_code,trigger_type,avalanche_type,avalanche_size,avalanche_moisture,start_zone_aspect,snow_depth_sat,lat,lon,Avalanche Event,closest_station,station_abbr,tre200h0,tre200hn,tre200hx,tre005h0,tre005hn,ure200h0,pva200h0,tde200h0,prestah0,pp0qffh0,pp0qnhh0,ppz700h0,ppz850h0,fkl010h1,dkl010h0,fkl010h0,fu3010h0,fu3010h1,fkl010h3,fu3010h3,wcc006h0,fve010h0,rre150h0,htoauths,gre000h0,oli000h0,olo000h0,osr000h0,ods000h0,sre000h0,erefaoh0
0d6a183c-f453-4a31-98c7-90213921e278,8.417328 46.785788,2023-04-01 06:30:00.000 +0200,2,EXPLOSIVE,SLAB,1,DRY,NW,79,46.785788,8.417328,1,TIT,TIT,-10.8,-10.8,-10.7,,,95.6,2.6,-11.4,685.8,,1004.3,2940.2,,26.1,286.0,14.8,53.3,94.0,25.5,91.8,,,,,7.0,,,,,,0.008
a7ed94b7-52d1-4b17-9928-83b4745ca8bf,8.307745 46.608205,2023-05-04 12:00:00+02:00,7,NATURAL,UNKNOWN,3,WET,,117,46.584696521056,8.29709143859324,0,GRH,GRH,10.1,9.2,11.0,,,35.6,4.4,-4.6,807.6,,1024.0,,1533.2,5.4,174.0,2.3,8.3,19.4,5.2,18.7,,,0.0,147.0,1007.0,257.0,,,,60.0,0.533
74720590-2505-48bc-ad7b-327442e7d8ae,8.216759 46.608474,2023-04-22 12:00:00+02:00,7,PERSON,SLAB,1,DRY,N,87,46.61730609571555,8.227025495690288,0,GRH,GRH,8.3,7.7,8.9,,,45.6,5.0,-2.8,800.5,,1015.4,,1462.6,6.8,152.0,3.9,14.0,24.5,6.3,22.7,,,0.0,175.0,926.0,278.0,,,,30.0,0.448
a4ad0c82-16f6-4de1-af92-ac146cabf042,8.423474 46.779387,2023-05-02 07:30:00+02:00,4,EXPLOSIVE,SLAB,2,DRY,N,0,46.81374989368975,8.419820294928536,0,ENG,ENG,5.9,5.7,6.1,6.1,5.9,93.1,8.7,4.9,902.2,,1021.5,,1522.4,2.7,108.0,0.7,2.5,9.7,2.6,9.4,0.0,,0.0,0.0,32.0,330.0,,,,0.0,0.029
ff002b7f-49f5-4ba6-971a-c1b18578a2b6,8.389256 46.787371,2023-04-17 08:30:00+02:00,2,EXPLOSIVE,SLAB,1,DRY,N,0,46.83041748822188,8.384884313873902,0,ENG,ENG,4.0,3.0,5.4,7.8,4.9,89.2,7.3,2.4,900.3,,1019.4,,1502.5,3.8,135.0,0.8,2.9,13.7,3.6,13.0,0.0,,0.0,0.0,430.0,288.0,,,,28.0,0.168
8500f990-d7a6-11ed-a8d1-4961cd70d9e1,8.209308 46.504515,2023-04-10 12:00:00+02:00,7,NATURAL,SLAB,4,WET,S,216,46.522762390711165,8.196791941141083,0,ULR,ULR,11.7,11.1,12.6,17.6,17.1,23.5,3.3,-8.5,868.1,,1020.8,,1523.7,4.6,56.0,2.1,7.6,16.6,4.5,16.2,,,0.0,0.0,794.0,256.0,,,317.0,60.0,0.441
27d50482-68af-45c1-b95c-82786dd48176,7.97274 46.575625,2023-04-02 08:00:00+02:00,3,EXPLOSIVE,LOOSE_SNOW,1,DRY,N,144,46.54821446358012,7.976520687450214,0,JUN,JUN,-15.1,-15.4,-14.9,,,77.9,1.5,-18.1,647.3,,1007.6,2979.0,,6.8,315.0,5.0,18.0,24.5,6.7,24.1,,,,,458.0,150.0,,,,60.0,0.07
50374fe0-d439-11ed-a920-a702e6e7f311,8.245848 46.760908,2023-04-08 16:00:00+02:00,2,NATURAL,FULL_DEPTH,1,WET,SW,42,46.786555003739984,8.277538705566936,0,GIH,GIH,11.4,10.6,12.1,,,60.9,8.2,4.1,965.3,1021.1,1021.1,,,6.6,55.0,2.8,10.1,23.8,6.5,23.4,0.0,,0.0,,170.0,,,,168.0,0.0,0.124
b2ae7f83-144e-4307-bbca-2bcde419c704,8.384786 46.783437,2023-04-19 08:30:00+02:00,4,EXPLOSIVE,LOOSE_SNOW,1,DRY,N,205,46.76987371884463,8.405205252069464,0,TIT,TIT,-6.5,-6.7,-6.4,,,78.4,3.0,-9.7,696.0,,1018.1,3052.4,,9.7,308.0,7.0,25.2,34.9,9.4,33.8,,,,,545.0,,,,,,0.12
26d0ed0c-b5fc-4983-9f76-b0f25e82ece7,8.388771 46.786265,2023-04-18 08:30:00+02:00,4,EXPLOSIVE,LOOSE_SNOW,1,DRY,NW,119,46.7546015877947,8.415829024766438,0,TIT,TIT,-6.1,-7.1,-5.1,,,76.1,3.0,-9.7,694.1,,1015.6,3031.7,,4.1,233.0,1.3,4.7,14.8,3.9,14.0,,,,,514.0,,,,,,0.154
11f734d7-e1b6-4c3b-8fe6-abdd0b39cea0,8.385873 46.778735,2023-04-15 08:00:00+02:00,4,EXPLOSIVE,SLAB,2,DRY,NE,90,46.79139766033652,8.381446172899603,0,ENG,ENG,1.5,0.8,2.3,2.6,1.4,93.9,6.4,0.7,889.0,,1006.9,,1396.9,2.5,108.0,1.0,3.6,9.0,2.3,8.3,0.0,,0.4,0.0,141.0,320.0,,,,0.0,0.06
850fbf08-4de4-4e22-97a7-6ee73d0c55e0,8.423568 46.779438,2023-04-27 07:30:00+02:00,2,EXPLOSIVE,SLAB,2,DRY,N,0,46.82361530993255,8.405636741648218,0,ENG,ENG,6.5,5.3,7.8,8.7,5.0,83.9,8.1,3.9,899.6,,1018.7,,1500.4,2.1,106.0,0.9,3.2,7.6,2.0,7.2,0.0,,0.0,0.0,260.0,286.0,,,,24.0,0.109
b5d8fc03-e36a-4fa1-9d42-ea7105356bda,8.385358 46.779077,2023-04-17 05:00:00+02:00,3,EXPLOSIVE,UNKNOWN,2,DRY,NE,190,46.784377863897895,8.414240134583647,0,TIT,TIT,-9.3,-9.4,-9.1,,,94.4,2.9,-10.1,693.5,,1014.8,3026.0,,13.9,18.0,8.3,29.9,50.0,13.6,49.0,,,,,1.0,,,,,,0.001
da27b6a6-0240-478c-9ff6-ab83983e37eb,8.426516 46.77779,2023-05-01 07:30:00+02:00,2,EXPLOSIVE,SLAB,2,DRY,NE,0,46.81436511016338,8.386614898486469,0,ENG,ENG,7.2,7.2,7.3,7.7,7.5,95.9,9.8,6.6,897.3,,1016.1,,1480.9,3.6,240.0,1.7,6.1,13.0,3.3,11.9,0.0,,0.9,0.0,61.0,343.0,,,,0.0,0.039
a7ed94b7-52d1-4b17-9928-83b4745ca8bf,8.307745 46.608205,2023-05-04 12:00:00+02:00,7,NATURAL,UNKNOWN,3,WET,,143,46.58499929199321,8.26682478827869,0,GRH,GRH,10.1,9.2,11.0,,,35.6,4.4,-4.6,807.6,,1024.0,,1533.2,5.4,174.0,2.3,8.3,19.4,5.2,18.7,,,0.0,147.0,1007.0,257.0,,,,60.0,0.533
b5d8fc03-e36a-4fa1-9d42-ea7105356bda,8.385358 46.779077,2023-04-16 05:00:00+02:00,3,EXPLOSIVE,UNKNOWN,2,DRY,NE,113,46.778063576578745,8.404555232042478,0,TIT,TIT,-9.8,-10.0,-9.7,,,94.3,2.8,-10.6,691.9,,1012.6,3008.0,,13.0,336.0,3.9,14.0,46.8,12.7,45.7,,,,,0.0,,,,,,0.0
ff002b7f-49f5-4ba6-971a-c1b18578a2b6,8.389256 46.787371,2023-04-14 08:30:00+02:00,2,EXPLOSIVE,SLAB,1,DRY,N,64,46.78158345682037,8.350460552593736,0,ENG,ENG,1.2,0.8,1.7,1.5,0.4,85.8,5.7,-1.0,891.7,,1009.9,,1421.1,5.4,267.0,2.3,8.3,19.4,5.3,19.1,0.0,,0.0,7.0,184.0,295.0,,,,0.0,0.073
40432ba0-e72a-11ed-8f49-75cb9dad9a7e,7.996764 46.557888,2023-04-30 12:00:00+02:00,7,NATURAL,SLAB,3,DRY,S,204,46.55882307027919,8.030570512759123,0,JUN,JUN,-3.7,-4.4,-3.3,,,88.8,4.1,-5.3,656.2,,1020.4,3062.2,,5.7,135.0,4.4,15.8,20.5,5.5,19.8,,,,,676.0,258.0,,,,0.0,0.202
9793e5e8-7a24-425c-8b33-04a387b5aa44,8.40304 46.792701,2023-04-03 06:30:00+02:00,2,EXPLOSIVE,SLAB,1,DRY,NW,7,46.824705859461034,8.358722346581093,0,ENG,ENG,0.9,0.7,1.2,1.0,0.7,98.4,6.4,0.7,900.2,,1019.3,,1495.6,5.5,236.0,3.0,10.8,19.8,5.4,19.4,0.0,,0.4,0.0,2.0,323.0,,,,0.0,0.012
1bae5ef4-62c9-4601-861f-8e5b286b94b1,8.422604 46.780389,2023-04-15 07:30:00+02:00,2,EXPLOSIVE,SLAB,2,DRY,N,218,46.77428048826921,8.41916353808669,0,TIT,TIT,-9.0,-9.1,-8.8,,,97.9,3.0,-9.3,685.0,,1003.1,2929.2,,13.6,300.0,9.7,34.9,49.0,13.3,47.9,,,,,147.0,,,,,,0.023
ae543637-3b77-4592-997d-c9f3fc4c3078,8.424992 46.778957,2023-04-26 07:30:00.000 +0200,2,EXPLOSIVE,SLAB,2,DRY,N,229,46.778957,8.424992,1,TIT,TIT,-9.2,-9.2,-9.1,,,23.4,0.7,-26.4,692.4,,1013.2,3013.0,,14.7,275.0,9.8,35.3,52.9,14.4,51.8,,,,,381.0,,,,,,0.118
8cc2e1b0-ecd3-11ed-8adc-7d70564ee41a,8.023437 46.573593,2023-05-05 12:00:00.000 +0200,10,NATURAL,SLAB,4,WET,,185,46.573593,8.023437,1,JUN,JUN,-1.9,-2.3,-1.4,,,79.7,4.2,-5.0,661.1,,1027.3,3117.7,,8.7,152.0,4.1,14.8,31.3,8.4,30.2,,,,,882.0,246.0,,,,41.0,0.291
74720590-2505-48bc-ad7b-327442e7d8ae,8.216759 46.608474,2023-04-23 12:00:00+02:00,7,PERSON,SLAB,1,DRY,N,47,46.57401807230429,8.22214503442916,0,ULR,ULR,10.6,9.8,11.0,11.6,11.3,60.8,7.8,3.3,860.5,,1012.0,,1449.1,6.6,39.0,0.9,3.2,23.8,6.4,23.0,,,0.0,0.0,307.0,332.0,,,287.0,0.0,0.185
b121901c-cb98-4082-b65b-7aa17e40b945,8.420495 46.780984,2023-04-17 08:00:00+02:00,4,EXPLOSIVE,SLAB,2,DRY,NE,213,46.77158327899507,8.390460383027994,0,TIT,TIT,-9.6,-9.7,-9.4,,,91.6,2.7,-10.7,694.0,,1015.4,3030.7,,16.1,31.0,6.3,22.7,58.0,15.2,54.7,,,,,296.0,,,,,,0.057
fdfaf590-ea4c-11ed-8348-fb5788bd30bc,8.001152 46.577404,2023-05-01 12:00:00+02:00,7,NATURAL,SLAB,2,DRY,NW,47,46.591751231833655,7.962024535465496,0,JUN,JUN,-6.3,-6.6,-6.0,,,94.6,3.6,-7.0,653.7,,1016.8,3036.8,,2.9,175.0,1.2,4.3,10.4,2.8,10.1,,,,,737.0,282.0,,,,0.0,0.244
b5d8fc03-e36a-4fa1-9d42-ea7105356bda,8.385358 46.779077,2023-04-16 05:00:00+02:00,3,EXPLOSIVE,UNKNOWN,2,DRY,NE,211,46.7647052035711,8.38075326470656,0,TIT,TIT,-9.8,-10.0,-9.7,,,94.3,2.8,-10.6,691.9,,1012.6,3008.0,,13.0,336.0,3.9,14.0,46.8,12.7,45.7,,,,,0.0,,,,,,0.0
fdfaf590-ea4c-11ed-8348-fb5788bd30bc,8.001152 46.577404,2023-05-03 12:00:00+02:00,7,NATURAL,SLAB,2,DRY,NW,128,46.57021871633776,8.036467836716183,0,JUN,JUN,-2.9,-3.9,-2.2,,,31.6,1.5,-17.7,660.3,,1026.2,3109.8,,10.1,23.0,3.9,14.0,36.4,9.6,34.6,,,,,1046.0,185.0,,,,60.0,0.365
97f65a13-9c8a-44c6-b5dc-c7c4d60fed1e,7.972757 46.575628,2023-04-17 07:30:00+02:00,2,EXPLOSIVE,SLAB,1,DRY,N,224,46.55056515694428,7.986459449877123,0,JUN,JUN,-12.2,-12.6,-11.9,,,76.7,1.8,-15.5,651.9,,1014.3,3028.0,,12.4,40.0,5.8,20.9,44.6,12.0,43.2,,,,,277.0,161.0,,,,57.0,0.052
ce082ed0-ea41-11ed-9704-3747ffc8acfd,7.997493 46.55824,2023-05-04 12:00:00+02:00,7,PERSON,SLAB,3,DRY,S,138,46.51419064359404,7.991690728616659,0,JUN,JUN,-2.7,-3.0,-2.2,,,47.9,2.4,-12.2,661.7,,1028.2,3127.2,,5.8,318.0,3.1,11.2,20.9,5.4,19.4,,,,,1043.0,195.0,,,,60.0,0.37
74720590-2505-48bc-ad7b-327442e7d8ae,8.216759 46.608474,2023-04-22 12:00:00+02:00,7,PERSON,SLAB,1,DRY,N,65,46.57833333521902,8.20209416367219,0,ULR,ULR,14.8,14.2,15.7,18.8,17.9,33.9,5.7,-1.0,861.7,,1013.4,,1462.6,12.6,103.0,6.2,22.3,45.4,12.2,43.9,,,0.0,0.0,931.0,288.0,,,368.0,53.0,0.557
72a5d090-d8f5-11ed-9de9-4bc775516e2e,8.249382 46.761703,2023-04-12 16:00:00+02:00,3,NATURAL,FULL_DEPTH,2,WET,SW,19,46.797668862097254,8.23799943531135,0,GIH,GIH,14.6,14.2,15.2,,,59.8,9.9,6.9,949.4,1003.6,1004.5,,,4.7,18.0,1.1,4.0,16.9,4.4,15.8,0.0,,0.0,,52.0,,,,50.0,0.0,0.067
1b05e8ea-984f-445d-8163-f5d970cfecf8,8.387973 46.785269,2023-04-13 07:00:00+02:00,4,EXPLOSIVE,SLAB,1,WET,NW,16,46.74721431161781,8.354249746897576,0,TIT,TIT,-13.5,-13.7,-13.0,,,100.0,2.2,-13.5,683.5,,1001.1,2915.8,,10.2,306.0,5.7,20.5,36.7,9.9,35.6,,,,,127.0,,,,,,0.019
50374fe0-d439-11ed-a920-a702e6e7f311,8.245848 46.760908,2023-04-06 16:00:00+02:00,2,NATURAL,FULL_DEPTH,1,WET,SW,106,46.74073601459517,8.2577941020287,0,MER,MER,11.0,10.9,11.1,11.5,11.1,34.5,4.6,-4.0,948.7,1017.6,1017.8,,,7.5,290.0,3.9,14.0,27.0,7.3,26.3,0.0,,0.0,,207.0,,,,202.0,0.0,0.186
dda75b80-ddc2-11ed-b3b1-431b3c02902e,8.263291 46.74286,2023-04-17 14:30:00.000 +0200,1,SNOW_GROOMER,SLAB,3,DRY,SE,127,46.74286,8.263291,1,MER,MER,11.6,11.1,12.1,14.3,13.0,57.1,7.8,3.4,948.8,1017.6,1017.9,,,13.4,336.0,6.0,21.6,48.2,13.2,47.5,0.0,,0.0,,451.0,,,,342.0,10.0,0.264
27d50482-68af-45c1-b95c-82786dd48176,7.97274 46.575625,2023-04-03 08:00:00+02:00,3,EXPLOSIVE,LOOSE_SNOW,1,DRY,N,239,46.54364992491017,8.002615050471153,0,JUN,JUN,-13.4,-13.9,-13.0,,,44.8,1.0,-23.0,650.9,,1012.8,3018.0,,13.2,349.0,5.9,21.2,47.5,12.6,45.4,,,,,476.0,137.0,,,,60.0,0.095
bc76da5f-d990-4bb2-a099-1ab0703da0a4,8.422538 46.779775,2023-05-02 07:30:00.000 +0200,4,EXPLOSIVE,SLAB,2,DRY,N,107,46.779775,8.422538,1,TIT,TIT,-6.7,-6.9,-6.5,,,97.5,3.6,-7.1,697.0,,1019.6,3064.7,,10.9,23.0,7.1,25.6,39.2,10.7,38.5,,,,,152.0,,,,,,0.033
ad1f7e7f-180e-4f38-9562-d610574cd4c5,8.239483 46.749076,2023-04-03 06:30:00+02:00,2,EXPLOSIVE,SLAB,1,DRY,N,35,46.75427801841247,8.24420911700308,0,MER,MER,5.1,4.7,5.6,4.0,3.9,80.7,7.1,2.0,950.5,1021.1,1019.7,,,8.5,267.0,4.5,16.2,30.6,8.2,29.5,0.0,,0.0,,18.0,,,,16.0,0.0,0.036
564bddb0-e717-11ed-acf0-f7b342f82229,7.822357 46.529218,2023-04-29 12:00:00+02:00,7,NATURAL,SLAB,3,UNKNOWN,N,32,46.5228752974708,7.793158985574205,0,FRU,FRU,16.1,15.4,16.4,,,67.6,12.4,10.2,,,,,,6.0,45.0,3.2,11.5,21.6,5.8,20.9,,,0.0,,859.0,334.0,,,412.0,56.0,
c1bf9390-dd0b-11ed-8f1e-7bb69ddca4ec,8.237684 46.748368,2023-04-19 12:00:00+02:00,7,NATURAL,SLAB,2,DRY,NW,65,46.74926443054101,8.248468237192572,0,MER,MER,13.9,13.3,14.3,21.2,21.0,60.5,9.6,6.4,948.0,1016.1,1017.0,,,8.5,280.0,4.3,15.5,30.6,8.2,29.5,0.0,,0.0,,892.0,,,,138.0,60.0,0.463
a94851d0-e58a-11ed-94a2-bf37c1703856,7.5461 46.68465,2023-04-28 12:00:00+02:00,7,NATURAL,SLAB,2,UNKNOWN,SW,10,46.68875816406928,7.509287523468081,0,THU,THU,17.0,16.7,17.4,,,71.8,13.9,11.9,950.1,1015.4,1017.0,,,2.4,257.0,1.0,3.6,8.6,2.3,8.3,,,0.0,,216.0,,,,,0.0,0.154
f9b59268-33ad-4905-91cd-ccc9a1ae40a4,8.385942 46.778812,2023-04-17 08:30:00+02:00,2,EXPLOSIVE,LOOSE_SNOW,2,DRY,NE,109,46.79041412010121,8.379086443277847,0,ENG,ENG,4.0,3.0,5.4,7.8,4.9,89.2,7.3,2.4,900.3,,1019.4,,1502.5,3.8,135.0,0.8,2.9,13.7,3.6,13.0,0.0,,0.0,0.0,430.0,288.0,,,,28.0,0.168
a94851d0-e58a-11ed-94a2-bf37c1703856,7.5461 46.68465,2023-04-26 12:00:00+02:00,7,NATURAL,SLAB,2,UNKNOWN,SW,0,46.71596346165784,7.511995669642227,0,THU,THU,12.5,12.0,13.0,,,55.4,8.0,3.8,949.5,1015.9,1016.4,,,5.9,348.0,2.1,7.6,21.2,5.7,20.5,,,0.0,,579.0,,,,,23.0,0.322
c1bf9390-dd0b-11ed-8f1e-7bb69ddca4ec,8.237684 46.748368,2023-04-16 12:00:00+02:00,7,NATURAL,SLAB,2,DRY,NW,148,46.78520153460515,8.232538049276052,0,GIH,GIH,7.2,7.0,7.3,,,99.3,10.1,7.1,965.4,1022.1,1021.2,,,1.0,63.0,0.3,1.1,3.6,1.0,3.6,0.0,,0.2,,119.0,,,,109.0,0.0,0.069
50fbf8f0-dd0c-11ed-8f1e-7bb69ddca4ec,8.23687 46.747556,2023-04-16 12:00:00+02:00,5,NATURAL,SLAB,2,DRY,N,0,46.7363893840997,8.209508230688485,0,MER,MER,6.1,5.9,6.2,7.2,6.9,83.5,7.9,3.5,951.5,1021.9,1020.8,,,1.0,90.0,0.3,1.1,3.6,0.9,3.2,0.0,,0.2,,119.0,,,,108.0,0.0,0.07
68246170-d6db-11ed-8552-37fbec7ec321,8.370977 46.777677,2023-04-10 15:00:00+02:00,3,NATURAL,FULL_DEPTH,2,WET,S,63,46.820698181624984,8.326497247452883,0,ENG,ENG,12.4,12.1,12.8,16.1,15.8,40.5,5.8,-0.7,901.0,,1020.2,,1523.3,7.3,233.0,3.9,14.0,26.3,6.2,22.3,0.0,,0.0,0.0,403.0,301.0,,,,28.0,0.264
b6bd2020-dd0b-11ed-8f1e-7bb69ddca4ec,8.237321 46.747742,2023-04-16 12:00:00+02:00,7,NATURAL,SLAB,2,DRY,N,0,46.71199138389503,8.22543512696883,0,MER,MER,6.1,5.9,6.2,7.2,6.9,83.5,7.9,3.5,951.5,1021.9,1020.8,,,1.0,90.0,0.3,1.1,3.6,0.9,3.2,0.0,,0.2,,119.0,,,,108.0,0.0,0.07
673e5d3c-9736-4824-ac24-c511ffd507c4,8.418437 46.784875,2023-04-18 08:00:00+02:00,4,EXPLOSIVE,SLAB,1,DRY,NW,0,46.8251091060988,8.414328231554402,0,ENG,ENG,5.1,4.3,5.9,12.1,9.3,69.1,6.1,-0.2,898.4,,1017.3,,1486.8,3.7,99.0,2.0,7.2,13.3,3.4,12.2,0.0,,0.0,0.0,460.0,253.0,,,,60.0,0.186
50374fe0-d439-11ed-a920-a702e6e7f311,8.245848 46.760908,2023-04-06 16:00:00+02:00,2,NATURAL,FULL_DEPTH,1,WET,SW,3,46.72972769127707,8.240300064037429,0,MER,MER,11.0,10.9,11.1,11.5,11.1,34.5,4.6,-4.0,948.7,1017.6,1017.8,,,7.5,290.0,3.9,14.0,27.0,7.3,26.3,0.0,,0.0,,207.0,,,,202.0,0.0,0.186
673e5d3c-9736-4824-ac24-c511ffd507c4,8.418437 46.784875,2023-04-16 08:00:00+02:00,4,EXPLOSIVE,SLAB,1,DRY,NW,84,46.79182081686875,8.390838948285156,0,ENG,ENG,0.4,0.3,0.5,0.8,0.6,97.4,6.1,0.1,899.6,,1018.7,,1490.1,1.8,95.0,1.1,4.0,6.5,1.7,6.1,0.0,,1.7,0.0,76.0,320.0,,,,0.0,0.037
11f734d7-e1b6-4c3b-8fe6-abdd0b39cea0,8.385873 46.778735,2023-04-12 08:00:00+02:00,4,EXPLOSIVE,SLAB,2,DRY,NE,115,46.77232817591753,8.41236015851133,0,TIT,TIT,-4.5,-4.7,-4.3,,,96.7,4.2,-5.0,689.8,,1009.7,2982.1,,21.3,256.0,9.9,35.6,76.7,20.0,72.0,,,,,216.0,,,,,,0.045
c8955470-dce3-11ed-bcd6-6b951ea9af39,8.419791 46.782658,2023-04-19 12:00:00+02:00,7,EXPLOSIVE,SLAB,2,DRY,N,154,46.77280473405286,8.38413522701489,0,TIT,TIT,-6.1,-6.3,-5.9,,,88.8,3.5,-7.7,695.4,,1017.3,3045.9,,12.7,274.0,6.4,23.0,45.7,12.5,45.0,,,,,763.0,,,,,,0.171
f4bbdd10-e717-11ed-acf0-f7b342f82229,7.841373 46.562945,2023-04-30 12:00:00+02:00,7,NATURAL,UNKNOWN,3,UNKNOWN,NW,74,46.52215206071072,7.831181413598106,0,INT,INT,14.9,14.7,15.1,19.6,18.8,68.7,11.6,9.2,948.1,1014.8,1016.0,,,8.5,300.0,4.5,16.2,30.6,7.9,28.4,0.0,,0.0,,475.0,,,,440.0,0.0,0.283
d1dc6b80-4759-4599-8761-9b826a9ee094,8.401311 46.769587,2023-04-16 00:00:00+02:00,6,NATURAL,SLAB,3,DRY,NW,0,46.81119922646689,8.377755111902088,0,ENG,ENG,1.1,1.0,1.3,0.7,0.7,94.3,6.3,0.3,899.0,,1018.0,,1485.6,5.7,88.0,2.9,10.4,20.5,5.3,19.1,0.0,,0.7,0.0,0.0,314.0,,,,0.0,-0.001
1a787419-5802-4808-a192-fbe672afe523,8.389757 46.787324,2023-04-17 08:30:00+02:00,4,EXPLOSIVE,LOOSE_SNOW,2,DRY,N,153,46.77943123615677,8.360282837867649,0,ENG,ENG,4.0,3.0,5.4,7.8,4.9,89.2,7.3,2.4,900.3,,1019.4,,1502.5,3.8,135.0,0.8,2.9,13.7,3.6,13.0,0.0,,0.0,0.0,430.0,288.0,,,,28.0,0.168
bafec949-69be-4d29-96df-732ded5d7686,8.389718 46.787228,2023-04-04 08:00:00+02:00,3,EXPLOSIVE,SLAB,1,DRY,N,108,46.76683771705611,8.353902113816602,0,TIT,TIT,-12.5,-13.3,-11.8,,,18.8,0.4,-31.7,688.7,,1008.2,2973.0,,19.4,315.0,4.7,16.9,69.8,18.7,67.3,,,,,471.0,,,,,,0.106
ae543637-3b77-4592-997d-c9f3fc4c3078,8.424992 46.778957,2023-04-26 07:30:00+02:00,2,EXPLOSIVE,SLAB,2,DRY,N,65,46.796472436300746,8.42457374074091,0,TIT,TIT,-9.2,-9.2,-9.1,,,23.4,0.7,-26.4,692.4,,1013.2,3013.0,,14.7,275.0,9.8,35.3,52.9,14.4,51.8,,,,,381.0,,,,,,0.118
fdfaf590-ea4c-11ed-8348-fb5788bd30bc,8.001152 46.577404,2023-05-01 12:00:00+02:00,7,NATURAL,SLAB,2,DRY,NW,50,46.602238557570466,8.040526548493858,0,JUN,JUN,-6.3,-6.6,-6.0,,,94.6,3.6,-7.0,653.7,,1016.8,3036.8,,2.9,175.0,1.2,4.3,10.4,2.8,10.1,,,,,737.0,282.0,,,,0.0,0.244
f9b59268-33ad-4905-91cd-ccc9a1ae40a4,8.385942 46.778812,2023-04-17 08:30:00+02:00,2,EXPLOSIVE,LOOSE_SNOW,2,DRY,NE,44,46.778449548268895,8.360505715474407,0,TIT,TIT,-9.6,-9.7,-9.4,,,91.6,2.7,-10.7,694.0,,1015.4,3030.7,,16.1,31.0,6.3,22.7,58.0,15.2,54.7,,,,,296.0,,,,,,0.057
10ab716e-5fe3-4dac-9343-2f5c3d5e2a92,8.244594 46.61198,2023-05-10 12:00:00+02:00,7,NATURAL,SLAB,4,WET,NW,17,46.64895592460113,8.27028148148305,0,GRH,GRH,1.8,1.4,1.9,,,94.4,6.6,1.0,801.0,,1016.0,,1479.2,9.9,355.0,5.8,20.9,35.6,9.3,33.5,,,0.0,106.0,448.0,319.0,,,,0.0,0.142
ad1f7e7f-180e-4f38-9562-d610574cd4c5,8.239483 46.749076,2023-04-04 06:30:00+02:00,2,EXPLOSIVE,SLAB,1,DRY,N,17,46.73086530010908,8.236708951296256,0,MER,MER,0.7,0.6,0.9,-1.3,-1.8,67.1,4.3,-4.7,949.3,1021.0,1018.4,,,5.0,332.0,1.9,6.8,18.0,4.9,17.6,0.0,,0.0,,25.0,,,,21.0,0.0,0.027
acaee50d-c93e-4865-b666-dcf8ca1d9f21,8.226812 46.595085,2023-04-21 12:00:00.000 +0200,7,PERSON,SLAB,1,DRY,NW,256,46.595085,8.226812,1,GRH,GRH,1.9,1.3,2.4,,,76.3,5.4,-1.8,799.3,,1013.9,,1461.9,10.7,152.0,7.0,25.2,38.5,10.2,36.7,,,0.0,186.0,555.0,311.0,,,,0.0,0.188
74d69404-e345-4837-afea-4a4f976882c4,8.416507 46.785698,2023-04-16 08:00:00.000 +0200,4,EXPLOSIVE,SLAB,2,DRY,NW,161,46.785698,8.416507,1,TIT,TIT,-9.5,-9.6,-9.3,,,94.1,2.8,-10.3,692.7,,1013.7,3017.0,,7.6,16.0,3.6,13.0,27.4,7.1,25.6,,,,,249.0,,,,,,0.057
45a4cc4a-b623-44fe-a276-c1a4df80223b,8.420264 46.781131,2023-05-02 07:30:00.000 +0200,4,EXPLOSIVE,SLAB,2,DRY,N,115,46.781131,8.420264,1,TIT,TIT,-6.7,-6.9,-6.5,,,97.5,3.6,-7.1,697.0,,1019.6,3064.7,,10.9,23.0,7.1,25.6,39.2,10.7,38.5,,,,,152.0,,,,,,0.033
b1c2736c-200d-4a78-a75a-d1aa12bb81e8,7.992735 46.584254,2023-06-05 08:00:00.000 +0200,3,EXPLOSIVE,UNKNOWN,0,UNKNOWN,,4,46.584254,7.992735,1,JUN,JUN,-2.8,-3.1,-2.3,,,58.3,2.9,-9.9,659.1,,1024.6,3096.0,,2.9,323.0,0.5,1.8,10.4,2.8,10.1,,,,,685.0,192.0,,,,60.0,0.264
129ea644-660f-4e28-b1b5-6ad36254a3b7,8.425551 46.770235,2023-05-19 09:00:00+02:00,3,EXPLOSIVE,SLAB,2,DRY,SE,57,46.780059584454406,8.381425817086235,0,TIT,TIT,-2.6,-2.9,-2.2,,,86.6,4.4,-4.5,697.8,,1020.6,3072.4,,12.1,134.0,8.6,31.0,43.6,11.7,42.1,,,,,638.0,,,,,,0.157
f4bbdd10-e717-11ed-acf0-f7b342f82229,7.841373 46.562945,2023-05-01 12:00:00+02:00,7,NATURAL,UNKNOWN,3,UNKNOWN,NW,107,46.56133250232883,7.808815918742607,0,INT,INT,10.5,10.4,10.6,12.5,12.3,87.4,11.1,8.5,949.8,1017.7,1017.8,,,1.2,270.0,0.5,1.8,4.3,1.2,4.3,0.0,,1.3,,127.0,,,,126.0,0.0,0.082
34e33f73-9c60-4cff-be3e-9f199f5b9d9e,8.385879 46.778707,2023-04-16 05:00:00.000 +0200,3,EXPLOSIVE,UNKNOWN,2,DRY,NE,126,46.778707,8.385879,1,TIT,TIT,-9.8,-10.0,-9.7,,,94.3,2.8,-10.6,691.9,,1012.6,3008.0,,13.0,336.0,3.9,14.0,46.8,12.7,45.7,,,,,0.0,,,,,,0.0
ab2a9319-7f29-4629-a314-d5965080c33e,8.421443 46.780432,2023-05-02 07:30:00.000 +0200,4,EXPLOSIVE,SLAB,2,DRY,N,119,46.780432,8.421443,1,TIT,TIT,-6.7,-6.9,-6.5,,,97.5,3.6,-7.1,697.0,,1019.6,3064.7,,10.9,23.0,7.1,25.6,39.2,10.7,38.5,,,,,152.0,,,,,,0.033
97f65a13-9c8a-44c6-b5dc-c7c4d60fed1e,7.972757 46.575628,2023-04-19 07:30:00+02:00,2,EXPLOSIVE,SLAB,1,DRY,N,213,46.56010459949266,7.9927367909926925,0,JUN,JUN,-10.2,-10.3,-10.2,,,87.8,2.5,-11.9,654.8,,1018.3,3057.6,,7.5,308.0,6.6,23.8,27.0,7.4,26.6,,,,,285.0,164.0,,,,58.0,0.052
2f93ceb4-a841-42da-a6c1-1933628dbb83,8.385941 46.778747,2023-04-01 07:00:00+02:00,4,EXPLOSIVE,SLAB,2,DRY,NE,72,46.76749084285923,8.359970396162943,0,TIT,TIT,-10.8,-10.8,-10.6,,,97.0,2.6,-11.1,686.0,,1004.5,2941.7,,25.3,286.0,14.5,52.2,91.1,24.5,88.2,,,,,91.0,,,,,,0.013
37f6f440-e68a-11ed-9633-279e930b62b5,7.970158 46.5442,2023-05-02 12:00:00+02:00,7,NATURAL,SLAB,2,DRY,SE,299,46.50762554205277,7.964423187410057,0,JUN,JUN,-8.5,-9.3,-7.8,,,67.9,2.2,-13.6,656.8,,1021.3,3078.7,,10.8,317.0,5.5,19.8,38.9,10.1,36.4,,,,,1061.0,187.0,,,,49.0,0.243
b463a2d6-9b9e-4b10-99b6-7308c06e3b30,8.423808 46.779796,2023-04-22 08:00:00+02:00,3,EXPLOSIVE,SLAB,1,DRY,N,2,46.79993215773278,8.404384712292515,0,ENG,ENG,10.0,8.9,10.9,15.8,13.4,57.4,7.0,1.9,894.4,,1012.9,,1458.5,2.8,194.0,0.8,2.9,10.1,2.6,9.4,0.0,,0.0,0.0,438.0,275.0,,,,60.0,0.216
146fb98c-e881-4676-9e59-446d1d57d1c2,8.034003 46.784284,2023-04-19 10:30:00+02:00,4,EXPLOSIVE,SLAB,2,DRY,S,16,46.792592827885095,7.998810552672142,0,BRZ,BRZ,,,,,,,,,952.0,,1018.7,,,4.7,258.0,2.9,10.4,16.9,4.6,16.6,,,0.0,,,,,,,,
3efdca94-9b97-483a-8a85-137add93bbd1,8.426389 46.777499,2023-05-05 07:30:00+02:00,4,EXPLOSIVE,SLAB,3,DRY,NE,0,46.81910649842694,8.421862751287334,0,ENG,ENG,11.7,10.2,13.4,12.1,7.9,69.7,9.6,6.3,902.2,,1021.5,,1533.1,3.1,112.0,1.3,4.7,11.2,2.8,10.1,0.0,,0.0,0.0,250.0,293.0,,,,32.0,0.135
b4aeb776-bc6c-459f-adeb-919a10f47c8a,8.420466 46.780907,2023-04-04 07:00:00+02:00,4,EXPLOSIVE,SLAB,2,DRY,NW,56,46.78801452105234,8.40546908068899,0,TIT,TIT,-13.3,-13.6,-13.1,,,20.2,0.5,-31.5,688.6,,1008.1,2972.7,,22.7,49.0,6.8,24.5,81.7,21.8,78.5,,,,,257.0,,,,,,0.081
1a787419-5802-4808-a192-fbe672afe523,8.389757 46.787324,2023-04-19 08:30:00+02:00,4,EXPLOSIVE,LOOSE_SNOW,2,DRY,N,0,46.825742777707305,8.422133694914843,0,ENG,ENG,7.0,5.8,8.3,15.6,12.7,76.2,7.6,3.1,900.1,,1019.2,,1505.6,4.8,204.0,1.9,6.8,17.3,4.1,14.8,0.0,,0.0,0.0,545.0,295.0,,,,55.0,0.227
a94851d0-e58a-11ed-94a2-bf37c1703856,7.5461 46.68465,2023-04-26 12:00:00+02:00,7,NATURAL,SLAB,2,UNKNOWN,SW,32,46.70124822849504,7.538486607833953,0,THU,THU,12.5,12.0,13.0,,,55.4,8.0,3.8,949.5,1015.9,1016.4,,,5.9,348.0,2.1,7.6,21.2,5.7,20.5,,,0.0,,579.0,,,,,23.0,0.322
f9b59268-33ad-4905-91cd-ccc9a1ae40a4,8.385942 46.778812,2023-04-16 08:30:00+02:00,2,EXPLOSIVE,LOOSE_SNOW,2,DRY,NE,69,46.78085852217928,8.346880635403386,0,ENG,ENG,0.4,0.3,0.5,0.8,0.6,97.4,6.1,0.1,899.6,,1018.7,,1490.1,1.8,95.0,1.1,4.0,6.5,1.7,6.1,0.0,,1.7,0.0,76.0,320.0,,,,0.0,0.037
931d9d63-4823-45cb-940f-26620aa25be9,8.425244 46.779006,2023-04-14 07:30:00+02:00,2,EXPLOSIVE,SLAB,2,DRY,N,197,46.74320410865184,8.4227343633799,0,TIT,TIT,-13.4,-13.7,-13.1,,,99.4,2.2,-13.5,684.7,,1002.8,2929.1,,9.3,318.0,3.0,10.8,33.5,8.9,32.0,,,,,121.0,,,,,,0.023
9b1e09ce-808a-44b8-8176-c69307d3a01b,8.390545 46.780329,2023-04-16 08:30:00+02:00,4,EXPLOSIVE,LOOSE_SNOW,1,DRY,NW,3,46.8220958965424,8.353787848423378,0,ENG,ENG,0.4,0.3,0.5,0.8,0.6,97.4,6.1,0.1,899.6,,1018.7,,1490.1,1.8,95.0,1.1,4.0,6.5,1.7,6.1,0.0,,1.7,0.0,76.0,320.0,,,,0.0,0.037
d68cc42c-2801-4238-bb58-3d963f2ab1ea,8.380899 46.782267,2023-04-03 07:00:00+02:00,4,EXPLOSIVE,SLAB,3,DRY,N,139,46.77514680390107,8.40057709582404,0,TIT,TIT,-11.1,-11.4,-10.6,,,93.9,2.5,-11.9,692.7,,1013.6,3017.2,,10.4,32.0,6.3,22.7,37.4,9.9,35.6,,,,,76.0,,,,,,0.018
bdf4c097-2315-413e-a320-168acfd62b21,8.380633 46.782526,2023-04-14 08:00:00+02:00,4,EXPLOSIVE,SLAB,3,DRY,N,60,46.80466012804394,8.371593080995876,0,ENG,ENG,1.2,0.8,1.7,1.5,0.4,85.8,5.7,-1.0,891.7,,1009.9,,1421.1,5.4,267.0,2.3,8.3,19.4,5.3,19.1,0.0,,0.0,7.0,184.0,295.0,,,,0.0,0.073
d68cc42c-2801-4238-bb58-3d963f2ab1ea,8.380899 46.782267,2023-04-04 07:00:00+02:00,4,EXPLOSIVE,SLAB,3,DRY,N,178,46.80543641588956,8.341253633307822,0,ENG,ENG,-3.7,-3.9,-3.3,-3.3,-3.4,89.3,4.2,-5.2,898.6,,1017.6,,1474.4,5.4,231.0,3.3,11.9,19.4,5.2,18.7,0.0,,0.0,0.0,44.0,289.0,,,,0.0,0.023
c1bf9390-dd0b-11ed-8f1e-7bb69ddca4ec,8.237684 46.748368,2023-04-18 12:00:00+02:00,7,NATURAL,SLAB,2,DRY,NW,101,46.77684659355279,8.25728527498937,0,MER,MER,14.6,13.7,15.7,22.4,22.0,50.9,8.5,4.5,947.4,1015.3,1016.4,,,7.5,294.0,2.8,10.1,27.0,7.3,26.3,0.0,,0.0,,876.0,,,,114.0,60.0,0.485
b2ae7f83-144e-4307-bbca-2bcde419c704,8.384786 46.783437,2023-04-16 08:30:00+02:00,4,EXPLOSIVE,LOOSE_SNOW,1,DRY,N,180,46.78352601052058,8.38609402512946,0,TIT,TIT,-9.5,-9.6,-9.3,,,94.1,2.8,-10.3,692.7,,1013.7,3017.0,,7.6,16.0,3.6,13.0,27.4,7.1,25.6,,,,,249.0,,,,,,0.057
acaee50d-c93e-4865-b666-dcf8ca1d9f21,8.226812 46.595085,2023-04-23 12:00:00+02:00,7,PERSON,SLAB,1,DRY,NW,70,46.57012249269515,8.210756653509733,0,ULR,ULR,10.6,9.8,11.0,11.6,11.3,60.8,7.8,3.3,860.5,,1012.0,,1449.1,6.6,39.0,0.9,3.2,23.8,6.4,23.0,,,0.0,0.0,307.0,332.0,,,287.0,0.0,0.185
1360c83b-baa5-40fd-8967-adc55e27b8f8,8.035169 46.786944,2023-05-10 11:00:00+02:00,4,EXPLOSIVE,FULL_DEPTH,2,WET,SW,1,46.77247996814533,8.007395456854766,0,BRZ,BRZ,,,,,,,,,949.4,,1015.9,,,5.8,262.0,2.4,8.6,20.9,5.6,20.2,,,0.2,,,,,,,,
74720590-2505-48bc-ad7b-327442e7d8ae,8.216759 46.608474,2023-04-23 12:00:00+02:00,7,PERSON,SLAB,1,DRY,N,112,46.56776143837122,8.204274688222176,0,ULR,ULR,10.6,9.8,11.0,11.6,11.3,60.8,7.8,3.3,860.5,,1012.0,,1449.1,6.6,39.0,0.9,3.2,23.8,6.4,23.0,,,0.0,0.0,307.0,332.0,,,287.0,0.0,0.185
6e6f00b6-dfe0-4527-9b3f-7c45ffdf4fee,8.379219 46.783826,2023-04-04 07:00:00+02:00,4,EXPLOSIVE,SLAB,2,DRY,N,18,46.799545233627406,8.393886431101214,0,ENG,ENG,-3.7,-3.9,-3.3,-3.3,-3.4,89.3,4.2,-5.2,898.6,,1017.6,,1474.4,5.4,231.0,3.3,11.9,19.4,5.2,18.7,0.0,,0.0,0.0,44.0,289.0,,,,0.0,0.023
146fb98c-e881-4676-9e59-446d1d57d1c2,8.034003 46.784284,2023-04-21 10:30:00+02:00,4,EXPLOSIVE,SLAB,2,DRY,S,99,46.78136850911736,7.991622606663469,0,BRZ,BRZ,,,,,,,,,944.6,,1010.9,,,4.7,261.0,2.6,9.4,16.9,4.5,16.2,,,0.0,,,,,,,,
4067dd0b-f3b4-40af-8872-12824f7b55a6,8.423024 46.779666,2023-04-02 07:00:00+02:00,4,EXPLOSIVE,SLAB,3,DRY,NE,127,46.78290766803352,8.384256072951072,0,TIT,TIT,-11.8,-11.9,-11.7,,,95.3,2.4,-12.4,688.8,,1008.4,2974.4,,8.9,313.0,5.2,18.7,32.0,8.8,31.7,,,,,127.0,,,,,,0.022
6e6f00b6-dfe0-4527-9b3f-7c45ffdf4fee,8.379219 46.783826,2023-04-04 07:00:00+02:00,4,EXPLOSIVE,SLAB,2,DRY,N,0,46.81096652077753,8.394414808841766,0,ENG,ENG,-3.7,-3.9,-3.3,-3.3,-3.4,89.3,4.2,-5.2,898.6,,1017.6,,1474.4,5.4,231.0,3.3,11.9,19.4,5.2,18.7,0.0,,0.0,0.0,44.0,289.0,,,,0.0,0.023
1aca9480-d131-11ed-bb43-5ff35461761d,8.354817 46.766741,2023-04-02 12:00:00+02:00,10,NATURAL,SLAB,3,DRY,NW,71,46.74073467660568,8.316537914654862,0,TIT,TIT,-10.5,-10.6,-10.3,,,93.9,2.6,-11.3,691.2,,1011.6,3000.3,,4.0,317.0,1.8,6.5,14.4,3.8,13.7,,,,,713.0,,,,,,0.173
97c5682e-950b-4c24-8c69-651f6ff3d0c8,8.035288 46.786336,2023-04-21 10:30:00+02:00,4,EXPLOSIVE,SLAB,2,DRY,S,28,46.79274072410386,8.009688065017171,0,BRZ,BRZ,,,,,,,,,944.6,,1010.9,,,4.7,261.0,2.6,9.4,16.9,4.5,16.2,,,0.0,,,,,,,,
ad918400-77b8-4908-b8c3-86205d723ff7,8.426238 46.77793,2023-04-27 07:30:00+02:00,2,EXPLOSIVE,SLAB,2,DRY,NE,21,46.74902165942267,8.385881259614035,0,TIT,TIT,-7.2,-7.3,-7.1,,,89.9,3.2,-8.6,696.2,,1018.4,3055.0,,8.5,238.0,4.7,16.9,30.6,8.4,30.2,,,,,272.0,,,,,,0.062
1360c83b-baa5-40fd-8967-adc55e27b8f8,8.035169 46.786944,2023-05-11 11:00:00+02:00,4,EXPLOSIVE,FULL_DEPTH,2,WET,SW,0,46.80363991225141,8.070907628359203,0,BRZ,BRZ,,,,,,,,,948.8,,1015.3,,,4.3,254.0,1.0,3.6,15.5,4.1,14.8,,,0.0,,,,,,,,
74720590-2505-48bc-ad7b-327442e7d8ae,8.216759 46.608474,2023-04-22 12:00:00+02:00,7,PERSON,SLAB,1,DRY,N,90,46.563713341859064,8.210592760445344,0,ULR,ULR,14.8,14.2,15.7,18.8,17.9,33.9,5.7,-1.0,861.7,,1013.4,,1462.6,12.6,103.0,6.2,22.3,45.4,12.2,43.9,,,0.0,0.0,931.0,288.0,,,368.0,53.0,0.557
26f6eb66-fc4c-4eb2-aecd-11eeddba5a5a,7.964013 46.534843,2023-05-17 10:30:00.000 +0200,3,PERSON,SLAB,1,DRY,SE,283,46.534843,7.964013,1,JUN,JUN,-5.5,-6.2,-4.4,,,79.8,3.2,-8.4,653.8,,1016.9,3035.6,,8.0,136.0,4.4,15.8,28.8,7.7,27.7,,,,,875.0,237.0,,,,16.0,0.24
63723fcc-14a3-472f-a9d8-8ce81f021fe4,8.42184 46.780304,2023-05-02 07:30:00+02:00,2,EXPLOSIVE,LOOSE_SNOW,1,WET,N,171,46.77461462082822,8.422582821061138,0,TIT,TIT,-6.7,-6.9,-6.5,,,97.5,3.6,-7.1,697.0,,1019.6,3064.7,,10.9,23.0,7.1,25.6,39.2,10.7,38.5,,,,,152.0,,,,,,0.033
34e33f73-9c60-4cff-be3e-9f199f5b9d9e,8.385879 46.778707,2023-04-19 05:00:00+02:00,3,EXPLOSIVE,UNKNOWN,2,DRY,NE,150,46.76011816348501,8.426428989857405,0,TIT,TIT,-6.7,-6.9,-6.4,,,78.7,2.9,-9.8,696.1,,1018.2,3053.6,,7.5,288.0,4.4,15.8,27.0,6.8,24.5,,,,,2.0,,,,,,0.005
1bb8250c-f575-4cb3-84c9-194ae951bc8a,7.944832 46.554569,2023-05-03 12:00:00+02:00,7,NATURAL,UNKNOWN,4,WET,,127,46.51443194604064,7.944395304364071,0,JUN,JUN,-2.9,-3.9,-2.2,,,31.6,1.5,-17.7,660.3,,1026.2,3109.8,,10.1,23.0,3.9,14.0,36.4,9.6,34.6,,,,,1046.0,185.0,,,,60.0,0.365
c2674210-608f-480e-8889-772ed922cf40,8.384094 46.779592,2023-04-03 07:00:00+02:00,4,EXPLOSIVE,SLAB,2,DRY,NE,158,46.75913909417803,8.373363595895963,0,TIT,TIT,-11.1,-11.4,-10.6,,,93.9,2.5,-11.9,692.7,,1013.6,3017.2,,10.4,32.0,6.3,22.7,37.4,9.9,35.6,,,,,76.0,,,,,,0.018
8b4032b5-5847-4489-a91a-a268f821bb88,8.425022 46.770122,2023-05-18 09:30:00+02:00,2,EXPLOSIVE,SLAB,2,DRY,S,88,46.78052673829944,8.395257198503066,0,TIT,TIT,-1.6,-2.5,-0.9,,,77.4,4.2,-5.0,697.4,,1020.0,3067.6,,3.4,266.0,1.7,6.1,12.2,3.1,11.2,,,,,761.0,,,,,,0.279
34e33f73-9c60-4cff-be3e-9f199f5b9d9e,8.385879 46.778707,2023-04-18 05:00:00+02:00,3,EXPLOSIVE,UNKNOWN,2,DRY,NE,70,46.79899994098303,8.387871560854206,0,ENG,ENG,2.8,2.7,3.0,2.2,2.1,87.7,6.5,1.0,898.0,,1016.9,,1479.5,2.6,84.0,1.0,3.6,9.4,2.4,8.6,0.0,,0.0,0.0,2.0,306.0,,,,0.0,-0.002
97c5682e-950b-4c24-8c69-651f6ff3d0c8,8.035288 46.786336,2023-04-18 10:30:00+02:00,4,EXPLOSIVE,SLAB,2,DRY,S,0,46.820467825807704,7.9916344606614125,0,FLU,FLU,6.7,6.1,7.4,,,81.7,8.0,3.8,,,,,,4.9,342.0,2.5,9.0,17.6,4.7,16.9,,,0.0,,,,,,,,
97f65a13-9c8a-44c6-b5dc-c7c4d60fed1e,7.972757 46.575628,2023-04-19 07:30:00+02:00,2,EXPLOSIVE,SLAB,1,DRY,N,100,46.5339961737715,7.931087938480194,0,JUN,JUN,-10.2,-10.3,-10.2,,,87.8,2.5,-11.9,654.8,,1018.3,3057.6,,7.5,308.0,6.6,23.8,27.0,7.4,26.6,,,,,285.0,164.0,,,,58.0,0.052
099a6e90-d12e-11ed-ba10-b99b29af1712,8.260874 46.762857,2023-04-05 07:18:00+02:00,0,EXPLOSIVE,SLAB,3,DRY,NE,102,46.76303352848078,8.270069896722182,0,MER,MER,0.2,-0.8,1.3,1.0,-3.5,78.3,4.8,-3.2,949.7,1021.6,1018.8,,,2.2,99.0,0.9,3.2,7.9,2.2,7.9,0.0,,0.0,,201.0,,,,51.0,45.0,0.06
c8a8b700-feb1-11ed-b35a-bf420b8ac344,8.01247 46.561817,2023-05-29 12:00:00+02:00,6,PERSON,SLAB,2,DRY,SE,144,46.52511361316831,8.048402771678004,0,JUN,JUN,-2.2,-2.6,-1.8,,,81.4,4.2,-5.0,660.0,,1025.8,3105.0,,5.6,161.0,4.1,14.8,20.2,5.5,19.8,,,,,1077.0,203.0,,,,60.0,0.35
850fbf08-4de4-4e22-97a7-6ee73d0c55e0,8.423568 46.779438,2023-04-26 07:30:00+02:00,2,EXPLOSIVE,SLAB,2,DRY,N,33,46.75221232886769,8.399263127109005,0,TIT,TIT,-9.2,-9.2,-9.1,,,23.4,0.7,-26.4,692.4,,1013.2,3013.0,,14.7,275.0,9.8,35.3,52.9,14.4,51.8,,,,,381.0,,,,,,0.118
8d0101b0-de65-11ed-ad4d-6fea2397c693,7.846102 46.562407,2023-04-21 12:00:00+02:00,7,NATURAL,FULL_DEPTH,2,WET,S,80,46.55142349224901,7.861676606517864,0,INT,INT,9.4,8.5,9.9,14.5,11.3,74.8,8.8,5.2,944.0,1011.8,1011.6,,,9.7,292.0,4.7,16.9,34.9,9.3,33.5,0.0,,0.0,,478.0,,,,405.0,1.0,0.225
ff002b7f-49f5-4ba6-971a-c1b18578a2b6,8.389256 46.787371,2023-04-14 08:30:00+02:00,2,EXPLOSIVE,SLAB,1,DRY,N,230,46.773733628336984,8.413911346698217,0,TIT,TIT,-13.4,-13.6,-13.2,,,100.0,2.2,-13.4,684.7,,1002.8,2929.3,,8.5,327.0,2.1,7.6,30.6,8.3,29.9,,,,,263.0,,,,,,0.052
ce082ed0-ea41-11ed-9704-3747ffc8acfd,7.997493 46.55824,2023-05-05 12:00:00+02:00,7,PERSON,SLAB,3,DRY,S,130,46.52411593711326,8.020079835935805,0,JUN,JUN,-1.9,-2.3,-1.4,,,79.7,4.2,-5.0,661.1,,1027.3,3117.7,,8.7,152.0,4.1,14.8,31.3,8.4,30.2,,,,,882.0,246.0,,,,41.0,0.291
26ffd848-b17b-4d9b-a93a-0d9106053d47,8.073009 46.53608,2023-05-25 12:00:00+02:00,7,PERSON,SLAB,3,DRY,,61,46.56706476669922,8.076456142438456,0,JUN,JUN,-3.2,-3.5,-2.9,,,99.0,4.8,-3.3,660.6,,1026.6,3114.1,,20.7,143.0,14.9,53.6,74.5,20.4,73.4,,,,,684.0,295.0,,,,0.0,0.118
ff002b7f-49f5-4ba6-971a-c1b18578a2b6,8.389256 46.787371,2023-04-16 08:30:00+02:00,2,EXPLOSIVE,SLAB,1,DRY,N,0,46.81386492224975,8.42435788786813,0,ENG,ENG,0.4,0.3,0.5,0.8,0.6,97.4,6.1,0.1,899.6,,1018.7,,1490.1,1.8,95.0,1.1,4.0,6.5,1.7,6.1,0.0,,1.7,0.0,76.0,320.0,,,,0.0,0.037
146fb98c-e881-4676-9e59-446d1d57d1c2,8.034003 46.784284,2023-04-19 10:30:00+02:00,4,EXPLOSIVE,SLAB,2,DRY,S,24,46.81079047853952,8.019832333636854,0,FLU,FLU,6.8,6.6,7.0,,,89.3,8.9,5.2,,,,,,5.0,335.0,2.8,10.1,18.0,4.8,17.3,,,0.0,,,,,,,,
f7fca170-d124-11ed-9f3d-c1122c0370be,8.243319 46.765333,2023-04-01 12:00:00+02:00,10,NATURAL,SLAB,3,WET,SW,23,46.79771259557573,8.232066732639415,0,GIH,GIH,11.4,10.4,12.2,,,58.2,7.9,3.5,953.8,1008.9,1009.0,,,8.9,233.0,3.9,14.0,32.0,8.6,31.0,0.0,,0.0,,426.0,,,,400.0,0.0,0.247
da27b6a6-0240-478c-9ff6-ab83983e37eb,8.426516 46.77779,2023-05-02 07:30:00+02:00,2,EXPLOSIVE,SLAB,2,DRY,NE,0,46.815958033634374,8.395976679500492,0,ENG,ENG,5.9,5.7,6.1,6.1,5.9,93.1,8.7,4.9,902.2,,1021.5,,1522.4,2.7,108.0,0.7,2.5,9.7,2.6,9.4,0.0,,0.0,0.0,32.0,330.0,,,,0.0,0.029
1360c83b-baa5-40fd-8967-adc55e27b8f8,8.035169 46.786944,2023-05-10 11:00:00+02:00,4,EXPLOSIVE,FULL_DEPTH,2,WET,SW,10,46.78727715352641,7.992037207719753,0,BRZ,BRZ,,,,,,,,,949.4,,1015.9,,,5.8,262.0,2.4,8.6,20.9,5.6,20.2,,,0.2,,,,,,,,
72a5d090-d8f5-11ed-9de9-4bc775516e2e,8.249382 46.761703,2023-04-13 16:00:00+02:00,3,NATURAL,FULL_DEPTH,2,WET,SW,0,46.718672572367375,8.239896028305074,0,MER,MER,4.5,4.3,4.8,5.5,5.0,79.1,6.7,1.2,940.6,1010.6,1009.2,,,2.6,324.0,1.1,4.0,9.4,2.6,9.4,0.0,,0.0,,160.0,,,,149.0,0.0,0.075
5192475d-5f0c-41d7-bde8-a82e5bea8b68,8.422294 46.780382,2023-04-19 08:00:00+02:00,4,EXPLOSIVE,SLAB,3,DRY,N,91,46.74094416563707,8.411992722685158,0,TIT,TIT,-6.5,-6.7,-6.4,,,78.4,3.0,-9.7,696.0,,1018.1,3052.4,,9.7,308.0,7.0,25.2,34.9,9.4,33.8,,,,,545.0,,,,,,0.12
5f7c51f6-7065-4c64-860a-51df7287e4b5,8.42359 46.779392,2023-05-19 07:00:00+02:00,4,EXPLOSIVE,SLAB,2,DRY,N,47,46.74003168913931,8.426052528551468,0,TIT,TIT,-2.9,-3.2,-2.4,,,86.1,4.2,-4.9,697.8,,1020.6,3072.9,,10.4,165.0,6.6,23.8,37.4,10.0,36.0,,,,,261.0,,,,,,0.076
50374fe0-d439-11ed-a920-a702e6e7f311,8.245848 46.760908,2023-04-06 16:00:00+02:00,2,NATURAL,FULL_DEPTH,1,WET,SW,105,46.76060471737837,8.262803273548835,0,MER,MER,11.0,10.9,11.1,11.5,11.1,34.5,4.6,-4.0,948.7,1017.6,1017.8,,,7.5,290.0,3.9,14.0,27.0,7.3,26.3,0.0,,0.0,,207.0,,,,202.0,0.0,0.186
1aca9480-d131-11ed-bb43-5ff35461761d,8.354817 46.766741,2023-04-03 12:00:00+02:00,10,NATURAL,SLAB,3,DRY,NW,109,46.75725648972844,8.361212200215151,0,TIT,TIT,-11.1,-11.3,-10.9,,,32.1,0.9,-24.6,692.5,,1013.3,3014.6,,11.7,40.0,8.9,32.0,42.1,11.6,41.8,,,,,917.0,,,,,,0.182
110f1420-d9f1-11ed-8014-25b7abf6ec82,8.252181 46.759933,2023-04-16 02:00:00+02:00,4,NATURAL,FULL_DEPTH,2,WET,S,127,46.743846315507454,8.248141346037992,0,MER,MER,5.1,5.1,5.2,4.5,4.4,95.4,8.4,4.5,949.5,1020.0,1018.6,,,1.1,333.0,0.4,1.4,4.0,1.0,3.6,0.0,,0.4,,1.0,,,,1.0,0.0,-0.006
4067dd0b-f3b4-40af-8872-12824f7b55a6,8.423024 46.779666,2023-04-02 07:00:00+02:00,4,EXPLOSIVE,SLAB,3,DRY,NE,162,46.77398750345237,8.394803432990114,0,TIT,TIT,-11.8,-11.9,-11.7,,,95.3,2.4,-12.4,688.8,,1008.4,2974.4,,8.9,313.0,5.2,18.7,32.0,8.8,31.7,,,,,127.0,,,,,,0.022
a7ed94b7-52d1-4b17-9928-83b4745ca8bf,8.307745 46.608205,2023-05-02 12:00:00+02:00,7,NATURAL,UNKNOWN,3,WET,,0,46.64754777141393,8.303708271534694,0,GRH,GRH,1.7,1.5,2.1,,,94.2,6.5,0.9,805.9,,1021.9,,1529.4,8.4,352.0,5.0,18.0,30.2,8.3,29.9,,,0.0,161.0,418.0,318.0,,,,0.0,0.138
c8955470-dce3-11ed-bcd6-6b951ea9af39,8.419791 46.782658,2023-04-17 12:00:00+02:00,7,EXPLOSIVE,SLAB,2,DRY,N,135,46.76237167846521,8.423181266579606,0,TIT,TIT,-8.6,-8.9,-8.4,,,81.2,2.6,-11.2,694.1,,1015.6,3032.1,,10.1,94.0,5.2,18.7,36.4,9.7,34.9,,,,,980.0,,,,,,0.21
20077a30-ec16-11ed-aa20-6507e99101f4,8.022203 46.505884,2023-05-06 14:00:00+02:00,0,PERSON,SLAB,2,WET,E,179,46.505110608028936,7.994501579209692,0,JUN,JUN,-2.4,-2.6,-2.2,,,73.0,3.8,-6.5,660.2,,1026.1,3108.0,,9.0,320.0,3.7,13.3,32.4,8.7,31.3,,,,,827.0,224.0,,,,57.0,0.275
b6bd2020-dd0b-11ed-8f1e-7bb69ddca4ec,8.237321 46.747742,2023-04-17 12:00:00+02:00,7,NATURAL,SLAB,2,DRY,N,0,46.71011700196048,8.231621926251016,0,MER,MER,11.6,11.2,11.9,19.5,18.3,60.7,8.3,4.2,949.4,1018.2,1018.5,,,8.4,327.0,3.8,13.7,30.2,8.1,29.2,0.0,,0.0,,848.0,,,,368.0,39.0,0.412
839994f8-5b6d-44ab-8e1c-fd57876e2bd9,8.4215 46.780442,2023-04-04 07:00:00+02:00,4,EXPLOSIVE,SLAB,2,DRY,E,83,46.756467439921366,8.41607920618793,0,TIT,TIT,-13.3,-13.6,-13.1,,,20.2,0.5,-31.5,688.6,,1008.1,2972.7,,22.7,49.0,6.8,24.5,81.7,21.8,78.5,,,,,257.0,,,,,,0.081
3c08ef45-da0c-4efd-bbb0-523da6d751f9,8.422511 46.78003,2023-04-26 07:30:00.000 +0200,2,EXPLOSIVE,SLAB,2,DRY,N,131,46.78003,8.422511,1,TIT,TIT,-9.2,-9.2,-9.1,,,23.4,0.7,-26.4,692.4,,1013.2,3013.0,,14.7,275.0,9.8,35.3,52.9,14.4,51.8,,,,,381.0,,,,,,0.118
74720590-2505-48bc-ad7b-327442e7d8ae,8.216759 46.608474,2023-04-21 12:00:00+02:00,7,PERSON,SLAB,1,DRY,N,98,46.63164124864639,8.240990913060196,0,GRH,GRH,1.9,1.3,2.4,,,76.3,5.4,-1.8,799.3,,1013.9,,1461.9,10.7,152.0,7.0,25.2,38.5,10.2,36.7,,,0.0,186.0,555.0,311.0,,,,0.0,0.188
ad1f7e7f-180e-4f38-9562-d610574cd4c5,8.239483 46.749076,2023-04-04 06:30:00+02:00,2,EXPLOSIVE,SLAB,1,DRY,N,0,46.72185800003648,8.229402826045815,0,MER,MER,0.7,0.6,0.9,-1.3,-1.8,67.1,4.3,-4.7,949.3,1021.0,1018.4,,,5.0,332.0,1.9,6.8,18.0,4.9,17.6,0.0,,0.0,,25.0,,,,21.0,0.0,0.027
26ffd848-b17b-4d9b-a93a-0d9106053d47,8.073009 46.53608,2023-05-25 12:00:00+02:00,7,PERSON,SLAB,3,DRY,,162,46.53314122202571,8.063555733375107,0,JUN,JUN,-3.2,-3.5,-2.9,,,99.0,4.8,-3.3,660.6,,1026.6,3114.1,,20.7,143.0,14.9,53.6,74.5,20.4,73.4,,,,,684.0,295.0,,,,0.0,0.118
b5d8fc03-e36a-4fa1-9d42-ea7105356bda,8.385358 46.779077,2023-04-17 05:00:00+02:00,3,EXPLOSIVE,UNKNOWN,2,DRY,NE,180,46.74506720350805,8.415341258171225,0,TIT,TIT,-9.3,-9.4,-9.1,,,94.4,2.9,-10.1,693.5,,1014.8,3026.0,,13.9,18.0,8.3,29.9,50.0,13.6,49.0,,,,,1.0,,,,,,0.001
d1dc6b80-4759-4599-8761-9b826a9ee094,8.401311 46.769587,2023-04-13 00:00:00+02:00,6,NATURAL,SLAB,3,DRY,NW,126,46.76986846797026,8.386918580302599,0,TIT,TIT,-10.0,-10.3,-9.6,,,98.5,2.8,-10.2,685.5,,1003.9,2936.3,,16.3,265.0,7.5,27.0,58.7,16.1,58.0,,,,,0.0,,,,,,-0.001
23b16de7-0279-40fb-918f-75ed3769abf5,8.426264 46.778244,2023-05-19 07:00:00+02:00,4,EXPLOSIVE,SLAB,2,DRY,NE,13,46.75288600202582,8.396228510632437,0,TIT,TIT,-2.9,-3.2,-2.4,,,86.1,4.2,-4.9,697.8,,1020.6,3072.9,,10.4,165.0,6.6,23.8,37.4,10.0,36.0,,,,,261.0,,,,,,0.076
11290122-2f71-4b65-840e-5b583a64fdd5,8.389124 46.787453,2023-04-12 07:00:00+02:00,4,EXPLOSIVE,SLAB,2,WET,N,12,46.79957201833766,8.39397559316091,0,ENG,ENG,6.8,6.0,7.3,6.9,6.0,89.6,8.9,5.2,889.8,,1007.8,,1411.3,5.3,76.0,2.1,7.6,19.1,5.1,18.4,0.0,,0.0,0.0,105.0,324.0,,,,0.0,0.053
9f2be370-d7a6-11ed-a8d1-4961cd70d9e1,8.210814 46.503291,2023-04-09 12:00:00+02:00,7,NATURAL,SLAB,3,WET,S,119,46.52651810833045,8.228391533772147,0,ULR,ULR,9.9,9.4,10.4,16.3,15.1,25.9,3.2,-8.8,867.1,,1019.6,,1513.0,6.4,57.0,2.5,9.0,23.0,6.3,22.7,,,0.0,0.0,904.0,232.0,,,89.0,60.0,0.471
8339db4e-32c5-49bd-ae04-41feeaf45eaa,8.420784 46.781168,2023-04-14 07:00:00+02:00,3,EXPLOSIVE,SLAB,2,DRY,N,155,46.74786789940133,8.42462904180686,0,TIT,TIT,-13.4,-13.7,-13.1,,,99.4,2.2,-13.5,684.7,,1002.8,2929.1,,9.3,318.0,3.0,10.8,33.5,8.9,32.0,,,,,121.0,,,,,,0.023
74720590-2505-48bc-ad7b-327442e7d8ae,8.216759 46.608474,2023-04-23 12:00:00+02:00,7,PERSON,SLAB,1,DRY,N,71,46.64641533403114,8.172603914727448,0,MER,MER,16.1,15.8,16.4,16.9,16.0,63.9,11.7,9.3,940.2,1007.2,1008.8,,,5.1,306.0,2.3,8.3,18.4,4.9,17.6,0.0,,0.0,,236.0,,,,210.0,0.0,0.18
49e457f5-5bb7-4272-bb56-c1782a243205,8.423263 46.779484,2023-04-16 08:00:00+02:00,4,EXPLOSIVE,SLAB,3,DRY,N,68,46.80118546352993,8.408806353184026,0,ENG,ENG,0.4,0.3,0.5,0.8,0.6,97.4,6.1,0.1,899.6,,1018.7,,1490.1,1.8,95.0,1.1,4.0,6.5,1.7,6.1,0.0,,1.7,0.0,76.0,320.0,,,,0.0,0.037
ad1f7e7f-180e-4f38-9562-d610574cd4c5,8.239483 46.749076,2023-04-02 06:30:00+02:00,2,EXPLOSIVE,SLAB,1,DRY,N,130,46.75910114961731,8.280329639351375,0,MER,MER,3.5,2.9,4.0,0.2,-0.5,93.7,7.3,2.6,944.8,1015.4,1013.7,,,1.5,101.0,0.7,2.5,5.4,1.5,5.4,0.0,,0.0,,18.0,,,,14.0,0.0,0.011
0d6a183c-f453-4a31-98c7-90213921e278,8.417328 46.785788,2023-04-03 06:30:00+02:00,2,EXPLOSIVE,SLAB,1,DRY,NW,0,46.82200559139149,8.391221292244852,0,ENG,ENG,0.9,0.7,1.2,1.0,0.7,98.4,6.4,0.7,900.2,,1019.3,,1495.6,5.5,236.0,3.0,10.8,19.8,5.4,19.4,0.0,,0.4,0.0,2.0,323.0,,,,0.0,0.012
ad1f7e7f-180e-4f38-9562-d610574cd4c5,8.239483 46.749076,2023-04-04 06:30:00+02:00,2,EXPLOSIVE,SLAB,1,DRY,N,108,46.76897430938911,8.259496373477159,0,MER,MER,0.7,0.6,0.9,-1.3,-1.8,67.1,4.3,-4.7,949.3,1021.0,1018.4,,,5.0,332.0,1.9,6.8,18.0,4.9,17.6,0.0,,0.0,,25.0,,,,21.0,0.0,0.027
50fbf8f0-dd0c-11ed-8f1e-7bb69ddca4ec,8.23687 46.747556,2023-04-17 12:00:00+02:00,5,NATURAL,SLAB,2,DRY,N,41,46.748407724334776,8.275404849334983,0,MER,MER,11.6,11.2,11.9,19.5,18.3,60.7,8.3,4.2,949.4,1018.2,1018.5,,,8.4,327.0,3.8,13.7,30.2,8.1,29.2,0.0,,0.0,,848.0,,,,368.0,39.0,0.412
2ed09558-7716-4dda-935c-3c151ebe5b3b,8.238855 46.748629,2023-04-19 08:30:00+02:00,4,EXPLOSIVE,SLAB,1,DRY,NW,0,46.72244870771768,8.263243057279732,0,MER,MER,9.4,8.6,10.3,16.9,14.9,72.3,8.5,4.6,950.1,1019.5,1019.3,,,2.6,330.0,1.0,3.6,9.4,2.5,9.0,0.0,,0.0,,484.0,,,,83.0,60.0,0.219
8339db4e-32c5-49bd-ae04-41feeaf45eaa,8.420784 46.781168,2023-04-15 07:00:00+02:00,3,EXPLOSIVE,SLAB,2,DRY,N,123,46.783295305660694,8.395500525473912,0,TIT,TIT,-9.0,-9.1,-8.8,,,97.9,3.0,-9.3,685.0,,1003.1,2929.2,,13.6,300.0,9.7,34.9,49.0,13.3,47.9,,,,,147.0,,,,,,0.023
110f1420-d9f1-11ed-8014-25b7abf6ec82,8.252181 46.759933,2023-04-15 02:00:00+02:00,4,NATURAL,FULL_DEPTH,2,WET,S,124,46.764184372054274,8.237480850500376,0,MER,MER,5.8,5.6,6.0,3.9,3.8,73.1,6.7,1.3,939.3,1008.9,1007.8,,,4.5,103.0,1.4,5.0,16.2,4.4,15.8,0.0,,0.0,,2.0,,,,1.0,0.0,0.005
26d0ed0c-b5fc-4983-9f76-b0f25e82ece7,8.388771 46.786265,2023-04-18 08:30:00+02:00,4,EXPLOSIVE,LOOSE_SNOW,1,DRY,NW,0,46.80999965913545,8.400124656895501,0,ENG,ENG,5.1,4.3,5.9,12.1,9.3,69.1,6.1,-0.2,898.4,,1017.3,,1486.8,3.7,99.0,2.0,7.2,13.3,3.4,12.2,0.0,,0.0,0.0,460.0,253.0,,,,60.0,0.186
564bddb0-e717-11ed-acf0-f7b342f82229,7.822357 46.529218,2023-04-29 12:00:00+02:00,7,NATURAL,SLAB,3,UNKNOWN,N,127,46.52063914464703,7.854703012982403,0,JUN,JUN,-5.4,-5.5,-5.3,,,87.5,3.6,-7.1,657.1,,1021.7,3076.0,,7.0,314.0,4.4,15.8,25.2,6.5,23.4,,,,,974.0,244.0,,,,36.0,0.263
1bae5ef4-62c9-4601-861f-8e5b286b94b1,8.422604 46.780389,2023-04-14 07:30:00+02:00,2,EXPLOSIVE,SLAB,2,DRY,N,0,46.81835065439195,8.390734192393426,0,ENG,ENG,0.4,0.0,0.9,0.0,-0.3,90.5,5.7,-1.0,891.8,,1010.0,,1420.7,4.5,261.0,1.2,4.3,16.2,4.4,15.8,0.0,,0.1,8.0,75.0,298.0,,,,0.0,0.035
b1c2736c-200d-4a78-a75a-d1aa12bb81e8,7.992735 46.584254,2023-06-07 08:00:00+02:00,3,EXPLOSIVE,UNKNOWN,0,UNKNOWN,,136,46.53932946689746,8.010888067575383,0,JUN,JUN,-2.9,-3.3,-2.6,,,67.5,3.4,-8.1,660.4,,1026.4,3111.4,,1.9,360.0,0.2,0.7,6.8,1.7,6.1,,,,,676.0,195.0,,,,60.0,0.263
514e8b36-8761-43bc-a150-8a7eaeb0c925,8.038115 46.78053,2023-05-08 11:00:00+02:00,4,EXPLOSIVE,FULL_DEPTH,1,WET,NW,0,46.7556509065511,7.998783215724464,0,BRZ,BRZ,,,,,,,,,955.0,,1021.9,,,3.0,246.0,1.7,6.1,10.8,2.9,10.4,,,0.0,,,,,,,,
fdfaf590-ea4c-11ed-8348-fb5788bd30bc,8.001152 46.577404,2023-05-02 12:00:00+02:00,7,NATURAL,SLAB,2,DRY,NW,232,46.552493460831926,8.039095464973885,0,JUN,JUN,-8.5,-9.3,-7.8,,,67.9,2.2,-13.6,656.8,,1021.3,3078.7,,10.8,317.0,5.5,19.8,38.9,10.1,36.4,,,,,1061.0,187.0,,,,49.0,0.243
11f734d7-e1b6-4c3b-8fe6-abdd0b39cea0,8.385873 46.778735,2023-04-13 08:00:00+02:00,4,EXPLOSIVE,SLAB,2,DRY,NE,58,46.77990187804971,8.369692450634862,0,TIT,TIT,-13.9,-14.2,-13.6,,,99.5,2.1,-14.0,683.4,,1001.0,2915.3,,10.1,299.0,5.4,19.4,36.4,9.8,35.3,,,,,212.0,,,,,,0.032
0d183e05-ccd5-4337-8515-db8621df2658,8.421449 46.780606,2023-04-15 07:30:00+02:00,2,EXPLOSIVE,SLAB,2,DRY,N,224,46.750382558967615,8.422358669574509,0,TIT,TIT,-9.0,-9.1,-8.8,,,97.9,3.0,-9.3,685.0,,1003.1,2929.2,,13.6,300.0,9.7,34.9,49.0,13.3,47.9,,,,,147.0,,,,,,0.023
129ea644-660f-4e28-b1b5-6ad36254a3b7,8.425551 46.770235,2023-05-18 09:00:00+02:00,3,EXPLOSIVE,SLAB,2,DRY,SE,0,46.8112261121929,8.391185743682309,0,ENG,ENG,5.4,5.0,5.7,8.6,8.0,90.4,8.1,3.9,901.0,,1020.2,,1510.4,3.6,231.0,2.1,7.6,13.0,3.5,12.6,0.0,,0.0,0.0,203.0,327.0,,,,0.0,0.096
a94851d0-e58a-11ed-94a2-bf37c1703856,7.5461 46.68465,2023-04-26 12:00:00+02:00,7,NATURAL,SLAB,2,UNKNOWN,SW,0,46.665643167320006,7.5089968458393805,0,THU,THU,12.5,12.0,13.0,,,55.4,8.0,3.8,949.5,1015.9,1016.4,,,5.9,348.0,2.1,7.6,21.2,5.7,20.5,,,0.0,,579.0,,,,,23.0,0.322
1a787419-5802-4808-a192-fbe672afe523,8.389757 46.787324,2023-04-17 08:30:00+02:00,4,EXPLOSIVE,LOOSE_SNOW,2,DRY,N,233,46.770947777256474,8.402705205682183,0,TIT,TIT,-9.6,-9.7,-9.4,,,91.6,2.7,-10.7,694.0,,1015.4,3030.7,,16.1,31.0,6.3,22.7,58.0,15.2,54.7,,,,,296.0,,,,,,0.057
8b4032b5-5847-4489-a91a-a268f821bb88,8.425022 46.770122,2023-05-16 09:30:00+02:00,2,EXPLOSIVE,SLAB,2,DRY,S,88,46.76092139658696,8.384328392714393,0,TIT,TIT,-5.9,-6.0,-5.7,,,98.7,3.9,-6.0,691.9,,1012.6,3006.5,,16.7,14.0,9.2,33.1,60.1,15.8,56.9,,,,,330.0,,,,,,0.064
a8219770-e77f-11ed-991c-c3bbd7ca6c9a,7.788493 46.554381,2023-05-02 15:11:00+02:00,0,NATURAL,SLAB,3,WET,NW,20,46.588753556214094,7.755647381278422,0,FRU,FRU,14.6,14.2,15.1,,,54.5,9.0,5.5,,,,,,8.6,37.0,4.9,17.6,31.0,8.3,29.9,,,0.0,,494.0,321.0,,,249.0,37.0,
1bb8250c-f575-4cb3-84c9-194ae951bc8a,7.944832 46.554569,2023-05-05 12:00:00+02:00,7,NATURAL,UNKNOWN,4,WET,,0,46.57052472459629,7.922070262214772,0,JUN,JUN,-1.9,-2.3,-1.4,,,79.7,4.2,-5.0,661.1,,1027.3,3117.7,,8.7,152.0,4.1,14.8,31.3,8.4,30.2,,,,,882.0,246.0,,,,41.0,0.291
b210fde3-14f2-42fc-8dc3-c8d01a9cf57a,8.425206 46.770128,2023-05-19 09:00:00+02:00,3,EXPLOSIVE,SLAB,2,DRY,S,14,46.753546369009435,8.397200165963794,0,TIT,TIT,-2.6,-2.9,-2.2,,,86.6,4.4,-4.5,697.8,,1020.6,3072.4,,12.1,134.0,8.6,31.0,43.6,11.7,42.1,,,,,638.0,,,,,,0.157
099a6e90-d12e-11ed-ba10-b99b29af1712,8.260874 46.762857,2023-04-04 07:18:00+02:00,0,EXPLOSIVE,SLAB,3,DRY,NE,27,46.74614860349854,8.271762753242829,0,MER,MER,0.9,0.4,1.3,0.4,-2.1,67.9,4.4,-4.3,949.6,1021.3,1018.7,,,3.0,342.0,0.9,3.2,10.8,2.9,10.4,0.0,,0.0,,125.0,,,,105.0,4.0,0.049
9f2be370-d7a6-11ed-a8d1-4961cd70d9e1,8.210814 46.503291,2023-04-10 12:00:00+02:00,7,NATURAL,SLAB,3,WET,S,143,46.50466951914651,8.174662509632414,0,ULR,ULR,11.7,11.1,12.6,17.6,17.1,23.5,3.3,-8.5,868.1,,1020.8,,1523.7,4.6,56.0,2.1,7.6,16.6,4.5,16.2,,,0.0,0.0,794.0,256.0,,,317.0,60.0,0.441
1bb8250c-f575-4cb3-84c9-194ae951bc8a,7.944832 46.554569,2023-05-02 12:00:00+02:00,7,NATURAL,UNKNOWN,4,WET,,0,46.57275820012765,7.9141956832530544,0,JUN,JUN,-8.5,-9.3,-7.8,,,67.9,2.2,-13.6,656.8,,1021.3,3078.7,,10.8,317.0,5.5,19.8,38.9,10.1,36.4,,,,,1061.0,187.0,,,,49.0,0.243
b5d8fc03-e36a-4fa1-9d42-ea7105356bda,8.385358 46.779077,2023-04-16 05:00:00+02:00,3,EXPLOSIVE,UNKNOWN,2,DRY,NE,183,46.77022743237596,8.395230079458287,0,TIT,TIT,-9.8,-10.0,-9.7,,,94.3,2.8,-10.6,691.9,,1012.6,3008.0,,13.0,336.0,3.9,14.0,46.8,12.7,45.7,,,,,0.0,,,,,,0.0
099a6e90-d12e-11ed-ba10-b99b29af1712,8.260874 46.762857,2023-04-04 07:18:00+02:00,0,EXPLOSIVE,SLAB,3,DRY,NE,67,46.747845565165846,8.25555766571696,0,MER,MER,0.9,0.4,1.3,0.4,-2.1,67.9,4.4,-4.3,949.6,1021.3,1018.7,,,3.0,342.0,0.9,3.2,10.8,2.9,10.4,0.0,,0.0,,125.0,,,,105.0,4.0,0.049
c8a8b700-feb1-11ed-b35a-bf420b8ac344,8.01247 46.561817,2023-05-30 12:00:00+02:00,6,PERSON,SLAB,2,DRY,SE,151,46.559845613047216,7.993244278290016,0,JUN,JUN,-1.2,-1.7,-0.7,,,74.1,4.2,-5.2,661.1,,1027.4,3117.5,,3.9,308.0,1.2,4.3,14.0,3.8,13.7,,,,,1082.0,212.0,,,,60.0,0.443
233c98fe-a27b-4c5e-992f-1bc9cdd0362a,8.422835 46.779803,2023-04-25 07:00:00+02:00,3,EXPLOSIVE,SLAB,2,DRY,N,51,46.805533825630754,8.378427846002534,0,ENG,ENG,3.4,3.1,3.7,3.4,3.0,87.7,6.9,1.6,892.6,,1010.9,,1432.5,4.5,288.0,1.5,5.4,16.2,4.3,15.5,0.0,,0.2,0.0,56.0,311.0,,,,0.0,0.037
b1c2736c-200d-4a78-a75a-d1aa12bb81e8,7.992735 46.584254,2023-06-08 08:00:00+02:00,3,EXPLOSIVE,UNKNOWN,0,UNKNOWN,,30,46.55608968199935,7.973369442219973,0,JUN,JUN,-1.7,-2.0,-1.4,,,76.6,4.1,-5.3,659.5,,1025.0,3098.1,,4.3,120.0,3.1,11.2,15.5,4.3,15.5,,,,,644.0,221.0,,,,54.0,0.222
a4ad0c82-16f6-4de1-af92-ac146cabf042,8.423474 46.779387,2023-05-04 07:30:00+02:00,4,EXPLOSIVE,SLAB,2,DRY,N,200,46.76328258566808,8.388384607560432,0,TIT,TIT,0.3,0.1,0.6,,,29.4,1.8,-15.5,701.8,,1026.0,3118.3,,6.5,307.0,4.7,16.9,23.4,6.5,23.4,,,,,407.0,,,,,,0.18
a8219770-e77f-11ed-991c-c3bbd7ca6c9a,7.788493 46.554381,2023-04-30 15:11:00+02:00,0,NATURAL,SLAB,3,WET,NW,53,46.521478791458286,7.792558977296088,0,FRU,FRU,12.9,12.8,13.1,,,75.9,11.3,8.8,,,,,,8.2,67.0,3.7,13.3,29.5,7.9,28.4,,,0.0,,139.0,367.0,,,138.0,0.0,
1a787419-5802-4808-a192-fbe672afe523,8.389757 46.787324,2023-04-18 08:30:00+02:00,4,EXPLOSIVE,LOOSE_SNOW,2,DRY,N,0,46.8154743876206,8.36799011971167,0,ENG,ENG,5.1,4.3,5.9,12.1,9.3,69.1,6.1,-0.2,898.4,,1017.3,,1486.8,3.7,99.0,2.0,7.2,13.3,3.4,12.2,0.0,,0.0,0.0,460.0,253.0,,,,60.0,0.186
ab2a9319-7f29-4629-a314-d5965080c33e,8.421443 46.780432,2023-05-05 07:30:00+02:00,4,EXPLOSIVE,SLAB,2,DRY,N,0,46.80921086316412,8.391446709562764,0,ENG,ENG,11.7,10.2,13.4,12.1,7.9,69.7,9.6,6.3,902.2,,1021.5,,1533.1,3.1,112.0,1.3,4.7,11.2,2.8,10.1,0.0,,0.0,0.0,250.0,293.0,,,,32.0,0.135
f7fca170-d124-11ed-9f3d-c1122c0370be,8.243319 46.765333,2023-04-02 12:00:00+02:00,10,NATURAL,SLAB,3,WET,SW,99,46.73724707526395,8.24722542393038,0,MER,MER,10.9,10.5,11.2,14.2,13.3,56.7,7.4,2.6,946.1,1014.8,1015.0,,,4.8,289.0,2.9,10.4,17.3,4.7,16.9,0.0,,0.0,,482.0,,,,439.0,2.0,0.264
f7fca170-d124-11ed-9f3d-c1122c0370be,8.243319 46.765333,2023-04-04 12:00:00+02:00,10,NATURAL,SLAB,3,WET,SW,111,46.76304489072534,8.287578674828652,0,MER,MER,5.2,4.8,5.5,12.0,11.7,54.3,4.8,-3.3,949.9,1020.4,1019.1,,,11.9,332.0,4.8,17.3,42.8,11.2,40.3,0.0,,0.0,,847.0,,,,134.0,60.0,0.327
ce082ed0-ea41-11ed-9704-3747ffc8acfd,7.997493 46.55824,2023-05-03 12:00:00+02:00,7,PERSON,SLAB,3,DRY,S,249,46.51859153441406,7.977868204611085,0,JUN,JUN,-2.9,-3.9,-2.2,,,31.6,1.5,-17.7,660.3,,1026.2,3109.8,,10.1,23.0,3.9,14.0,36.4,9.6,34.6,,,,,1046.0,185.0,,,,60.0,0.365
a8219770-e77f-11ed-991c-c3bbd7ca6c9a,7.788493 46.554381,2023-04-30 15:11:00+02:00,0,NATURAL,SLAB,3,WET,NW,95,46.535214587397554,7.810688348751082,0,INT,INT,14.4,14.0,14.9,15.7,14.4,71.8,11.8,9.4,948.1,1014.9,1016.0,,,9.6,298.0,4.5,16.2,34.6,9.3,33.5,0.0,,0.0,,177.0,,,,172.0,0.0,0.144
87548817-41cb-4875-9f16-2dd62dfe20ab,8.382498 46.780197,2023-04-04 07:00:00+02:00,4,EXPLOSIVE,SLAB,2,DRY,NE,81,46.76856058005857,8.424960819909225,0,TIT,TIT,-13.3,-13.6,-13.1,,,20.2,0.5,-31.5,688.6,,1008.1,2972.7,,22.7,49.0,6.8,24.5,81.7,21.8,78.5,,,,,257.0,,,,,,0.081
da27b6a6-0240-478c-9ff6-ab83983e37eb,8.426516 46.77779,2023-04-29 07:30:00+02:00,2,EXPLOSIVE,SLAB,2,DRY,NE,16,46.738199136637846,8.39987347777396,0,TIT,TIT,-2.8,-3.0,-2.6,,,99.3,4.9,-2.9,697.5,,1020.2,3069.6,,7.7,346.0,2.3,8.3,27.7,7.4,26.6,,,,,143.0,,,,,,0.049
c1bf9390-dd0b-11ed-8f1e-7bb69ddca4ec,8.237684 46.748368,2023-04-16 12:00:00.000 +0200,7,NATURAL,SLAB,2,DRY,NW,105,46.748368,8.237684,1,MER,MER,6.1,5.9,6.2,7.2,6.9,83.5,7.9,3.5,951.5,1021.9,1020.8,,,1.0,90.0,0.3,1.1,3.6,0.9,3.2,0.0,,0.2,,119.0,,,,108.0,0.0,0.07
9fe44fc7-c389-4ba2-9149-62bca569dc15,8.426432 46.777678,2023-05-17 07:00:00+02:00,4,EXPLOSIVE,SLAB,2,DRY,NE,29,46.802359578280694,8.38616653742107,0,ENG,ENG,3.8,3.7,3.9,4.7,4.4,94.6,7.6,3.0,900.4,,1019.5,,1502.3,4.3,254.0,1.6,5.8,15.5,3.9,14.0,0.0,,0.1,0.0,39.0,327.0,,,,0.0,0.029
a94851d0-e58a-11ed-94a2-bf37c1703856,7.5461 46.68465,2023-04-26 12:00:00.000 +0200,7,NATURAL,SLAB,2,UNKNOWN,SW,28,46.68465,7.5461,1,THU,THU,12.5,12.0,13.0,,,55.4,8.0,3.8,949.5,1015.9,1016.4,,,5.9,348.0,2.1,7.6,21.2,5.7,20.5,,,0.0,,579.0,,,,,23.0,0.322
b0c20dd8-9d72-42fd-9908-df362afd7f3d,8.425333 46.779051,2023-05-19 07:00:00+02:00,4,EXPLOSIVE,SLAB,2,DRY,N,36,46.73778761543724,8.418056259134412,0,TIT,TIT,-2.9,-3.2,-2.4,,,86.1,4.2,-4.9,697.8,,1020.6,3072.9,,10.4,165.0,6.6,23.8,37.4,10.0,36.0,,,,,261.0,,,,,,0.076
1851a448-559e-4572-8066-2824a030e41d,8.385872 46.778947,2023-04-14 07:30:00+02:00,2,EXPLOSIVE,LOOSE_SNOW,1,DRY,NE,188,46.754953215007674,8.378535015204728,0,TIT,TIT,-13.4,-13.7,-13.1,,,99.4,2.2,-13.5,684.7,,1002.8,2929.1,,9.3,318.0,3.0,10.8,33.5,8.9,32.0,,,,,121.0,,,,,,0.023
b1c2736c-200d-4a78-a75a-d1aa12bb81e8,7.992735 46.584254,2023-06-05 08:00:00+02:00,3,EXPLOSIVE,UNKNOWN,0,UNKNOWN,,0,46.61826317916687,8.037234646611093,0,JUN,JUN,-2.8,-3.1,-2.3,,,58.3,2.9,-9.9,659.1,,1024.6,3096.0,,2.9,323.0,0.5,1.8,10.4,2.8,10.1,,,,,685.0,192.0,,,,60.0,0.264
e18fb476-2bc8-4cdf-829a-b6f36d7508bd,8.420851 46.780719,2023-04-27 00:00:00+02:00,6,NATURAL,SLAB,2,DRY,NW,0,46.81212352218698,8.41587354743066,0,ENG,ENG,6.1,5.9,6.2,4.8,4.6,84.9,8.0,3.8,899.5,,1018.5,,1498.1,2.6,45.0,1.0,3.6,9.4,2.5,9.0,0.0,,0.0,0.0,0.0,322.0,,,,0.0,-0.002
87548817-41cb-4875-9f16-2dd62dfe20ab,8.382498 46.780197,2023-04-01 07:00:00+02:00,4,EXPLOSIVE,SLAB,2,DRY,NE,74,46.76188617734013,8.424103522800166,0,TIT,TIT,-10.8,-10.8,-10.6,,,97.0,2.6,-11.1,686.0,,1004.5,2941.7,,25.3,286.0,14.5,52.2,91.1,24.5,88.2,,,,,91.0,,,,,,0.013
2a2d7868-aa56-44d4-b082-8c267cccfbe3,8.388637 46.786311,2023-04-13 07:30:00+02:00,2,EXPLOSIVE,LOOSE_SNOW,1,DRY,NW,1,46.74387899693524,8.366454710283938,0,TIT,TIT,-13.5,-13.7,-13.0,,,100.0,2.2,-13.5,683.5,,1001.1,2915.8,,10.2,306.0,5.7,20.5,36.7,9.9,35.6,,,,,127.0,,,,,,0.019
529f5410-e6a1-11ed-9300-179866ebe517,7.727729 46.504859,2023-04-29 17:00:00.000 +0200,3,UNKNOWN,UNKNOWN,1,WET,,2,46.504859,7.727729,1,FRU,FRU,16.7,15.9,17.2,,,64.0,12.2,9.9,,,,,,9.8,70.0,3.4,12.2,35.3,9.2,33.1,,,0.0,,152.0,339.0,,,137.0,2.0,
6e6f00b6-dfe0-4527-9b3f-7c45ffdf4fee,8.379219 46.783826,2023-04-01 07:00:00+02:00,4,EXPLOSIVE,SLAB,2,DRY,N,90,46.78962583994681,8.373971052836962,0,ENG,ENG,5.6,4.9,6.3,4.0,3.5,57.4,5.2,-2.2,890.2,,1008.3,,1413.8,6.9,360.0,1.9,6.8,24.8,6.7,24.1,0.0,,0.1,0.0,58.0,318.0,,,,0.0,0.059
b121901c-cb98-4082-b65b-7aa17e40b945,8.420495 46.780984,2023-04-16 08:00:00.000 +0200,4,EXPLOSIVE,SLAB,2,DRY,NE,180,46.780984,8.420495,1,TIT,TIT,-9.5,-9.6,-9.3,,,94.1,2.8,-10.3,692.7,,1013.7,3017.0,,7.6,16.0,3.6,13.0,27.4,7.1,25.6,,,,,249.0,,,,,,0.057
367958a0-d439-11ed-a920-a702e6e7f311,8.242864 46.759718,2023-04-07 15:00:00+02:00,2,NATURAL,FULL_DEPTH,1,WET,S,3,46.72920312112684,8.256094898601047,0,MER,MER,7.6,6.9,8.1,8.4,7.3,74.3,7.7,3.3,947.5,1017.2,1016.5,,,9.6,290.0,4.2,15.1,34.6,9.3,33.5,0.0,,0.0,,274.0,,,,261.0,0.0,0.136
1a787419-5802-4808-a192-fbe672afe523,8.389757 46.787324,2023-04-18 08:30:00+02:00,4,EXPLOSIVE,LOOSE_SNOW,2,DRY,N,0,46.814441166896366,8.371664706317468,0,ENG,ENG,5.1,4.3,5.9,12.1,9.3,69.1,6.1,-0.2,898.4,,1017.3,,1486.8,3.7,99.0,2.0,7.2,13.3,3.4,12.2,0.0,,0.0,0.0,460.0,253.0,,,,60.0,0.186
e18fb476-2bc8-4cdf-829a-b6f36d7508bd,8.420851 46.780719,2023-04-27 00:00:00+02:00,6,NATURAL,SLAB,2,DRY,NW,210,46.744375936320154,8.420218796995416,0,TIT,TIT,-6.3,-6.4,-6.1,,,98.1,3.8,-6.5,695.8,,1017.9,3050.7,,14.1,290.0,10.2,36.7,50.8,14.0,50.4,,,,,0.0,,,,,,0.0
5f7c51f6-7065-4c64-860a-51df7287e4b5,8.42359 46.779392,2023-05-20 07:00:00+02:00,4,EXPLOSIVE,SLAB,2,DRY,N,51,46.758744203577706,8.392570489071739,0,TIT,TIT,-1.4,-2.0,-0.5,,,83.7,4.6,-3.8,696.2,,1018.4,3054.6,,16.0,139.0,11.3,40.7,57.6,15.4,55.4,,,,,346.0,,,,,,0.092
bdf4c097-2315-413e-a320-168acfd62b21,8.380633 46.782526,2023-04-12 08:00:00+02:00,4,EXPLOSIVE,SLAB,3,DRY,N,5,46.814848300607366,8.356908621219409,0,ENG,ENG,7.5,6.9,8.3,9.1,7.8,87.0,9.0,5.5,889.4,,1007.4,,1408.9,6.4,256.0,2.1,7.6,23.0,6.3,22.7,0.0,,0.0,0.0,288.0,321.0,,,,15.0,0.127
367958a0-d439-11ed-a920-a702e6e7f311,8.242864 46.759718,2023-04-08 15:00:00+02:00,2,NATURAL,FULL_DEPTH,1,WET,S,8,46.79276165775792,8.287486230258235,0,GIH,GIH,12.4,12.1,12.9,,,54.8,7.9,3.6,965.1,1020.7,1020.9,,,4.4,53.0,2.0,7.2,15.8,4.1,14.8,0.0,,0.0,,423.0,,,,294.0,24.0,0.233
850fbf08-4de4-4e22-97a7-6ee73d0c55e0,8.423568 46.779438,2023-04-29 07:30:00+02:00,2,EXPLOSIVE,SLAB,2,DRY,N,123,46.78843956710403,8.413083969409579,0,TIT,TIT,-2.8,-3.0,-2.6,,,99.3,4.9,-2.9,697.5,,1020.2,3069.6,,7.7,346.0,2.3,8.3,27.7,7.4,26.6,,,,,143.0,,,,,,0.049
9b1e09ce-808a-44b8-8176-c69307d3a01b,8.390545 46.780329,2023-04-19 08:30:00+02:00,4,EXPLOSIVE,LOOSE_SNOW,1,DRY,NW,129,46.746473282210886,8.40539607221531,0,TIT,TIT,-6.5,-6.7,-6.4,,,78.4,3.0,-9.7,696.0,,1018.1,3052.4,,9.7,308.0,7.0,25.2,34.9,9.4,33.8,,,,,545.0,,,,,,0.12
26ffd848-b17b-4d9b-a93a-0d9106053d47,8.073009 46.53608,2023-05-24 12:00:00+02:00,7,PERSON,SLAB,3,DRY,,107,46.57927091092052,8.112838745894805,0,JUN,JUN,-1.9,-2.6,-1.3,,,95.1,5.0,-2.6,658.6,,1023.8,3087.4,,7.1,315.0,2.7,9.7,25.6,7.0,25.2,,,,,639.0,301.0,,,,0.0,0.228
2ed09558-7716-4dda-935c-3c151ebe5b3b,8.238855 46.748629,2023-04-18 08:30:00+02:00,4,EXPLOSIVE,SLAB,1,DRY,NW,7,46.75213830576219,8.21656542253929,0,MER,MER,8.8,8.1,9.2,15.2,13.1,64.5,7.3,2.5,948.3,1017.8,1017.4,,,2.6,107.0,1.1,4.0,9.4,2.5,9.0,0.0,,0.0,,457.0,,,,103.0,60.0,0.207
50fbf8f0-dd0c-11ed-8f1e-7bb69ddca4ec,8.23687 46.747556,2023-04-17 12:00:00+02:00,5,NATURAL,SLAB,2,DRY,N,39,46.749951337572355,8.23109259831606,0,MER,MER,11.6,11.2,11.9,19.5,18.3,60.7,8.3,4.2,949.4,1018.2,1018.5,,,8.4,327.0,3.8,13.7,30.2,8.1,29.2,0.0,,0.0,,848.0,,,,368.0,39.0,0.412
367958a0-d439-11ed-a920-a702e6e7f311,8.242864 46.759718,2023-04-06 15:00:00+02:00,2,NATURAL,FULL_DEPTH,1,WET,S,0,46.743246071420245,8.21388488458298,0,MER,MER,11.2,10.9,11.4,12.2,11.4,35.6,4.7,-3.5,948.6,1017.4,1017.7,,,9.1,285.0,5.3,19.1,32.8,8.8,31.7,0.0,,0.0,,297.0,,,,276.0,0.0,0.24
4b5d9a70-d15e-11ed-94cc-21edfa2a74e3,8.233716 46.754659,2023-04-03 15:30:00+02:00,1,NATURAL,FULL_DEPTH,2,WET,S,12,46.76273218536363,8.201661939673219,0,MER,MER,4.5,4.3,4.7,5.7,5.4,67.9,5.7,-0.9,950.7,1021.5,1019.9,,,12.7,327.0,6.2,22.3,45.7,12.3,44.3,0.0,,0.0,,198.0,,,,191.0,0.0,0.113
74720590-2505-48bc-ad7b-327442e7d8ae,8.216759 46.608474,2023-04-21 12:00:00.000 +0200,7,PERSON,SLAB,1,DRY,N,130,46.608474,8.216759,1,GRH,GRH,1.9,1.3,2.4,,,76.3,5.4,-1.8,799.3,,1013.9,,1461.9,10.7,152.0,7.0,25.2,38.5,10.2,36.7,,,0.0,186.0,555.0,311.0,,,,0.0,0.188
bafec949-69be-4d29-96df-732ded5d7686,8.389718 46.787228,2023-04-02 08:00:00+02:00,3,EXPLOSIVE,SLAB,1,DRY,N,35,46.804201908866425,8.367581119246266,0,ENG,ENG,3.3,2.8,3.9,5.0,3.2,85.5,6.6,1.1,894.9,,1013.4,,1452.4,2.7,99.0,1.3,4.7,9.7,2.5,9.0,0.0,,0.0,0.0,258.0,285.0,,,,3.0,0.1
9b1e09ce-808a-44b8-8176-c69307d3a01b,8.390545 46.780329,2023-04-18 08:30:00+02:00,4,EXPLOSIVE,LOOSE_SNOW,1,DRY,NW,1,46.74053136858333,8.366646293756565,0,TIT,TIT,-6.1,-7.1,-5.1,,,76.1,3.0,-9.7,694.1,,1015.6,3031.7,,4.1,233.0,1.3,4.7,14.8,3.9,14.0,,,,,514.0,,,,,,0.154
0d183e05-ccd5-4337-8515-db8621df2658,8.421449 46.780606,2023-04-14 07:30:00+02:00,2,EXPLOSIVE,SLAB,2,DRY,N,95,46.803280808618545,8.380870938032084,0,ENG,ENG,0.4,0.0,0.9,0.0,-0.3,90.5,5.7,-1.0,891.8,,1010.0,,1420.7,4.5,261.0,1.2,4.3,16.2,4.4,15.8,0.0,,0.1,8.0,75.0,298.0,,,,0.0,0.035
4067dd0b-f3b4-40af-8872-12824f7b55a6,8.423024 46.779666,2023-04-02 07:00:00+02:00,4,EXPLOSIVE,SLAB,3,DRY,NE,130,46.78358542928593,8.392281274352882,0,TIT,TIT,-11.8,-11.9,-11.7,,,95.3,2.4,-12.4,688.8,,1008.4,2974.4,,8.9,313.0,5.2,18.7,32.0,8.8,31.7,,,,,127.0,,,,,,0.022
514e8b36-8761-43bc-a150-8a7eaeb0c925,8.038115 46.78053,2023-05-09 11:00:00+02:00,4,EXPLOSIVE,FULL_DEPTH,1,WET,NW,0,46.74230734709203,8.025675361162834,0,BRZ,BRZ,,,,,,,,,948.7,,1015.2,,,4.2,258.0,2.5,9.0,15.1,4.1,14.8,,,0.0,,,,,,,,
be39a3d6-d2cf-47e2-870e-49c1b9134b29,8.422461 46.779843,2023-05-17 07:00:00.000 +0200,4,EXPLOSIVE,SLAB,2,DRY,N,76,46.779843,8.422461,1,TIT,TIT,-7.2,-7.3,-7.0,,,93.9,3.3,-8.0,694.2,,1015.8,3033.2,,23.4,50.0,12.0,43.2,84.2,21.1,76.0,,,,,147.0,,,,,,0.03
c98d2b1a-9c67-4f2a-8b1b-1b27502b6c5d,8.423896 46.779967,2023-04-15 07:00:00+02:00,3,EXPLOSIVE,SLAB,1,DRY,NW,91,46.79596125631168,8.41742280511208,0,ENG,ENG,0.5,0.3,0.7,0.3,0.2,96.3,6.1,-0.1,889.2,,1007.1,,1397.6,1.8,90.0,0.9,3.2,6.5,1.6,5.8,0.0,,1.3,0.0,49.0,316.0,,,,0.0,0.027
5f7c51f6-7065-4c64-860a-51df7287e4b5,8.42359 46.779392,2023-05-18 07:00:00+02:00,4,EXPLOSIVE,SLAB,2,DRY,N,20,46.758448384761174,8.40790071979158,0,TIT,TIT,-2.3,-2.5,-2.0,,,76.5,4.0,-5.8,696.9,,1019.4,3062.9,,2.7,248.0,1.9,6.8,9.7,2.7,9.7,,,,,457.0,,,,,,0.152
ab2a9319-7f29-4629-a314-d5965080c33e,8.421443 46.780432,2023-05-02 07:30:00+02:00,4,EXPLOSIVE,SLAB,2,DRY,N,23,46.80278109487526,8.416525562798412,0,ENG,ENG,5.9,5.7,6.1,6.1,5.9,93.1,8.7,4.9,902.2,,1021.5,,1522.4,2.7,108.0,0.7,2.5,9.7,2.6,9.4,0.0,,0.0,0.0,32.0,330.0,,,,0.0,0.029
a608e0ea-99f5-4d75-9162-5dd2600c0d00,8.423735 46.779426,2023-04-04 07:00:00+02:00,4,EXPLOSIVE,SLAB,2,DRY,N,152,46.75419632206259,8.425657501711534,0,TIT,TIT,-13.3,-13.6,-13.1,,,20.2,0.5,-31.5,688.6,,1008.1,2972.7,,22.7,49.0,6.8,24.5,81.7,21.8,78.5,,,,,257.0,,,,,,0.081
b210fde3-14f2-42fc-8dc3-c8d01a9cf57a,8.425206 46.770128,2023-05-16 09:00:00+02:00,3,EXPLOSIVE,SLAB,2,DRY,S,37,46.72827251534904,8.385381806260153,0,TIT,TIT,-5.9,-6.0,-5.7,,,98.7,3.9,-6.0,691.9,,1012.6,3006.5,,16.7,14.0,9.2,33.1,60.1,15.8,56.9,,,,,330.0,,,,,,0.064
514e8b36-8761-43bc-a150-8a7eaeb0c925,8.038115 46.78053,2023-05-09 11:00:00+02:00,4,EXPLOSIVE,FULL_DEPTH,1,WET,NW,0,46.77434555614733,8.016928276320504,0,BRZ,BRZ,,,,,,,,,948.7,,1015.2,,,4.2,258.0,2.5,9.0,15.1,4.1,14.8,,,0.0,,,,,,,,
a7ed94b7-52d1-4b17-9928-83b4745ca8bf,8.307745 46.608205,2023-05-05 12:00:00+02:00,7,NATURAL,UNKNOWN,3,WET,,0,46.64842002053925,8.30134166410619,0,GRH,GRH,10.7,10.4,11.0,,,50.1,6.4,0.7,806.9,,1023.1,,1525.5,6.1,159.0,2.0,7.2,22.0,5.9,21.2,,,0.0,141.0,576.0,316.0,,,,6.0,0.329
d1dc6b80-4759-4599-8761-9b826a9ee094,8.401311 46.769587,2023-04-16 00:00:00+02:00,6,NATURAL,SLAB,3,DRY,NW,0,46.80933838849323,8.414950988552961,0,ENG,ENG,1.1,1.0,1.3,0.7,0.7,94.3,6.3,0.3,899.0,,1018.0,,1485.6,5.7,88.0,2.9,10.4,20.5,5.3,19.1,0.0,,0.7,0.0,0.0,314.0,,,,0.0,-0.001
26d0ed0c-b5fc-4983-9f76-b0f25e82ece7,8.388771 46.786265,2023-04-19 08:30:00+02:00,4,EXPLOSIVE,LOOSE_SNOW,1,DRY,NW,52,46.800899073652246,8.419227158226402,0,ENG,ENG,7.0,5.8,8.3,15.6,12.7,76.2,7.6,3.1,900.1,,1019.2,,1505.6,4.8,204.0,1.9,6.8,17.3,4.1,14.8,0.0,,0.0,0.0,545.0,295.0,,,,55.0,0.227
b2b22272-2994-46f8-ba69-aa77d0ffdafa,8.420101 46.781175,2023-04-28 00:00:00+02:00,6,NATURAL,SLAB,2,DRY,N,0,46.8256225416469,8.375267431705296,0,ENG,ENG,8.9,8.5,9.3,7.6,7.4,76.6,8.7,5.0,899.1,,1018.1,,1499.3,4.5,81.0,1.5,5.4,16.2,4.4,15.8,0.0,,0.0,0.0,0.0,334.0,,,,0.0,0.005
f9b59268-33ad-4905-91cd-ccc9a1ae40a4,8.385942 46.778812,2023-04-16 08:30:00+02:00,2,EXPLOSIVE,LOOSE_SNOW,2,DRY,NE,129,46.771151047610616,8.383695957388067,0,TIT,TIT,-9.5,-9.6,-9.3,,,94.1,2.8,-10.3,692.7,,1013.7,3017.0,,7.6,16.0,3.6,13.0,27.4,7.1,25.6,,,,,249.0,,,,,,0.057
f9b59268-33ad-4905-91cd-ccc9a1ae40a4,8.385942 46.778812,2023-04-15 08:30:00+02:00,2,EXPLOSIVE,LOOSE_SNOW,2,DRY,NE,184,46.77386563115299,8.408402417639477,0,TIT,TIT,-8.8,-8.9,-8.7,,,97.5,3.1,-9.1,685.0,,1003.2,2929.3,,13.4,306.0,10.3,37.1,48.2,12.9,46.4,,,,,285.0,,,,,,0.043
673e5d3c-9736-4824-ac24-c511ffd507c4,8.418437 46.784875,2023-04-17 08:00:00+02:00,4,EXPLOSIVE,SLAB,1,DRY,NW,73,46.794497421876954,8.38692877616552,0,ENG,ENG,4.0,3.0,5.4,7.8,4.9,89.2,7.3,2.4,900.3,,1019.4,,1502.5,3.8,135.0,0.8,2.9,13.7,3.6,13.0,0.0,,0.0,0.0,430.0,288.0,,,,28.0,0.168
da27b6a6-0240-478c-9ff6-ab83983e37eb,8.426516 46.77779,2023-05-02 07:30:00+02:00,2,EXPLOSIVE,SLAB,2,DRY,NE,40,46.79138502356995,8.399675658066931,0,ENG,ENG,5.9,5.7,6.1,6.1,5.9,93.1,8.7,4.9,902.2,,1021.5,,1522.4,2.7,108.0,0.7,2.5,9.7,2.6,9.4,0.0,,0.0,0.0,32.0,330.0,,,,0.0,0.029
2a2d7868-aa56-44d4-b082-8c267cccfbe3,8.388637 46.786311,2023-04-13 07:30:00+02:00,2,EXPLOSIVE,LOOSE_SNOW,1,DRY,NW,90,46.7454449055284,8.409429151036255,0,TIT,TIT,-13.5,-13.7,-13.0,,,100.0,2.2,-13.5,683.5,,1001.1,2915.8,,10.2,306.0,5.7,20.5,36.7,9.9,35.6,,,,,127.0,,,,,,0.019
97c5682e-950b-4c24-8c69-651f6ff3d0c8,8.035288 46.786336,2023-04-18 10:30:00.000 +0200,4,EXPLOSIVE,SLAB,2,DRY,S,37,46.786336,8.035288,1,BRZ,BRZ,,,,,,,,,950.6,,1017.2,,,6.1,107.0,2.6,9.4,22.0,6.0,21.6,,,0.0,,,,,,,,
514e8b36-8761-43bc-a150-8a7eaeb0c925,8.038115 46.78053,2023-05-08 11:00:00+02:00,4,EXPLOSIVE,FULL_DEPTH,1,WET,NW,0,46.82291228457632,8.012272250600128,0,FLU,FLU,13.3,13.0,13.6,,,85.1,13.0,10.8,,,,,,5.1,333.0,2.6,9.4,18.4,5.0,18.0,,,0.0,,,,,,,,
f4bf91bd-2855-4c53-b901-3cb18add524d,8.420301 46.78111,2023-04-16 08:00:00.000 +0200,4,EXPLOSIVE,SLAB,2,DRY,N,173,46.78111,8.420301,1,TIT,TIT,-9.5,-9.6,-9.3,,,94.1,2.8,-10.3,692.7,,1013.7,3017.0,,7.6,16.0,3.6,13.0,27.4,7.1,25.6,,,,,249.0,,,,,,0.057
5f7c51f6-7065-4c64-860a-51df7287e4b5,8.42359 46.779392,2023-05-17 07:00:00.000 +0200,4,EXPLOSIVE,SLAB,2,DRY,N,102,46.779392,8.42359,1,TIT,TIT,-7.2,-7.3,-7.0,,,93.9,3.3,-8.0,694.2,,1015.8,3033.2,,23.4,50.0,12.0,43.2,84.2,21.1,76.0,,,,,147.0,,,,,,0.03
26d0ed0c-b5fc-4983-9f76-b0f25e82ece7,8.388771 46.786265,2023-04-19 08:30:00+02:00,4,EXPLOSIVE,LOOSE_SNOW,1,DRY,NW,0,46.801537844057286,8.402491014112647,0,ENG,ENG,7.0,5.8,8.3,15.6,12.7,76.2,7.6,3.1,900.1,,1019.2,,1505.6,4.8,204.0,1.9,6.8,17.3,4.1,14.8,0.0,,0.0,0.0,545.0,295.0,,,,55.0,0.227
2f93ceb4-a841-42da-a6c1-1933628dbb83,8.385941 46.778747,2023-04-03 07:00:00+02:00,4,EXPLOSIVE,SLAB,2,DRY,NE,0,46.82023484899867,8.392137002945352,0,ENG,ENG,0.5,0.3,0.8,0.5,0.3,96.9,6.1,0.1,900.4,,1019.5,,1497.3,6.2,239.0,3.4,12.2,22.3,5.6,20.2,0.0,,0.5,0.0,34.0,320.0,,,,0.0,0.02
2f93ceb4-a841-42da-a6c1-1933628dbb83,8.385941 46.778747,2023-04-04 07:00:00+02:00,4,EXPLOSIVE,SLAB,2,DRY,NE,125,46.75740958244676,8.402477210121754,0,TIT,TIT,-13.3,-13.6,-13.1,,,20.2,0.5,-31.5,688.6,,1008.1,2972.7,,22.7,49.0,6.8,24.5,81.7,21.8,78.5,,,,,257.0,,,,,,0.081
f4bf91bd-2855-4c53-b901-3cb18add524d,8.420301 46.78111,2023-04-18 08:00:00+02:00,4,EXPLOSIVE,SLAB,2,DRY,N,49,46.75777803162822,8.408458658419194,0,TIT,TIT,-6.1,-7.1,-5.1,,,76.1,3.0,-9.7,694.1,,1015.6,3031.7,,4.1,233.0,1.3,4.7,14.8,3.9,14.0,,,,,514.0,,,,,,0.154
9b1e09ce-808a-44b8-8176-c69307d3a01b,8.390545 46.780329,2023-04-16 08:30:00.000 +0200,4,EXPLOSIVE,LOOSE_SNOW,1,DRY,NW,141,46.780329,8.390545,1,TIT,TIT,-9.5,-9.6,-9.3,,,94.1,2.8,-10.3,692.7,,1013.7,3017.0,,7.6,16.0,3.6,13.0,27.4,7.1,25.6,,,,,249.0,,,,,,0.057
ab2a9319-7f29-4629-a314-d5965080c33e,8.421443 46.780432,2023-05-03 07:30:00+02:00,4,EXPLOSIVE,SLAB,2,DRY,N,0,46.8203734371757,8.394223132856684,0,ENG,ENG,4.0,2.3,6.3,4.4,0.7,91.4,7.4,2.7,903.9,,1023.4,,1534.5,2.9,95.0,1.2,4.3,10.4,2.7,9.7,0.0,,0.0,0.0,245.0,252.0,,,,32.0,0.094
50fbf8f0-dd0c-11ed-8f1e-7bb69ddca4ec,8.23687 46.747556,2023-04-18 12:00:00+02:00,5,NATURAL,SLAB,2,DRY,N,36,46.737305214430734,8.238820842138418,0,MER,MER,14.6,13.7,15.7,22.4,22.0,50.9,8.5,4.5,947.4,1015.3,1016.4,,,7.5,294.0,2.8,10.1,27.0,7.3,26.3,0.0,,0.0,,876.0,,,,114.0,60.0,0.485
f7fca170-d124-11ed-9f3d-c1122c0370be,8.243319 46.765333,2023-04-04 12:00:00+02:00,10,NATURAL,SLAB,3,WET,SW,9,46.79132565017795,8.261127250312166,0,GIH,GIH,4.9,4.4,5.8,,,65.8,5.7,-1.0,965.3,1022.5,1021.1,,,3.4,56.0,1.3,4.7,12.2,3.3,11.9,0.0,,0.0,,785.0,,,,422.0,36.0,0.318
ae543637-3b77-4592-997d-c9f3fc4c3078,8.424992 46.778957,2023-04-27 07:30:00+02:00,2,EXPLOSIVE,SLAB,2,DRY,N,0,46.809206161925005,8.409085757716205,0,ENG,ENG,6.5,5.3,7.8,8.7,5.0,83.9,8.1,3.9,899.6,,1018.7,,1500.4,2.1,106.0,0.9,3.2,7.6,2.0,7.2,0.0,,0.0,0.0,260.0,286.0,,,,24.0,0.109
a9add040-dd0c-11ed-8f1e-7bb69ddca4ec,8.245886 46.75731,2023-04-17 12:15:00.000 +0200,0,NATURAL,FULL_DEPTH,2,WET,S,39,46.75731,8.245886,1,MER,MER,11.6,11.2,11.9,19.5,18.3,60.7,8.3,4.2,949.4,1018.2,1018.5,,,8.4,327.0,3.8,13.7,30.2,8.1,29.2,0.0,,0.0,,848.0,,,,368.0,39.0,0.412
367958a0-d439-11ed-a920-a702e6e7f311,8.242864 46.759718,2023-04-05 15:00:00.000 +0200,2,NATURAL,FULL_DEPTH,1,WET,S,39,46.759718,8.242864,1,MER,MER,9.8,9.4,10.1,14.9,14.1,43.4,5.3,-2.1,948.1,1017.2,1017.1,,,9.5,317.0,4.9,17.6,34.2,9.3,33.5,0.0,,0.0,,594.0,,,,148.0,60.0,0.304
1aca9480-d131-11ed-bb43-5ff35461761d,8.354817 46.766741,2023-04-03 12:00:00+02:00,10,NATURAL,SLAB,3,DRY,NW,0,46.73891677099263,8.375481591999595,0,TIT,TIT,-11.1,-11.3,-10.9,,,32.1,0.9,-24.6,692.5,,1013.3,3014.6,,11.7,40.0,8.9,32.0,42.1,11.6,41.8,,,,,917.0,,,,,,0.182
dda75b80-ddc2-11ed-b3b1-431b3c02902e,8.263291 46.74286,2023-04-20 14:30:00+02:00,1,SNOW_GROOMER,SLAB,3,DRY,SE,9,46.74675600915323,8.28992415489816,0,MER,MER,5.7,5.5,5.9,5.9,5.6,89.6,8.2,4.2,942.2,1012.0,1010.9,,,3.5,292.0,1.7,6.1,12.6,3.4,12.2,0.0,,1.7,,61.0,,,,55.0,0.0,0.044
27d50482-68af-45c1-b95c-82786dd48176,7.97274 46.575625,2023-04-03 08:00:00+02:00,3,EXPLOSIVE,LOOSE_SNOW,1,DRY,N,7,46.60833924475307,8.01111637506444,0,JUN,JUN,-13.4,-13.9,-13.0,,,44.8,1.0,-23.0,650.9,,1012.8,3018.0,,13.2,349.0,5.9,21.2,47.5,12.6,45.4,,,,,476.0,137.0,,,,60.0,0.095
26f6eb66-fc4c-4eb2-aecd-11eeddba5a5a,7.964013 46.534843,2023-05-20 10:30:00+02:00,3,PERSON,SLAB,1,DRY,SE,95,46.553248900223565,7.9249619564878495,0,JUN,JUN,-4.0,-4.3,-3.5,,,98.0,4.5,-4.2,655.4,,1019.3,3053.1,,20.5,156.0,14.5,52.2,73.8,20.4,73.4,,,,,402.0,291.0,,,,0.0,0.072
8cb21b8c-4e00-4409-bc59-db5c053ba65d,8.42279 46.779714,2023-04-15 06:30:00+02:00,5,EXPLOSIVE,SLAB,2,DRY,N,0,46.81020917340261,8.407526097067478,0,ENG,ENG,0.8,0.5,1.2,0.6,0.2,94.3,6.1,0.0,889.1,,1007.0,,1397.0,2.4,99.0,1.3,4.7,8.6,2.3,8.3,0.0,,0.9,0.0,19.0,316.0,,,,0.0,0.017
11f734d7-e1b6-4c3b-8fe6-abdd0b39cea0,8.385873 46.778735,2023-04-15 08:00:00+02:00,4,EXPLOSIVE,SLAB,2,DRY,NE,239,46.77699865496606,8.389820890269963,0,TIT,TIT,-8.8,-8.9,-8.7,,,97.5,3.1,-9.1,685.0,,1003.2,2929.3,,13.4,306.0,10.3,37.1,48.2,12.9,46.4,,,,,285.0,,,,,,0.043
9fe44fc7-c389-4ba2-9149-62bca569dc15,8.426432 46.777678,2023-05-17 07:00:00.000 +0200,4,EXPLOSIVE,SLAB,2,DRY,NE,130,46.777678,8.426432,1,TIT,TIT,-7.2,-7.3,-7.0,,,93.9,3.3,-8.0,694.2,,1015.8,3033.2,,23.4,50.0,12.0,43.2,84.2,21.1,76.0,,,,,147.0,,,,,,0.03
d68cc42c-2801-4238-bb58-3d963f2ab1ea,8.380899 46.782267,2023-04-01 07:00:00.000 +0200,4,EXPLOSIVE,SLAB,3,DRY,N,110,46.782267,8.380899,1,TIT,TIT,-10.8,-10.8,-10.6,,,97.0,2.6,-11.1,686.0,,1004.5,2941.7,,25.3,286.0,14.5,52.2,91.1,24.5,88.2,,,,,91.0,,,,,,0.013
3c08ef45-da0c-4efd-bbb0-523da6d751f9,8.422511 46.78003,2023-04-27 07:30:00+02:00,2,EXPLOSIVE,SLAB,2,DRY,N,41,46.7571349303002,8.396369677044085,0,TIT,TIT,-7.2,-7.3,-7.1,,,89.9,3.2,-8.6,696.2,,1018.4,3055.0,,8.5,238.0,4.7,16.9,30.6,8.4,30.2,,,,,272.0,,,,,,0.062
fe8541fa-4448-482f-8c28-995faac1b624,8.419783 46.781356,2023-04-13 07:30:00+02:00,2,EXPLOSIVE,SLAB,1,DRY,N,151,46.77673606932959,8.399567573314169,0,TIT,TIT,-13.5,-13.7,-13.0,,,100.0,2.2,-13.5,683.5,,1001.1,2915.8,,10.2,306.0,5.7,20.5,36.7,9.9,35.6,,,,,127.0,,,,,,0.019
1bae5ef4-62c9-4601-861f-8e5b286b94b1,8.422604 46.780389,2023-04-13 07:30:00.000 +0200,2,EXPLOSIVE,SLAB,2,DRY,N,163,46.780389,8.422604,1,TIT,TIT,-13.5,-13.7,-13.0,,,100.0,2.2,-13.5,683.5,,1001.1,2915.8,,10.2,306.0,5.7,20.5,36.7,9.9,35.6,,,,,127.0,,,,,,0.019
2a2d7868-aa56-44d4-b082-8c267cccfbe3,8.388637 46.786311,2023-04-13 07:30:00+02:00,2,EXPLOSIVE,LOOSE_SNOW,1,DRY,NW,3,46.74174551249012,8.346297013680315,0,TIT,TIT,-13.5,-13.7,-13.0,,,100.0,2.2,-13.5,683.5,,1001.1,2915.8,,10.2,306.0,5.7,20.5,36.7,9.9,35.6,,,,,127.0,,,,,,0.019
87548817-41cb-4875-9f16-2dd62dfe20ab,8.382498 46.780197,2023-04-01 07:00:00.000 +0200,4,EXPLOSIVE,SLAB,2,DRY,NE,79,46.780197,8.382498,1,TIT,TIT,-10.8,-10.8,-10.6,,,97.0,2.6,-11.1,686.0,,1004.5,2941.7,,25.3,286.0,14.5,52.2,91.1,24.5,88.2,,,,,91.0,,,,,,0.013
b1c2736c-200d-4a78-a75a-d1aa12bb81e8,7.992735 46.584254,2023-06-06 08:00:00+02:00,3,EXPLOSIVE,UNKNOWN,0,UNKNOWN,,0,46.606164496551166,8.024931742168803,0,JUN,JUN,-5.0,-5.1,-4.9,,,82.0,3.4,-7.6,659.6,,1025.3,3106.0,,8.0,311.0,5.9,21.2,28.8,7.8,28.1,,,,,689.0,179.0,,,,60.0,0.173
49e457f5-5bb7-4272-bb56-c1782a243205,8.423263 46.779484,2023-04-17 08:00:00+02:00,4,EXPLOSIVE,SLAB,3,DRY,N,95,46.79640752717496,8.411569169888065,0,ENG,ENG,4.0,3.0,5.4,7.8,4.9,89.2,7.3,2.4,900.3,,1019.4,,1502.5,3.8,135.0,0.8,2.9,13.7,3.6,13.0,0.0,,0.0,0.0,430.0,288.0,,,,28.0,0.168
35790a01-26e9-458d-9830-8b595ce08bc3,8.391669 46.779911,2023-04-14 16:00:00+02:00,5,PERSON,SLAB,3,DRY,NW,81,46.77442549857016,8.34825005997114,0,TIT,TIT,-10.8,-11.0,-10.5,,,36.7,1.0,-22.9,685.0,,1003.2,2930.8,,7.9,282.0,3.9,14.0,28.4,7.7,27.7,,,,,530.0,,,,,,0.127
b6bd2020-dd0b-11ed-8f1e-7bb69ddca4ec,8.237321 46.747742,2023-04-17 12:00:00+02:00,7,NATURAL,SLAB,2,DRY,N,0,46.732885446625986,8.20714568200324,0,MER,MER,11.6,11.2,11.9,19.5,18.3,60.7,8.3,4.2,949.4,1018.2,1018.5,,,8.4,327.0,3.8,13.7,30.2,8.1,29.2,0.0,,0.0,,848.0,,,,368.0,39.0,0.412
ce082ed0-ea41-11ed-9704-3747ffc8acfd,7.997493 46.55824,2023-05-06 12:00:00+02:00,7,PERSON,SLAB,3,DRY,S,127,46.55887885601738,7.969948489532887,0,JUN,JUN,-2.9,-3.2,-2.5,,,70.1,3.5,-7.6,659.9,,1025.6,3105.1,,12.0,312.0,4.9,17.6,43.2,11.6,41.8,,,,,1034.0,211.0,,,,60.0,0.32
b6bd2020-dd0b-11ed-8f1e-7bb69ddca4ec,8.237321 46.747742,2023-04-19 12:00:00+02:00,7,NATURAL,SLAB,2,DRY,N,103,46.75068316536156,8.27397715626332,0,MER,MER,13.9,13.3,14.3,21.2,21.0,60.5,9.6,6.4,948.0,1016.1,1017.0,,,8.5,280.0,4.3,15.5,30.6,8.2,29.5,0.0,,0.0,,892.0,,,,138.0,60.0,0.463
d1dc6b80-4759-4599-8761-9b826a9ee094,8.401311 46.769587,2023-04-14 00:00:00+02:00,6,NATURAL,SLAB,3,DRY,NW,4,46.744533166428646,8.362189449089385,0,TIT,TIT,-12.7,-13.1,-12.3,,,100.0,2.3,-12.7,684.0,,1001.8,2921.2,,14.6,328.0,4.3,15.5,52.6,13.7,49.3,,,,,0.0,,,,,,-0.002
233c98fe-a27b-4c5e-992f-1bc9cdd0362a,8.422835 46.779803,2023-04-28 07:00:00+02:00,3,EXPLOSIVE,SLAB,2,DRY,N,0,46.81465237165525,8.383160838103416,0,ENG,ENG,10.0,9.0,10.6,9.6,8.9,86.6,10.6,7.8,898.4,,1017.3,,1495.0,4.5,360.0,1.6,5.8,16.2,4.4,15.8,0.0,,0.3,0.0,87.0,348.0,,,,0.0,0.058
a9add040-dd0c-11ed-8f1e-7bb69ddca4ec,8.245886 46.75731,2023-04-17 12:15:00+02:00,0,NATURAL,FULL_DEPTH,2,WET,S,54,46.755407213944935,8.240097384165093,0,MER,MER,11.6,11.2,11.9,19.5,18.3,60.7,8.3,4.2,949.4,1018.2,1018.5,,,8.4,327.0,3.8,13.7,30.2,8.1,29.2,0.0,,0.0,,848.0,,,,368.0,39.0,0.412
b4aeb776-bc6c-459f-adeb-919a10f47c8a,8.420466 46.780907,2023-04-01 07:00:00.000 +0200,4,EXPLOSIVE,SLAB,2,DRY,NW,118,46.780907,8.420466,1,TIT,TIT,-10.8,-10.8,-10.6,,,97.0,2.6,-11.1,686.0,,1004.5,2941.7,,25.3,286.0,14.5,52.2,91.1,24.5,88.2,,,,,91.0,,,,,,0.013
367958a0-d439-11ed-a920-a702e6e7f311,8.242864 46.759718,2023-04-05 15:00:00+02:00,2,NATURAL,FULL_DEPTH,1,WET,S,0,46.72783915023768,8.23001723331576,0,MER,MER,9.8,9.4,10.1,14.9,14.1,43.4,5.3,-2.1,948.1,1017.2,1017.1,,,9.5,317.0,4.9,17.6,34.2,9.3,33.5,0.0,,0.0,,594.0,,,,148.0,60.0,0.304
ff002b7f-49f5-4ba6-971a-c1b18578a2b6,8.389256 46.787371,2023-04-16 08:30:00+02:00,2,EXPLOSIVE,SLAB,1,DRY,N,43,46.815812707721264,8.351033297207314,0,ENG,ENG,0.4,0.3,0.5,0.8,0.6,97.4,6.1,0.1,899.6,,1018.7,,1490.1,1.8,95.0,1.1,4.0,6.5,1.7,6.1,0.0,,1.7,0.0,76.0,320.0,,,,0.0,0.037
8b5b35b0-dd0c-11ed-8f1e-7bb69ddca4ec,8.229566 46.753026,2023-04-17 12:30:00+02:00,0,NATURAL,FULL_DEPTH,2,WET,SE,0,46.709423976632394,8.204981801105642,0,MER,MER,11.6,11.2,11.9,19.5,18.3,60.7,8.3,4.2,949.4,1018.2,1018.5,,,8.4,327.0,3.8,13.7,30.2,8.1,29.2,0.0,,0.0,,848.0,,,,368.0,39.0,0.412
b1c2736c-200d-4a78-a75a-d1aa12bb81e8,7.992735 46.584254,2023-06-05 08:00:00+02:00,3,EXPLOSIVE,UNKNOWN,0,UNKNOWN,,76,46.56676796014273,7.992743784132548,0,JUN,JUN,-2.8,-3.1,-2.3,,,58.3,2.9,-9.9,659.1,,1024.6,3096.0,,2.9,323.0,0.5,1.8,10.4,2.8,10.1,,,,,685.0,192.0,,,,60.0,0.264
72a5d090-d8f5-11ed-9de9-4bc775516e2e,8.249382 46.761703,2023-04-11 16:00:00+02:00,3,NATURAL,FULL_DEPTH,2,WET,SW,64,46.77783326419244,8.256361525994507,0,GIH,GIH,9.4,9.3,9.6,,,97.7,11.5,9.1,963.1,1019.1,1018.8,,,2.1,40.0,0.8,2.9,7.6,2.0,7.2,0.0,,0.0,,141.0,,,,135.0,0.0,0.072
e18fb476-2bc8-4cdf-829a-b6f36d7508bd,8.420851 46.780719,2023-04-28 00:00:00+02:00,6,NATURAL,SLAB,2,DRY,NW,142,46.77616327455354,8.413998531990982,0,TIT,TIT,-2.4,-2.7,-2.2,,,57.6,2.9,-10.2,698.9,,1022.0,3084.8,,16.2,261.0,10.5,37.8,58.3,15.9,57.2,,,,,0.0,,,,,,0.023
8cc2e1b0-ecd3-11ed-8adc-7d70564ee41a,8.023437 46.573593,2023-05-05 12:00:00+02:00,10,NATURAL,SLAB,4,WET,,27,46.5968984807474,7.989291467157725,0,JUN,JUN,-1.9,-2.3,-1.4,,,79.7,4.2,-5.0,661.1,,1027.3,3117.7,,8.7,152.0,4.1,14.8,31.3,8.4,30.2,,,,,882.0,246.0,,,,41.0,0.291
514e8b36-8761-43bc-a150-8a7eaeb0c925,8.038115 46.78053,2023-05-10 11:00:00+02:00,4,EXPLOSIVE,FULL_DEPTH,1,WET,NW,0,46.814214853584254,8.003186071099721,0,FLU,FLU,8.7,8.1,9.0,,,84.0,9.5,6.1,,,,,,6.4,121.0,1.7,6.1,23.0,5.9,21.2,,,0.1,,,,,,,,
6e6f00b6-dfe0-4527-9b3f-7c45ffdf4fee,8.379219 46.783826,2023-04-02 07:00:00+02:00,4,EXPLOSIVE,SLAB,2,DRY,N,87,46.79455766369479,8.421687269077598,0,TIT,TIT,-11.8,-11.9,-11.7,,,95.3,2.4,-12.4,688.8,,1008.4,2974.4,,8.9,313.0,5.2,18.7,32.0,8.8,31.7,,,,,127.0,,,,,,0.022
37f6f440-e68a-11ed-9633-279e930b62b5,7.970158 46.5442,2023-04-30 12:00:00+02:00,7,NATURAL,SLAB,2,DRY,SE,222,46.53389712545549,7.9945669301917075,0,JUN,JUN,-3.7,-4.4,-3.3,,,88.8,4.1,-5.3,656.2,,1020.4,3062.2,,5.7,135.0,4.4,15.8,20.5,5.5,19.8,,,,,676.0,258.0,,,,0.0,0.202
514e8b36-8761-43bc-a150-8a7eaeb0c925,8.038115 46.78053,2023-05-11 11:00:00+02:00,4,EXPLOSIVE,FULL_DEPTH,1,WET,NW,9,46.80602804221949,8.011722221697314,0,BRZ,BRZ,,,,,,,,,948.8,,1015.3,,,4.3,254.0,1.0,3.6,15.5,4.1,14.8,,,0.0,,,,,,,,
529f5410-e6a1-11ed-9300-179866ebe517,7.727729 46.504859,2023-04-30 17:00:00+02:00,3,UNKNOWN,UNKNOWN,1,WET,,69,46.52825049036419,7.745877570626814,0,FRU,FRU,11.5,11.1,11.9,,,85.8,11.6,9.2,,,,,,5.0,18.0,1.6,5.8,18.0,4.8,17.3,,,1.4,,14.0,367.0,,,13.0,0.0,
f4bbdd10-e717-11ed-acf0-f7b342f82229,7.841373 46.562945,2023-04-30 12:00:00+02:00,7,NATURAL,UNKNOWN,3,UNKNOWN,NW,155,46.562118671534,7.848401412777275,0,INT,INT,14.9,14.7,15.1,19.6,18.8,68.7,11.6,9.2,948.1,1014.8,1016.0,,,8.5,300.0,4.5,16.2,30.6,7.9,28.4,0.0,,0.0,,475.0,,,,440.0,0.0,0.283
9312b9e3-9422-40e1-8539-92240b8f9de8,8.390152 46.787449,2023-04-16 07:30:00+02:00,2,EXPLOSIVE,LOOSE_SNOW,1,DRY,N,203,46.774930294169344,8.411957425040471,0,TIT,TIT,-9.6,-9.8,-9.5,,,97.1,2.9,-10.0,692.5,,1013.4,3014.3,,8.1,12.0,2.5,9.0,29.2,7.6,27.4,,,,,150.0,,,,,,0.035
b4aeb776-bc6c-459f-adeb-919a10f47c8a,8.420466 46.780907,2023-04-03 07:00:00+02:00,4,EXPLOSIVE,SLAB,2,DRY,NW,94,46.76000769540328,8.394038027409048,0,TIT,TIT,-11.1,-11.4,-10.6,,,93.9,2.5,-11.9,692.7,,1013.6,3017.2,,10.4,32.0,6.3,22.7,37.4,9.9,35.6,,,,,76.0,,,,,,0.018
c8a8b700-feb1-11ed-b35a-bf420b8ac344,8.01247 46.561817,2023-05-28 12:00:00.000 +0200,6,PERSON,SLAB,2,DRY,SE,201,46.561817,8.01247,1,JUN,JUN,-2.1,-2.7,-1.5,,,94.0,4.9,-3.0,660.2,,1026.0,3107.2,,5.6,309.0,2.6,9.4,20.2,5.5,19.8,,,,,773.0,289.0,,,,7.0,0.273
ad1f7e7f-180e-4f38-9562-d610574cd4c5,8.239483 46.749076,2023-04-01 06:30:00+02:00,2,EXPLOSIVE,SLAB,1,DRY,N,0,46.70694086641098,8.228937143808079,0,MER,MER,5.3,5.1,5.6,4.1,3.9,86.6,7.7,3.3,940.6,1010.5,1009.2,,,2.3,90.0,0.9,3.2,8.3,2.2,7.9,0.0,,0.0,,13.0,,,,10.0,0.0,0.016
b4aeb776-bc6c-459f-adeb-919a10f47c8a,8.420466 46.780907,2023-04-03 07:00:00+02:00,4,EXPLOSIVE,SLAB,2,DRY,NW,140,46.762418527582746,8.396812080726274,0,TIT,TIT,-11.1,-11.4,-10.6,,,93.9,2.5,-11.9,692.7,,1013.6,3017.2,,10.4,32.0,6.3,22.7,37.4,9.9,35.6,,,,,76.0,,,,,,0.018
d68cc42c-2801-4238-bb58-3d963f2ab1ea,8.380899 46.782267,2023-04-02 07:00:00+02:00,4,EXPLOSIVE,SLAB,3,DRY,N,0,46.81955744557495,8.38544517100271,0,ENG,ENG,1.5,0.9,2.3,0.8,-0.5,92.6,6.3,0.5,894.4,,1012.9,,1445.3,3.5,90.0,0.9,3.2,12.6,3.3,11.9,0.0,,0.0,0.0,95.0,251.0,,,,6.0,0.037
ce082ed0-ea41-11ed-9704-3747ffc8acfd,7.997493 46.55824,2023-05-04 12:00:00+02:00,7,PERSON,SLAB,3,DRY,S,150,46.52603875093334,8.030378000743708,0,JUN,JUN,-2.7,-3.0,-2.2,,,47.9,2.4,-12.2,661.7,,1028.2,3127.2,,5.8,318.0,3.1,11.2,20.9,5.4,19.4,,,,,1043.0,195.0,,,,60.0,0.37
c2674210-608f-480e-8889-772ed922cf40,8.384094 46.779592,2023-04-04 07:00:00+02:00,4,EXPLOSIVE,SLAB,2,DRY,NE,132,46.788561306068225,8.376562048791472,0,ENG,ENG,-3.7,-3.9,-3.3,-3.3,-3.4,89.3,4.2,-5.2,898.6,,1017.6,,1474.4,5.4,231.0,3.3,11.9,19.4,5.2,18.7,0.0,,0.0,0.0,44.0,289.0,,,,0.0,0.023
97f65a13-9c8a-44c6-b5dc-c7c4d60fed1e,7.972757 46.575628,2023-04-17 07:30:00+02:00,2,EXPLOSIVE,SLAB,1,DRY,N,30,46.61205786098562,7.975309517440531,0,JUN,JUN,-12.2,-12.6,-11.9,,,76.7,1.8,-15.5,651.9,,1014.3,3028.0,,12.4,40.0,5.8,20.9,44.6,12.0,43.2,,,,,277.0,161.0,,,,57.0,0.052
b2b22272-2994-46f8-ba69-aa77d0ffdafa,8.420101 46.781175,2023-04-28 00:00:00+02:00,6,NATURAL,SLAB,2,DRY,N,81,46.789877382074614,8.377124766146647,0,ENG,ENG,8.9,8.5,9.3,7.6,7.4,76.6,8.7,5.0,899.1,,1018.1,,1499.3,4.5,81.0,1.5,5.4,16.2,4.4,15.8,0.0,,0.0,0.0,0.0,334.0,,,,0.0,0.005
d1dc6b80-4759-4599-8761-9b826a9ee094,8.401311 46.769587,2023-04-16 00:00:00+02:00,6,NATURAL,SLAB,3,DRY,NW,117,46.79348262916378,8.41620642321852,0,TIT,TIT,-11.0,-11.2,-10.8,,,100.0,2.6,-11.0,691.6,,1012.1,3004.5,,15.5,331.0,5.9,21.2,55.8,15.2,54.7,,,,,0.0,,,,,,-0.001
68246170-d6db-11ed-8552-37fbec7ec321,8.370977 46.777677,2023-04-10 15:00:00+02:00,3,NATURAL,FULL_DEPTH,2,WET,S,36,46.791007294294374,8.395967867210823,0,ENG,ENG,12.4,12.1,12.8,16.1,15.8,40.5,5.8,-0.7,901.0,,1020.2,,1523.3,7.3,233.0,3.9,14.0,26.3,6.2,22.3,0.0,,0.0,0.0,403.0,301.0,,,,28.0,0.264
ad918400-77b8-4908-b8c3-86205d723ff7,8.426238 46.77793,2023-04-29 07:30:00+02:00,2,EXPLOSIVE,SLAB,2,DRY,NE,0,46.80480019027986,8.388524953600736,0,ENG,ENG,9.5,9.1,10.0,10.0,8.8,88.8,10.5,7.7,898.7,,1017.7,,1497.0,2.9,117.0,0.8,2.9,10.4,2.7,9.7,0.0,,0.0,0.0,150.0,334.0,,,,0.0,0.078
233c98fe-a27b-4c5e-992f-1bc9cdd0362a,8.422835 46.779803,2023-04-25 07:00:00.000 +0200,3,EXPLOSIVE,SLAB,2,DRY,N,137,46.779803,8.422835,1,TIT,TIT,-10.2,-10.4,-10.0,,,98.9,2.8,-10.3,687.7,,1006.9,2961.3,,16.3,291.0,10.1,36.4,58.7,15.8,56.9,,,,,90.0,,,,,,0.015
49e457f5-5bb7-4272-bb56-c1782a243205,8.423263 46.779484,2023-04-19 08:00:00+02:00,4,EXPLOSIVE,SLAB,3,DRY,N,16,46.800177248967096,8.409757674762012,0,ENG,ENG,7.0,5.8,8.3,15.6,12.7,76.2,7.6,3.1,900.1,,1019.2,,1505.6,4.8,204.0,1.9,6.8,17.3,4.1,14.8,0.0,,0.0,0.0,545.0,295.0,,,,55.0,0.227
35790a01-26e9-458d-9830-8b595ce08bc3,8.391669 46.779911,2023-04-17 16:00:00+02:00,5,PERSON,SLAB,3,DRY,NW,123,46.7839088431895,8.396575461126139,0,TIT,TIT,-8.2,-8.6,-7.8,,,96.0,3.2,-8.7,694.3,,1015.8,3034.2,,4.0,175.0,1.5,5.4,14.4,3.7,13.3,,,,,330.0,,,,,,0.087
0d6a183c-f453-4a31-98c7-90213921e278,8.417328 46.785788,2023-04-03 06:30:00+02:00,2,EXPLOSIVE,SLAB,1,DRY,NW,0,46.8138267760905,8.375659218744943,0,ENG,ENG,0.9,0.7,1.2,1.0,0.7,98.4,6.4,0.7,900.2,,1019.3,,1495.6,5.5,236.0,3.0,10.8,19.8,5.4,19.4,0.0,,0.4,0.0,2.0,323.0,,,,0.0,0.012
4067dd0b-f3b4-40af-8872-12824f7b55a6,8.423024 46.779666,2023-04-01 07:00:00+02:00,4,EXPLOSIVE,SLAB,3,DRY,NE,0,46.81334738920267,8.415527107485946,0,ENG,ENG,5.6,4.9,6.3,4.0,3.5,57.4,5.2,-2.2,890.2,,1008.3,,1413.8,6.9,360.0,1.9,6.8,24.8,6.7,24.1,0.0,,0.1,0.0,58.0,318.0,,,,0.0,0.059
11f734d7-e1b6-4c3b-8fe6-abdd0b39cea0,8.385873 46.778735,2023-04-12 08:00:00.000 +0200,4,EXPLOSIVE,SLAB,2,DRY,NE,77,46.778735,8.385873,1,TIT,TIT,-4.5,-4.7,-4.3,,,96.7,4.2,-5.0,689.8,,1009.7,2982.1,,21.3,256.0,9.9,35.6,76.7,20.0,72.0,,,,,216.0,,,,,,0.045
ce082ed0-ea41-11ed-9704-3747ffc8acfd,7.997493 46.55824,2023-05-05 12:00:00+02:00,7,PERSON,SLAB,3,DRY,S,226,46.52794104516589,7.990080781330899,0,JUN,JUN,-1.9,-2.3,-1.4,,,79.7,4.2,-5.0,661.1,,1027.3,3117.7,,8.7,152.0,4.1,14.8,31.3,8.4,30.2,,,,,882.0,246.0,,,,41.0,0.291
f4bbdd10-e717-11ed-acf0-f7b342f82229,7.841373 46.562945,2023-04-29 12:00:00+02:00,7,NATURAL,UNKNOWN,3,UNKNOWN,NW,57,46.568379097320424,7.803557427449056,0,INT,INT,16.4,15.4,17.3,24.7,21.8,70.7,13.2,11.1,948.7,1015.1,1016.6,,,2.5,243.0,0.8,2.9,9.0,2.3,8.3,0.0,,0.0,,638.0,,,,432.0,17.0,0.38
8d0101b0-de65-11ed-ad4d-6fea2397c693,7.846102 46.562407,2023-04-18 12:00:00+02:00,7,NATURAL,FULL_DEPTH,2,WET,S,26,46.58107227438614,7.890088133196801,0,INT,INT,13.4,13.2,13.7,26.5,25.8,55.5,8.5,4.7,948.9,1016.0,1016.8,,,6.5,306.0,2.9,10.4,23.4,6.2,22.3,0.0,,0.0,,909.0,,,,150.0,60.0,0.48
1851a448-559e-4572-8066-2824a030e41d,8.385872 46.778947,2023-04-16 07:30:00+02:00,2,EXPLOSIVE,LOOSE_SNOW,1,DRY,NE,158,46.79029116342364,8.420430355384081,0,TIT,TIT,-9.6,-9.8,-9.5,,,97.1,2.9,-10.0,692.5,,1013.4,3014.3,,8.1,12.0,2.5,9.0,29.2,7.6,27.4,,,,,150.0,,,,,,0.035
b2b22272-2994-46f8-ba69-aa77d0ffdafa,8.420101 46.781175,2023-04-28 00:00:00+02:00,6,NATURAL,SLAB,2,DRY,N,140,46.76374824182528,8.407614302893691,0,TIT,TIT,-2.4,-2.7,-2.2,,,57.6,2.9,-10.2,698.9,,1022.0,3084.8,,16.2,261.0,10.5,37.8,58.3,15.9,57.2,,,,,0.0,,,,,,0.023
c8955470-dce3-11ed-bcd6-6b951ea9af39,8.419791 46.782658,2023-04-16 12:00:00+02:00,7,EXPLOSIVE,SLAB,2,DRY,N,0,46.81275231208952,8.37992480043673,0,ENG,ENG,2.3,2.1,2.7,4.2,4.2,92.4,6.7,1.2,900.8,,1020.0,,1503.2,3.1,99.0,1.4,5.0,11.2,2.9,10.4,0.0,,1.0,0.0,173.0,327.0,,,,0.0,0.078
8d0101b0-de65-11ed-ad4d-6fea2397c693,7.846102 46.562407,2023-04-18 12:00:00.000 +0200,7,NATURAL,FULL_DEPTH,2,WET,S,120,46.562407,7.846102,1,INT,INT,13.4,13.2,13.7,26.5,25.8,55.5,8.5,4.7,948.9,1016.0,1016.8,,,6.5,306.0,2.9,10.4,23.4,6.2,22.3,0.0,,0.0,,909.0,,,,150.0,60.0,0.48
fdfaf590-ea4c-11ed-8348-fb5788bd30bc,8.001152 46.577404,2023-05-01 12:00:00.000 +0200,7,NATURAL,SLAB,2,DRY,NW,192,46.577404,8.001152,1,JUN,JUN,-6.3,-6.6,-6.0,,,94.6,3.6,-7.0,653.7,,1016.8,3036.8,,2.9,175.0,1.2,4.3,10.4,2.8,10.1,,,,,737.0,282.0,,,,0.0,0.244
fe8541fa-4448-482f-8c28-995faac1b624,8.419783 46.781356,2023-04-13 07:30:00.000 +0200,2,EXPLOSIVE,SLAB,1,DRY,N,105,46.781356,8.419783,1,TIT,TIT,-13.5,-13.7,-13.0,,,100.0,2.2,-13.5,683.5,,1001.1,2915.8,,10.2,306.0,5.7,20.5,36.7,9.9,35.6,,,,,127.0,,,,,,0.019
10ab716e-5fe3-4dac-9343-2f5c3d5e2a92,8.244594 46.61198,2023-05-10 12:00:00+02:00,7,NATURAL,SLAB,4,WET,NW,157,46.59020849081712,8.258619470297708,0,GRH,GRH,1.8,1.4,1.9,,,94.4,6.6,1.0,801.0,,1016.0,,1479.2,9.9,355.0,5.8,20.9,35.6,9.3,33.5,,,0.0,106.0,448.0,319.0,,,,0.0,0.142
b6bd2020-dd0b-11ed-8f1e-7bb69ddca4ec,8.237321 46.747742,2023-04-16 12:00:00.000 +0200,7,NATURAL,SLAB,2,DRY,N,90,46.747742,8.237321,1,MER,MER,6.1,5.9,6.2,7.2,6.9,83.5,7.9,3.5,951.5,1021.9,1020.8,,,1.0,90.0,0.3,1.1,3.6,0.9,3.2,0.0,,0.2,,119.0,,,,108.0,0.0,0.07
3a0dd0e2-9199-4139-bb1e-3327bd98128b,8.425944 46.778157,2023-04-14 07:00:00+02:00,3,EXPLOSIVE,SLAB,2,DRY,NE,202,46.753892129712376,8.420449050536513,0,TIT,TIT,-13.4,-13.7,-13.1,,,99.4,2.2,-13.5,684.7,,1002.8,2929.1,,9.3,318.0,3.0,10.8,33.5,8.9,32.0,,,,,121.0,,,,,,0.023
9312b9e3-9422-40e1-8539-92240b8f9de8,8.390152 46.787449,2023-04-16 07:30:00+02:00,2,EXPLOSIVE,LOOSE_SNOW,1,DRY,N,127,46.75340762350875,8.402156701718729,0,TIT,TIT,-9.6,-9.8,-9.5,,,97.1,2.9,-10.0,692.5,,1013.4,3014.3,,8.1,12.0,2.5,9.0,29.2,7.6,27.4,,,,,150.0,,,,,,0.035
129ea644-660f-4e28-b1b5-6ad36254a3b7,8.425551 46.770235,2023-05-16 09:00:00.000 +0200,3,EXPLOSIVE,SLAB,2,DRY,SE,167,46.770235,8.425551,1,TIT,TIT,-5.9,-6.0,-5.7,,,98.7,3.9,-6.0,691.9,,1012.6,3006.5,,16.7,14.0,9.2,33.1,60.1,15.8,56.9,,,,,330.0,,,,,,0.064
367958a0-d439-11ed-a920-a702e6e7f311,8.242864 46.759718,2023-04-05 15:00:00+02:00,2,NATURAL,FULL_DEPTH,1,WET,S,49,46.773641083592096,8.279664409145292,0,GIH,GIH,10.2,10.1,10.3,,,44.7,5.5,-1.3,962.8,1018.7,1018.5,,,3.9,47.0,1.8,6.5,14.0,3.7,13.3,0.0,,0.0,,527.0,,,,135.0,57.0,0.261
4b5d9a70-d15e-11ed-94cc-21edfa2a74e3,8.233716 46.754659,2023-04-02 15:30:00+02:00,1,NATURAL,FULL_DEPTH,2,WET,S,116,46.7723524461488,8.24644635694518,0,MER,MER,10.5,9.8,11.5,11.3,8.4,56.8,7.2,2.3,946.7,1015.6,1015.6,,,11.0,301.0,4.6,16.6,39.6,10.6,38.2,0.0,,0.1,,219.0,,,,178.0,6.0,0.164
5dfb93d0-d046-11ed-b49c-43d9bede54f5,8.263448 46.782775,2023-04-02 05:45:00+02:00,0,EXPLOSIVE,SLAB,2,DRY,NW,3,46.8258718144071,8.257971326154438,0,GIH,GIH,1.6,1.2,2.2,,,99.3,6.8,1.5,958.4,1015.8,1013.9,,,2.0,256.0,0.6,2.2,7.2,2.0,7.2,0.0,,0.0,,12.0,,,,12.0,0.0,0.011
1aca9480-d131-11ed-bb43-5ff35461761d,8.354817 46.766741,2023-04-03 12:00:00+02:00,10,NATURAL,SLAB,3,DRY,NW,0,46.73863616760249,8.377286890808191,0,TIT,TIT,-11.1,-11.3,-10.9,,,32.1,0.9,-24.6,692.5,,1013.3,3014.6,,11.7,40.0,8.9,32.0,42.1,11.6,41.8,,,,,917.0,,,,,,0.182
1a787419-5802-4808-a192-fbe672afe523,8.389757 46.787324,2023-04-16 08:30:00.000 +0200,4,EXPLOSIVE,LOOSE_SNOW,2,DRY,N,135,46.787324,8.389757,1,TIT,TIT,-9.5,-9.6,-9.3,,,94.1,2.8,-10.3,692.7,,1013.7,3017.0,,7.6,16.0,3.6,13.0,27.4,7.1,25.6,,,,,249.0,,,,,,0.057
3127a717-5395-4ff5-9722-0942f1737558,8.42626 46.777558,2023-04-14 06:30:00.000 +0200,5,EXPLOSIVE,SLAB,2,DRY,NE,185,46.777558,8.42626,1,TIT,TIT,-13.5,-13.9,-13.1,,,100.0,2.2,-13.5,684.5,,1002.4,2926.6,,9.8,323.0,2.1,7.6,35.3,9.6,34.6,,,,,25.0,,,,,,0.008
c8955470-dce3-11ed-bcd6-6b951ea9af39,8.419791 46.782658,2023-04-16 12:00:00.000 +0200,7,EXPLOSIVE,SLAB,2,DRY,N,310,46.782658,8.419791,1,TIT,TIT,-9.1,-9.2,-9.1,,,96.8,3.0,-9.5,693.9,,1015.2,3029.6,,7.4,16.0,3.6,13.0,26.6,7.0,25.2,,,,,654.0,,,,,,0.147
10ab716e-5fe3-4dac-9343-2f5c3d5e2a92,8.244594 46.61198,2023-05-11 12:00:00+02:00,7,NATURAL,SLAB,4,WET,NW,59,46.60474384195697,8.281506346848165,0,GRH,GRH,0.7,0.4,0.9,,,93.0,6.0,-0.3,799.7,,1014.4,,1468.0,7.9,351.0,4.2,15.1,28.4,7.7,27.7,,,0.2,113.0,511.0,313.0,,,,0.0,0.167
26f6eb66-fc4c-4eb2-aecd-11eeddba5a5a,7.964013 46.534843,2023-05-19 10:30:00+02:00,3,PERSON,SLAB,1,DRY,SE,221,46.53737128452227,7.969701276481185,0,JUN,JUN,-4.3,-5.3,-3.7,,,96.0,4.3,-4.8,656.8,,1021.2,3070.6,,10.0,146.0,8.3,29.9,36.0,9.9,35.6,,,,,520.0,288.0,,,,0.0,0.119
acaee50d-c93e-4865-b666-dcf8ca1d9f21,8.226812 46.595085,2023-04-23 12:00:00+02:00,7,PERSON,SLAB,1,DRY,NW,212,46.594719847985274,8.245341710483926,0,GRH,GRH,4.9,4.6,5.3,,,73.2,6.3,0.5,798.7,,1013.1,,1449.6,7.7,153.0,5.2,18.7,27.7,7.4,26.6,,,0.0,165.0,544.0,314.0,,,,0.0,0.226
11290122-2f71-4b65-840e-5b583a64fdd5,8.389124 46.787453,2023-04-15 07:00:00+02:00,4,EXPLOSIVE,SLAB,2,WET,N,0,46.80882167882378,8.404155228048808,0,ENG,ENG,0.5,0.3,0.7,0.3,0.2,96.3,6.1,-0.1,889.2,,1007.1,,1397.6,1.8,90.0,0.9,3.2,6.5,1.6,5.8,0.0,,1.3,0.0,49.0,316.0,,,,0.0,0.027
367958a0-d439-11ed-a920-a702e6e7f311,8.242864 46.759718,2023-04-05 15:00:00+02:00,2,NATURAL,FULL_DEPTH,1,WET,S,33,46.759613825716,8.247645818592959,0,MER,MER,9.8,9.4,10.1,14.9,14.1,43.4,5.3,-2.1,948.1,1017.2,1017.1,,,9.5,317.0,4.9,17.6,34.2,9.3,33.5,0.0,,0.0,,594.0,,,,148.0,60.0,0.304
da27b6a6-0240-478c-9ff6-ab83983e37eb,8.426516 46.77779,2023-04-30 07:30:00+02:00,2,EXPLOSIVE,SLAB,2,DRY,NE,25,46.73742489202933,8.40846969997646,0,TIT,TIT,-2.5,-2.8,-2.2,,,55.7,2.8,-10.2,696.8,,1019.2,3060.9,,4.1,178.0,2.8,10.1,14.8,3.8,13.7,,,,,281.0,,,,,,0.108
11290122-2f71-4b65-840e-5b583a64fdd5,8.389124 46.787453,2023-04-12 07:00:00+02:00,4,EXPLOSIVE,SLAB,2,WET,N,88,46.7787009050484,8.409837761495327,0,TIT,TIT,-4.6,-4.7,-4.5,,,99.0,4.3,-4.8,690.1,,1010.2,2985.8,,25.3,268.0,12.0,43.2,91.1,24.2,87.1,,,,,99.0,,,,,,0.019
97c5682e-950b-4c24-8c69-651f6ff3d0c8,8.035288 46.786336,2023-04-19 10:30:00+02:00,4,EXPLOSIVE,SLAB,2,DRY,S,0,46.74960474717692,8.07964867240878,0,BRZ,BRZ,,,,,,,,,952.0,,1018.7,,,4.7,258.0,2.9,10.4,16.9,4.6,16.6,,,0.0,,,,,,,,
8cc2e1b0-ecd3-11ed-8adc-7d70564ee41a,8.023437 46.573593,2023-05-07 12:00:00+02:00,10,NATURAL,SLAB,4,WET,,0,46.60268641008256,8.019744616025415,0,JUN,JUN,-1.9,-2.8,-0.8,,,89.4,4.7,-3.5,659.4,,1024.9,3097.2,,5.3,136.0,3.9,14.0,19.1,5.2,18.7,,,,,835.0,273.0,,,,8.0,0.273
acaee50d-c93e-4865-b666-dcf8ca1d9f21,8.226812 46.595085,2023-04-22 12:00:00+02:00,7,PERSON,SLAB,1,DRY,NW,132,46.61168719888623,8.220690977531557,0,GRH,GRH,8.3,7.7,8.9,,,45.6,5.0,-2.8,800.5,,1015.4,,1462.6,6.8,152.0,3.9,14.0,24.5,6.3,22.7,,,0.0,175.0,926.0,278.0,,,,30.0,0.448
ad1f7e7f-180e-4f38-9562-d610574cd4c5,8.239483 46.749076,2023-04-02 06:30:00+02:00,2,EXPLOSIVE,SLAB,1,DRY,N,0,46.70666716244548,8.24270733588935,0,MER,MER,3.5,2.9,4.0,0.2,-0.5,93.7,7.3,2.6,944.8,1015.4,1013.7,,,1.5,101.0,0.7,2.5,5.4,1.5,5.4,0.0,,0.0,,18.0,,,,14.0,0.0,0.011
839994f8-5b6d-44ab-8e1c-fd57876e2bd9,8.4215 46.780442,2023-04-03 07:00:00+02:00,4,EXPLOSIVE,SLAB,2,DRY,E,79,46.73548103242992,8.41936601369977,0,TIT,TIT,-11.1,-11.4,-10.6,,,93.9,2.5,-11.9,692.7,,1013.6,3017.2,,10.4,32.0,6.3,22.7,37.4,9.9,35.6,,,,,76.0,,,,,,0.018
bafec949-69be-4d29-96df-732ded5d7686,8.389718 46.787228,2023-04-03 08:00:00+02:00,3,EXPLOSIVE,SLAB,1,DRY,N,128,46.78827427441064,8.360018662316067,0,ENG,ENG,-0.1,-0.2,0.1,0.6,0.5,97.3,5.9,-0.4,900.7,,1019.9,,1498.5,6.4,226.0,3.9,14.0,23.0,6.1,22.0,0.0,,0.0,0.0,104.0,313.0,,,,0.0,0.036
564bddb0-e717-11ed-acf0-f7b342f82229,7.822357 46.529218,2023-05-01 12:00:00+02:00,7,NATURAL,SLAB,3,UNKNOWN,N,80,46.53924506022109,7.829628239375103,0,INT,INT,10.5,10.4,10.6,12.5,12.3,87.4,11.1,8.5,949.8,1017.7,1017.8,,,1.2,270.0,0.5,1.8,4.3,1.2,4.3,0.0,,1.3,,127.0,,,,126.0,0.0,0.082
5f7c51f6-7065-4c64-860a-51df7287e4b5,8.42359 46.779392,2023-05-19 07:00:00+02:00,4,EXPLOSIVE,SLAB,2,DRY,N,20,46.75596295794293,8.392231746652612,0,TIT,TIT,-2.9,-3.2,-2.4,,,86.1,4.2,-4.9,697.8,,1020.6,3072.9,,10.4,165.0,6.6,23.8,37.4,10.0,36.0,,,,,261.0,,,,,,0.076
a4ad0c82-16f6-4de1-af92-ac146cabf042,8.423474 46.779387,2023-05-02 07:30:00+02:00,4,EXPLOSIVE,SLAB,2,DRY,N,0,46.82270799956418,8.39745723031971,0,ENG,ENG,5.9,5.7,6.1,6.1,5.9,93.1,8.7,4.9,902.2,,1021.5,,1522.4,2.7,108.0,0.7,2.5,9.7,2.6,9.4,0.0,,0.0,0.0,32.0,330.0,,,,0.0,0.029
9312b9e3-9422-40e1-8539-92240b8f9de8,8.390152 46.787449,2023-04-13 07:30:00+02:00,2,EXPLOSIVE,LOOSE_SNOW,1,DRY,N,64,46.787202412277395,8.407960479085537,0,TIT,TIT,-13.5,-13.7,-13.0,,,100.0,2.2,-13.5,683.5,,1001.1,2915.8,,10.2,306.0,5.7,20.5,36.7,9.9,35.6,,,,,127.0,,,,,,0.019
8b5b35b0-dd0c-11ed-8f1e-7bb69ddca4ec,8.229566 46.753026,2023-04-18 12:30:00+02:00,0,NATURAL,FULL_DEPTH,2,WET,SE,111,46.77616630060779,8.262157366666747,0,GIH,GIH,14.3,13.8,14.9,,,58.9,9.6,6.4,962.2,1017.2,1017.9,,,4.1,43.0,1.8,6.5,14.8,3.9,14.0,0.0,,0.0,,862.0,,,,128.0,60.0,0.468
5192475d-5f0c-41d7-bde8-a82e5bea8b68,8.422294 46.780382,2023-04-18 08:00:00+02:00,4,EXPLOSIVE,SLAB,3,DRY,N,148,46.77797965544029,8.41452810111594,0,TIT,TIT,-6.1,-7.1,-5.1,,,76.1,3.0,-9.7,694.1,,1015.6,3031.7,,4.1,233.0,1.3,4.7,14.8,3.9,14.0,,,,,514.0,,,,,,0.154
1b05e8ea-984f-445d-8163-f5d970cfecf8,8.387973 46.785269,2023-04-12 07:00:00+02:00,4,EXPLOSIVE,SLAB,1,WET,NW,84,46.76758330115381,8.346802185216045,0,TIT,TIT,-4.6,-4.7,-4.5,,,99.0,4.3,-4.8,690.1,,1010.2,2985.8,,25.3,268.0,12.0,43.2,91.1,24.2,87.1,,,,,99.0,,,,,,0.019
97c5682e-950b-4c24-8c69-651f6ff3d0c8,8.035288 46.786336,2023-04-21 10:30:00+02:00,4,EXPLOSIVE,SLAB,2,DRY,S,111,46.7915939824836,8.048475170135395,0,BRZ,BRZ,,,,,,,,,944.6,,1010.9,,,4.7,261.0,2.6,9.4,16.9,4.5,16.2,,,0.0,,,,,,,,
ad1f7e7f-180e-4f38-9562-d610574cd4c5,8.239483 46.749076,2023-04-01 06:30:00.000 +0200,2,EXPLOSIVE,SLAB,1,DRY,N,63,46.749076,8.239483,1,MER,MER,5.3,5.1,5.6,4.1,3.9,86.6,7.7,3.3,940.6,1010.5,1009.2,,,2.3,90.0,0.9,3.2,8.3,2.2,7.9,0.0,,0.0,,13.0,,,,10.0,0.0,0.016
dda75b80-ddc2-11ed-b3b1-431b3c02902e,8.263291 46.74286,2023-04-18 14:30:00+02:00,1,SNOW_GROOMER,SLAB,3,DRY,SE,147,46.74733397327217,8.264574670336367,0,MER,MER,15.8,15.5,16.2,22.2,21.1,46.7,8.4,4.4,947.3,1014.9,1016.3,,,9.3,330.0,5.4,19.4,33.5,9.2,33.1,0.0,,0.0,,818.0,,,,195.0,60.0,0.478
63723fcc-14a3-472f-a9d8-8ce81f021fe4,8.42184 46.780304,2023-04-30 07:30:00+02:00,2,EXPLOSIVE,LOOSE_SNOW,1,WET,N,97,46.777764906624725,8.4158744636483,0,TIT,TIT,-2.5,-2.8,-2.2,,,55.7,2.8,-10.2,696.8,,1019.2,3060.9,,4.1,178.0,2.8,10.1,14.8,3.8,13.7,,,,,281.0,,,,,,0.108
45a4cc4a-b623-44fe-a276-c1a4df80223b,8.420264 46.781131,2023-05-03 07:30:00+02:00,4,EXPLOSIVE,SLAB,2,DRY,N,141,46.78391909305498,8.375303065906406,0,ENG,ENG,4.0,2.3,6.3,4.4,0.7,91.4,7.4,2.7,903.9,,1023.4,,1534.5,2.9,95.0,1.2,4.3,10.4,2.7,9.7,0.0,,0.0,0.0,245.0,252.0,,,,32.0,0.094
acaee50d-c93e-4865-b666-dcf8ca1d9f21,8.226812 46.595085,2023-04-22 12:00:00+02:00,7,PERSON,SLAB,1,DRY,NW,164,46.57499480360377,8.220087593617937,0,ULR,ULR,14.8,14.2,15.7,18.8,17.9,33.9,5.7,-1.0,861.7,,1013.4,,1462.6,12.6,103.0,6.2,22.3,45.4,12.2,43.9,,,0.0,0.0,931.0,288.0,,,368.0,53.0,0.557
fdfaf590-ea4c-11ed-8348-fb5788bd30bc,8.001152 46.577404,2023-05-04 12:00:00+02:00,7,NATURAL,SLAB,2,DRY,NW,268,46.5440437024119,7.956865837257248,0,JUN,JUN,-2.7,-3.0,-2.2,,,47.9,2.4,-12.2,661.7,,1028.2,3127.2,,5.8,318.0,3.1,11.2,20.9,5.4,19.4,,,,,1043.0,195.0,,,,60.0,0.37
50374fe0-d439-11ed-a920-a702e6e7f311,8.245848 46.760908,2023-04-07 16:00:00+02:00,2,NATURAL,FULL_DEPTH,1,WET,SW,0,46.747891870729156,8.202572360554429,0,MER,MER,6.9,6.3,7.6,7.0,6.0,73.1,7.3,2.4,947.8,1017.7,1016.8,,,10.6,305.0,5.2,18.7,38.2,10.4,37.4,0.0,,0.1,,148.0,,,,145.0,0.0,0.096
b1c2736c-200d-4a78-a75a-d1aa12bb81e8,7.992735 46.584254,2023-06-07 08:00:00+02:00,3,EXPLOSIVE,UNKNOWN,0,UNKNOWN,,0,46.62048189769897,7.995113526849334,0,JUN,JUN,-2.9,-3.3,-2.6,,,67.5,3.4,-8.1,660.4,,1026.4,3111.4,,1.9,360.0,0.2,0.7,6.8,1.7,6.1,,,,,676.0,195.0,,,,60.0,0.263
c8a8b700-feb1-11ed-b35a-bf420b8ac344,8.01247 46.561817,2023-05-29 12:00:00+02:00,6,PERSON,SLAB,2,DRY,SE,137,46.525145712320466,8.035238478194218,0,JUN,JUN,-2.2,-2.6,-1.8,,,81.4,4.2,-5.0,660.0,,1025.8,3105.0,,5.6,161.0,4.1,14.8,20.2,5.5,19.8,,,,,1077.0,203.0,,,,60.0,0.35
63723fcc-14a3-472f-a9d8-8ce81f021fe4,8.42184 46.780304,2023-04-29 07:30:00.000 +0200,2,EXPLOSIVE,LOOSE_SNOW,1,WET,N,113,46.780304,8.42184,1,TIT,TIT,-2.8,-3.0,-2.6,,,99.3,4.9,-2.9,697.5,,1020.2,3069.6,,7.7,346.0,2.3,8.3,27.7,7.4,26.6,,,,,143.0,,,,,,0.049
c2674210-608f-480e-8889-772ed922cf40,8.384094 46.779592,2023-04-02 07:00:00+02:00,4,EXPLOSIVE,SLAB,2,DRY,NE,87,46.792782792612066,8.369900516889091,0,ENG,ENG,1.5,0.9,2.3,0.8,-0.5,92.6,6.3,0.5,894.4,,1012.9,,1445.3,3.5,90.0,0.9,3.2,12.6,3.3,11.9,0.0,,0.0,0.0,95.0,251.0,,,,6.0,0.037
1360c83b-baa5-40fd-8967-adc55e27b8f8,8.035169 46.786944,2023-05-08 11:00:00+02:00,4,EXPLOSIVE,FULL_DEPTH,2,WET,SW,0,46.82035370067065,8.044086951237837,0,FLU,FLU,13.3,13.0,13.6,,,85.1,13.0,10.8,,,,,,5.1,333.0,2.6,9.4,18.4,5.0,18.0,,,0.0,,,,,,,,
9793e5e8-7a24-425c-8b33-04a387b5aa44,8.40304 46.792701,2023-04-01 06:30:00+02:00,2,EXPLOSIVE,SLAB,1,DRY,NW,98,46.78488710569693,8.3867994560355,0,TIT,TIT,-10.8,-10.8,-10.7,,,95.6,2.6,-11.4,685.8,,1004.3,2940.2,,26.1,286.0,14.8,53.3,94.0,25.5,91.8,,,,,7.0,,,,,,0.008
ab2a9319-7f29-4629-a314-d5965080c33e,8.421443 46.780432,2023-05-03 07:30:00+02:00,4,EXPLOSIVE,SLAB,2,DRY,N,36,46.7546446919131,8.396671508703255,0,TIT,TIT,-1.2,-1.4,-1.0,,,12.9,0.7,-26.3,700.1,,1023.7,3098.4,,15.2,59.0,9.4,33.8,54.7,14.1,50.8,,,,,410.0,,,,,,0.202
bdf4c097-2315-413e-a320-168acfd62b21,8.380633 46.782526,2023-04-13 08:00:00+02:00,4,EXPLOSIVE,SLAB,3,DRY,N,79,46.785444508554065,8.351157763791011,0,ENG,ENG,1.6,1.2,2.2,2.0,1.2,83.2,5.7,-1.0,890.0,,1008.0,,1406.2,2.7,74.0,0.9,3.2,9.7,2.5,9.0,0.0,,0.1,0.0,126.0,298.0,,,,0.0,0.059
a8219770-e77f-11ed-991c-c3bbd7ca6c9a,7.788493 46.554381,2023-04-30 15:11:00+02:00,0,NATURAL,SLAB,3,WET,NW,143,46.564029621929215,7.821516360316962,0,INT,INT,14.4,14.0,14.9,15.7,14.4,71.8,11.8,9.4,948.1,1014.9,1016.0,,,9.6,298.0,4.5,16.2,34.6,9.3,33.5,0.0,,0.0,,177.0,,,,172.0,0.0,0.144
9793e5e8-7a24-425c-8b33-04a387b5aa44,8.40304 46.792701,2023-04-03 06:30:00+02:00,2,EXPLOSIVE,SLAB,1,DRY,NW,28,46.75370391519976,8.36357701047237,0,TIT,TIT,-10.6,-10.9,-10.3,,,95.7,2.6,-11.1,692.8,,1013.7,3017.8,,10.9,24.0,6.1,22.0,39.2,10.6,38.2,,,,,11.0,,,,,,0.008
45a4cc4a-b623-44fe-a276-c1a4df80223b,8.420264 46.781131,2023-05-04 07:30:00+02:00,4,EXPLOSIVE,SLAB,2,DRY,N,75,46.7602601031424,8.424860971093638,0,TIT,TIT,0.3,0.1,0.6,,,29.4,1.8,-15.5,701.8,,1026.0,3118.3,,6.5,307.0,4.7,16.9,23.4,6.5,23.4,,,,,407.0,,,,,,0.18
50374fe0-d439-11ed-a920-a702e6e7f311,8.245848 46.760908,2023-04-05 16:00:00.000 +0200,2,NATURAL,FULL_DEPTH,1,WET,SW,41,46.760908,8.245848,1,MER,MER,8.4,8.1,8.9,9.0,7.2,42.7,4.7,-3.5,948.0,1017.6,1017.1,,,8.8,322.0,4.7,16.9,31.7,8.5,30.6,0.0,,0.0,,189.0,,,,113.0,19.0,0.16
1aca9480-d131-11ed-bb43-5ff35461761d,8.354817 46.766741,2023-04-04 12:00:00+02:00,10,NATURAL,SLAB,3,DRY,NW,125,46.781732889029705,8.386804036210876,0,TIT,TIT,-12.0,-12.4,-11.6,,,25.2,0.6,-28.1,689.9,,1009.9,2986.4,,24.0,336.0,4.4,15.8,86.4,21.1,76.0,,,,,930.0,,,,,,0.2
514e8b36-8761-43bc-a150-8a7eaeb0c925,8.038115 46.78053,2023-05-10 11:00:00+02:00,4,EXPLOSIVE,FULL_DEPTH,1,WET,NW,0,46.764760327502934,8.010355750149103,0,BRZ,BRZ,,,,,,,,,949.4,,1015.9,,,5.8,262.0,2.4,8.6,20.9,5.6,20.2,,,0.2,,,,,,,,
c2674210-608f-480e-8889-772ed922cf40,8.384094 46.779592,2023-04-02 07:00:00+02:00,4,EXPLOSIVE,SLAB,2,DRY,NE,81,46.76489004042181,8.352121651468128,0,TIT,TIT,-11.8,-11.9,-11.7,,,95.3,2.4,-12.4,688.8,,1008.4,2974.4,,8.9,313.0,5.2,18.7,32.0,8.8,31.7,,,,,127.0,,,,,,0.022
4067dd0b-f3b4-40af-8872-12824f7b55a6,8.423024 46.779666,2023-04-01 07:00:00+02:00,4,EXPLOSIVE,SLAB,3,DRY,NE,203,46.76656746302426,8.384620769876367,0,TIT,TIT,-10.8,-10.8,-10.6,,,97.0,2.6,-11.1,686.0,,1004.5,2941.7,,25.3,286.0,14.5,52.2,91.1,24.5,88.2,,,,,91.0,,,,,,0.013
9f2be370-d7a6-11ed-a8d1-4961cd70d9e1,8.210814 46.503291,2023-04-10 12:00:00+02:00,7,NATURAL,SLAB,3,WET,S,18,46.510538072722696,8.246053358082165,0,ULR,ULR,11.7,11.1,12.6,17.6,17.1,23.5,3.3,-8.5,868.1,,1020.8,,1523.7,4.6,56.0,2.1,7.6,16.6,4.5,16.2,,,0.0,0.0,794.0,256.0,,,317.0,60.0,0.441
ff002b7f-49f5-4ba6-971a-c1b18578a2b6,8.389256 46.787371,2023-04-16 08:30:00+02:00,2,EXPLOSIVE,SLAB,1,DRY,N,152,46.782976236495344,8.381310364911622,0,TIT,TIT,-9.5,-9.6,-9.3,,,94.1,2.8,-10.3,692.7,,1013.7,3017.0,,7.6,16.0,3.6,13.0,27.4,7.1,25.6,,,,,249.0,,,,,,0.057
1bb8250c-f575-4cb3-84c9-194ae951bc8a,7.944832 46.554569,2023-05-02 12:00:00.000 +0200,7,NATURAL,UNKNOWN,4,WET,,139,46.554569,7.944832,1,JUN,JUN,-8.5,-9.3,-7.8,,,67.9,2.2,-13.6,656.8,,1021.3,3078.7,,10.8,317.0,5.5,19.8,38.9,10.1,36.4,,,,,1061.0,187.0,,,,49.0,0.243
da27b6a6-0240-478c-9ff6-ab83983e37eb,8.426516 46.77779,2023-05-02 07:30:00+02:00,2,EXPLOSIVE,SLAB,2,DRY,NE,46,46.75076659427585,8.404271506929009,0,TIT,TIT,-6.7,-6.9,-6.5,,,97.5,3.6,-7.1,697.0,,1019.6,3064.7,,10.9,23.0,7.1,25.6,39.2,10.7,38.5,,,,,152.0,,,,,,0.033
1851a448-559e-4572-8066-2824a030e41d,8.385872 46.778947,2023-04-15 07:30:00+02:00,2,EXPLOSIVE,LOOSE_SNOW,1,DRY,NE,22,46.807693972530565,8.37805805959677,0,ENG,ENG,0.5,0.3,0.7,0.3,0.2,96.3,6.1,-0.1,889.2,,1007.1,,1397.6,1.8,90.0,0.9,3.2,6.5,1.6,5.8,0.0,,1.3,0.0,49.0,316.0,,,,0.0,0.027
850fbf08-4de4-4e22-97a7-6ee73d0c55e0,8.423568 46.779438,2023-04-27 07:30:00+02:00,2,EXPLOSIVE,SLAB,2,DRY,N,0,46.814003015447085,8.389252280750036,0,ENG,ENG,6.5,5.3,7.8,8.7,5.0,83.9,8.1,3.9,899.6,,1018.7,,1500.4,2.1,106.0,0.9,3.2,7.6,2.0,7.2,0.0,,0.0,0.0,260.0,286.0,,,,24.0,0.109
11290122-2f71-4b65-840e-5b583a64fdd5,8.389124 46.787453,2023-04-15 07:00:00+02:00,4,EXPLOSIVE,SLAB,2,WET,N,134,46.74366054729228,8.417091558536976,0,TIT,TIT,-9.0,-9.1,-8.8,,,97.9,3.0,-9.3,685.0,,1003.1,2929.2,,13.6,300.0,9.7,34.9,49.0,13.3,47.9,,,,,147.0,,,,,,0.023
26ffd848-b17b-4d9b-a93a-0d9106053d47,8.073009 46.53608,2023-05-23 12:00:00+02:00,7,PERSON,SLAB,3,DRY,,121,46.51222933555933,8.083801616435613,0,JUN,JUN,-0.5,-1.4,0.2,,,83.2,4.9,-3.0,660.4,,1026.4,3107.4,,4.3,135.0,2.4,8.6,15.5,4.1,14.8,,,,,1139.0,229.0,,,,60.0,0.44
529f5410-e6a1-11ed-9300-179866ebe517,7.727729 46.504859,2023-05-01 17:00:00+02:00,3,UNKNOWN,UNKNOWN,1,WET,,0,46.510726970708824,7.688775202429037,0,FRU,FRU,9.5,9.3,9.7,,,93.3,11.0,8.5,,,,,,2.9,27.0,1.5,5.4,10.4,2.8,10.1,,,0.3,,67.0,352.0,,,65.0,0.0,
33f93161-2ec3-46b0-ab16-f598e280759a,8.383072 46.779972,2023-04-13 08:00:00+02:00,4,EXPLOSIVE,SLAB,2,DRY,NE,115,46.75424108568979,8.339111923117908,0,TIT,TIT,-13.9,-14.2,-13.6,,,99.5,2.1,-14.0,683.4,,1001.0,2915.3,,10.1,299.0,5.4,19.4,36.4,9.8,35.3,,,,,212.0,,,,,,0.032
48001904-f349-4f12-8b6b-34916e483022,8.424677 46.77918,2023-04-15 07:30:00+02:00,2,EXPLOSIVE,SLAB,2,DRY,N,0,46.81788755472254,8.383746110291106,0,ENG,ENG,0.5,0.3,0.7,0.3,0.2,96.3,6.1,-0.1,889.2,,1007.1,,1397.6,1.8,90.0,0.9,3.2,6.5,1.6,5.8,0.0,,1.3,0.0,49.0,316.0,,,,0.0,0.027
b2ae7f83-144e-4307-bbca-2bcde419c704,8.384786 46.783437,2023-04-19 08:30:00+02:00,4,EXPLOSIVE,LOOSE_SNOW,1,DRY,N,67,46.78857607384954,8.344250877875899,0,ENG,ENG,7.0,5.8,8.3,15.6,12.7,76.2,7.6,3.1,900.1,,1019.2,,1505.6,4.8,204.0,1.9,6.8,17.3,4.1,14.8,0.0,,0.0,0.0,545.0,295.0,,,,55.0,0.227
b5d8fc03-e36a-4fa1-9d42-ea7105356bda,8.385358 46.779077,2023-04-16 05:00:00+02:00,3,EXPLOSIVE,UNKNOWN,2,DRY,NE,74,46.75426940973623,8.35386333711689,0,TIT,TIT,-9.8,-10.0,-9.7,,,94.3,2.8,-10.6,691.9,,1012.6,3008.0,,13.0,336.0,3.9,14.0,46.8,12.7,45.7,,,,,0.0,,,,,,0.0
146fb98c-e881-4676-9e59-446d1d57d1c2,8.034003 46.784284,2023-04-19 10:30:00+02:00,4,EXPLOSIVE,SLAB,2,DRY,S,0,46.80536332362803,8.065943965000503,0,BRZ,BRZ,,,,,,,,,952.0,,1018.7,,,4.7,258.0,2.9,10.4,16.9,4.6,16.6,,,0.0,,,,,,,,
4b5d9a70-d15e-11ed-94cc-21edfa2a74e3,8.233716 46.754659,2023-04-02 15:30:00+02:00,1,NATURAL,FULL_DEPTH,2,WET,S,0,46.727361469023435,8.204882342024527,0,MER,MER,10.5,9.8,11.5,11.3,8.4,56.8,7.2,2.3,946.7,1015.6,1015.6,,,11.0,301.0,4.6,16.6,39.6,10.6,38.2,0.0,,0.1,,219.0,,,,178.0,6.0,0.164
b2ae7f83-144e-4307-bbca-2bcde419c704,8.384786 46.783437,2023-04-16 08:30:00+02:00,4,EXPLOSIVE,LOOSE_SNOW,1,DRY,N,33,46.81508394243374,8.358044980062973,0,ENG,ENG,0.4,0.3,0.5,0.8,0.6,97.4,6.1,0.1,899.6,,1018.7,,1490.1,1.8,95.0,1.1,4.0,6.5,1.7,6.1,0.0,,1.7,0.0,76.0,320.0,,,,0.0,0.037
26d0ed0c-b5fc-4983-9f76-b0f25e82ece7,8.388771 46.786265,2023-04-18 08:30:00+02:00,4,EXPLOSIVE,LOOSE_SNOW,1,DRY,NW,1,46.80774332271528,8.39549868418236,0,ENG,ENG,5.1,4.3,5.9,12.1,9.3,69.1,6.1,-0.2,898.4,,1017.3,,1486.8,3.7,99.0,2.0,7.2,13.3,3.4,12.2,0.0,,0.0,0.0,460.0,253.0,,,,60.0,0.186
2a2d7868-aa56-44d4-b082-8c267cccfbe3,8.388637 46.786311,2023-04-16 07:30:00+02:00,2,EXPLOSIVE,LOOSE_SNOW,1,DRY,NW,112,46.77485324183647,8.380376519661418,0,TIT,TIT,-9.6,-9.8,-9.5,,,97.1,2.9,-10.0,692.5,,1013.4,3014.3,,8.1,12.0,2.5,9.0,29.2,7.6,27.4,,,,,150.0,,,,,,0.035
564bddb0-e717-11ed-acf0-f7b342f82229,7.822357 46.529218,2023-05-02 12:00:00+02:00,7,NATURAL,SLAB,3,UNKNOWN,N,112,46.544845694160976,7.803664048423302,0,INT,INT,13.9,13.3,14.4,26.4,23.8,63.0,10.0,7.0,953.7,1021.0,1021.9,,,4.6,32.0,2.1,7.6,16.6,4.4,15.8,0.0,,0.0,,720.0,,,,391.0,28.0,0.395
110f1420-d9f1-11ed-8014-25b7abf6ec82,8.252181 46.759933,2023-04-13 02:00:00+02:00,4,NATURAL,FULL_DEPTH,2,WET,S,0,46.72543159747025,8.227240565835146,0,MER,MER,4.8,4.7,5.0,3.9,3.8,89.5,7.7,3.2,939.9,1009.8,1008.5,,,1.7,45.0,0.7,2.5,6.1,1.7,6.1,0.0,,0.5,,0.0,,,,1.0,0.0,-0.004
f7fca170-d124-11ed-9f3d-c1122c0370be,8.243319 46.765333,2023-04-01 12:00:00.000 +0200,10,NATURAL,SLAB,3,WET,SW,82,46.765333,8.243319,1,MER,MER,9.8,8.5,10.7,15.5,11.8,65.6,7.9,3.6,940.8,1009.5,1009.4,,,4.8,117.0,2.7,9.7,17.3,4.7,16.9,0.0,,0.0,,762.0,,,,455.0,26.0,0.354
233c98fe-a27b-4c5e-992f-1bc9cdd0362a,8.422835 46.779803,2023-04-28 07:00:00+02:00,3,EXPLOSIVE,SLAB,2,DRY,N,0,46.80975520392649,8.422439838207037,0,ENG,ENG,10.0,9.0,10.6,9.6,8.9,86.6,10.6,7.8,898.4,,1017.3,,1495.0,4.5,360.0,1.6,5.8,16.2,4.4,15.8,0.0,,0.3,0.0,87.0,348.0,,,,0.0,0.058
4067dd0b-f3b4-40af-8872-12824f7b55a6,8.423024 46.779666,2023-04-01 07:00:00.000 +0200,4,EXPLOSIVE,SLAB,3,DRY,NE,125,46.779666,8.423024,1,TIT,TIT,-10.8,-10.8,-10.6,,,97.0,2.6,-11.1,686.0,,1004.5,2941.7,,25.3,286.0,14.5,52.2,91.1,24.5,88.2,,,,,91.0,,,,,,0.013
33f93161-2ec3-46b0-ab16-f598e280759a,8.383072 46.779972,2023-04-15 08:00:00+02:00,4,EXPLOSIVE,SLAB,2,DRY,NE,139,46.802102097222104,8.349854715532008,0,ENG,ENG,1.5,0.8,2.3,2.6,1.4,93.9,6.4,0.7,889.0,,1006.9,,1396.9,2.5,108.0,1.0,3.6,9.0,2.3,8.3,0.0,,0.4,0.0,141.0,320.0,,,,0.0,0.06
8cb21b8c-4e00-4409-bc59-db5c053ba65d,8.42279 46.779714,2023-04-15 06:30:00+02:00,5,EXPLOSIVE,SLAB,2,DRY,N,92,46.79451833658142,8.409974462745682,0,ENG,ENG,0.8,0.5,1.2,0.6,0.2,94.3,6.1,0.0,889.1,,1007.0,,1397.0,2.4,99.0,1.3,4.7,8.6,2.3,8.3,0.0,,0.9,0.0,19.0,316.0,,,,0.0,0.017
11290122-2f71-4b65-840e-5b583a64fdd5,8.389124 46.787453,2023-04-14 07:00:00+02:00,4,EXPLOSIVE,SLAB,2,WET,N,171,46.77280899293221,8.392004822110966,0,TIT,TIT,-13.4,-13.7,-13.1,,,99.4,2.2,-13.5,684.7,,1002.8,2929.1,,9.3,318.0,3.0,10.8,33.5,8.9,32.0,,,,,121.0,,,,,,0.023
a9add040-dd0c-11ed-8f1e-7bb69ddca4ec,8.245886 46.75731,2023-04-17 12:15:00+02:00,0,NATURAL,FULL_DEPTH,2,WET,S,70,46.78744919014592,8.282572265669604,0,GIH,GIH,10.8,10.1,11.4,,,84.1,10.9,8.2,964.1,1019.9,1019.8,,,2.5,81.0,0.7,2.5,9.0,2.3,8.3,0.0,,0.0,,478.0,,,,383.0,8.0,0.249
8cc2e1b0-ecd3-11ed-8adc-7d70564ee41a,8.023437 46.573593,2023-05-07 12:00:00+02:00,10,NATURAL,SLAB,4,WET,,0,46.60815638185528,8.005070055685243,0,JUN,JUN,-1.9,-2.8,-0.8,,,89.4,4.7,-3.5,659.4,,1024.9,3097.2,,5.3,136.0,3.9,14.0,19.1,5.2,18.7,,,,,835.0,273.0,,,,8.0,0.273
4b5d9a70-d15e-11ed-94cc-21edfa2a74e3,8.233716 46.754659,2023-04-03 15:30:00+02:00,1,NATURAL,FULL_DEPTH,2,WET,S,0,46.74281305858574,8.210896067178886,0,MER,MER,4.5,4.3,4.7,5.7,5.4,67.9,5.7,-0.9,950.7,1021.5,1019.9,,,12.7,327.0,6.2,22.3,45.7,12.3,44.3,0.0,,0.0,,198.0,,,,191.0,0.0,0.113
2a2d7868-aa56-44d4-b082-8c267cccfbe3,8.388637 46.786311,2023-04-14 07:30:00+02:00,2,EXPLOSIVE,LOOSE_SNOW,1,DRY,NW,143,46.77858651992903,8.423278626228202,0,TIT,TIT,-13.4,-13.7,-13.1,,,99.4,2.2,-13.5,684.7,,1002.8,2929.1,,9.3,318.0,3.0,10.8,33.5,8.9,32.0,,,,,121.0,,,,,,0.023
2ed09558-7716-4dda-935c-3c151ebe5b3b,8.238855 46.748629,2023-04-17 08:30:00+02:00,4,EXPLOSIVE,SLAB,1,DRY,NW,0,46.73987195859328,8.213459543340626,0,MER,MER,7.9,6.8,8.9,14.6,8.4,77.8,8.3,4.2,950.5,1020.4,1019.7,,,2.7,143.0,0.8,2.9,9.7,2.6,9.4,0.0,,0.0,,555.0,,,,220.0,48.0,0.241
099a6e90-d12e-11ed-ba10-b99b29af1712,8.260874 46.762857,2023-04-05 07:18:00+02:00,0,EXPLOSIVE,SLAB,3,DRY,NE,54,46.773058141273395,8.266164402515567,0,MER,MER,0.2,-0.8,1.3,1.0,-3.5,78.3,4.8,-3.2,949.7,1021.6,1018.8,,,2.2,99.0,0.9,3.2,7.9,2.2,7.9,0.0,,0.0,,201.0,,,,51.0,45.0,0.06
1aca9480-d131-11ed-bb43-5ff35461761d,8.354817 46.766741,2023-04-02 12:00:00.000 +0200,10,NATURAL,SLAB,3,DRY,NW,77,46.766741,8.354817,1,TIT,TIT,-10.5,-10.6,-10.3,,,93.9,2.6,-11.3,691.2,,1011.6,3000.3,,4.0,317.0,1.8,6.5,14.4,3.8,13.7,,,,,713.0,,,,,,0.173
110f1420-d9f1-11ed-8014-25b7abf6ec82,8.252181 46.759933,2023-04-15 02:00:00+02:00,4,NATURAL,FULL_DEPTH,2,WET,S,105,46.78292505725125,8.29131848143181,0,GIH,GIH,6.6,5.5,7.2,,,86.2,8.4,4.4,952.6,1008.7,1007.8,,,4.4,51.0,1.4,5.0,15.8,4.3,15.5,0.0,,0.0,,0.0,,,,0.0,0.0,0.0
792e43cf-e040-4ad1-98dd-47672e4855cd,8.426192 46.777884,2023-04-13 07:00:00.000 +0200,0,EXPLOSIVE,SLAB,2,DRY,NE,161,46.777884,8.426192,1,TIT,TIT,-13.5,-13.7,-13.0,,,100.0,2.2,-13.5,683.5,,1001.1,2915.8,,10.2,306.0,5.7,20.5,36.7,9.9,35.6,,,,,127.0,,,,,,0.019
8b5b35b0-dd0c-11ed-8f1e-7bb69ddca4ec,8.229566 46.753026,2023-04-20 12:30:00+02:00,0,NATURAL,FULL_DEPTH,2,WET,SE,0,46.722759103202726,8.251744233962224,0,MER,MER,6.3,6.2,6.4,8.0,7.3,86.6,8.3,4.3,941.8,1011.4,1010.5,,,3.1,291.0,1.2,4.3,11.2,3.1,11.2,0.0,,0.8,,139.0,,,,127.0,0.0,0.078
8d0101b0-de65-11ed-ad4d-6fea2397c693,7.846102 46.562407,2023-04-21 12:00:00+02:00,7,NATURAL,FULL_DEPTH,2,WET,S,124,46.52426456455151,7.879725595403893,0,JUN,JUN,-7.2,-7.6,-6.4,,,87.4,3.1,-9.0,651.0,,1012.9,3005.5,,14.3,151.0,10.7,38.5,51.5,14.1,50.8,,,,,576.0,271.0,,,,0.0,0.11
9793e5e8-7a24-425c-8b33-04a387b5aa44,8.40304 46.792701,2023-04-04 06:30:00+02:00,2,EXPLOSIVE,SLAB,1,DRY,NW,38,46.80583427601491,8.378751640472261,0,ENG,ENG,-3.5,-3.6,-3.4,-3.5,-3.6,89.0,4.2,-5.1,898.3,,1017.2,,1472.1,5.0,230.0,2.7,9.7,18.0,4.8,17.3,0.0,,0.0,0.0,3.0,291.0,,,,0.0,0.016
a608e0ea-99f5-4d75-9162-5dd2600c0d00,8.423735 46.779426,2023-04-03 07:00:00+02:00,4,EXPLOSIVE,SLAB,2,DRY,N,48,46.80317676958664,8.381768502345379,0,ENG,ENG,0.5,0.3,0.8,0.5,0.3,96.9,6.1,0.1,900.4,,1019.5,,1497.3,6.2,239.0,3.4,12.2,22.3,5.6,20.2,0.0,,0.5,0.0,34.0,320.0,,,,0.0,0.02
0d183e05-ccd5-4337-8515-db8621df2658,8.421449 46.780606,2023-04-13 07:30:00.000 +0200,2,EXPLOSIVE,SLAB,2,DRY,N,128,46.780606,8.421449,1,TIT,TIT,-13.5,-13.7,-13.0,,,100.0,2.2,-13.5,683.5,,1001.1,2915.8,,10.2,306.0,5.7,20.5,36.7,9.9,35.6,,,,,127.0,,,,,,0.019
1bae5ef4-62c9-4601-861f-8e5b286b94b1,8.422604 46.780389,2023-04-13 07:30:00+02:00,2,EXPLOSIVE,SLAB,2,DRY,N,136,46.746067405101016,8.421879851114998,0,TIT,TIT,-13.5,-13.7,-13.0,,,100.0,2.2,-13.5,683.5,,1001.1,2915.8,,10.2,306.0,5.7,20.5,36.7,9.9,35.6,,,,,127.0,,,,,,0.019
514e8b36-8761-43bc-a150-8a7eaeb0c925,8.038115 46.78053,2023-05-09 11:00:00+02:00,4,EXPLOSIVE,FULL_DEPTH,1,WET,NW,52,46.78826082547037,8.073577266209462,0,BRZ,BRZ,,,,,,,,,948.7,,1015.2,,,4.2,258.0,2.5,9.0,15.1,4.1,14.8,,,0.0,,,,,,,,
564bddb0-e717-11ed-acf0-f7b342f82229,7.822357 46.529218,2023-04-30 12:00:00+02:00,7,NATURAL,SLAB,3,UNKNOWN,N,125,46.5643655570933,7.860790641932613,0,INT,INT,14.9,14.7,15.1,19.6,18.8,68.7,11.6,9.2,948.1,1014.8,1016.0,,,8.5,300.0,4.5,16.2,30.6,7.9,28.4,0.0,,0.0,,475.0,,,,440.0,0.0,0.283
c7cfde41-7339-4d2c-afdf-9006721cfe7f,8.419526 46.781209,2023-04-02 07:00:00+02:00,4,EXPLOSIVE,SLAB,2,DRY,NW,0,46.82520286723931,8.387304972110227,0,ENG,ENG,1.5,0.9,2.3,0.8,-0.5,92.6,6.3,0.5,894.4,,1012.9,,1445.3,3.5,90.0,0.9,3.2,12.6,3.3,11.9,0.0,,0.0,0.0,95.0,251.0,,,,6.0,0.037
71d13516-3cdb-4e54-a1af-c88570197f00,8.424437 46.779206,2023-04-17 06:30:00+02:00,5,EXPLOSIVE,SLAB,1,DRY,N,119,46.744617149071715,8.422425904425134,0,TIT,TIT,-9.4,-9.4,-9.3,,,95.4,2.9,-10.0,693.7,,1015.0,3028.0,,15.7,25.0,8.0,28.8,56.5,14.6,52.6,,,,,38.0,,,,,,0.012
729aca22-4176-463d-b386-a7be12b79b0f,8.424589 46.778965,2023-04-25 07:00:00.000 +0200,3,EXPLOSIVE,SLAB,2,DRY,N,201,46.778965,8.424589,1,TIT,TIT,-10.2,-10.4,-10.0,,,98.9,2.8,-10.3,687.7,,1006.9,2961.3,,16.3,291.0,10.1,36.4,58.7,15.8,56.9,,,,,90.0,,,,,,0.015
dda75b80-ddc2-11ed-b3b1-431b3c02902e,8.263291 46.74286,2023-04-19 14:30:00+02:00,1,SNOW_GROOMER,SLAB,3,DRY,SE,79,46.73806137522563,8.24502006555221,0,MER,MER,14.2,13.9,14.5,21.1,20.5,58.5,9.5,6.2,946.9,1014.8,1015.9,,,9.7,287.0,4.3,15.5,34.9,9.5,34.2,0.0,,0.0,,787.0,,,,191.0,60.0,0.419
33f93161-2ec3-46b0-ab16-f598e280759a,8.383072 46.779972,2023-04-12 08:00:00+02:00,4,EXPLOSIVE,SLAB,2,DRY,NE,31,46.80498723696588,8.364031138077676,0,ENG,ENG,7.5,6.9,8.3,9.1,7.8,87.0,9.0,5.5,889.4,,1007.4,,1408.9,6.4,256.0,2.1,7.6,23.0,6.3,22.7,0.0,,0.0,0.0,288.0,321.0,,,,15.0,0.127
1a787419-5802-4808-a192-fbe672afe523,8.389757 46.787324,2023-04-17 08:30:00+02:00,4,EXPLOSIVE,LOOSE_SNOW,2,DRY,N,141,46.82972095148124,8.349249300122164,0,ENG,ENG,4.0,3.0,5.4,7.8,4.9,89.2,7.3,2.4,900.3,,1019.4,,1502.5,3.8,135.0,0.8,2.9,13.7,3.6,13.0,0.0,,0.0,0.0,430.0,288.0,,,,28.0,0.168
37f6f440-e68a-11ed-9633-279e930b62b5,7.970158 46.5442,2023-04-30 12:00:00+02:00,7,NATURAL,SLAB,2,DRY,SE,300,46.556859258111125,8.002916763934198,0,JUN,JUN,-3.7,-4.4,-3.3,,,88.8,4.1,-5.3,656.2,,1020.4,3062.2,,5.7,135.0,4.4,15.8,20.5,5.5,19.8,,,,,676.0,258.0,,,,0.0,0.202
1aca9480-d131-11ed-bb43-5ff35461761d,8.354817 46.766741,2023-04-03 12:00:00+02:00,10,NATURAL,SLAB,3,DRY,NW,10,46.7498651066884,8.378860769137592,0,TIT,TIT,-11.1,-11.3,-10.9,,,32.1,0.9,-24.6,692.5,,1013.3,3014.6,,11.7,40.0,8.9,32.0,42.1,11.6,41.8,,,,,917.0,,,,,,0.182
c2674210-608f-480e-8889-772ed922cf40,8.384094 46.779592,2023-04-03 07:00:00+02:00,4,EXPLOSIVE,SLAB,2,DRY,NE,117,46.77722486061487,8.385660743605767,0,TIT,TIT,-11.1,-11.4,-10.6,,,93.9,2.5,-11.9,692.7,,1013.6,3017.2,,10.4,32.0,6.3,22.7,37.4,9.9,35.6,,,,,76.0,,,,,,0.018
40432ba0-e72a-11ed-8f49-75cb9dad9a7e,7.996764 46.557888,2023-05-02 12:00:00+02:00,7,NATURAL,SLAB,3,DRY,S,23,46.59512731548051,7.971915204428046,0,JUN,JUN,-8.5,-9.3,-7.8,,,67.9,2.2,-13.6,656.8,,1021.3,3078.7,,10.8,317.0,5.5,19.8,38.9,10.1,36.4,,,,,1061.0,187.0,,,,49.0,0.243
b2ae7f83-144e-4307-bbca-2bcde419c704,8.384786 46.783437,2023-04-17 08:30:00+02:00,4,EXPLOSIVE,LOOSE_SNOW,1,DRY,N,33,46.746957831494136,8.34570530258315,0,TIT,TIT,-9.6,-9.7,-9.4,,,91.6,2.7,-10.7,694.0,,1015.4,3030.7,,16.1,31.0,6.3,22.7,58.0,15.2,54.7,,,,,296.0,,,,,,0.057
099a6e90-d12e-11ed-ba10-b99b29af1712,8.260874 46.762857,2023-04-03 07:18:00+02:00,0,EXPLOSIVE,SLAB,3,DRY,NE,0,46.72311453367535,8.276975020218307,0,MER,MER,5.3,5.1,5.6,5.2,4.5,77.0,6.8,1.6,950.6,1021.2,1019.8,,,8.3,274.0,4.4,15.8,29.9,8.1,29.2,0.0,,0.0,,130.0,,,,110.0,3.0,0.068
26f6eb66-fc4c-4eb2-aecd-11eeddba5a5a,7.964013 46.534843,2023-05-18 10:30:00+02:00,3,PERSON,SLAB,1,DRY,SE,107,46.51237507189801,7.93619460526132,0,JUN,JUN,-5.4,-5.9,-4.3,,,88.4,3.6,-7.0,656.3,,1020.5,3066.4,,4.0,319.0,2.0,7.2,14.4,3.9,14.0,,,,,808.0,230.0,,,,31.0,0.258
b6bd2020-dd0b-11ed-8f1e-7bb69ddca4ec,8.237321 46.747742,2023-04-19 12:00:00+02:00,7,NATURAL,SLAB,2,DRY,N,0,46.70727596334813,8.1981112149436,0,MER,MER,13.9,13.3,14.3,21.2,21.0,60.5,9.6,6.4,948.0,1016.1,1017.0,,,8.5,280.0,4.3,15.5,30.6,8.2,29.5,0.0,,0.0,,892.0,,,,138.0,60.0,0.463
c8a8b700-feb1-11ed-b35a-bf420b8ac344,8.01247 46.561817,2023-05-31 12:00:00+02:00,6,PERSON,SLAB,2,DRY,SE,0,46.585841378432534,8.053702653631612,0,JUN,JUN,-1.7,-1.9,-1.4,,,90.4,4.9,-3.0,660.3,,1026.3,3108.6,,6.4,150.0,5.3,19.1,23.0,6.3,22.7,,,,,705.0,289.0,,,,1.0,0.218
2a2d7868-aa56-44d4-b082-8c267cccfbe3,8.388637 46.786311,2023-04-14 07:30:00+02:00,2,EXPLOSIVE,LOOSE_SNOW,1,DRY,NW,142,46.776769114306475,8.38832807369035,0,TIT,TIT,-13.4,-13.7,-13.1,,,99.4,2.2,-13.5,684.7,,1002.8,2929.1,,9.3,318.0,3.0,10.8,33.5,8.9,32.0,,,,,121.0,,,,,,0.023
49e457f5-5bb7-4272-bb56-c1782a243205,8.423263 46.779484,2023-04-16 08:00:00.000 +0200,4,EXPLOSIVE,SLAB,3,DRY,N,179,46.779484,8.423263,1,TIT,TIT,-9.5,-9.6,-9.3,,,94.1,2.8,-10.3,692.7,,1013.7,3017.0,,7.6,16.0,3.6,13.0,27.4,7.1,25.6,,,,,249.0,,,,,,0.057
a94851d0-e58a-11ed-94a2-bf37c1703856,7.5461 46.68465,2023-04-27 12:00:00+02:00,7,NATURAL,SLAB,2,UNKNOWN,SW,0,46.64883459448739,7.585630086939011,0,FRU,FRU,15.6,15.0,16.1,,,51.7,9.2,5.7,,,,,,8.2,48.0,4.9,17.6,29.5,8.1,29.2,,,0.0,,905.0,308.0,,,216.0,60.0,
b2b22272-2994-46f8-ba69-aa77d0ffdafa,8.420101 46.781175,2023-04-27 00:00:00+02:00,6,NATURAL,SLAB,2,DRY,N,93,46.791915351279634,8.415188947697777,0,TIT,TIT,-6.3,-6.4,-6.1,,,98.1,3.8,-6.5,695.8,,1017.9,3050.7,,14.1,290.0,10.2,36.7,50.8,14.0,50.4,,,,,0.0,,,,,,0.0
9312b9e3-9422-40e1-8539-92240b8f9de8,8.390152 46.787449,2023-04-16 07:30:00+02:00,2,EXPLOSIVE,LOOSE_SNOW,1,DRY,N,116,46.7559211624419,8.363630356125027,0,TIT,TIT,-9.6,-9.8,-9.5,,,97.1,2.9,-10.0,692.5,,1013.4,3014.3,,8.1,12.0,2.5,9.0,29.2,7.6,27.4,,,,,150.0,,,,,,0.035
8cc2e1b0-ecd3-11ed-8adc-7d70564ee41a,8.023437 46.573593,2023-05-07 12:00:00+02:00,10,NATURAL,SLAB,4,WET,,173,46.552799170415696,7.985302785904313,0,JUN,JUN,-1.9,-2.8,-0.8,,,89.4,4.7,-3.5,659.4,,1024.9,3097.2,,5.3,136.0,3.9,14.0,19.1,5.2,18.7,,,,,835.0,273.0,,,,8.0,0.273
37f6f440-e68a-11ed-9633-279e930b62b5,7.970158 46.5442,2023-04-29 12:00:00+02:00,7,NATURAL,SLAB,2,DRY,SE,112,46.570391724172175,7.989156936278784,0,JUN,JUN,-5.4,-5.5,-5.3,,,87.5,3.6,-7.1,657.1,,1021.7,3076.0,,7.0,314.0,4.4,15.8,25.2,6.5,23.4,,,,,974.0,244.0,,,,36.0,0.263
d1dc6b80-4759-4599-8761-9b826a9ee094,8.401311 46.769587,2023-04-14 00:00:00+02:00,6,NATURAL,SLAB,3,DRY,NW,0,46.81247342722163,8.405385058956254,0,ENG,ENG,0.1,-0.1,0.5,-0.2,-0.4,95.2,5.8,-0.6,890.9,,1009.0,,1412.1,6.8,241.0,2.5,9.0,24.5,6.4,23.0,0.0,,1.7,3.0,0.0,311.0,,,,0.0,-0.002
110f1420-d9f1-11ed-8014-25b7abf6ec82,8.252181 46.759933,2023-04-16 02:00:00+02:00,4,NATURAL,FULL_DEPTH,2,WET,S,64,46.78830652209947,8.274419742399596,0,GIH,GIH,6.1,5.7,6.5,,,99.3,9.3,6.0,962.9,1019.6,1018.6,,,1.8,333.0,0.6,2.2,6.5,1.7,6.1,0.0,,0.1,,0.0,,,,0.0,0.0,-0.007
5dfb93d0-d046-11ed-b49c-43d9bede54f5,8.263448 46.782775,2023-04-01 05:45:00.000 +0200,0,EXPLOSIVE,SLAB,2,DRY,NW,51,46.782775,8.263448,1,GIH,GIH,8.6,8.0,9.6,,,64.9,7.3,2.3,953.5,1009.1,1008.7,,,9.8,247.0,3.0,10.8,35.3,9.2,33.1,0.0,,0.0,,10.0,,,,10.0,0.0,0.054
10ab716e-5fe3-4dac-9343-2f5c3d5e2a92,8.244594 46.61198,2023-05-09 12:00:00+02:00,7,NATURAL,SLAB,4,WET,NW,1,46.64427442356659,8.211431648845819,0,MER,MER,19.4,19.2,19.7,23.0,22.0,55.9,12.6,10.4,944.9,1011.4,1013.8,,,7.4,272.0,3.9,14.0,26.6,7.2,25.9,0.0,,0.0,,612.0,,,,494.0,0.0,0.414
099a6e90-d12e-11ed-ba10-b99b29af1712,8.260874 46.762857,2023-04-04 07:18:00+02:00,0,EXPLOSIVE,SLAB,3,DRY,NE,63,46.78523681922139,8.28254478821228,0,GIH,GIH,0.8,0.7,0.8,,,80.7,5.2,-2.2,965.1,1023.1,1020.9,,,5.3,71.0,2.2,7.9,19.1,4.9,17.6,0.0,,0.0,,31.0,,,,31.0,0.0,0.031
35750744-ea24-4b2e-81ea-9ce6b475ccb9,8.42211 46.780566,2023-04-14 06:30:00.000 +0200,5,EXPLOSIVE,SLAB,2,DRY,N,230,46.780566,8.42211,1,TIT,TIT,-13.5,-13.9,-13.1,,,100.0,2.2,-13.5,684.5,,1002.4,2926.6,,9.8,323.0,2.1,7.6,35.3,9.6,34.6,,,,,25.0,,,,,,0.008
50fbf8f0-dd0c-11ed-8f1e-7bb69ddca4ec,8.23687 46.747556,2023-04-16 12:00:00.000 +0200,5,NATURAL,SLAB,2,DRY,N,90,46.747556,8.23687,1,MER,MER,6.1,5.9,6.2,7.2,6.9,83.5,7.9,3.5,951.5,1021.9,1020.8,,,1.0,90.0,0.3,1.1,3.6,0.9,3.2,0.0,,0.2,,119.0,,,,108.0,0.0,0.07
8d0101b0-de65-11ed-ad4d-6fea2397c693,7.846102 46.562407,2023-04-18 12:00:00+02:00,7,NATURAL,FULL_DEPTH,2,WET,S,106,46.56173311565473,7.803849609482985,0,INT,INT,13.4,13.2,13.7,26.5,25.8,55.5,8.5,4.7,948.9,1016.0,1016.8,,,6.5,306.0,2.9,10.4,23.4,6.2,22.3,0.0,,0.0,,909.0,,,,150.0,60.0,0.48
a7ed94b7-52d1-4b17-9928-83b4745ca8bf,8.307745 46.608205,2023-05-03 12:00:00+02:00,7,NATURAL,UNKNOWN,3,WET,,99,46.56890868859263,8.325128669331015,0,GRH,GRH,6.4,5.8,6.8,,,62.4,6.0,-0.2,807.0,,1023.2,,1533.1,5.0,6.0,2.0,7.2,18.0,4.8,17.3,,,0.0,154.0,1026.0,238.0,,,,60.0,0.475
74d69404-e345-4837-afea-4a4f976882c4,8.416507 46.785698,2023-04-17 08:00:00+02:00,4,EXPLOSIVE,SLAB,2,DRY,NW,1,46.807528503878856,8.388077643363712,0,ENG,ENG,4.0,3.0,5.4,7.8,4.9,89.2,7.3,2.4,900.3,,1019.4,,1502.5,3.8,135.0,0.8,2.9,13.7,3.6,13.0,0.0,,0.0,0.0,430.0,288.0,,,,28.0,0.168
49e457f5-5bb7-4272-bb56-c1782a243205,8.423263 46.779484,2023-04-16 08:00:00+02:00,4,EXPLOSIVE,SLAB,3,DRY,N,280,46.7840419563509,8.41762154981477,0,TIT,TIT,-9.5,-9.6,-9.3,,,94.1,2.8,-10.3,692.7,,1013.7,3017.0,,7.6,16.0,3.6,13.0,27.4,7.1,25.6,,,,,249.0,,,,,,0.057
72a5d090-d8f5-11ed-9de9-4bc775516e2e,8.249382 46.761703,2023-04-13 16:00:00+02:00,3,NATURAL,FULL_DEPTH,2,WET,SW,13,46.72538976852143,8.243306742703053,0,MER,MER,4.5,4.3,4.8,5.5,5.0,79.1,6.7,1.2,940.6,1010.6,1009.2,,,2.6,324.0,1.1,4.0,9.4,2.6,9.4,0.0,,0.0,,160.0,,,,149.0,0.0,0.075
9312b9e3-9422-40e1-8539-92240b8f9de8,8.390152 46.787449,2023-04-16 07:30:00+02:00,2,EXPLOSIVE,LOOSE_SNOW,1,DRY,N,0,46.813541713648256,8.401199319028668,0,ENG,ENG,0.4,0.3,0.5,0.4,0.1,96.9,6.1,0.0,899.4,,1018.4,,1488.0,2.5,94.0,1.4,5.0,9.0,2.3,8.3,0.0,,1.3,0.0,49.0,319.0,,,,0.0,0.026
f9b59268-33ad-4905-91cd-ccc9a1ae40a4,8.385942 46.778812,2023-04-15 08:30:00+02:00,2,EXPLOSIVE,LOOSE_SNOW,2,DRY,NE,68,46.753957077472094,8.363096871671232,0,TIT,TIT,-8.8,-8.9,-8.7,,,97.5,3.1,-9.1,685.0,,1003.2,2929.3,,13.4,306.0,10.3,37.1,48.2,12.9,46.4,,,,,285.0,,,,,,0.043
9b1e09ce-808a-44b8-8176-c69307d3a01b,8.390545 46.780329,2023-04-19 08:30:00+02:00,4,EXPLOSIVE,LOOSE_SNOW,1,DRY,NW,10,46.738078530971315,8.369259257613127,0,TIT,TIT,-6.5,-6.7,-6.4,,,78.4,3.0,-9.7,696.0,,1018.1,3052.4,,9.7,308.0,7.0,25.2,34.9,9.4,33.8,,,,,545.0,,,,,,0.12
e5f438a3-68c9-465f-a6d1-9ab6a2ebaf71,8.384832 46.783436,2023-04-03 08:00:00+02:00,3,EXPLOSIVE,SLAB,1,DRY,N,12,46.75069518856685,8.380997911701193,0,TIT,TIT,-11.3,-11.6,-11.0,,,94.8,2.5,-12.0,692.7,,1013.6,3017.1,,9.9,35.0,5.6,20.2,35.6,9.7,34.9,,,,,225.0,,,,,,0.04
8d0101b0-de65-11ed-ad4d-6fea2397c693,7.846102 46.562407,2023-04-18 12:00:00+02:00,7,NATURAL,FULL_DEPTH,2,WET,S,113,46.598731531371335,7.832965355137571,0,INT,INT,13.4,13.2,13.7,26.5,25.8,55.5,8.5,4.7,948.9,1016.0,1016.8,,,6.5,306.0,2.9,10.4,23.4,6.2,22.3,0.0,,0.0,,909.0,,,,150.0,60.0,0.48
acaee50d-c93e-4865-b666-dcf8ca1d9f21,8.226812 46.595085,2023-04-21 12:00:00+02:00,7,PERSON,SLAB,1,DRY,NW,59,46.623158872223,8.219636529053428,0,MER,MER,10.7,10.3,11.2,14.9,12.4,68.6,8.8,5.1,942.6,1011.2,1011.3,,,11.6,309.0,5.2,18.7,41.8,11.5,41.4,0.0,,0.0,,558.0,,,,429.0,11.0,0.274
8b5b35b0-dd0c-11ed-8f1e-7bb69ddca4ec,8.229566 46.753026,2023-04-17 12:30:00+02:00,0,NATURAL,FULL_DEPTH,2,WET,SE,0,46.72113424689936,8.232985494046902,0,MER,MER,11.6,11.2,11.9,19.5,18.3,60.7,8.3,4.2,949.4,1018.2,1018.5,,,8.4,327.0,3.8,13.7,30.2,8.1,29.2,0.0,,0.0,,848.0,,,,368.0,39.0,0.412
564bddb0-e717-11ed-acf0-f7b342f82229,7.822357 46.529218,2023-04-29 12:00:00.000 +0200,7,NATURAL,SLAB,3,UNKNOWN,N,204,46.529218,7.822357,1,INT,INT,16.4,15.4,17.3,24.7,21.8,70.7,13.2,11.1,948.7,1015.1,1016.6,,,2.5,243.0,0.8,2.9,9.0,2.3,8.3,0.0,,0.0,,638.0,,,,432.0,17.0,0.38
8cc2e1b0-ecd3-11ed-8adc-7d70564ee41a,8.023437 46.573593,2023-05-06 12:00:00+02:00,10,NATURAL,SLAB,4,WET,,240,46.54513834491827,8.003448056722478,0,JUN,JUN,-2.9,-3.2,-2.5,,,70.1,3.5,-7.6,659.9,,1025.6,3105.1,,12.0,312.0,4.9,17.6,43.2,11.6,41.8,,,,,1034.0,211.0,,,,60.0,0.32
97c5682e-950b-4c24-8c69-651f6ff3d0c8,8.035288 46.786336,2023-04-21 10:30:00+02:00,4,EXPLOSIVE,SLAB,2,DRY,S,114,46.783531579597856,8.010299160492293,0,BRZ,BRZ,,,,,,,,,944.6,,1010.9,,,4.7,261.0,2.6,9.4,16.9,4.5,16.2,,,0.0,,,,,,,,
a9add040-dd0c-11ed-8f1e-7bb69ddca4ec,8.245886 46.75731,2023-04-17 12:15:00+02:00,0,NATURAL,FULL_DEPTH,2,WET,S,58,46.75426791013623,8.22357035676319,0,MER,MER,11.6,11.2,11.9,19.5,18.3,60.7,8.3,4.2,949.4,1018.2,1018.5,,,8.4,327.0,3.8,13.7,30.2,8.1,29.2,0.0,,0.0,,848.0,,,,368.0,39.0,0.412
3127a717-5395-4ff5-9722-0942f1737558,8.42626 46.777558,2023-04-16 06:30:00+02:00,5,EXPLOSIVE,SLAB,2,DRY,NE,190,46.74631076714761,8.417700593293901,0,TIT,TIT,-9.8,-9.9,-9.7,,,93.4,2.7,-10.7,692.3,,1013.1,3011.9,,10.6,343.0,2.7,9.7,38.2,10.1,36.4,,,,,29.0,,,,,,0.013
71d13516-3cdb-4e54-a1af-c88570197f00,8.424437 46.779206,2023-04-15 06:30:00+02:00,5,EXPLOSIVE,SLAB,1,DRY,N,47,46.74833661472067,8.38687491817325,0,TIT,TIT,-9.1,-9.2,-8.9,,,98.6,3.0,-9.3,684.9,,1003.0,2928.0,,13.9,300.0,9.9,35.6,50.0,13.8,49.7,,,,,45.0,,,,,,0.008
68246170-d6db-11ed-8552-37fbec7ec321,8.370977 46.777677,2023-04-09 15:00:00+02:00,3,NATURAL,FULL_DEPTH,2,WET,S,95,46.7675209591499,8.346615772869624,0,TIT,TIT,-7.2,-7.6,-6.9,,,55.6,2.0,-15.3,697.1,,1019.6,3065.1,,5.9,290.0,3.1,11.2,21.2,5.7,20.5,,,,,618.0,,,,,,0.169
b1c2736c-200d-4a78-a75a-d1aa12bb81e8,7.992735 46.584254,2023-06-08 08:00:00+02:00,3,EXPLOSIVE,UNKNOWN,0,UNKNOWN,,42,46.553639617418526,7.974914938135258,0,JUN,JUN,-1.7,-2.0,-1.4,,,76.6,4.1,-5.3,659.5,,1025.0,3098.1,,4.3,120.0,3.1,11.2,15.5,4.3,15.5,,,,,644.0,221.0,,,,54.0,0.222
35750744-ea24-4b2e-81ea-9ce6b475ccb9,8.42211 46.780566,2023-04-15 06:30:00+02:00,5,EXPLOSIVE,SLAB,2,DRY,N,25,46.73881278552221,8.3777076650029,0,TIT,TIT,-9.1,-9.2,-8.9,,,98.6,3.0,-9.3,684.9,,1003.0,2928.0,,13.9,300.0,9.9,35.6,50.0,13.8,49.7,,,,,45.0,,,,,,0.008
a7ed94b7-52d1-4b17-9928-83b4745ca8bf,8.307745 46.608205,2023-05-05 12:00:00+02:00,7,NATURAL,UNKNOWN,3,WET,,108,46.58455542059848,8.293374541421747,0,GRH,GRH,10.7,10.4,11.0,,,50.1,6.4,0.7,806.9,,1023.1,,1525.5,6.1,159.0,2.0,7.2,22.0,5.9,21.2,,,0.0,141.0,576.0,316.0,,,,6.0,0.329
5dfb93d0-d046-11ed-b49c-43d9bede54f5,8.263448 46.782775,2023-04-04 05:45:00+02:00,0,EXPLOSIVE,SLAB,2,DRY,NW,77,46.75992312108843,8.241294716711144,0,MER,MER,0.7,0.6,0.9,-1.3,-1.8,67.1,4.3,-4.7,949.3,1021.0,1018.4,,,5.0,332.0,1.9,6.8,18.0,4.9,17.6,0.0,,0.0,,25.0,,,,21.0,0.0,0.027
2ed09558-7716-4dda-935c-3c151ebe5b3b,8.238855 46.748629,2023-04-17 08:30:00.000 +0200,4,EXPLOSIVE,SLAB,1,DRY,NW,76,46.748629,8.238855,1,MER,MER,7.9,6.8,8.9,14.6,8.4,77.8,8.3,4.2,950.5,1020.4,1019.7,,,2.7,143.0,0.8,2.9,9.7,2.6,9.4,0.0,,0.0,,555.0,,,,220.0,48.0,0.241
74d69404-e345-4837-afea-4a4f976882c4,8.416507 46.785698,2023-04-19 08:00:00+02:00,4,EXPLOSIVE,SLAB,2,DRY,NW,137,46.77291441717452,8.385517980867895,0,TIT,TIT,-6.5,-6.7,-6.4,,,78.4,3.0,-9.7,696.0,,1018.1,3052.4,,9.7,308.0,7.0,25.2,34.9,9.4,33.8,,,,,545.0,,,,,,0.12
68246170-d6db-11ed-8552-37fbec7ec321,8.370977 46.777677,2023-04-10 15:00:00+02:00,3,NATURAL,FULL_DEPTH,2,WET,S,73,46.74496087541377,8.412468472335643,0,TIT,TIT,-4.8,-5.1,-4.5,,,52.1,2.3,-13.1,698.7,,1021.8,3083.6,,7.4,243.0,3.8,13.7,26.6,7.3,26.3,,,,,462.0,,,,,,0.153
e18fb476-2bc8-4cdf-829a-b6f36d7508bd,8.420851 46.780719,2023-04-26 00:00:00+02:00,6,NATURAL,SLAB,2,DRY,NW,113,46.74342611485615,8.409961794212775,0,TIT,TIT,-12.0,-12.3,-11.4,,,84.7,2.1,-14.1,691.8,,1012.5,3007.9,,15.6,275.0,9.6,34.6,56.2,15.1,54.4,,,,,0.0,,,,,,0.004
da27b6a6-0240-478c-9ff6-ab83983e37eb,8.426516 46.77779,2023-04-30 07:30:00+02:00,2,EXPLOSIVE,SLAB,2,DRY,NE,26,46.737595175437846,8.38800983053039,0,TIT,TIT,-2.5,-2.8,-2.2,,,55.7,2.8,-10.2,696.8,,1019.2,3060.9,,4.1,178.0,2.8,10.1,14.8,3.8,13.7,,,,,281.0,,,,,,0.108
c8a8b700-feb1-11ed-b35a-bf420b8ac344,8.01247 46.561817,2023-05-30 12:00:00+02:00,6,PERSON,SLAB,2,DRY,SE,135,46.52442635441233,8.051362663150746,0,JUN,JUN,-1.2,-1.7,-0.7,,,74.1,4.2,-5.2,661.1,,1027.4,3117.5,,3.9,308.0,1.2,4.3,14.0,3.8,13.7,,,,,1082.0,212.0,,,,60.0,0.443
b6bd2020-dd0b-11ed-8f1e-7bb69ddca4ec,8.237321 46.747742,2023-04-17 12:00:00+02:00,7,NATURAL,SLAB,2,DRY,N,0,46.735776378001034,8.21614969257422,0,MER,MER,11.6,11.2,11.9,19.5,18.3,60.7,8.3,4.2,949.4,1018.2,1018.5,,,8.4,327.0,3.8,13.7,30.2,8.1,29.2,0.0,,0.0,,848.0,,,,368.0,39.0,0.412
bc76da5f-d990-4bb2-a099-1ab0703da0a4,8.422538 46.779775,2023-05-05 07:30:00+02:00,4,EXPLOSIVE,SLAB,2,DRY,N,0,46.809562969926,8.403372355861812,0,ENG,ENG,11.7,10.2,13.4,12.1,7.9,69.7,9.6,6.3,902.2,,1021.5,,1533.1,3.1,112.0,1.3,4.7,11.2,2.8,10.1,0.0,,0.0,0.0,250.0,293.0,,,,32.0,0.135
839994f8-5b6d-44ab-8e1c-fd57876e2bd9,8.4215 46.780442,2023-04-01 07:00:00.000 +0200,4,EXPLOSIVE,SLAB,2,DRY,E,117,46.780442,8.4215,1,TIT,TIT,-10.8,-10.8,-10.6,,,97.0,2.6,-11.1,686.0,,1004.5,2941.7,,25.3,286.0,14.5,52.2,91.1,24.5,88.2,,,,,91.0,,,,,,0.013
f4bbdd10-e717-11ed-acf0-f7b342f82229,7.841373 46.562945,2023-04-29 12:00:00+02:00,7,NATURAL,UNKNOWN,3,UNKNOWN,NW,58,46.52803888082067,7.863609268529184,0,JUN,JUN,-5.4,-5.5,-5.3,,,87.5,3.6,-7.1,657.1,,1021.7,3076.0,,7.0,314.0,4.4,15.8,25.2,6.5,23.4,,,,,974.0,244.0,,,,36.0,0.263
2f93ceb4-a841-42da-a6c1-1933628dbb83,8.385941 46.778747,2023-04-02 07:00:00+02:00,4,EXPLOSIVE,SLAB,2,DRY,NE,134,46.78974956763065,8.3559403504385,0,ENG,ENG,1.5,0.9,2.3,0.8,-0.5,92.6,6.3,0.5,894.4,,1012.9,,1445.3,3.5,90.0,0.9,3.2,12.6,3.3,11.9,0.0,,0.0,0.0,95.0,251.0,,,,6.0,0.037
c98d2b1a-9c67-4f2a-8b1b-1b27502b6c5d,8.423896 46.779967,2023-04-12 07:00:00.000 +0200,3,EXPLOSIVE,SLAB,1,DRY,NW,213,46.779967,8.423896,1,TIT,TIT,-4.6,-4.7,-4.5,,,99.0,4.3,-4.8,690.1,,1010.2,2985.8,,25.3,268.0,12.0,43.2,91.1,24.2,87.1,,,,,99.0,,,,,,0.019
40432ba0-e72a-11ed-8f49-75cb9dad9a7e,7.996764 46.557888,2023-04-29 12:00:00+02:00,7,NATURAL,SLAB,3,DRY,S,178,46.543026026318415,7.960936531483599,0,JUN,JUN,-5.4,-5.5,-5.3,,,87.5,3.6,-7.1,657.1,,1021.7,3076.0,,7.0,314.0,4.4,15.8,25.2,6.5,23.4,,,,,974.0,244.0,,,,36.0,0.263
8cb21b8c-4e00-4409-bc59-db5c053ba65d,8.42279 46.779714,2023-04-17 06:30:00+02:00,5,EXPLOSIVE,SLAB,2,DRY,N,250,46.7670677994866,8.389698358196261,0,TIT,TIT,-9.4,-9.4,-9.3,,,95.4,2.9,-10.0,693.7,,1015.0,3028.0,,15.7,25.0,8.0,28.8,56.5,14.6,52.6,,,,,38.0,,,,,,0.012
23b16de7-0279-40fb-918f-75ed3769abf5,8.426264 46.778244,2023-05-17 07:00:00+02:00,4,EXPLOSIVE,SLAB,2,DRY,NE,91,46.78455245053824,8.414492494078189,0,TIT,TIT,-7.2,-7.3,-7.0,,,93.9,3.3,-8.0,694.2,,1015.8,3033.2,,23.4,50.0,12.0,43.2,84.2,21.1,76.0,,,,,147.0,,,,,,0.03
fdfaf590-ea4c-11ed-8348-fb5788bd30bc,8.001152 46.577404,2023-05-04 12:00:00+02:00,7,NATURAL,SLAB,2,DRY,NW,70,46.59180054648059,8.015372964040424,0,JUN,JUN,-2.7,-3.0,-2.2,,,47.9,2.4,-12.2,661.7,,1028.2,3127.2,,5.8,318.0,3.1,11.2,20.9,5.4,19.4,,,,,1043.0,195.0,,,,60.0,0.37
dda75b80-ddc2-11ed-b3b1-431b3c02902e,8.263291 46.74286,2023-04-20 14:30:00+02:00,1,SNOW_GROOMER,SLAB,3,DRY,SE,126,46.73773109296411,8.25477504978819,0,MER,MER,5.7,5.5,5.9,5.9,5.6,89.6,8.2,4.2,942.2,1012.0,1010.9,,,3.5,292.0,1.7,6.1,12.6,3.4,12.2,0.0,,1.7,,61.0,,,,55.0,0.0,0.044
529f5410-e6a1-11ed-9300-179866ebe517,7.727729 46.504859,2023-05-01 17:00:00+02:00,3,UNKNOWN,UNKNOWN,1,WET,,0,46.52453248193375,7.683247713405885,0,FRU,FRU,9.5,9.3,9.7,,,93.3,11.0,8.5,,,,,,2.9,27.0,1.5,5.4,10.4,2.8,10.1,,,0.3,,67.0,352.0,,,65.0,0.0,
26ffd848-b17b-4d9b-a93a-0d9106053d47,8.073009 46.53608,2023-05-24 12:00:00+02:00,7,PERSON,SLAB,3,DRY,,135,46.502473238361056,8.074788488841733,0,JUN,JUN,-1.9,-2.6,-1.3,,,95.1,5.0,-2.6,658.6,,1023.8,3087.4,,7.1,315.0,2.7,9.7,25.6,7.0,25.2,,,,,639.0,301.0,,,,0.0,0.228
27d50482-68af-45c1-b95c-82786dd48176,7.97274 46.575625,2023-04-03 08:00:00+02:00,3,EXPLOSIVE,LOOSE_SNOW,1,DRY,N,255,46.54219562331226,7.978282099915851,0,JUN,JUN,-13.4,-13.9,-13.0,,,44.8,1.0,-23.0,650.9,,1012.8,3018.0,,13.2,349.0,5.9,21.2,47.5,12.6,45.4,,,,,476.0,137.0,,,,60.0,0.095
fdfaf590-ea4c-11ed-8348-fb5788bd30bc,8.001152 46.577404,2023-05-01 12:00:00+02:00,7,NATURAL,SLAB,2,DRY,NW,0,46.611178406255,7.9968826528231585,0,JUN,JUN,-6.3,-6.6,-6.0,,,94.6,3.6,-7.0,653.7,,1016.8,3036.8,,2.9,175.0,1.2,4.3,10.4,2.8,10.1,,,,,737.0,282.0,,,,0.0,0.244
68246170-d6db-11ed-8552-37fbec7ec321,8.370977 46.777677,2023-04-11 15:00:00+02:00,3,NATURAL,FULL_DEPTH,2,WET,S,181,46.805353238311305,8.340993894665422,0,ENG,ENG,5.1,4.9,5.4,6.2,6.0,92.4,8.1,4.0,899.5,,1018.5,,1497.0,3.0,234.0,1.0,3.6,10.8,2.8,10.1,0.0,,0.3,0.0,129.0,334.0,,,,0.0,0.067
b5d8fc03-e36a-4fa1-9d42-ea7105356bda,8.385358 46.779077,2023-04-17 05:00:00+02:00,3,EXPLOSIVE,UNKNOWN,2,DRY,NE,59,46.757140694218485,8.395988851534755,0,TIT,TIT,-9.3,-9.4,-9.1,,,94.4,2.9,-10.1,693.5,,1014.8,3026.0,,13.9,18.0,8.3,29.9,50.0,13.6,49.0,,,,,1.0,,,,,,0.001
49e457f5-5bb7-4272-bb56-c1782a243205,8.423263 46.779484,2023-04-17 08:00:00+02:00,4,EXPLOSIVE,SLAB,3,DRY,N,93,46.76100343104971,8.387215488619383,0,TIT,TIT,-9.6,-9.7,-9.4,,,91.6,2.7,-10.7,694.0,,1015.4,3030.7,,16.1,31.0,6.3,22.7,58.0,15.2,54.7,,,,,296.0,,,,,,0.057
110f1420-d9f1-11ed-8014-25b7abf6ec82,8.252181 46.759933,2023-04-13 02:00:00+02:00,4,NATURAL,FULL_DEPTH,2,WET,S,93,46.74239013601709,8.263068898852806,0,MER,MER,4.8,4.7,5.0,3.9,3.8,89.5,7.7,3.2,939.9,1009.8,1008.5,,,1.7,45.0,0.7,2.5,6.1,1.7,6.1,0.0,,0.5,,0.0,,,,1.0,0.0,-0.004
1aca9480-d131-11ed-bb43-5ff35461761d,8.354817 46.766741,2023-04-05 12:00:00+02:00,10,NATURAL,SLAB,3,DRY,NW,42,46.800616213752605,8.374788614704094,0,ENG,ENG,4.3,3.6,5.1,12.4,11.8,56.6,4.7,-3.5,898.7,,1017.7,,1488.6,7.1,235.0,3.4,12.2,25.6,6.6,23.8,0.0,,0.0,0.0,839.0,247.0,,,,60.0,0.329
27d50482-68af-45c1-b95c-82786dd48176,7.97274 46.575625,2023-04-02 08:00:00+02:00,3,EXPLOSIVE,LOOSE_SNOW,1,DRY,N,73,46.59020295355628,7.977887476264623,0,JUN,JUN,-15.1,-15.4,-14.9,,,77.9,1.5,-18.1,647.3,,1007.6,2979.0,,6.8,315.0,5.0,18.0,24.5,6.7,24.1,,,,,458.0,150.0,,,,60.0,0.07
e18fb476-2bc8-4cdf-829a-b6f36d7508bd,8.420851 46.780719,2023-04-27 00:00:00+02:00,6,NATURAL,SLAB,2,DRY,NW,0,46.82408239227205,8.423473360241898,0,ENG,ENG,6.1,5.9,6.2,4.8,4.6,84.9,8.0,3.8,899.5,,1018.5,,1498.1,2.6,45.0,1.0,3.6,9.4,2.5,9.0,0.0,,0.0,0.0,0.0,322.0,,,,0.0,-0.002
9879b1f6-3d1c-4854-ae1b-1f0a970d5832,8.425218 46.770162,2023-05-18 09:30:00+02:00,2,EXPLOSIVE,SLAB,2,DRY,S,129,46.77856403559261,8.413086137536729,0,TIT,TIT,-1.6,-2.5,-0.9,,,77.4,4.2,-5.0,697.4,,1020.0,3067.6,,3.4,266.0,1.7,6.1,12.2,3.1,11.2,,,,,761.0,,,,,,0.279
5dfb93d0-d046-11ed-b49c-43d9bede54f5,8.263448 46.782775,2023-04-01 05:45:00+02:00,0,EXPLOSIVE,SLAB,2,DRY,NW,20,46.77505085906042,8.228910070216752,0,MER,MER,5.3,5.1,5.6,4.1,3.9,86.6,7.7,3.3,940.6,1010.5,1009.2,,,2.3,90.0,0.9,3.2,8.3,2.2,7.9,0.0,,0.0,,13.0,,,,10.0,0.0,0.016
f7fca170-d124-11ed-9f3d-c1122c0370be,8.243319 46.765333,2023-04-01 12:00:00+02:00,10,NATURAL,SLAB,3,WET,SW,0,46.80580047213468,8.287263403327014,0,GIH,GIH,11.4,10.4,12.2,,,58.2,7.9,3.5,953.8,1008.9,1009.0,,,8.9,233.0,3.9,14.0,32.0,8.6,31.0,0.0,,0.0,,426.0,,,,400.0,0.0,0.247
9793e5e8-7a24-425c-8b33-04a387b5aa44,8.40304 46.792701,2023-04-02 06:30:00+02:00,2,EXPLOSIVE,SLAB,1,DRY,NW,42,46.79066158030975,8.398929025151876,0,ENG,ENG,1.2,0.8,1.5,-0.4,-0.6,92.6,6.2,0.1,894.1,,1012.6,,1442.4,3.9,85.0,1.4,5.0,14.0,3.7,13.3,0.0,,0.0,0.0,13.0,244.0,,,,0.0,0.014
c2674210-608f-480e-8889-772ed922cf40,8.384094 46.779592,2023-04-02 07:00:00+02:00,4,EXPLOSIVE,SLAB,2,DRY,NE,115,46.76820315259133,8.404526787089317,0,TIT,TIT,-11.8,-11.9,-11.7,,,95.3,2.4,-12.4,688.8,,1008.4,2974.4,,8.9,313.0,5.2,18.7,32.0,8.8,31.7,,,,,127.0,,,,,,0.022
bafec949-69be-4d29-96df-732ded5d7686,8.389718 46.787228,2023-04-01 08:00:00+02:00,3,EXPLOSIVE,SLAB,1,DRY,N,113,46.79658153578677,8.354908121033526,0,ENG,ENG,5.9,5.5,6.2,5.2,4.8,58.5,5.4,-1.7,890.3,,1008.4,,1415.1,5.8,59.0,2.0,7.2,20.9,5.7,20.5,0.0,,0.1,0.0,88.0,321.0,,,,0.0,0.075
97f65a13-9c8a-44c6-b5dc-c7c4d60fed1e,7.972757 46.575628,2023-04-16 07:30:00+02:00,2,EXPLOSIVE,SLAB,1,DRY,N,291,46.54069240360019,7.951651765343257,0,JUN,JUN,-12.2,-12.6,-11.9,,,92.2,2.2,-13.2,650.5,,1012.2,3010.1,,18.5,302.0,11.9,42.8,66.6,18.2,65.5,,,,,198.0,261.0,,,,0.0,0.027
a4ad0c82-16f6-4de1-af92-ac146cabf042,8.423474 46.779387,2023-05-05 07:30:00+02:00,4,EXPLOSIVE,SLAB,2,DRY,N,62,46.79622680900792,8.419581478447078,0,TIT,TIT,-0.1,-0.6,0.6,,,68.5,4.1,-5.3,701.9,,1026.2,3119.6,,4.1,183.0,2.3,8.3,14.8,4.0,14.4,,,,,397.0,,,,,,0.145
ce082ed0-ea41-11ed-9704-3747ffc8acfd,7.997493 46.55824,2023-05-06 12:00:00+02:00,7,PERSON,SLAB,3,DRY,S,186,46.53249236016389,8.031588161833938,0,JUN,JUN,-2.9,-3.2,-2.5,,,70.1,3.5,-7.6,659.9,,1025.6,3105.1,,12.0,312.0,4.9,17.6,43.2,11.6,41.8,,,,,1034.0,211.0,,,,60.0,0.32
b463a2d6-9b9e-4b10-99b6-7308c06e3b30,8.423808 46.779796,2023-04-21 08:00:00+02:00,3,EXPLOSIVE,SLAB,1,DRY,N,179,46.74546847012611,8.417126534223275,0,TIT,TIT,-6.8,-7.2,-6.6,,,84.2,3.1,-9.1,690.2,,1010.3,2987.9,,16.7,168.0,9.9,35.6,60.1,15.4,55.4,,,,,283.0,,,,,,0.064
4b5d9a70-d15e-11ed-94cc-21edfa2a74e3,8.233716 46.754659,2023-04-03 15:30:00+02:00,1,NATURAL,FULL_DEPTH,2,WET,S,0,46.7394819574811,8.19841865592943,0,MER,MER,4.5,4.3,4.7,5.7,5.4,67.9,5.7,-0.9,950.7,1021.5,1019.9,,,12.7,327.0,6.2,22.3,45.7,12.3,44.3,0.0,,0.0,,198.0,,,,191.0,0.0,0.113
37f6f440-e68a-11ed-9633-279e930b62b5,7.970158 46.5442,2023-05-02 12:00:00+02:00,7,NATURAL,SLAB,2,DRY,SE,211,46.53240970806789,7.9531963096119185,0,JUN,JUN,-8.5,-9.3,-7.8,,,67.9,2.2,-13.6,656.8,,1021.3,3078.7,,10.8,317.0,5.5,19.8,38.9,10.1,36.4,,,,,1061.0,187.0,,,,49.0,0.243
9f2be370-d7a6-11ed-a8d1-4961cd70d9e1,8.210814 46.503291,2023-04-10 12:00:00+02:00,7,NATURAL,SLAB,3,WET,S,31,46.5003220003133,8.243434234995963,0,ULR,ULR,11.7,11.1,12.6,17.6,17.1,23.5,3.3,-8.5,868.1,,1020.8,,1523.7,4.6,56.0,2.1,7.6,16.6,4.5,16.2,,,0.0,0.0,794.0,256.0,,,317.0,60.0,0.441
1bae5ef4-62c9-4601-861f-8e5b286b94b1,8.422604 46.780389,2023-04-15 07:30:00+02:00,2,EXPLOSIVE,SLAB,2,DRY,N,0,46.81557269422272,8.408831112038548,0,ENG,ENG,0.5,0.3,0.7,0.3,0.2,96.3,6.1,-0.1,889.2,,1007.1,,1397.6,1.8,90.0,0.9,3.2,6.5,1.6,5.8,0.0,,1.3,0.0,49.0,316.0,,,,0.0,0.027
564bddb0-e717-11ed-acf0-f7b342f82229,7.822357 46.529218,2023-04-30 12:00:00+02:00,7,NATURAL,SLAB,3,UNKNOWN,N,201,46.50200151606228,7.835072920029259,0,JUN,JUN,-3.7,-4.4,-3.3,,,88.8,4.1,-5.3,656.2,,1020.4,3062.2,,5.7,135.0,4.4,15.8,20.5,5.5,19.8,,,,,676.0,258.0,,,,0.0,0.202
4b5d9a70-d15e-11ed-94cc-21edfa2a74e3,8.233716 46.754659,2023-04-05 15:30:00+02:00,1,NATURAL,FULL_DEPTH,2,WET,S,34,46.79264229733565,8.242977004949855,0,GIH,GIH,10.2,10.1,10.3,,,44.7,5.5,-1.3,962.8,1018.7,1018.5,,,3.9,47.0,1.8,6.5,14.0,3.7,13.3,0.0,,0.0,,527.0,,,,135.0,57.0,0.261
3127a717-5395-4ff5-9722-0942f1737558,8.42626 46.777558,2023-04-14 06:30:00+02:00,5,EXPLOSIVE,SLAB,2,DRY,NE,109,46.75915841797209,8.418086318781995,0,TIT,TIT,-13.5,-13.9,-13.1,,,100.0,2.2,-13.5,684.5,,1002.4,2926.6,,9.8,323.0,2.1,7.6,35.3,9.6,34.6,,,,,25.0,,,,,,0.008
2ed09558-7716-4dda-935c-3c151ebe5b3b,8.238855 46.748629,2023-04-17 08:30:00+02:00,4,EXPLOSIVE,SLAB,1,DRY,NW,161,46.74469966404275,8.258308404868524,0,MER,MER,7.9,6.8,8.9,14.6,8.4,77.8,8.3,4.2,950.5,1020.4,1019.7,,,2.7,143.0,0.8,2.9,9.7,2.6,9.4,0.0,,0.0,,555.0,,,,220.0,48.0,0.241
367958a0-d439-11ed-a920-a702e6e7f311,8.242864 46.759718,2023-04-08 15:00:00+02:00,2,NATURAL,FULL_DEPTH,1,WET,S,0,46.7271859007342,8.227560441152361,0,MER,MER,11.1,10.9,11.2,13.1,12.6,48.0,6.3,0.5,950.5,1019.5,1019.7,,,12.6,321.0,6.9,24.8,45.4,12.2,43.9,0.0,,0.0,,371.0,,,,292.0,6.0,0.249
9fe44fc7-c389-4ba2-9149-62bca569dc15,8.426432 46.777678,2023-05-17 07:00:00+02:00,4,EXPLOSIVE,SLAB,2,DRY,NE,130,46.774190575316474,8.420196196007355,0,TIT,TIT,-7.2,-7.3,-7.0,,,93.9,3.3,-8.0,694.2,,1015.8,3033.2,,23.4,50.0,12.0,43.2,84.2,21.1,76.0,,,,,147.0,,,,,,0.03
ae543637-3b77-4592-997d-c9f3fc4c3078,8.424992 46.778957,2023-04-27 07:30:00+02:00,2,EXPLOSIVE,SLAB,2,DRY,N,0,46.819265217639774,8.407440907708263,0,ENG,ENG,6.5,5.3,7.8,8.7,5.0,83.9,8.1,3.9,899.6,,1018.7,,1500.4,2.1,106.0,0.9,3.2,7.6,2.0,7.2,0.0,,0.0,0.0,260.0,286.0,,,,24.0,0.109
9793e5e8-7a24-425c-8b33-04a387b5aa44,8.40304 46.792701,2023-04-02 06:30:00+02:00,2,EXPLOSIVE,SLAB,1,DRY,NW,85,46.799164068395264,8.358162979605376,0,ENG,ENG,1.2,0.8,1.5,-0.4,-0.6,92.6,6.2,0.1,894.1,,1012.6,,1442.4,3.9,85.0,1.4,5.0,14.0,3.7,13.3,0.0,,0.0,0.0,13.0,244.0,,,,0.0,0.014
6e6f00b6-dfe0-4527-9b3f-7c45ffdf4fee,8.379219 46.783826,2023-04-04 07:00:00+02:00,4,EXPLOSIVE,SLAB,2,DRY,N,58,46.76919267678418,8.347511916559471,0,TIT,TIT,-13.3,-13.6,-13.1,,,20.2,0.5,-31.5,688.6,,1008.1,2972.7,,22.7,49.0,6.8,24.5,81.7,21.8,78.5,,,,,257.0,,,,,,0.081
c7cfde41-7339-4d2c-afdf-9006721cfe7f,8.419526 46.781209,2023-04-04 07:00:00+02:00,4,EXPLOSIVE,SLAB,2,DRY,NW,0,46.81510307041926,8.41594063918538,0,ENG,ENG,-3.7,-3.9,-3.3,-3.3,-3.4,89.3,4.2,-5.2,898.6,,1017.6,,1474.4,5.4,231.0,3.3,11.9,19.4,5.2,18.7,0.0,,0.0,0.0,44.0,289.0,,,,0.0,0.023
27d50482-68af-45c1-b95c-82786dd48176,7.97274 46.575625,2023-04-02 08:00:00+02:00,3,EXPLOSIVE,LOOSE_SNOW,1,DRY,N,202,46.53632891125479,7.951083646252476,0,JUN,JUN,-15.1,-15.4,-14.9,,,77.9,1.5,-18.1,647.3,,1007.6,2979.0,,6.8,315.0,5.0,18.0,24.5,6.7,24.1,,,,,458.0,150.0,,,,60.0,0.07
a4ad0c82-16f6-4de1-af92-ac146cabf042,8.423474 46.779387,2023-05-02 07:30:00.000 +0200,4,EXPLOSIVE,SLAB,2,DRY,N,131,46.779387,8.423474,1,TIT,TIT,-6.7,-6.9,-6.5,,,97.5,3.6,-7.1,697.0,,1019.6,3064.7,,10.9,23.0,7.1,25.6,39.2,10.7,38.5,,,,,152.0,,,,,,0.033
d940ed50-ecda-11ed-aeab-3b3cc7819483,7.967581 46.511291,2023-05-06 12:00:00+02:00,7,NATURAL,SLAB,3,UNKNOWN,S,142,46.53250960972979,8.003783273726002,0,JUN,JUN,-2.9,-3.2,-2.5,,,70.1,3.5,-7.6,659.9,,1025.6,3105.1,,12.0,312.0,4.9,17.6,43.2,11.6,41.8,,,,,1034.0,211.0,,,,60.0,0.32
8339db4e-32c5-49bd-ae04-41feeaf45eaa,8.420784 46.781168,2023-04-15 07:00:00+02:00,3,EXPLOSIVE,SLAB,2,DRY,N,0,46.80573995207342,8.397441066684786,0,ENG,ENG,0.5,0.3,0.7,0.3,0.2,96.3,6.1,-0.1,889.2,,1007.1,,1397.6,1.8,90.0,0.9,3.2,6.5,1.6,5.8,0.0,,1.3,0.0,49.0,316.0,,,,0.0,0.027
0d6a183c-f453-4a31-98c7-90213921e278,8.417328 46.785788,2023-04-03 06:30:00+02:00,2,EXPLOSIVE,SLAB,1,DRY,NW,0,46.81750157612781,8.392392294127227,0,ENG,ENG,0.9,0.7,1.2,1.0,0.7,98.4,6.4,0.7,900.2,,1019.3,,1495.6,5.5,236.0,3.0,10.8,19.8,5.4,19.4,0.0,,0.4,0.0,2.0,323.0,,,,0.0,0.012
b121901c-cb98-4082-b65b-7aa17e40b945,8.420495 46.780984,2023-04-16 08:00:00+02:00,4,EXPLOSIVE,SLAB,2,DRY,NE,62,46.741438345667824,8.384434342814707,0,TIT,TIT,-9.5,-9.6,-9.3,,,94.1,2.8,-10.3,692.7,,1013.7,3017.0,,7.6,16.0,3.6,13.0,27.4,7.1,25.6,,,,,249.0,,,,,,0.057
c7cfde41-7339-4d2c-afdf-9006721cfe7f,8.419526 46.781209,2023-04-01 07:00:00+02:00,4,EXPLOSIVE,SLAB,2,DRY,NW,20,46.75213425065562,8.388161202585364,0,TIT,TIT,-10.8,-10.8,-10.6,,,97.0,2.6,-11.1,686.0,,1004.5,2941.7,,25.3,286.0,14.5,52.2,91.1,24.5,88.2,,,,,91.0,,,,,,0.013
97f65a13-9c8a-44c6-b5dc-c7c4d60fed1e,7.972757 46.575628,2023-04-19 07:30:00+02:00,2,EXPLOSIVE,SLAB,1,DRY,N,202,46.582433377984565,8.009804894650753,0,JUN,JUN,-10.2,-10.3,-10.2,,,87.8,2.5,-11.9,654.8,,1018.3,3057.6,,7.5,308.0,6.6,23.8,27.0,7.4,26.6,,,,,285.0,164.0,,,,58.0,0.052
8b5b35b0-dd0c-11ed-8f1e-7bb69ddca4ec,8.229566 46.753026,2023-04-20 12:30:00+02:00,0,NATURAL,FULL_DEPTH,2,WET,SE,0,46.73127458964455,8.202323851768861,0,MER,MER,6.3,6.2,6.4,8.0,7.3,86.6,8.3,4.3,941.8,1011.4,1010.5,,,3.1,291.0,1.2,4.3,11.2,3.1,11.2,0.0,,0.8,,139.0,,,,127.0,0.0,0.078
20077a30-ec16-11ed-aa20-6507e99101f4,8.022203 46.505884,2023-05-06 14:00:00.000 +0200,0,PERSON,SLAB,2,WET,E,90,46.505884,8.022203,1,JUN,JUN,-2.4,-2.6,-2.2,,,73.0,3.8,-6.5,660.2,,1026.1,3108.0,,9.0,320.0,3.7,13.3,32.4,8.7,31.3,,,,,827.0,224.0,,,,57.0,0.275
be39a3d6-d2cf-47e2-870e-49c1b9134b29,8.422461 46.779843,2023-05-19 07:00:00+02:00,4,EXPLOSIVE,SLAB,2,DRY,N,118,46.77481114444336,8.420752727580552,0,TIT,TIT,-2.9,-3.2,-2.4,,,86.1,4.2,-4.9,697.8,,1020.6,3072.9,,10.4,165.0,6.6,23.8,37.4,10.0,36.0,,,,,261.0,,,,,,0.076
e5f438a3-68c9-465f-a6d1-9ab6a2ebaf71,8.384832 46.783436,2023-04-04 08:00:00+02:00,3,EXPLOSIVE,SLAB,1,DRY,N,38,46.77499008876625,8.364137918998672,0,TIT,TIT,-12.5,-13.3,-11.8,,,18.8,0.4,-31.7,688.7,,1008.2,2973.0,,19.4,315.0,4.7,16.9,69.8,18.7,67.3,,,,,471.0,,,,,,0.106
26f6eb66-fc4c-4eb2-aecd-11eeddba5a5a,7.964013 46.534843,2023-05-19 10:30:00+02:00,3,PERSON,SLAB,1,DRY,SE,163,46.54758484329921,7.975385316583955,0,JUN,JUN,-4.3,-5.3,-3.7,,,96.0,4.3,-4.8,656.8,,1021.2,3070.6,,10.0,146.0,8.3,29.9,36.0,9.9,35.6,,,,,520.0,288.0,,,,0.0,0.119
11f734d7-e1b6-4c3b-8fe6-abdd0b39cea0,8.385873 46.778735,2023-04-14 08:00:00+02:00,4,EXPLOSIVE,SLAB,2,DRY,NE,213,46.80137638652096,8.352205340933862,0,ENG,ENG,1.2,0.8,1.7,1.5,0.4,85.8,5.7,-1.0,891.7,,1009.9,,1421.1,5.4,267.0,2.3,8.3,19.4,5.3,19.1,0.0,,0.0,7.0,184.0,295.0,,,,0.0,0.073
1bae5ef4-62c9-4601-861f-8e5b286b94b1,8.422604 46.780389,2023-04-13 07:30:00+02:00,2,EXPLOSIVE,SLAB,2,DRY,N,24,46.74794226792535,8.386389903194608,0,TIT,TIT,-13.5,-13.7,-13.0,,,100.0,2.2,-13.5,683.5,,1001.1,2915.8,,10.2,306.0,5.7,20.5,36.7,9.9,35.6,,,,,127.0,,,,,,0.019
1851a448-559e-4572-8066-2824a030e41d,8.385872 46.778947,2023-04-16 07:30:00+02:00,2,EXPLOSIVE,LOOSE_SNOW,1,DRY,NE,188,46.79670983627537,8.36019128414932,0,ENG,ENG,0.4,0.3,0.5,0.4,0.1,96.9,6.1,0.0,899.4,,1018.4,,1488.0,2.5,94.0,1.4,5.0,9.0,2.3,8.3,0.0,,1.3,0.0,49.0,319.0,,,,0.0,0.026
fe8541fa-4448-482f-8c28-995faac1b624,8.419783 46.781356,2023-04-16 07:30:00+02:00,2,EXPLOSIVE,SLAB,1,DRY,N,83,46.79020074553616,8.397650696582811,0,ENG,ENG,0.4,0.3,0.5,0.4,0.1,96.9,6.1,0.0,899.4,,1018.4,,1488.0,2.5,94.0,1.4,5.0,9.0,2.3,8.3,0.0,,1.3,0.0,49.0,319.0,,,,0.0,0.026
c98d2b1a-9c67-4f2a-8b1b-1b27502b6c5d,8.423896 46.779967,2023-04-14 07:00:00+02:00,3,EXPLOSIVE,SLAB,1,DRY,NW,113,46.759371807045774,8.42392659790041,0,TIT,TIT,-13.4,-13.7,-13.1,,,99.4,2.2,-13.5,684.7,,1002.8,2929.1,,9.3,318.0,3.0,10.8,33.5,8.9,32.0,,,,,121.0,,,,,,0.023
d1dc6b80-4759-4599-8761-9b826a9ee094,8.401311 46.769587,2023-04-13 00:00:00.000 +0200,6,NATURAL,SLAB,3,DRY,NW,196,46.769587,8.401311,1,TIT,TIT,-10.0,-10.3,-9.6,,,98.5,2.8,-10.2,685.5,,1003.9,2936.3,,16.3,265.0,7.5,27.0,58.7,16.1,58.0,,,,,0.0,,,,,,-0.001
b2ae7f83-144e-4307-bbca-2bcde419c704,8.384786 46.783437,2023-04-19 08:30:00+02:00,4,EXPLOSIVE,LOOSE_SNOW,1,DRY,N,27,46.80422609450406,8.372195969409375,0,ENG,ENG,7.0,5.8,8.3,15.6,12.7,76.2,7.6,3.1,900.1,,1019.2,,1505.6,4.8,204.0,1.9,6.8,17.3,4.1,14.8,0.0,,0.0,0.0,545.0,295.0,,,,55.0,0.227
673e5d3c-9736-4824-ac24-c511ffd507c4,8.418437 46.784875,2023-04-16 08:00:00+02:00,4,EXPLOSIVE,SLAB,1,DRY,NW,66,46.80376095171249,8.425675388303654,0,ENG,ENG,0.4,0.3,0.5,0.8,0.6,97.4,6.1,0.1,899.6,,1018.7,,1490.1,1.8,95.0,1.1,4.0,6.5,1.7,6.1,0.0,,1.7,0.0,76.0,320.0,,,,0.0,0.037
59a9c34c-87a8-4479-9db9-c3a9d7e37faf,8.42632 46.777873,2023-04-25 07:00:00+02:00,3,EXPLOSIVE,SLAB,2,DRY,NE,64,46.759636503611894,8.418324887479026,0,TIT,TIT,-10.2,-10.4,-10.0,,,98.9,2.8,-10.3,687.7,,1006.9,2961.3,,16.3,291.0,10.1,36.4,58.7,15.8,56.9,,,,,90.0,,,,,,0.015
1bb8250c-f575-4cb3-84c9-194ae951bc8a,7.944832 46.554569,2023-05-05 12:00:00+02:00,7,NATURAL,UNKNOWN,4,WET,,0,46.573757864403426,7.920607666100978,0,JUN,JUN,-1.9,-2.3,-1.4,,,79.7,4.2,-5.0,661.1,,1027.3,3117.7,,8.7,152.0,4.1,14.8,31.3,8.4,30.2,,,,,882.0,246.0,,,,41.0,0.291
9312b9e3-9422-40e1-8539-92240b8f9de8,8.390152 46.787449,2023-04-14 07:30:00+02:00,2,EXPLOSIVE,LOOSE_SNOW,1,DRY,N,172,46.78638875033227,8.358914533308992,0,ENG,ENG,0.4,0.0,0.9,0.0,-0.3,90.5,5.7,-1.0,891.8,,1010.0,,1420.7,4.5,261.0,1.2,4.3,16.2,4.4,15.8,0.0,,0.1,8.0,75.0,298.0,,,,0.0,0.035
37f6f440-e68a-11ed-9633-279e930b62b5,7.970158 46.5442,2023-04-30 12:00:00+02:00,7,NATURAL,SLAB,2,DRY,SE,143,46.50813869889675,7.929326923148018,0,JUN,JUN,-3.7,-4.4,-3.3,,,88.8,4.1,-5.3,656.2,,1020.4,3062.2,,5.7,135.0,4.4,15.8,20.5,5.5,19.8,,,,,676.0,258.0,,,,0.0,0.202
a7ed94b7-52d1-4b17-9928-83b4745ca8bf,8.307745 46.608205,2023-05-02 12:00:00.000 +0200,7,NATURAL,UNKNOWN,3,WET,,35,46.608205,8.307745,1,GRH,GRH,1.7,1.5,2.1,,,94.2,6.5,0.9,805.9,,1021.9,,1529.4,8.4,352.0,5.0,18.0,30.2,8.3,29.9,,,0.0,161.0,418.0,318.0,,,,0.0,0.138
c1bf9390-dd0b-11ed-8f1e-7bb69ddca4ec,8.237684 46.748368,2023-04-17 12:00:00+02:00,7,NATURAL,SLAB,2,DRY,NW,44,46.77525385284837,8.198810805843388,0,MER,MER,11.6,11.2,11.9,19.5,18.3,60.7,8.3,4.2,949.4,1018.2,1018.5,,,8.4,327.0,3.8,13.7,30.2,8.1,29.2,0.0,,0.0,,848.0,,,,368.0,39.0,0.412
87548817-41cb-4875-9f16-2dd62dfe20ab,8.382498 46.780197,2023-04-02 07:00:00+02:00,4,EXPLOSIVE,SLAB,2,DRY,NE,146,46.78592304494026,8.42247974137885,0,TIT,TIT,-11.8,-11.9,-11.7,,,95.3,2.4,-12.4,688.8,,1008.4,2974.4,,8.9,313.0,5.2,18.7,32.0,8.8,31.7,,,,,127.0,,,,,,0.022
8500f990-d7a6-11ed-a8d1-4961cd70d9e1,8.209308 46.504515,2023-04-11 12:00:00+02:00,7,NATURAL,SLAB,4,WET,S,93,46.50604655682963,8.228787576230578,0,ULR,ULR,3.6,3.0,4.4,4.0,3.3,89.0,7.0,2.0,865.6,,1017.9,,1494.4,2.3,45.0,0.8,2.9,8.3,2.2,7.9,,,2.4,0.0,132.0,313.0,,,131.0,0.0,0.071
146fb98c-e881-4676-9e59-446d1d57d1c2,8.034003 46.784284,2023-04-18 10:30:00+02:00,4,EXPLOSIVE,SLAB,2,DRY,S,0,46.74754719820076,8.065010892049585,0,BRZ,BRZ,,,,,,,,,950.6,,1017.2,,,6.1,107.0,2.6,9.4,22.0,6.0,21.6,,,0.0,,,,,,,,
c8a8b700-feb1-11ed-b35a-bf420b8ac344,8.01247 46.561817,2023-05-28 12:00:00+02:00,6,PERSON,SLAB,2,DRY,SE,190,46.52236769087812,7.974543112093242,0,JUN,JUN,-2.1,-2.7,-1.5,,,94.0,4.9,-3.0,660.2,,1026.0,3107.2,,5.6,309.0,2.6,9.4,20.2,5.5,19.8,,,,,773.0,289.0,,,,7.0,0.273
ab2a9319-7f29-4629-a314-d5965080c33e,8.421443 46.780432,2023-05-04 07:30:00+02:00,4,EXPLOSIVE,SLAB,2,DRY,N,78,46.73894307985518,8.411581950865402,0,TIT,TIT,0.3,0.1,0.6,,,29.4,1.8,-15.5,701.8,,1026.0,3118.3,,6.5,307.0,4.7,16.9,23.4,6.5,23.4,,,,,407.0,,,,,,0.18
33f93161-2ec3-46b0-ab16-f598e280759a,8.383072 46.779972,2023-04-12 08:00:00.000 +0200,4,EXPLOSIVE,SLAB,2,DRY,NE,77,46.779972,8.383072,1,TIT,TIT,-4.5,-4.7,-4.3,,,96.7,4.2,-5.0,689.8,,1009.7,2982.1,,21.3,256.0,9.9,35.6,76.7,20.0,72.0,,,,,216.0,,,,,,0.045
4067dd0b-f3b4-40af-8872-12824f7b55a6,8.423024 46.779666,2023-04-04 07:00:00+02:00,4,EXPLOSIVE,SLAB,3,DRY,NE,110,46.75231175339837,8.41594143728802,0,TIT,TIT,-13.3,-13.6,-13.1,,,20.2,0.5,-31.5,688.6,,1008.1,2972.7,,22.7,49.0,6.8,24.5,81.7,21.8,78.5,,,,,257.0,,,,,,0.081
9879b1f6-3d1c-4854-ae1b-1f0a970d5832,8.425218 46.770162,2023-05-15 09:30:00+02:00,2,EXPLOSIVE,SLAB,2,DRY,S,15,46.75815647542975,8.39726668394395,0,TIT,TIT,-6.3,-6.6,-5.8,,,98.0,3.7,-6.6,693.2,,1014.3,3021.2,,7.5,355.0,2.6,9.4,27.0,7.1,25.6,,,,,461.0,,,,,,0.13
dda75b80-ddc2-11ed-b3b1-431b3c02902e,8.263291 46.74286,2023-04-19 14:30:00+02:00,1,SNOW_GROOMER,SLAB,3,DRY,SE,43,46.776054096491634,8.28599958214456,0,GIH,GIH,13.7,13.6,13.8,,,72.0,11.3,8.7,961.6,1016.7,1017.2,,,4.5,47.0,1.6,5.8,16.2,4.3,15.5,0.0,,0.0,,398.0,,,,390.0,0.0,0.227
34e33f73-9c60-4cff-be3e-9f199f5b9d9e,8.385879 46.778707,2023-04-17 05:00:00+02:00,3,EXPLOSIVE,UNKNOWN,2,DRY,NE,81,46.79566883008967,8.410742533003907,0,ENG,ENG,0.8,0.7,1.1,0.6,0.3,96.6,6.3,0.4,900.2,,1019.3,,1495.9,2.7,90.0,0.9,3.2,9.7,2.4,8.6,0.0,,0.2,0.0,0.0,314.0,,,,0.0,-0.005
10ab716e-5fe3-4dac-9343-2f5c3d5e2a92,8.244594 46.61198,2023-05-08 12:00:00+02:00,7,NATURAL,SLAB,4,WET,NW,121,46.60372452383393,8.244727186202843,0,GRH,GRH,5.6,5.0,6.1,,,94.1,8.6,4.7,807.9,,1024.3,,1543.6,5.0,4.0,2.7,9.7,18.0,4.9,17.6,,,0.0,118.0,547.0,337.0,,,,0.0,0.232
23b16de7-0279-40fb-918f-75ed3769abf5,8.426264 46.778244,2023-05-20 07:00:00+02:00,4,EXPLOSIVE,SLAB,2,DRY,NE,104,46.77321006675341,8.424365358538859,0,TIT,TIT,-1.4,-2.0,-0.5,,,83.7,4.6,-3.8,696.2,,1018.4,3054.6,,16.0,139.0,11.3,40.7,57.6,15.4,55.4,,,,,346.0,,,,,,0.092
e18fb476-2bc8-4cdf-829a-b6f36d7508bd,8.420851 46.780719,2023-04-25 00:00:00.000 +0200,6,NATURAL,SLAB,2,DRY,NW,121,46.780719,8.420851,1,TIT,TIT,-9.7,-10.0,-9.1,,,98.9,2.9,-9.8,689.8,,1009.7,2984.4,,15.3,252.0,4.8,17.3,55.1,15.2,54.7,,,,,0.0,,,,,,-0.001
a8219770-e77f-11ed-991c-c3bbd7ca6c9a,7.788493 46.554381,2023-04-30 15:11:00+02:00,0,NATURAL,SLAB,3,WET,NW,72,46.5893847421263,7.79034699224172,0,INT,INT,14.4,14.0,14.9,15.7,14.4,71.8,11.8,9.4,948.1,1014.9,1016.0,,,9.6,298.0,4.5,16.2,34.6,9.3,33.5,0.0,,0.0,,177.0,,,,172.0,0.0,0.144
35790a01-26e9-458d-9830-8b595ce08bc3,8.391669 46.779911,2023-04-16 16:00:00+02:00,5,PERSON,SLAB,3,DRY,NW,154,46.76925555943891,8.365593430401471,0,TIT,TIT,-9.4,-9.4,-9.3,,,96.3,2.9,-9.8,694.3,,1015.8,3034.3,,5.9,17.0,2.5,9.0,21.2,5.2,18.7,,,,,237.0,,,,,,0.057
ad918400-77b8-4908-b8c3-86205d723ff7,8.426238 46.77793,2023-04-28 07:30:00+02:00,2,EXPLOSIVE,SLAB,2,DRY,NE,60,46.749042389452754,8.404916696107804,0,TIT,TIT,-1.2,-1.4,-0.7,,,99.9,5.6,-1.2,698.5,,1021.5,3080.9,,23.3,274.0,11.7,42.1,83.9,22.6,81.4,,,,,112.0,,,,,,0.025
e5f438a3-68c9-465f-a6d1-9ab6a2ebaf71,8.384832 46.783436,2023-04-01 08:00:00+02:00,3,EXPLOSIVE,SLAB,1,DRY,N,113,46.77615521638181,8.413598653210347,0,TIT,TIT,-10.5,-10.6,-10.3,,,95.9,2.7,-11.1,686.2,,1004.9,2944.5,,24.1,280.0,14.1,50.8,86.8,23.6,85.0,,,,,202.0,,,,,,0.026
1bb8250c-f575-4cb3-84c9-194ae951bc8a,7.944832 46.554569,2023-05-05 12:00:00+02:00,7,NATURAL,UNKNOWN,4,WET,,0,46.569173861609976,7.928554850322084,0,JUN,JUN,-1.9,-2.3,-1.4,,,79.7,4.2,-5.0,661.1,,1027.3,3117.7,,8.7,152.0,4.1,14.8,31.3,8.4,30.2,,,,,882.0,246.0,,,,41.0,0.291
f4bf91bd-2855-4c53-b901-3cb18add524d,8.420301 46.78111,2023-04-17 08:00:00+02:00,4,EXPLOSIVE,SLAB,2,DRY,N,99,46.791547706242895,8.40364849579236,0,TIT,TIT,-9.6,-9.7,-9.4,,,91.6,2.7,-10.7,694.0,,1015.4,3030.7,,16.1,31.0,6.3,22.7,58.0,15.2,54.7,,,,,296.0,,,,,,0.057
b6bd2020-dd0b-11ed-8f1e-7bb69ddca4ec,8.237321 46.747742,2023-04-18 12:00:00+02:00,7,NATURAL,SLAB,2,DRY,N,70,46.73614856647695,8.24601794747704,0,MER,MER,14.6,13.7,15.7,22.4,22.0,50.9,8.5,4.5,947.4,1015.3,1016.4,,,7.5,294.0,2.8,10.1,27.0,7.3,26.3,0.0,,0.0,,876.0,,,,114.0,60.0,0.485
2f93ceb4-a841-42da-a6c1-1933628dbb83,8.385941 46.778747,2023-04-02 07:00:00+02:00,4,EXPLOSIVE,SLAB,2,DRY,NE,0,46.81747260376541,8.402990192645674,0,ENG,ENG,1.5,0.9,2.3,0.8,-0.5,92.6,6.3,0.5,894.4,,1012.9,,1445.3,3.5,90.0,0.9,3.2,12.6,3.3,11.9,0.0,,0.0,0.0,95.0,251.0,,,,6.0,0.037
50374fe0-d439-11ed-a920-a702e6e7f311,8.245848 46.760908,2023-04-05 16:00:00+02:00,2,NATURAL,FULL_DEPTH,1,WET,SW,70,46.747217842358694,8.27664315982382,0,MER,MER,8.4,8.1,8.9,9.0,7.2,42.7,4.7,-3.5,948.0,1017.6,1017.1,,,8.8,322.0,4.7,16.9,31.7,8.5,30.6,0.0,,0.0,,189.0,,,,113.0,19.0,0.16
1360c83b-baa5-40fd-8967-adc55e27b8f8,8.035169 46.786944,2023-05-09 11:00:00+02:00,4,EXPLOSIVE,FULL_DEPTH,2,WET,SW,0,46.81210221015311,8.02795628490072,0,FLU,FLU,15.7,15.6,15.9,,,71.0,12.7,10.5,,,,,,4.9,329.0,2.8,10.1,17.6,4.7,16.9,,,0.0,,,,,,,,
35790a01-26e9-458d-9830-8b595ce08bc3,8.391669 46.779911,2023-04-16 16:00:00+02:00,5,PERSON,SLAB,3,DRY,NW,91,46.743890705701986,8.390394846746458,0,TIT,TIT,-9.4,-9.4,-9.3,,,96.3,2.9,-9.8,694.3,,1015.8,3034.3,,5.9,17.0,2.5,9.0,21.2,5.2,18.7,,,,,237.0,,,,,,0.057
564bddb0-e717-11ed-acf0-f7b342f82229,7.822357 46.529218,2023-04-29 12:00:00+02:00,7,NATURAL,SLAB,3,UNKNOWN,N,169,46.56790899389532,7.859218149378751,0,INT,INT,16.4,15.4,17.3,24.7,21.8,70.7,13.2,11.1,948.7,1015.1,1016.6,,,2.5,243.0,0.8,2.9,9.0,2.3,8.3,0.0,,0.0,,638.0,,,,432.0,17.0,0.38
a9add040-dd0c-11ed-8f1e-7bb69ddca4ec,8.245886 46.75731,2023-04-20 12:15:00+02:00,0,NATURAL,FULL_DEPTH,2,WET,S,0,46.72485583388867,8.285386211997936,0,MER,MER,6.3,6.2,6.4,8.0,7.3,86.6,8.3,4.3,941.8,1011.4,1010.5,,,3.1,291.0,1.2,4.3,11.2,3.1,11.2,0.0,,0.8,,139.0,,,,127.0,0.0,0.078
e18fb476-2bc8-4cdf-829a-b6f36d7508bd,8.420851 46.780719,2023-04-27 00:00:00+02:00,6,NATURAL,SLAB,2,DRY,NW,44,46.798355333996334,8.39453507749875,0,ENG,ENG,6.1,5.9,6.2,4.8,4.6,84.9,8.0,3.8,899.5,,1018.5,,1498.1,2.6,45.0,1.0,3.6,9.4,2.5,9.0,0.0,,0.0,0.0,0.0,322.0,,,,0.0,-0.002
d1dc6b80-4759-4599-8761-9b826a9ee094,8.401311 46.769587,2023-04-15 00:00:00+02:00,6,NATURAL,SLAB,3,DRY,NW,171,46.78880066233897,8.368436578867946,0,ENG,ENG,1.6,1.2,2.2,0.9,0.7,77.6,5.3,-1.9,889.3,,1007.2,,1399.5,3.5,95.0,1.2,4.3,12.6,3.3,11.9,0.0,,0.0,0.0,0.0,304.0,,,,0.0,0.001
5192475d-5f0c-41d7-bde8-a82e5bea8b68,8.422294 46.780382,2023-04-19 08:00:00+02:00,4,EXPLOSIVE,SLAB,3,DRY,N,0,46.79985950818156,8.39845769582669,0,ENG,ENG,7.0,5.8,8.3,15.6,12.7,76.2,7.6,3.1,900.1,,1019.2,,1505.6,4.8,204.0,1.9,6.8,17.3,4.1,14.8,0.0,,0.0,0.0,545.0,295.0,,,,55.0,0.227
74720590-2505-48bc-ad7b-327442e7d8ae,8.216759 46.608474,2023-04-21 12:00:00+02:00,7,PERSON,SLAB,1,DRY,N,232,46.61114147314063,8.246803120368197,0,GRH,GRH,1.9,1.3,2.4,,,76.3,5.4,-1.8,799.3,,1013.9,,1461.9,10.7,152.0,7.0,25.2,38.5,10.2,36.7,,,0.0,186.0,555.0,311.0,,,,0.0,0.188
18414158-6d92-4cd1-ab90-28699222ae16,8.421236 46.785109,2023-05-02 16:30:00+02:00,2,EXPLOSIVE,SLAB,2,DRY,NW,89,46.77942727069661,8.389816121911997,0,TIT,TIT,-5.7,-6.1,-5.3,,,98.4,4.0,-5.9,699.3,,1022.6,3090.0,,8.4,18.0,4.8,17.3,30.2,8.2,29.5,,,,,264.0,,,,,,0.063
35790a01-26e9-458d-9830-8b595ce08bc3,8.391669 46.779911,2023-04-14 16:00:00+02:00,5,PERSON,SLAB,3,DRY,NW,133,46.783720211607026,8.361683347603757,0,ENG,ENG,6.9,6.6,7.5,15.8,14.8,39.1,3.9,-6.1,888.9,,1006.8,,1403.1,5.0,118.0,2.4,8.6,18.0,4.9,17.6,0.0,,0.0,0.0,486.0,244.0,,,,60.0,0.225
b463a2d6-9b9e-4b10-99b6-7308c06e3b30,8.423808 46.779796,2023-04-23 08:00:00+02:00,3,EXPLOSIVE,SLAB,1,DRY,N,34,46.751429480258366,8.396315907703885,0,TIT,TIT,-4.1,-4.3,-3.9,,,96.0,4.4,-4.6,692.6,,1013.4,3013.3,,9.1,155.0,6.9,24.8,32.8,8.9,32.0,,,,,395.0,,,,,,0.09
11f734d7-e1b6-4c3b-8fe6-abdd0b39cea0,8.385873 46.778735,2023-04-13 08:00:00+02:00,4,EXPLOSIVE,SLAB,2,DRY,NE,47,46.759945319818925,8.398941081488339,0,TIT,TIT,-13.9,-14.2,-13.6,,,99.5,2.1,-14.0,683.4,,1001.0,2915.3,,10.1,299.0,5.4,19.4,36.4,9.8,35.3,,,,,212.0,,,,,,0.032
1360c83b-baa5-40fd-8967-adc55e27b8f8,8.035169 46.786944,2023-05-08 11:00:00+02:00,4,EXPLOSIVE,FULL_DEPTH,2,WET,SW,0,46.82825540857822,8.04677372746957,0,FLU,FLU,13.3,13.0,13.6,,,85.1,13.0,10.8,,,,,,5.1,333.0,2.6,9.4,18.4,5.0,18.0,,,0.0,,,,,,,,
ce082ed0-ea41-11ed-9704-3747ffc8acfd,7.997493 46.55824,2023-05-05 12:00:00+02:00,7,PERSON,SLAB,3,DRY,S,15,46.603115655559755,8.023066140266831,0,JUN,JUN,-1.9,-2.3,-1.4,,,79.7,4.2,-5.0,661.1,,1027.3,3117.7,,8.7,152.0,4.1,14.8,31.3,8.4,30.2,,,,,882.0,246.0,,,,41.0,0.291
71d13516-3cdb-4e54-a1af-c88570197f00,8.424437 46.779206,2023-04-14 06:30:00.000 +0200,5,EXPLOSIVE,SLAB,1,DRY,N,287,46.779206,8.424437,1,TIT,TIT,-13.5,-13.9,-13.1,,,100.0,2.2,-13.5,684.5,,1002.4,2926.6,,9.8,323.0,2.1,7.6,35.3,9.6,34.6,,,,,25.0,,,,,,0.008
e5f438a3-68c9-465f-a6d1-9ab6a2ebaf71,8.384832 46.783436,2023-04-01 08:00:00.000 +0200,3,EXPLOSIVE,SLAB,1,DRY,N,68,46.783436,8.384832,1,TIT,TIT,-10.5,-10.6,-10.3,,,95.9,2.7,-11.1,686.2,,1004.9,2944.5,,24.1,280.0,14.1,50.8,86.8,23.6,85.0,,,,,202.0,,,,,,0.026
f7fca170-d124-11ed-9f3d-c1122c0370be,8.243319 46.765333,2023-04-04 12:00:00+02:00,10,NATURAL,SLAB,3,WET,SW,0,46.7335381508351,8.22169355880442,0,MER,MER,5.2,4.8,5.5,12.0,11.7,54.3,4.8,-3.3,949.9,1020.4,1019.1,,,11.9,332.0,4.8,17.3,42.8,11.2,40.3,0.0,,0.0,,847.0,,,,134.0,60.0,0.327
110f1420-d9f1-11ed-8014-25b7abf6ec82,8.252181 46.759933,2023-04-14 02:00:00+02:00,4,NATURAL,FULL_DEPTH,2,WET,S,7,46.727412796759474,8.28958260272911,0,MER,MER,2.7,2.5,2.9,2.1,1.9,90.3,6.7,1.3,942.0,1012.7,1010.7,,,4.1,344.0,1.8,6.5,14.8,4.0,14.4,0.0,,0.3,,1.0,,,,1.0,0.0,0.0
9312b9e3-9422-40e1-8539-92240b8f9de8,8.390152 46.787449,2023-04-13 07:30:00.000 +0200,2,EXPLOSIVE,LOOSE_SNOW,1,DRY,N,76,46.787449,8.390152,1,TIT,TIT,-13.5,-13.7,-13.0,,,100.0,2.2,-13.5,683.5,,1001.1,2915.8,,10.2,306.0,5.7,20.5,36.7,9.9,35.6,,,,,127.0,,,,,,0.019
26f6eb66-fc4c-4eb2-aecd-11eeddba5a5a,7.964013 46.534843,2023-05-19 10:30:00+02:00,3,PERSON,SLAB,1,DRY,SE,44,46.52424259355486,7.931040481701689,0,JUN,JUN,-4.3,-5.3,-3.7,,,96.0,4.3,-4.8,656.8,,1021.2,3070.6,,10.0,146.0,8.3,29.9,36.0,9.9,35.6,,,,,520.0,288.0,,,,0.0,0.119
acaee50d-c93e-4865-b666-dcf8ca1d9f21,8.226812 46.595085,2023-04-21 12:00:00+02:00,7,PERSON,SLAB,1,DRY,NW,208,46.55067429224871,8.201472017456139,0,ULR,ULR,7.7,7.3,8.1,7.9,7.1,62.0,6.5,0.9,861.9,,1013.7,,1461.5,6.1,113.0,2.6,9.4,22.0,5.9,21.2,,,0.0,0.0,275.0,321.0,,,272.0,0.0,0.163
50fbf8f0-dd0c-11ed-8f1e-7bb69ddca4ec,8.23687 46.747556,2023-04-16 12:00:00+02:00,5,NATURAL,SLAB,2,DRY,N,0,46.71746630823837,8.20855266978737,0,MER,MER,6.1,5.9,6.2,7.2,6.9,83.5,7.9,3.5,951.5,1021.9,1020.8,,,1.0,90.0,0.3,1.1,3.6,0.9,3.2,0.0,,0.2,,119.0,,,,108.0,0.0,0.07
839994f8-5b6d-44ab-8e1c-fd57876e2bd9,8.4215 46.780442,2023-04-04 07:00:00+02:00,4,EXPLOSIVE,SLAB,2,DRY,E,0,46.82537296234051,8.384065023462648,0,ENG,ENG,-3.7,-3.9,-3.3,-3.3,-3.4,89.3,4.2,-5.2,898.6,,1017.6,,1474.4,5.4,231.0,3.3,11.9,19.4,5.2,18.7,0.0,,0.0,0.0,44.0,289.0,,,,0.0,0.023
b1c2736c-200d-4a78-a75a-d1aa12bb81e8,7.992735 46.584254,2023-06-05 08:00:00+02:00,3,EXPLOSIVE,UNKNOWN,0,UNKNOWN,,174,46.55161031037926,7.998429904376232,0,JUN,JUN,-2.8,-3.1,-2.3,,,58.3,2.9,-9.9,659.1,,1024.6,3096.0,,2.9,323.0,0.5,1.8,10.4,2.8,10.1,,,,,685.0,192.0,,,,60.0,0.264
11f734d7-e1b6-4c3b-8fe6-abdd0b39cea0,8.385873 46.778735,2023-04-14 08:00:00+02:00,4,EXPLOSIVE,SLAB,2,DRY,NE,78,46.75885118873092,8.408089272896653,0,TIT,TIT,-13.4,-13.6,-13.2,,,100.0,2.2,-13.4,684.7,,1002.8,2929.3,,8.5,327.0,2.1,7.6,30.6,8.3,29.9,,,,,263.0,,,,,,0.052
099a6e90-d12e-11ed-ba10-b99b29af1712,8.260874 46.762857,2023-04-02 07:18:00.000 +0200,0,EXPLOSIVE,SLAB,3,DRY,NE,105,46.762857,8.260874,1,MER,MER,4.2,3.1,5.7,5.1,0.0,91.4,7.5,2.9,945.1,1015.5,1014.0,,,1.2,346.0,0.6,2.2,4.3,1.2,4.3,0.0,,0.0,,215.0,,,,67.0,43.0,0.068
d1dc6b80-4759-4599-8761-9b826a9ee094,8.401311 46.769587,2023-04-16 00:00:00+02:00,6,NATURAL,SLAB,3,DRY,NW,89,46.79913341332311,8.365893762516137,0,ENG,ENG,1.1,1.0,1.3,0.7,0.7,94.3,6.3,0.3,899.0,,1018.0,,1485.6,5.7,88.0,2.9,10.4,20.5,5.3,19.1,0.0,,0.7,0.0,0.0,314.0,,,,0.0,-0.001
8500f990-d7a6-11ed-a8d1-4961cd70d9e1,8.209308 46.504515,2023-04-11 12:00:00+02:00,7,NATURAL,SLAB,4,WET,S,32,46.51165868566272,8.250361662505561,0,ULR,ULR,3.6,3.0,4.4,4.0,3.3,89.0,7.0,2.0,865.6,,1017.9,,1494.4,2.3,45.0,0.8,2.9,8.3,2.2,7.9,,,2.4,0.0,132.0,313.0,,,131.0,0.0,0.071
b5d8fc03-e36a-4fa1-9d42-ea7105356bda,8.385358 46.779077,2023-04-16 05:00:00+02:00,3,EXPLOSIVE,UNKNOWN,2,DRY,NE,0,46.813932724983495,8.41332954262497,0,ENG,ENG,0.6,0.3,0.8,0.3,0.2,96.6,6.1,0.1,898.9,,1017.9,,1484.1,1.9,101.0,0.6,2.2,6.8,1.7,6.1,0.0,,0.5,0.0,0.0,316.0,,,,0.0,-0.006
33f93161-2ec3-46b0-ab16-f598e280759a,8.383072 46.779972,2023-04-12 08:00:00+02:00,4,EXPLOSIVE,SLAB,2,DRY,NE,42,46.769889589411335,8.338257883920651,0,TIT,TIT,-4.5,-4.7,-4.3,,,96.7,4.2,-5.0,689.8,,1009.7,2982.1,,21.3,256.0,9.9,35.6,76.7,20.0,72.0,,,,,216.0,,,,,,0.045
110f1420-d9f1-11ed-8014-25b7abf6ec82,8.252181 46.759933,2023-04-13 02:00:00.000 +0200,4,NATURAL,FULL_DEPTH,2,WET,S,54,46.759933,8.252181,1,MER,MER,4.8,4.7,5.0,3.9,3.8,89.5,7.7,3.2,939.9,1009.8,1008.5,,,1.7,45.0,0.7,2.5,6.1,1.7,6.1,0.0,,0.5,,0.0,,,,1.0,0.0,-0.004
26d0ed0c-b5fc-4983-9f76-b0f25e82ece7,8.388771 46.786265,2023-04-16 08:30:00.000 +0200,4,EXPLOSIVE,LOOSE_SNOW,1,DRY,NW,122,46.786265,8.388771,1,TIT,TIT,-9.5,-9.6,-9.3,,,94.1,2.8,-10.3,692.7,,1013.7,3017.0,,7.6,16.0,3.6,13.0,27.4,7.1,25.6,,,,,249.0,,,,,,0.057
f4bbdd10-e717-11ed-acf0-f7b342f82229,7.841373 46.562945,2023-05-01 12:00:00+02:00,7,NATURAL,UNKNOWN,3,UNKNOWN,NW,57,46.599328300311214,7.805753575321258,0,INT,INT,10.5,10.4,10.6,12.5,12.3,87.4,11.1,8.5,949.8,1017.7,1017.8,,,1.2,270.0,0.5,1.8,4.3,1.2,4.3,0.0,,1.3,,127.0,,,,126.0,0.0,0.082
146fb98c-e881-4676-9e59-446d1d57d1c2,8.034003 46.784284,2023-04-20 10:30:00+02:00,4,EXPLOSIVE,SLAB,2,DRY,S,0,46.81882885824596,7.990435041176342,0,FLU,FLU,1.7,1.7,1.8,,,99.2,6.8,1.6,,,,,,3.2,337.0,1.3,4.7,11.5,3.0,10.8,,,0.2,,,,,,,,
dda75b80-ddc2-11ed-b3b1-431b3c02902e,8.263291 46.74286,2023-04-20 14:30:00+02:00,1,SNOW_GROOMER,SLAB,3,DRY,SE,117,46.77832079827877,8.282618928449393,0,GIH,GIH,5.6,5.2,5.9,,,99.0,9.0,5.4,956.8,1013.3,1012.2,,,4.5,57.0,1.8,6.5,16.2,4.3,15.5,0.0,,1.9,,57.0,,,,53.0,0.0,0.035
be39a3d6-d2cf-47e2-870e-49c1b9134b29,8.422461 46.779843,2023-05-20 07:00:00+02:00,4,EXPLOSIVE,SLAB,2,DRY,N,34,46.76085917375012,8.388474648064658,0,TIT,TIT,-1.4,-2.0,-0.5,,,83.7,4.6,-3.8,696.2,,1018.4,3054.6,,16.0,139.0,11.3,40.7,57.6,15.4,55.4,,,,,346.0,,,,,,0.092
a94851d0-e58a-11ed-94a2-bf37c1703856,7.5461 46.68465,2023-04-26 12:00:00+02:00,7,NATURAL,SLAB,2,UNKNOWN,SW,7,46.71150869038446,7.509096909371711,0,THU,THU,12.5,12.0,13.0,,,55.4,8.0,3.8,949.5,1015.9,1016.4,,,5.9,348.0,2.1,7.6,21.2,5.7,20.5,,,0.0,,579.0,,,,,23.0,0.322
1b05e8ea-984f-445d-8163-f5d970cfecf8,8.387973 46.785269,2023-04-14 07:00:00+02:00,4,EXPLOSIVE,SLAB,1,WET,NW,84,46.75517376943287,8.36069781544165,0,TIT,TIT,-13.4,-13.7,-13.1,,,99.4,2.2,-13.5,684.7,,1002.8,2929.1,,9.3,318.0,3.0,10.8,33.5,8.9,32.0,,,,,121.0,,,,,,0.023
50fbf8f0-dd0c-11ed-8f1e-7bb69ddca4ec,8.23687 46.747556,2023-04-17 12:00:00+02:00,5,NATURAL,SLAB,2,DRY,N,34,46.78464112329106,8.225516678409914,0,GIH,GIH,10.8,10.1,11.4,,,84.1,10.9,8.2,964.1,1019.9,1019.8,,,2.5,81.0,0.7,2.5,9.0,2.3,8.3,0.0,,0.0,,478.0,,,,383.0,8.0,0.249
10ab716e-5fe3-4dac-9343-2f5c3d5e2a92,8.244594 46.61198,2023-05-08 12:00:00.000 +0200,7,NATURAL,SLAB,4,WET,NW,109,46.61198,8.244594,1,GRH,GRH,5.6,5.0,6.1,,,94.1,8.6,4.7,807.9,,1024.3,,1543.6,5.0,4.0,2.7,9.7,18.0,4.9,17.6,,,0.0,118.0,547.0,337.0,,,,0.0,0.232
a8219770-e77f-11ed-991c-c3bbd7ca6c9a,7.788493 46.554381,2023-04-29 15:11:00+02:00,0,NATURAL,SLAB,3,WET,NW,105,46.52806834337797,7.754515121957736,0,FRU,FRU,17.5,17.3,17.8,,,59.4,11.9,9.5,,,,,,6.5,57.0,3.3,11.9,23.4,6.2,22.3,,,0.0,,318.0,350.0,,,288.0,0.0,
b0c20dd8-9d72-42fd-9908-df362afd7f3d,8.425333 46.779051,2023-05-17 07:00:00.000 +0200,4,EXPLOSIVE,SLAB,2,DRY,N,145,46.779051,8.425333,1,TIT,TIT,-7.2,-7.3,-7.0,,,93.9,3.3,-8.0,694.2,,1015.8,3033.2,,23.4,50.0,12.0,43.2,84.2,21.1,76.0,,,,,147.0,,,,,,0.03
87548817-41cb-4875-9f16-2dd62dfe20ab,8.382498 46.780197,2023-04-04 07:00:00+02:00,4,EXPLOSIVE,SLAB,2,DRY,NE,0,46.81426777994584,8.371232911430567,0,ENG,ENG,-3.7,-3.9,-3.3,-3.3,-3.4,89.3,4.2,-5.2,898.6,,1017.6,,1474.4,5.4,231.0,3.3,11.9,19.4,5.2,18.7,0.0,,0.0,0.0,44.0,289.0,,,,0.0,0.023
1b05e8ea-984f-445d-8163-f5d970cfecf8,8.387973 46.785269,2023-04-13 07:00:00+02:00,4,EXPLOSIVE,SLAB,1,WET,NW,109,46.77452425704614,8.408160706584853,0,TIT,TIT,-13.5,-13.7,-13.0,,,100.0,2.2,-13.5,683.5,,1001.1,2915.8,,10.2,306.0,5.7,20.5,36.7,9.9,35.6,,,,,127.0,,,,,,0.019
b4aeb776-bc6c-459f-adeb-919a10f47c8a,8.420466 46.780907,2023-04-03 07:00:00+02:00,4,EXPLOSIVE,SLAB,2,DRY,NW,43,46.797051291923864,8.377150211857627,0,ENG,ENG,0.5,0.3,0.8,0.5,0.3,96.9,6.1,0.1,900.4,,1019.5,,1497.3,6.2,239.0,3.4,12.2,22.3,5.6,20.2,0.0,,0.5,0.0,34.0,320.0,,,,0.0,0.02
9b1e09ce-808a-44b8-8176-c69307d3a01b,8.390545 46.780329,2023-04-17 08:30:00+02:00,4,EXPLOSIVE,LOOSE_SNOW,1,DRY,NW,1,46.80321323378113,8.407468931968198,0,ENG,ENG,4.0,3.0,5.4,7.8,4.9,89.2,7.3,2.4,900.3,,1019.4,,1502.5,3.8,135.0,0.8,2.9,13.7,3.6,13.0,0.0,,0.0,0.0,430.0,288.0,,,,28.0,0.168
59a9c34c-87a8-4479-9db9-c3a9d7e37faf,8.42632 46.777873,2023-04-25 07:00:00.000 +0200,3,EXPLOSIVE,SLAB,2,DRY,NE,181,46.777873,8.42632,1,TIT,TIT,-10.2,-10.4,-10.0,,,98.9,2.8,-10.3,687.7,,1006.9,2961.3,,16.3,291.0,10.1,36.4,58.7,15.8,56.9,,,,,90.0,,,,,,0.015
c1bf9390-dd0b-11ed-8f1e-7bb69ddca4ec,8.237684 46.748368,2023-04-16 12:00:00+02:00,7,NATURAL,SLAB,2,DRY,NW,159,46.74272992104051,8.261201833665764,0,MER,MER,6.1,5.9,6.2,7.2,6.9,83.5,7.9,3.5,951.5,1021.9,1020.8,,,1.0,90.0,0.3,1.1,3.6,0.9,3.2,0.0,,0.2,,119.0,,,,108.0,0.0,0.07
110f1420-d9f1-11ed-8014-25b7abf6ec82,8.252181 46.759933,2023-04-16 02:00:00+02:00,4,NATURAL,FULL_DEPTH,2,WET,S,132,46.75943239676068,8.264308033020018,0,MER,MER,5.1,5.1,5.2,4.5,4.4,95.4,8.4,4.5,949.5,1020.0,1018.6,,,1.1,333.0,0.4,1.4,4.0,1.0,3.6,0.0,,0.4,,1.0,,,,1.0,0.0,-0.006
6e6f00b6-dfe0-4527-9b3f-7c45ffdf4fee,8.379219 46.783826,2023-04-02 07:00:00+02:00,4,EXPLOSIVE,SLAB,2,DRY,N,54,46.74771475328168,8.390666694270502,0,TIT,TIT,-11.8,-11.9,-11.7,,,95.3,2.4,-12.4,688.8,,1008.4,2974.4,,8.9,313.0,5.2,18.7,32.0,8.8,31.7,,,,,127.0,,,,,,0.022
a9add040-dd0c-11ed-8f1e-7bb69ddca4ec,8.245886 46.75731,2023-04-19 12:15:00+02:00,0,NATURAL,FULL_DEPTH,2,WET,S,157,46.78183573651837,8.238150369366005,0,GIH,GIH,12.6,12.2,13.0,,,75.3,11.0,8.3,962.8,1018.2,1018.5,,,2.5,39.0,1.3,4.7,9.0,2.5,9.0,0.0,,0.0,,445.0,,,,438.0,0.0,0.245
26f6eb66-fc4c-4eb2-aecd-11eeddba5a5a,7.964013 46.534843,2023-05-18 10:30:00+02:00,3,PERSON,SLAB,1,DRY,SE,171,46.50766389894816,8.008010394724732,0,JUN,JUN,-5.4,-5.9,-4.3,,,88.4,3.6,-7.0,656.3,,1020.5,3066.4,,4.0,319.0,2.0,7.2,14.4,3.9,14.0,,,,,808.0,230.0,,,,31.0,0.258
37f6f440-e68a-11ed-9633-279e930b62b5,7.970158 46.5442,2023-05-02 12:00:00+02:00,7,NATURAL,SLAB,2,DRY,SE,230,46.55999015308543,7.995369979954131,0,JUN,JUN,-8.5,-9.3,-7.8,,,67.9,2.2,-13.6,656.8,,1021.3,3078.7,,10.8,317.0,5.5,19.8,38.9,10.1,36.4,,,,,1061.0,187.0,,,,49.0,0.243
11290122-2f71-4b65-840e-5b583a64fdd5,8.389124 46.787453,2023-04-15 07:00:00+02:00,4,EXPLOSIVE,SLAB,2,WET,N,201,46.792317127339786,8.365692586941645,0,ENG,ENG,0.5,0.3,0.7,0.3,0.2,96.3,6.1,-0.1,889.2,,1007.1,,1397.6,1.8,90.0,0.9,3.2,6.5,1.6,5.8,0.0,,1.3,0.0,49.0,316.0,,,,0.0,0.027
146fb98c-e881-4676-9e59-446d1d57d1c2,8.034003 46.784284,2023-04-18 10:30:00.000 +0200,4,EXPLOSIVE,SLAB,2,DRY,S,29,46.784284,8.034003,1,BRZ,BRZ,,,,,,,,,950.6,,1017.2,,,6.1,107.0,2.6,9.4,22.0,6.0,21.6,,,0.0,,,,,,,,
b4aeb776-bc6c-459f-adeb-919a10f47c8a,8.420466 46.780907,2023-04-02 07:00:00+02:00,4,EXPLOSIVE,SLAB,2,DRY,NW,168,46.77173048830321,8.406086578587376,0,TIT,TIT,-11.8,-11.9,-11.7,,,95.3,2.4,-12.4,688.8,,1008.4,2974.4,,8.9,313.0,5.2,18.7,32.0,8.8,31.7,,,,,127.0,,,,,,0.022
f9b59268-33ad-4905-91cd-ccc9a1ae40a4,8.385942 46.778812,2023-04-15 08:30:00+02:00,2,EXPLOSIVE,LOOSE_SNOW,2,DRY,NE,0,46.81093961322379,8.41061959335517,0,ENG,ENG,1.5,0.8,2.3,2.6,1.4,93.9,6.4,0.7,889.0,,1006.9,,1396.9,2.5,108.0,1.0,3.6,9.0,2.3,8.3,0.0,,0.4,0.0,141.0,320.0,,,,0.0,0.06
c98d2b1a-9c67-4f2a-8b1b-1b27502b6c5d,8.423896 46.779967,2023-04-13 07:00:00+02:00,3,EXPLOSIVE,SLAB,1,DRY,NW,24,46.806373601712856,8.417915975607189,0,ENG,ENG,1.0,0.8,1.2,1.0,0.8,91.4,6.0,-0.3,890.0,,1008.0,,1405.3,3.7,153.0,1.1,4.0,13.3,3.4,12.2,0.0,,0.2,0.0,55.0,301.0,,,,0.0,0.03
8b5b35b0-dd0c-11ed-8f1e-7bb69ddca4ec,8.229566 46.753026,2023-04-17 12:30:00+02:00,0,NATURAL,FULL_DEPTH,2,WET,SE,20,46.7356688544192,8.229295113526444,0,MER,MER,11.6,11.2,11.9,19.5,18.3,60.7,8.3,4.2,949.4,1018.2,1018.5,,,8.4,327.0,3.8,13.7,30.2,8.1,29.2,0.0,,0.0,,848.0,,,,368.0,39.0,0.412
931d9d63-4823-45cb-940f-26620aa25be9,8.425244 46.779006,2023-04-13 07:30:00+02:00,2,EXPLOSIVE,SLAB,2,DRY,N,124,46.776996732860795,8.384212679199294,0,TIT,TIT,-13.5,-13.7,-13.0,,,100.0,2.2,-13.5,683.5,,1001.1,2915.8,,10.2,306.0,5.7,20.5,36.7,9.9,35.6,,,,,127.0,,,,,,0.019
367958a0-d439-11ed-a920-a702e6e7f311,8.242864 46.759718,2023-04-07 15:00:00+02:00,2,NATURAL,FULL_DEPTH,1,WET,S,24,46.78219798502961,8.19881620695473,0,MER,MER,7.6,6.9,8.1,8.4,7.3,74.3,7.7,3.3,947.5,1017.2,1016.5,,,9.6,290.0,4.2,15.1,34.6,9.3,33.5,0.0,,0.0,,274.0,,,,261.0,0.0,0.136
49e457f5-5bb7-4272-bb56-c1782a243205,8.423263 46.779484,2023-04-16 08:00:00+02:00,4,EXPLOSIVE,SLAB,3,DRY,N,158,46.76947131227937,8.422530174579371,0,TIT,TIT,-9.5,-9.6,-9.3,,,94.1,2.8,-10.3,692.7,,1013.7,3017.0,,7.6,16.0,3.6,13.0,27.4,7.1,25.6,,,,,249.0,,,,,,0.057
bafec949-69be-4d29-96df-732ded5d7686,8.389718 46.787228,2023-04-03 08:00:00+02:00,3,EXPLOSIVE,SLAB,1,DRY,N,121,46.78764265018107,8.367061153937149,0,ENG,ENG,-0.1,-0.2,0.1,0.6,0.5,97.3,5.9,-0.4,900.7,,1019.9,,1498.5,6.4,226.0,3.9,14.0,23.0,6.1,22.0,0.0,,0.0,0.0,104.0,313.0,,,,0.0,0.036
50374fe0-d439-11ed-a920-a702e6e7f311,8.245848 46.760908,2023-04-08 16:00:00+02:00,2,NATURAL,FULL_DEPTH,1,WET,SW,0,46.74199085117017,8.225550791747482,0,MER,MER,10.6,10.5,10.8,11.0,10.2,47.8,6.1,0.0,950.8,1020.0,1020.0,,,11.8,317.0,6.0,21.6,42.5,11.2,40.3,0.0,,0.0,,190.0,,,,183.0,0.0,0.18
8d0101b0-de65-11ed-ad4d-6fea2397c693,7.846102 46.562407,2023-04-21 12:00:00+02:00,7,NATURAL,FULL_DEPTH,2,WET,S,87,46.60602067817801,7.829102424356004,0,INT,INT,9.4,8.5,9.9,14.5,11.3,74.8,8.8,5.2,944.0,1011.8,1011.6,,,9.7,292.0,4.7,16.9,34.9,9.3,33.5,0.0,,0.0,,478.0,,,,405.0,1.0,0.225
6e6f00b6-dfe0-4527-9b3f-7c45ffdf4fee,8.379219 46.783826,2023-04-04 07:00:00+02:00,4,EXPLOSIVE,SLAB,2,DRY,N,46,46.754463479605995,8.411229859444154,0,TIT,TIT,-13.3,-13.6,-13.1,,,20.2,0.5,-31.5,688.6,,1008.1,2972.7,,22.7,49.0,6.8,24.5,81.7,21.8,78.5,,,,,257.0,,,,,,0.081
8339db4e-32c5-49bd-ae04-41feeaf45eaa,8.420784 46.781168,2023-04-15 07:00:00+02:00,3,EXPLOSIVE,SLAB,2,DRY,N,105,46.79315777953945,8.411029165598858,0,TIT,TIT,-9.0,-9.1,-8.8,,,97.9,3.0,-9.3,685.0,,1003.1,2929.2,,13.6,300.0,9.7,34.9,49.0,13.3,47.9,,,,,147.0,,,,,,0.023
1a787419-5802-4808-a192-fbe672afe523,8.389757 46.787324,2023-04-18 08:30:00+02:00,4,EXPLOSIVE,LOOSE_SNOW,2,DRY,N,0,46.81267342628974,8.370719755163465,0,ENG,ENG,5.1,4.3,5.9,12.1,9.3,69.1,6.1,-0.2,898.4,,1017.3,,1486.8,3.7,99.0,2.0,7.2,13.3,3.4,12.2,0.0,,0.0,0.0,460.0,253.0,,,,60.0,0.186
f4bbdd10-e717-11ed-acf0-f7b342f82229,7.841373 46.562945,2023-05-01 12:00:00+02:00,7,NATURAL,UNKNOWN,3,UNKNOWN,NW,149,46.589333502872584,7.833213649582352,0,INT,INT,10.5,10.4,10.6,12.5,12.3,87.4,11.1,8.5,949.8,1017.7,1017.8,,,1.2,270.0,0.5,1.8,4.3,1.2,4.3,0.0,,1.3,,127.0,,,,126.0,0.0,0.082
0d6a183c-f453-4a31-98c7-90213921e278,8.417328 46.785788,2023-04-04 06:30:00+02:00,2,EXPLOSIVE,SLAB,1,DRY,NW,183,46.769983406268686,8.414191609864577,0,TIT,TIT,-13.5,-14.1,-12.8,,,16.5,0.4,-33.9,688.4,,1007.8,2970.2,,24.1,61.0,10.0,36.0,86.8,23.5,84.6,,,,,52.0,,,,,,0.07
529f5410-e6a1-11ed-9300-179866ebe517,7.727729 46.504859,2023-05-02 17:00:00+02:00,3,UNKNOWN,UNKNOWN,1,WET,,0,46.54595670928787,7.745500348139737,0,FRU,FRU,13.4,13.3,13.7,,,60.6,9.3,5.9,,,,,,7.8,70.0,3.5,12.6,28.1,7.5,27.0,,,0.0,,158.0,332.0,,,149.0,0.0,
18414158-6d92-4cd1-ab90-28699222ae16,8.421236 46.785109,2023-05-03 16:30:00+02:00,2,EXPLOSIVE,SLAB,2,DRY,NW,0,46.81632345865623,8.421670151822086,0,ENG,ENG,15.1,14.6,15.4,23.5,23.0,60.5,10.4,7.5,902.3,,1021.6,,1540.2,6.7,270.0,3.6,13.0,24.1,6.3,22.7,0.0,,0.0,0.0,545.0,305.0,,,,60.0,0.306
35790a01-26e9-458d-9830-8b595ce08bc3,8.391669 46.779911,2023-04-14 16:00:00+02:00,5,PERSON,SLAB,3,DRY,NW,185,46.78911149113816,8.363504016266889,0,ENG,ENG,6.9,6.6,7.5,15.8,14.8,39.1,3.9,-6.1,888.9,,1006.8,,1403.1,5.0,118.0,2.4,8.6,18.0,4.9,17.6,0.0,,0.0,0.0,486.0,244.0,,,,60.0,0.225
5dfb93d0-d046-11ed-b49c-43d9bede54f5,8.263448 46.782775,2023-04-01 05:45:00+02:00,0,EXPLOSIVE,SLAB,2,DRY,NW,58,46.747833511062005,8.251005998371058,0,MER,MER,5.3,5.1,5.6,4.1,3.9,86.6,7.7,3.3,940.6,1010.5,1009.2,,,2.3,90.0,0.9,3.2,8.3,2.2,7.9,0.0,,0.0,,13.0,,,,10.0,0.0,0.016
ab2a9319-7f29-4629-a314-d5965080c33e,8.421443 46.780432,2023-05-05 07:30:00+02:00,4,EXPLOSIVE,SLAB,2,DRY,N,5,46.73909724335687,8.389849287493677,0,TIT,TIT,-0.1,-0.6,0.6,,,68.5,4.1,-5.3,701.9,,1026.2,3119.6,,4.1,183.0,2.3,8.3,14.8,4.0,14.4,,,,,397.0,,,,,,0.145
48001904-f349-4f12-8b6b-34916e483022,8.424677 46.77918,2023-04-13 07:30:00.000 +0200,2,EXPLOSIVE,SLAB,2,DRY,N,211,46.77918,8.424677,1,TIT,TIT,-13.5,-13.7,-13.0,,,100.0,2.2,-13.5,683.5,,1001.1,2915.8,,10.2,306.0,5.7,20.5,36.7,9.9,35.6,,,,,127.0,,,,,,0.019
9f2be370-d7a6-11ed-a8d1-4961cd70d9e1,8.210814 46.503291,2023-04-08 12:00:00+02:00,7,NATURAL,SLAB,3,WET,S,185,46.53069039540551,8.210419390540292,0,ULR,ULR,7.4,6.9,7.6,13.0,11.7,41.0,4.2,-5.0,865.6,,1017.9,,1497.1,11.4,81.0,4.1,14.8,41.0,10.7,38.5,,,0.0,0.0,885.0,236.0,,,103.0,60.0,0.407
9fe44fc7-c389-4ba2-9149-62bca569dc15,8.426432 46.777678,2023-05-20 07:00:00+02:00,4,EXPLOSIVE,SLAB,2,DRY,NE,39,46.75761649189373,8.410736861618584,0,TIT,TIT,-1.4,-2.0,-0.5,,,83.7,4.6,-3.8,696.2,,1018.4,3054.6,,16.0,139.0,11.3,40.7,57.6,15.4,55.4,,,,,346.0,,,,,,0.092
33f93161-2ec3-46b0-ab16-f598e280759a,8.383072 46.779972,2023-04-13 08:00:00+02:00,4,EXPLOSIVE,SLAB,2,DRY,NE,160,46.770666814572685,8.413467163636348,0,TIT,TIT,-13.9,-14.2,-13.6,,,99.5,2.1,-14.0,683.4,,1001.0,2915.3,,10.1,299.0,5.4,19.4,36.4,9.8,35.3,,,,,212.0,,,,,,0.032
acaee50d-c93e-4865-b666-dcf8ca1d9f21,8.226812 46.595085,2023-04-24 12:00:00+02:00,7,PERSON,SLAB,1,DRY,NW,101,46.57164308258828,8.20159786370648,0,ULR,ULR,6.3,6.1,6.7,5.8,5.4,71.2,6.8,1.4,859.7,,1011.2,,1440.3,6.7,79.0,3.1,11.2,24.1,6.6,23.8,,,0.2,0.0,220.0,311.0,,,215.0,0.0,0.127
792e43cf-e040-4ad1-98dd-47672e4855cd,8.426192 46.777884,2023-04-16 07:00:00+02:00,0,EXPLOSIVE,SLAB,2,DRY,NE,266,46.76756817550939,8.395660858676482,0,TIT,TIT,-9.6,-9.8,-9.5,,,97.1,2.9,-10.0,692.5,,1013.4,3014.3,,8.1,12.0,2.5,9.0,29.2,7.6,27.4,,,,,150.0,,,,,,0.035
f9b59268-33ad-4905-91cd-ccc9a1ae40a4,8.385942 46.778812,2023-04-15 08:30:00+02:00,2,EXPLOSIVE,LOOSE_SNOW,2,DRY,NE,0,46.81822342067513,8.39721743396582,0,ENG,ENG,1.5,0.8,2.3,2.6,1.4,93.9,6.4,0.7,889.0,,1006.9,,1396.9,2.5,108.0,1.0,3.6,9.0,2.3,8.3,0.0,,0.4,0.0,141.0,320.0,,,,0.0,0.06
b2ae7f83-144e-4307-bbca-2bcde419c704,8.384786 46.783437,2023-04-16 08:30:00.000 +0200,4,EXPLOSIVE,LOOSE_SNOW,1,DRY,N,115,46.783437,8.384786,1,TIT,TIT,-9.5,-9.6,-9.3,,,94.1,2.8,-10.3,692.7,,1013.7,3017.0,,7.6,16.0,3.6,13.0,27.4,7.1,25.6,,,,,249.0,,,,,,0.057
1bb8250c-f575-4cb3-84c9-194ae951bc8a,7.944832 46.554569,2023-05-04 12:00:00+02:00,7,NATURAL,UNKNOWN,4,WET,,90,46.553562571848616,7.955955732972367,0,JUN,JUN,-2.7,-3.0,-2.2,,,47.9,2.4,-12.2,661.7,,1028.2,3127.2,,5.8,318.0,3.1,11.2,20.9,5.4,19.4,,,,,1043.0,195.0,,,,60.0,0.37
099a6e90-d12e-11ed-ba10-b99b29af1712,8.260874 46.762857,2023-04-05 07:18:00+02:00,0,EXPLOSIVE,SLAB,3,DRY,NE,81,46.76937848749961,8.23927836965939,0,MER,MER,0.2,-0.8,1.3,1.0,-3.5,78.3,4.8,-3.2,949.7,1021.6,1018.8,,,2.2,99.0,0.9,3.2,7.9,2.2,7.9,0.0,,0.0,,201.0,,,,51.0,45.0,0.06
26ffd848-b17b-4d9b-a93a-0d9106053d47,8.073009 46.53608,2023-05-23 12:00:00+02:00,7,PERSON,SLAB,3,DRY,,152,46.52075134624141,8.044040215027556,0,JUN,JUN,-0.5,-1.4,0.2,,,83.2,4.9,-3.0,660.4,,1026.4,3107.4,,4.3,135.0,2.4,8.6,15.5,4.1,14.8,,,,,1139.0,229.0,,,,60.0,0.44
ab2a9319-7f29-4629-a314-d5965080c33e,8.421443 46.780432,2023-05-02 07:30:00+02:00,4,EXPLOSIVE,SLAB,2,DRY,N,17,46.75053490324994,8.384926764989325,0,TIT,TIT,-6.7,-6.9,-6.5,,,97.5,3.6,-7.1,697.0,,1019.6,3064.7,,10.9,23.0,7.1,25.6,39.2,10.7,38.5,,,,,152.0,,,,,,0.033
3efdca94-9b97-483a-8a85-137add93bbd1,8.426389 46.777499,2023-05-02 07:30:00.000 +0200,4,EXPLOSIVE,SLAB,3,DRY,NE,183,46.777499,8.426389,1,TIT,TIT,-6.7,-6.9,-6.5,,,97.5,3.6,-7.1,697.0,,1019.6,3064.7,,10.9,23.0,7.1,25.6,39.2,10.7,38.5,,,,,152.0,,,,,,0.033
367958a0-d439-11ed-a920-a702e6e7f311,8.242864 46.759718,2023-04-08 15:00:00+02:00,2,NATURAL,FULL_DEPTH,1,WET,S,74,46.76633100962175,8.215339486277102,0,MER,MER,11.1,10.9,11.2,13.1,12.6,48.0,6.3,0.5,950.5,1019.5,1019.7,,,12.6,321.0,6.9,24.8,45.4,12.2,43.9,0.0,,0.0,,371.0,,,,292.0,6.0,0.249
2ed09558-7716-4dda-935c-3c151ebe5b3b,8.238855 46.748629,2023-04-17 08:30:00+02:00,4,EXPLOSIVE,SLAB,1,DRY,NW,44,46.7883777468456,8.2604997677111,0,GIH,GIH,7.0,6.7,7.1,,,99.3,9.9,6.9,965.0,1021.7,1020.8,,,1.4,53.0,0.5,1.8,5.0,1.3,4.7,0.0,,0.0,,165.0,,,,159.0,0.0,0.079
b6bd2020-dd0b-11ed-8f1e-7bb69ddca4ec,8.237321 46.747742,2023-04-16 12:00:00+02:00,7,NATURAL,SLAB,2,DRY,N,165,46.78389407372616,8.230267504320773,0,GIH,GIH,7.2,7.0,7.3,,,99.3,10.1,7.1,965.4,1022.1,1021.2,,,1.0,63.0,0.3,1.1,3.6,1.0,3.6,0.0,,0.2,,119.0,,,,109.0,0.0,0.069
f7fca170-d124-11ed-9f3d-c1122c0370be,8.243319 46.765333,2023-04-02 12:00:00+02:00,10,NATURAL,SLAB,3,WET,SW,79,46.75229015453438,8.282957076153531,0,MER,MER,10.9,10.5,11.2,14.2,13.3,56.7,7.4,2.6,946.1,1014.8,1015.0,,,4.8,289.0,2.9,10.4,17.3,4.7,16.9,0.0,,0.0,,482.0,,,,439.0,2.0,0.264
d940ed50-ecda-11ed-aeab-3b3cc7819483,7.967581 46.511291,2023-05-09 12:00:00+02:00,7,NATURAL,SLAB,3,UNKNOWN,S,236,46.53433930418404,7.971796823170777,0,JUN,JUN,-2.6,-2.8,-2.4,,,89.0,4.5,-4.2,657.6,,1022.3,3076.3,,8.8,133.0,7.2,25.9,31.7,8.6,31.0,,,,,738.0,289.0,,,,0.0,0.199
8b5b35b0-dd0c-11ed-8f1e-7bb69ddca4ec,8.229566 46.753026,2023-04-17 12:30:00+02:00,0,NATURAL,FULL_DEPTH,2,WET,SE,156,46.78593736133277,8.243804352899618,0,GIH,GIH,10.8,10.1,11.4,,,84.1,10.9,8.2,964.1,1019.9,1019.8,,,2.5,81.0,0.7,2.5,9.0,2.3,8.3,0.0,,0.0,,478.0,,,,383.0,8.0,0.249
c8955470-dce3-11ed-bcd6-6b951ea9af39,8.419791 46.782658,2023-04-16 12:00:00+02:00,7,EXPLOSIVE,SLAB,2,DRY,N,53,46.738405502290426,8.40311154655361,0,TIT,TIT,-9.1,-9.2,-9.1,,,96.8,3.0,-9.5,693.9,,1015.2,3029.6,,7.4,16.0,3.6,13.0,26.6,7.0,25.2,,,,,654.0,,,,,,0.147
1b05e8ea-984f-445d-8163-f5d970cfecf8,8.387973 46.785269,2023-04-12 07:00:00.000 +0200,4,EXPLOSIVE,SLAB,1,WET,NW,67,46.785269,8.387973,1,TIT,TIT,-4.6,-4.7,-4.5,,,99.0,4.3,-4.8,690.1,,1010.2,2985.8,,25.3,268.0,12.0,43.2,91.1,24.2,87.1,,,,,99.0,,,,,,0.019
26f6eb66-fc4c-4eb2-aecd-11eeddba5a5a,7.964013 46.534843,2023-05-19 10:30:00+02:00,3,PERSON,SLAB,1,DRY,SE,148,46.522216359546,7.989090191831955,0,JUN,JUN,-4.3,-5.3,-3.7,,,96.0,4.3,-4.8,656.8,,1021.2,3070.6,,10.0,146.0,8.3,29.9,36.0,9.9,35.6,,,,,520.0,288.0,,,,0.0,0.119
a4ad0c82-16f6-4de1-af92-ac146cabf042,8.423474 46.779387,2023-05-05 07:30:00+02:00,4,EXPLOSIVE,SLAB,2,DRY,N,28,46.74811884709722,8.388377903214918,0,TIT,TIT,-0.1,-0.6,0.6,,,68.5,4.1,-5.3,701.9,,1026.2,3119.6,,4.1,183.0,2.3,8.3,14.8,4.0,14.4,,,,,397.0,,,,,,0.145
b5d8fc03-e36a-4fa1-9d42-ea7105356bda,8.385358 46.779077,2023-04-16 05:00:00.000 +0200,3,EXPLOSIVE,UNKNOWN,2,DRY,NE,141,46.779077,8.385358,1,TIT,TIT,-9.8,-10.0,-9.7,,,94.3,2.8,-10.6,691.9,,1012.6,3008.0,,13.0,336.0,3.9,14.0,46.8,12.7,45.7,,,,,0.0,,,,,,0.0
26f6eb66-fc4c-4eb2-aecd-11eeddba5a5a,7.964013 46.534843,2023-05-20 10:30:00+02:00,3,PERSON,SLAB,1,DRY,SE,0,46.56949664213849,7.921771871678713,0,JUN,JUN,-4.0,-4.3,-3.5,,,98.0,4.5,-4.2,655.4,,1019.3,3053.1,,20.5,156.0,14.5,52.2,73.8,20.4,73.4,,,,,402.0,291.0,,,,0.0,0.072
8500f990-d7a6-11ed-a8d1-4961cd70d9e1,8.209308 46.504515,2023-04-10 12:00:00+02:00,7,NATURAL,SLAB,4,WET,S,113,46.54618357349671,8.207692722474953,0,ULR,ULR,11.7,11.1,12.6,17.6,17.1,23.5,3.3,-8.5,868.1,,1020.8,,1523.7,4.6,56.0,2.1,7.6,16.6,4.5,16.2,,,0.0,0.0,794.0,256.0,,,317.0,60.0,0.441
233c98fe-a27b-4c5e-992f-1bc9cdd0362a,8.422835 46.779803,2023-04-25 07:00:00+02:00,3,EXPLOSIVE,SLAB,2,DRY,N,0,46.820414000008526,8.414199049922841,0,ENG,ENG,3.4,3.1,3.7,3.4,3.0,87.7,6.9,1.6,892.6,,1010.9,,1432.5,4.5,288.0,1.5,5.4,16.2,4.3,15.5,0.0,,0.2,0.0,56.0,311.0,,,,0.0,0.037
f7fca170-d124-11ed-9f3d-c1122c0370be,8.243319 46.765333,2023-04-04 12:00:00+02:00,10,NATURAL,SLAB,3,WET,SW,84,46.74424258689506,8.24271341214092,0,MER,MER,5.2,4.8,5.5,12.0,11.7,54.3,4.8,-3.3,949.9,1020.4,1019.1,,,11.9,332.0,4.8,17.3,42.8,11.2,40.3,0.0,,0.0,,847.0,,,,134.0,60.0,0.327
34e33f73-9c60-4cff-be3e-9f199f5b9d9e,8.385879 46.778707,2023-04-19 05:00:00+02:00,3,EXPLOSIVE,UNKNOWN,2,DRY,NE,0,46.81207710122179,8.372080665335949,0,ENG,ENG,3.0,2.5,3.2,1.5,0.4,89.2,6.8,1.4,900.0,,1019.1,,1498.0,3.1,103.0,1.1,4.0,11.2,2.9,10.4,0.0,,0.0,0.0,2.0,298.0,,,,0.0,-0.002
1bb8250c-f575-4cb3-84c9-194ae951bc8a,7.944832 46.554569,2023-05-05 12:00:00+02:00,7,NATURAL,UNKNOWN,4,WET,,39,46.58468183747903,7.962083736400032,0,JUN,JUN,-1.9,-2.3,-1.4,,,79.7,4.2,-5.0,661.1,,1027.3,3117.7,,8.7,152.0,4.1,14.8,31.3,8.4,30.2,,,,,882.0,246.0,,,,41.0,0.291
10ab716e-5fe3-4dac-9343-2f5c3d5e2a92,8.244594 46.61198,2023-05-11 12:00:00+02:00,7,NATURAL,SLAB,4,WET,NW,26,46.63997761807247,8.205820244384011,0,MER,MER,11.6,11.3,11.7,15.5,13.0,68.3,9.3,5.9,945.9,1014.4,1014.8,,,5.4,294.0,1.5,5.4,19.4,5.2,18.7,0.0,,0.1,,476.0,,,,414.0,3.0,0.261
529f5410-e6a1-11ed-9300-179866ebe517,7.727729 46.504859,2023-04-30 17:00:00+02:00,3,UNKNOWN,UNKNOWN,1,WET,,27,46.536525515310224,7.698727993155344,0,FRU,FRU,11.5,11.1,11.9,,,85.8,11.6,9.2,,,,,,5.0,18.0,1.6,5.8,18.0,4.8,17.3,,,1.4,,14.0,367.0,,,13.0,0.0,
9879b1f6-3d1c-4854-ae1b-1f0a970d5832,8.425218 46.770162,2023-05-15 09:30:00.000 +0200,2,EXPLOSIVE,SLAB,2,DRY,S,165,46.770162,8.425218,1,TIT,TIT,-6.3,-6.6,-5.8,,,98.0,3.7,-6.6,693.2,,1014.3,3021.2,,7.5,355.0,2.6,9.4,27.0,7.1,25.6,,,,,461.0,,,,,,0.13
fdfaf590-ea4c-11ed-8348-fb5788bd30bc,8.001152 46.577404,2023-05-02 12:00:00+02:00,7,NATURAL,SLAB,2,DRY,NW,25,46.56874560460131,7.957729056326295,0,JUN,JUN,-8.5,-9.3,-7.8,,,67.9,2.2,-13.6,656.8,,1021.3,3078.7,,10.8,317.0,5.5,19.8,38.9,10.1,36.4,,,,,1061.0,187.0,,,,49.0,0.243
1bb8250c-f575-4cb3-84c9-194ae951bc8a,7.944832 46.554569,2023-05-03 12:00:00+02:00,7,NATURAL,UNKNOWN,4,WET,,198,46.54160709920663,7.965258346016812,0,JUN,JUN,-2.9,-3.9,-2.2,,,31.6,1.5,-17.7,660.3,,1026.2,3109.8,,10.1,23.0,3.9,14.0,36.4,9.6,34.6,,,,,1046.0,185.0,,,,60.0,0.365
34e33f73-9c60-4cff-be3e-9f199f5b9d9e,8.385879 46.778707,2023-04-18 05:00:00+02:00,3,EXPLOSIVE,UNKNOWN,2,DRY,NE,77,46.76076030853159,8.411406050412202,0,TIT,TIT,-7.9,-8.0,-7.8,,,78.2,2.6,-11.0,693.2,,1014.3,3021.8,,7.2,204.0,5.2,18.7,25.9,7.1,25.6,,,,,1.0,,,,,,0.006
099a6e90-d12e-11ed-ba10-b99b29af1712,8.260874 46.762857,2023-04-04 07:18:00+02:00,0,EXPLOSIVE,SLAB,3,DRY,NE,8,46.79494035769491,8.294370012870292,0,GIH,GIH,0.8,0.7,0.8,,,80.7,5.2,-2.2,965.1,1023.1,1020.9,,,5.3,71.0,2.2,7.9,19.1,4.9,17.6,0.0,,0.0,,31.0,,,,31.0,0.0,0.031
bafec949-69be-4d29-96df-732ded5d7686,8.389718 46.787228,2023-04-02 08:00:00+02:00,3,EXPLOSIVE,SLAB,1,DRY,N,85,46.74989768336737,8.413135636302416,0,TIT,TIT,-11.6,-11.9,-11.3,,,99.0,2.5,-11.8,689.3,,1009.0,2979.5,,6.0,306.0,3.6,13.0,21.6,5.7,20.5,,,,,291.0,,,,,,0.053
5192475d-5f0c-41d7-bde8-a82e5bea8b68,8.422294 46.780382,2023-04-16 08:00:00.000 +0200,4,EXPLOSIVE,SLAB,3,DRY,N,211,46.780382,8.422294,1,TIT,TIT,-9.5,-9.6,-9.3,,,94.1,2.8,-10.3,692.7,,1013.7,3017.0,,7.6,16.0,3.6,13.0,27.4,7.1,25.6,,,,,249.0,,,,,,0.057
d68cc42c-2801-4238-bb58-3d963f2ab1ea,8.380899 46.782267,2023-04-03 07:00:00+02:00,4,EXPLOSIVE,SLAB,3,DRY,N,82,46.76012506004667,8.34119219683008,0,TIT,TIT,-11.1,-11.4,-10.6,,,93.9,2.5,-11.9,692.7,,1013.6,3017.2,,10.4,32.0,6.3,22.7,37.4,9.9,35.6,,,,,76.0,,,,,,0.018
ae543637-3b77-4592-997d-c9f3fc4c3078,8.424992 46.778957,2023-04-29 07:30:00+02:00,2,EXPLOSIVE,SLAB,2,DRY,N,11,46.80623203551442,8.382691611436284,0,ENG,ENG,9.5,9.1,10.0,10.0,8.8,88.8,10.5,7.7,898.7,,1017.7,,1497.0,2.9,117.0,0.8,2.9,10.4,2.7,9.7,0.0,,0.0,0.0,150.0,334.0,,,,0.0,0.078
35790a01-26e9-458d-9830-8b595ce08bc3,8.391669 46.779911,2023-04-17 16:00:00+02:00,5,PERSON,SLAB,3,DRY,NW,158,46.78851756686181,8.412772243113556,0,TIT,TIT,-8.2,-8.6,-7.8,,,96.0,3.2,-8.7,694.3,,1015.8,3034.2,,4.0,175.0,1.5,5.4,14.4,3.7,13.3,,,,,330.0,,,,,,0.087
10ab716e-5fe3-4dac-9343-2f5c3d5e2a92,8.244594 46.61198,2023-05-11 12:00:00+02:00,7,NATURAL,SLAB,4,WET,NW,17,46.57501614564924,8.207335395312983,0,ULR,ULR,9.2,8.4,10.1,13.0,12.3,56.4,6.6,1.0,861.4,,1013.1,,1457.2,8.3,112.0,3.1,11.2,29.9,7.8,28.1,,,0.0,0.0,613.0,310.0,,,570.0,2.0,0.317
5dfb93d0-d046-11ed-b49c-43d9bede54f5,8.263448 46.782775,2023-04-01 05:45:00+02:00,0,EXPLOSIVE,SLAB,2,DRY,NW,19,46.82185258290496,8.256889567960435,0,GIH,GIH,8.6,8.0,9.6,,,64.9,7.3,2.3,953.5,1009.1,1008.7,,,9.8,247.0,3.0,10.8,35.3,9.2,33.1,0.0,,0.0,,10.0,,,,10.0,0.0,0.054
b2b22272-2994-46f8-ba69-aa77d0ffdafa,8.420101 46.781175,2023-04-25 00:00:00.000 +0200,6,NATURAL,SLAB,2,DRY,N,115,46.781175,8.420101,1,TIT,TIT,-9.7,-10.0,-9.1,,,98.9,2.9,-9.8,689.8,,1009.7,2984.4,,15.3,252.0,4.8,17.3,55.1,15.2,54.7,,,,,0.0,,,,,,-0.001
b463a2d6-9b9e-4b10-99b6-7308c06e3b30,8.423808 46.779796,2023-04-22 08:00:00+02:00,3,EXPLOSIVE,SLAB,1,DRY,N,0,46.805856427216696,8.393689646604273,0,ENG,ENG,10.0,8.9,10.9,15.8,13.4,57.4,7.0,1.9,894.4,,1012.9,,1458.5,2.8,194.0,0.8,2.9,10.1,2.6,9.4,0.0,,0.0,0.0,438.0,275.0,,,,60.0,0.216
bdf4c097-2315-413e-a320-168acfd62b21,8.380633 46.782526,2023-04-12 08:00:00+02:00,4,EXPLOSIVE,SLAB,3,DRY,N,53,46.74513215086826,8.392532499910761,0,TIT,TIT,-4.5,-4.7,-4.3,,,96.7,4.2,-5.0,689.8,,1009.7,2982.1,,21.3,256.0,9.9,35.6,76.7,20.0,72.0,,,,,216.0,,,,,,0.045
26ffd848-b17b-4d9b-a93a-0d9106053d47,8.073009 46.53608,2023-05-22 12:00:00.000 +0200,7,PERSON,SLAB,3,DRY,,208,46.53608,8.073009,1,JUN,JUN,-1.9,-2.7,-0.9,,,77.6,4.2,-5.3,659.8,,1025.4,3101.8,,2.2,146.0,0.8,2.9,7.9,2.2,7.9,,,,,815.0,274.0,,,,8.0,0.335
2ed09558-7716-4dda-935c-3c151ebe5b3b,8.238855 46.748629,2023-04-20 08:30:00+02:00,4,EXPLOSIVE,SLAB,1,DRY,NW,13,46.70675204509449,8.281888704445995,0,MER,MER,6.2,6.1,6.3,7.3,7.2,80.0,7.6,3.0,942.1,1011.8,1010.8,,,5.2,254.0,3.0,10.8,18.7,5.1,18.4,0.0,,0.0,,114.0,,,,108.0,0.0,0.071
514e8b36-8761-43bc-a150-8a7eaeb0c925,8.038115 46.78053,2023-05-09 11:00:00+02:00,4,EXPLOSIVE,FULL_DEPTH,1,WET,NW,0,46.81131575826008,8.031001773483727,0,BRZ,BRZ,,,,,,,,,948.7,,1015.2,,,4.2,258.0,2.5,9.0,15.1,4.1,14.8,,,0.0,,,,,,,,
9b1e09ce-808a-44b8-8176-c69307d3a01b,8.390545 46.780329,2023-04-16 08:30:00+02:00,4,EXPLOSIVE,LOOSE_SNOW,1,DRY,NW,122,46.770407988102754,8.360368400197345,0,TIT,TIT,-9.5,-9.6,-9.3,,,94.1,2.8,-10.3,692.7,,1013.7,3017.0,,7.6,16.0,3.6,13.0,27.4,7.1,25.6,,,,,249.0,,,,,,0.057
35790a01-26e9-458d-9830-8b595ce08bc3,8.391669 46.779911,2023-04-14 16:00:00.000 +0200,5,PERSON,SLAB,3,DRY,NW,122,46.779911,8.391669,1,TIT,TIT,-10.8,-11.0,-10.5,,,36.7,1.0,-22.9,685.0,,1003.2,2930.8,,7.9,282.0,3.9,14.0,28.4,7.7,27.7,,,,,530.0,,,,,,0.127
5192475d-5f0c-41d7-bde8-a82e5bea8b68,8.422294 46.780382,2023-04-19 08:00:00+02:00,4,EXPLOSIVE,SLAB,3,DRY,N,0,46.81292999874079,8.402564041652946,0,ENG,ENG,7.0,5.8,8.3,15.6,12.7,76.2,7.6,3.1,900.1,,1019.2,,1505.6,4.8,204.0,1.9,6.8,17.3,4.1,14.8,0.0,,0.0,0.0,545.0,295.0,,,,55.0,0.227
20077a30-ec16-11ed-aa20-6507e99101f4,8.022203 46.505884,2023-05-08 14:00:00+02:00,0,PERSON,SLAB,2,WET,E,178,46.53139661586335,8.034468486302055,0,JUN,JUN,-2.5,-2.9,-1.8,,,95.9,4.9,-3.1,660.9,,1027.0,3116.6,,3.8,307.0,2.1,7.6,13.7,3.8,13.7,,,,,790.0,294.0,,,,2.0,0.277
850fbf08-4de4-4e22-97a7-6ee73d0c55e0,8.423568 46.779438,2023-04-27 07:30:00+02:00,2,EXPLOSIVE,SLAB,2,DRY,N,35,46.73480210959444,8.422703507922911,0,TIT,TIT,-7.2,-7.3,-7.1,,,89.9,3.2,-8.6,696.2,,1018.4,3055.0,,8.5,238.0,4.7,16.9,30.6,8.4,30.2,,,,,272.0,,,,,,0.062
10ab716e-5fe3-4dac-9343-2f5c3d5e2a92,8.244594 46.61198,2023-05-10 12:00:00+02:00,7,NATURAL,SLAB,4,WET,NW,124,46.596742753313094,8.250312675021767,0,GRH,GRH,1.8,1.4,1.9,,,94.4,6.6,1.0,801.0,,1016.0,,1479.2,9.9,355.0,5.8,20.9,35.6,9.3,33.5,,,0.0,106.0,448.0,319.0,,,,0.0,0.142
26f6eb66-fc4c-4eb2-aecd-11eeddba5a5a,7.964013 46.534843,2023-05-20 10:30:00+02:00,3,PERSON,SLAB,1,DRY,SE,55,46.574404688020486,7.983208312699498,0,JUN,JUN,-4.0,-4.3,-3.5,,,98.0,4.5,-4.2,655.4,,1019.3,3053.1,,20.5,156.0,14.5,52.2,73.8,20.4,73.4,,,,,402.0,291.0,,,,0.0,0.072
35790a01-26e9-458d-9830-8b595ce08bc3,8.391669 46.779911,2023-04-15 16:00:00+02:00,5,PERSON,SLAB,3,DRY,NW,170,46.78581210539989,8.375005587703702,0,ENG,ENG,1.4,1.1,1.6,1.9,1.5,93.8,6.3,0.5,893.7,,1012.1,,1438.5,2.8,281.0,0.9,3.2,10.1,2.5,9.0,0.0,,1.2,0.0,64.0,322.0,,,,0.0,0.035
a7ed94b7-52d1-4b17-9928-83b4745ca8bf,8.307745 46.608205,2023-05-02 12:00:00+02:00,7,NATURAL,UNKNOWN,3,WET,,163,46.57493149580968,8.284960245099544,0,GRH,GRH,1.7,1.5,2.1,,,94.2,6.5,0.9,805.9,,1021.9,,1529.4,8.4,352.0,5.0,18.0,30.2,8.3,29.9,,,0.0,161.0,418.0,318.0,,,,0.0,0.138
a608e0ea-99f5-4d75-9162-5dd2600c0d00,8.423735 46.779426,2023-04-03 07:00:00+02:00,4,EXPLOSIVE,SLAB,2,DRY,N,132,46.76807839602124,8.384777555368112,0,TIT,TIT,-11.1,-11.4,-10.6,,,93.9,2.5,-11.9,692.7,,1013.6,3017.2,,10.4,32.0,6.3,22.7,37.4,9.9,35.6,,,,,76.0,,,,,,0.018
33f93161-2ec3-46b0-ab16-f598e280759a,8.383072 46.779972,2023-04-13 08:00:00+02:00,4,EXPLOSIVE,SLAB,2,DRY,NE,34,46.804884188597406,8.37547979719562,0,ENG,ENG,1.6,1.2,2.2,2.0,1.2,83.2,5.7,-1.0,890.0,,1008.0,,1406.2,2.7,74.0,0.9,3.2,9.7,2.5,9.0,0.0,,0.1,0.0,126.0,298.0,,,,0.0,0.059
e5f438a3-68c9-465f-a6d1-9ab6a2ebaf71,8.384832 46.783436,2023-04-03 08:00:00+02:00,3,EXPLOSIVE,SLAB,1,DRY,N,65,46.76512347858284,8.343621645593384,0,TIT,TIT,-11.3,-11.6,-11.0,,,94.8,2.5,-12.0,692.7,,1013.6,3017.1,,9.9,35.0,5.6,20.2,35.6,9.7,34.9,,,,,225.0,,,,,,0.04
3c08ef45-da0c-4efd-bbb0-523da6d751f9,8.422511 46.78003,2023-04-28 07:30:00+02:00,2,EXPLOSIVE,SLAB,2,DRY,N,9,46.74705567865566,8.385305771629909,0,TIT,TIT,-1.2,-1.4,-0.7,,,99.9,5.6,-1.2,698.5,,1021.5,3080.9,,23.3,274.0,11.7,42.1,83.9,22.6,81.4,,,,,112.0,,,,,,0.025
0d183e05-ccd5-4337-8515-db8621df2658,8.421449 46.780606,2023-04-13 07:30:00+02:00,2,EXPLOSIVE,SLAB,2,DRY,N,54,46.79383071896528,8.39820413471621,0,ENG,ENG,1.0,0.8,1.2,1.0,0.8,91.4,6.0,-0.3,890.0,,1008.0,,1405.3,3.7,153.0,1.1,4.0,13.3,3.4,12.2,0.0,,0.2,0.0,55.0,301.0,,,,0.0,0.03
97c5682e-950b-4c24-8c69-651f6ff3d0c8,8.035288 46.786336,2023-04-21 10:30:00+02:00,4,EXPLOSIVE,SLAB,2,DRY,S,0,46.81224207066338,8.03726605787297,0,BRZ,BRZ,,,,,,,,,944.6,,1010.9,,,4.7,261.0,2.6,9.4,16.9,4.5,16.2,,,0.0,,,,,,,,
9fe44fc7-c389-4ba2-9149-62bca569dc15,8.426432 46.777678,2023-05-20 07:00:00+02:00,4,EXPLOSIVE,SLAB,2,DRY,NE,0,46.81471753151028,8.40695950483676,0,ENG,ENG,7.7,7.6,7.8,8.8,8.6,85.7,9.0,5.4,897.2,,1016.0,,1480.4,2.6,240.0,1.0,3.6,9.4,2.4,8.6,0.0,,0.0,0.0,91.0,342.0,,,,0.0,0.057
b2ae7f83-144e-4307-bbca-2bcde419c704,8.384786 46.783437,2023-04-19 08:30:00+02:00,4,EXPLOSIVE,LOOSE_SNOW,1,DRY,N,0,46.811533480024586,8.424660952575035,0,ENG,ENG,7.0,5.8,8.3,15.6,12.7,76.2,7.6,3.1,900.1,,1019.2,,1505.6,4.8,204.0,1.9,6.8,17.3,4.1,14.8,0.0,,0.0,0.0,545.0,295.0,,,,55.0,0.227
40432ba0-e72a-11ed-8f49-75cb9dad9a7e,7.996764 46.557888,2023-04-29 12:00:00.000 +0200,7,NATURAL,SLAB,3,DRY,S,321,46.557888,7.996764,1,JUN,JUN,-5.4,-5.5,-5.3,,,87.5,3.6,-7.1,657.1,,1021.7,3076.0,,7.0,314.0,4.4,15.8,25.2,6.5,23.4,,,,,974.0,244.0,,,,36.0,0.263
b210fde3-14f2-42fc-8dc3-c8d01a9cf57a,8.425206 46.770128,2023-05-16 09:00:00+02:00,3,EXPLOSIVE,SLAB,2,DRY,S,99,46.77770883037448,8.423540340434295,0,TIT,TIT,-5.9,-6.0,-5.7,,,98.7,3.9,-6.0,691.9,,1012.6,3006.5,,16.7,14.0,9.2,33.1,60.1,15.8,56.9,,,,,330.0,,,,,,0.064
50374fe0-d439-11ed-a920-a702e6e7f311,8.245848 46.760908,2023-04-06 16:00:00+02:00,2,NATURAL,FULL_DEPTH,1,WET,SW,19,46.76899260779149,8.225361310627056,0,MER,MER,11.0,10.9,11.1,11.5,11.1,34.5,4.6,-4.0,948.7,1017.6,1017.8,,,7.5,290.0,3.9,14.0,27.0,7.3,26.3,0.0,,0.0,,207.0,,,,202.0,0.0,0.186
d68cc42c-2801-4238-bb58-3d963f2ab1ea,8.380899 46.782267,2023-04-02 07:00:00+02:00,4,EXPLOSIVE,SLAB,3,DRY,N,90,46.782995557582105,8.384714298154812,0,TIT,TIT,-11.8,-11.9,-11.7,,,95.3,2.4,-12.4,688.8,,1008.4,2974.4,,8.9,313.0,5.2,18.7,32.0,8.8,31.7,,,,,127.0,,,,,,0.022
8339db4e-32c5-49bd-ae04-41feeaf45eaa,8.420784 46.781168,2023-04-14 07:00:00+02:00,3,EXPLOSIVE,SLAB,2,DRY,N,17,46.811739737109384,8.39988818992829,0,ENG,ENG,0.4,0.0,0.9,0.0,-0.3,90.5,5.7,-1.0,891.8,,1010.0,,1420.7,4.5,261.0,1.2,4.3,16.2,4.4,15.8,0.0,,0.1,8.0,75.0,298.0,,,,0.0,0.035
9793e5e8-7a24-425c-8b33-04a387b5aa44,8.40304 46.792701,2023-04-01 06:30:00+02:00,2,EXPLOSIVE,SLAB,1,DRY,NW,0,46.834028027449314,8.363040378051867,0,ENG,ENG,5.0,3.8,6.1,3.4,2.7,61.2,5.3,-2.0,890.1,,1008.1,,1411.6,8.7,41.0,2.3,8.3,31.3,8.3,29.9,0.0,,0.0,0.0,7.0,315.0,,,,0.0,0.045
72a5d090-d8f5-11ed-9de9-4bc775516e2e,8.249382 46.761703,2023-04-11 16:00:00+02:00,3,NATURAL,FULL_DEPTH,2,WET,SW,77,46.765865235710415,8.2806333769907,0,MER,MER,9.1,8.9,9.3,9.2,8.9,82.9,9.6,6.4,949.1,1018.5,1018.2,,,2.7,162.0,1.0,3.6,9.7,2.6,9.4,0.0,,0.0,,110.0,,,,102.0,0.0,0.066
87548817-41cb-4875-9f16-2dd62dfe20ab,8.382498 46.780197,2023-04-04 07:00:00+02:00,4,EXPLOSIVE,SLAB,2,DRY,NE,147,46.78852049348607,8.366751104152334,0,ENG,ENG,-3.7,-3.9,-3.3,-3.3,-3.4,89.3,4.2,-5.2,898.6,,1017.6,,1474.4,5.4,231.0,3.3,11.9,19.4,5.2,18.7,0.0,,0.0,0.0,44.0,289.0,,,,0.0,0.023
514e8b36-8761-43bc-a150-8a7eaeb0c925,8.038115 46.78053,2023-05-08 11:00:00.000 +0200,4,EXPLOSIVE,FULL_DEPTH,1,WET,NW,47,46.78053,8.038115,1,BRZ,BRZ,,,,,,,,,955.0,,1021.9,,,3.0,246.0,1.7,6.1,10.8,2.9,10.4,,,0.0,,,,,,,,
72a5d090-d8f5-11ed-9de9-4bc775516e2e,8.249382 46.761703,2023-04-12 16:00:00+02:00,3,NATURAL,FULL_DEPTH,2,WET,SW,0,46.72124813167339,8.27573817891563,0,MER,MER,14.0,13.3,14.8,12.4,11.4,54.6,8.7,5.0,935.5,1002.7,1003.8,,,6.1,319.0,2.4,8.6,22.0,5.9,21.2,0.0,,0.0,,56.0,,,,54.0,0.0,0.095
8cc2e1b0-ecd3-11ed-8adc-7d70564ee41a,8.023437 46.573593,2023-05-08 12:00:00+02:00,10,NATURAL,SLAB,4,WET,,198,46.57563445166422,8.014772422037455,0,JUN,JUN,-3.6,-3.9,-3.0,,,97.2,4.5,-4.0,660.7,,1026.8,3116.1,,4.1,315.0,2.3,8.3,14.8,4.0,14.4,,,,,1051.0,241.0,,,,55.0,0.353
2f93ceb4-a841-42da-a6c1-1933628dbb83,8.385941 46.778747,2023-04-01 07:00:00.000 +0200,4,EXPLOSIVE,SLAB,2,DRY,NE,81,46.778747,8.385941,1,TIT,TIT,-10.8,-10.8,-10.6,,,97.0,2.6,-11.1,686.0,,1004.5,2941.7,,25.3,286.0,14.5,52.2,91.1,24.5,88.2,,,,,91.0,,,,,,0.013
c98d2b1a-9c67-4f2a-8b1b-1b27502b6c5d,8.423896 46.779967,2023-04-15 07:00:00+02:00,3,EXPLOSIVE,SLAB,1,DRY,NW,128,46.782376248340526,8.393609888638357,0,TIT,TIT,-9.0,-9.1,-8.8,,,97.9,3.0,-9.3,685.0,,1003.1,2929.2,,13.6,300.0,9.7,34.9,49.0,13.3,47.9,,,,,147.0,,,,,,0.023
3a0dd0e2-9199-4139-bb1e-3327bd98128b,8.425944 46.778157,2023-04-12 07:00:00.000 +0200,3,EXPLOSIVE,SLAB,2,DRY,NE,173,46.778157,8.425944,1,TIT,TIT,-4.6,-4.7,-4.5,,,99.0,4.3,-4.8,690.1,,1010.2,2985.8,,25.3,268.0,12.0,43.2,91.1,24.2,87.1,,,,,99.0,,,,,,0.019
26ffd848-b17b-4d9b-a93a-0d9106053d47,8.073009 46.53608,2023-05-24 12:00:00+02:00,7,PERSON,SLAB,3,DRY,,161,46.504199689359595,8.1063590702823,0,JUN,JUN,-1.9,-2.6,-1.3,,,95.1,5.0,-2.6,658.6,,1023.8,3087.4,,7.1,315.0,2.7,9.7,25.6,7.0,25.2,,,,,639.0,301.0,,,,0.0,0.228
b6bd2020-dd0b-11ed-8f1e-7bb69ddca4ec,8.237321 46.747742,2023-04-16 12:00:00+02:00,7,NATURAL,SLAB,2,DRY,N,0,46.746394831252786,8.196532925933404,0,MER,MER,6.1,5.9,6.2,7.2,6.9,83.5,7.9,3.5,951.5,1021.9,1020.8,,,1.0,90.0,0.3,1.1,3.6,0.9,3.2,0.0,,0.2,,119.0,,,,108.0,0.0,0.07
20077a30-ec16-11ed-aa20-6507e99101f4,8.022203 46.505884,2023-05-06 14:00:00+02:00,0,PERSON,SLAB,2,WET,E,204,46.53314540865854,7.998457960582122,0,JUN,JUN,-2.4,-2.6,-2.2,,,73.0,3.8,-6.5,660.2,,1026.1,3108.0,,9.0,320.0,3.7,13.3,32.4,8.7,31.3,,,,,827.0,224.0,,,,57.0,0.275
a94851d0-e58a-11ed-94a2-bf37c1703856,7.5461 46.68465,2023-04-29 12:00:00+02:00,7,NATURAL,SLAB,2,UNKNOWN,SW,0,46.727430288145115,7.572951546402051,0,THU,THU,17.1,16.7,17.4,,,68.6,13.4,11.3,949.7,1015.0,1016.6,,,3.3,107.0,1.7,6.1,11.9,3.2,11.5,,,0.0,,672.0,,,,,41.0,0.401
63723fcc-14a3-472f-a9d8-8ce81f021fe4,8.42184 46.780304,2023-05-02 07:30:00+02:00,2,EXPLOSIVE,LOOSE_SNOW,1,WET,N,90,46.77880381341023,8.407789704531472,0,TIT,TIT,-6.7,-6.9,-6.5,,,97.5,3.6,-7.1,697.0,,1019.6,3064.7,,10.9,23.0,7.1,25.6,39.2,10.7,38.5,,,,,152.0,,,,,,0.033
529f5410-e6a1-11ed-9300-179866ebe517,7.727729 46.504859,2023-04-29 17:00:00+02:00,3,UNKNOWN,UNKNOWN,1,WET,,95,46.51837265103983,7.715026146948764,0,FRU,FRU,16.7,15.9,17.2,,,64.0,12.2,9.9,,,,,,9.8,70.0,3.4,12.2,35.3,9.2,33.1,,,0.0,,152.0,339.0,,,137.0,2.0,
26ffd848-b17b-4d9b-a93a-0d9106053d47,8.073009 46.53608,2023-05-23 12:00:00+02:00,7,PERSON,SLAB,3,DRY,,73,46.57737550722634,8.097357134151945,0,JUN,JUN,-0.5,-1.4,0.2,,,83.2,4.9,-3.0,660.4,,1026.4,3107.4,,4.3,135.0,2.4,8.6,15.5,4.1,14.8,,,,,1139.0,229.0,,,,60.0,0.44
34e33f73-9c60-4cff-be3e-9f199f5b9d9e,8.385879 46.778707,2023-04-17 05:00:00+02:00,3,EXPLOSIVE,UNKNOWN,2,DRY,NE,68,46.79692805623677,8.397238193811067,0,ENG,ENG,0.8,0.7,1.1,0.6,0.3,96.6,6.3,0.4,900.2,,1019.3,,1495.9,2.7,90.0,0.9,3.2,9.7,2.4,8.6,0.0,,0.2,0.0,0.0,314.0,,,,0.0,-0.005
110f1420-d9f1-11ed-8014-25b7abf6ec82,8.252181 46.759933,2023-04-15 02:00:00+02:00,4,NATURAL,FULL_DEPTH,2,WET,S,177,46.74841303187427,8.272173829771695,0,MER,MER,5.8,5.6,6.0,3.9,3.8,73.1,6.7,1.3,939.3,1008.9,1007.8,,,4.5,103.0,1.4,5.0,16.2,4.4,15.8,0.0,,0.0,,2.0,,,,1.0,0.0,0.005
49e457f5-5bb7-4272-bb56-c1782a243205,8.423263 46.779484,2023-04-16 08:00:00+02:00,4,EXPLOSIVE,SLAB,3,DRY,N,110,46.746584683145514,8.416604952991115,0,TIT,TIT,-9.5,-9.6,-9.3,,,94.1,2.8,-10.3,692.7,,1013.7,3017.0,,7.6,16.0,3.6,13.0,27.4,7.1,25.6,,,,,249.0,,,,,,0.057
dda75b80-ddc2-11ed-b3b1-431b3c02902e,8.263291 46.74286,2023-04-20 14:30:00+02:00,1,SNOW_GROOMER,SLAB,3,DRY,SE,90,46.75651193295878,8.251338274290653,0,MER,MER,5.7,5.5,5.9,5.9,5.6,89.6,8.2,4.2,942.2,1012.0,1010.9,,,3.5,292.0,1.7,6.1,12.6,3.4,12.2,0.0,,1.7,,61.0,,,,55.0,0.0,0.044
4b5d9a70-d15e-11ed-94cc-21edfa2a74e3,8.233716 46.754659,2023-04-02 15:30:00+02:00,1,NATURAL,FULL_DEPTH,2,WET,S,13,46.74485940426472,8.22176483224482,0,MER,MER,10.5,9.8,11.5,11.3,8.4,56.8,7.2,2.3,946.7,1015.6,1015.6,,,11.0,301.0,4.6,16.6,39.6,10.6,38.2,0.0,,0.1,,219.0,,,,178.0,6.0,0.164
099a6e90-d12e-11ed-ba10-b99b29af1712,8.260874 46.762857,2023-04-02 07:18:00+02:00,0,EXPLOSIVE,SLAB,3,DRY,NE,46,46.7870851277625,8.29561273877067,0,ENG,ENG,1.5,0.9,2.3,0.8,-0.5,92.6,6.3,0.5,894.4,,1012.9,,1445.3,3.5,90.0,0.9,3.2,12.6,3.3,11.9,0.0,,0.0,0.0,95.0,251.0,,,,6.0,0.037
c1bf9390-dd0b-11ed-8f1e-7bb69ddca4ec,8.237684 46.748368,2023-04-19 12:00:00+02:00,7,NATURAL,SLAB,2,DRY,NW,9,46.782365794947154,8.216430666019257,0,MER,MER,13.9,13.3,14.3,21.2,21.0,60.5,9.6,6.4,948.0,1016.1,1017.0,,,8.5,280.0,4.3,15.5,30.6,8.2,29.5,0.0,,0.0,,892.0,,,,138.0,60.0,0.463
4b5d9a70-d15e-11ed-94cc-21edfa2a74e3,8.233716 46.754659,2023-04-02 15:30:00.000 +0200,1,NATURAL,FULL_DEPTH,2,WET,S,18,46.754659,8.233716,1,MER,MER,10.5,9.8,11.5,11.3,8.4,56.8,7.2,2.3,946.7,1015.6,1015.6,,,11.0,301.0,4.6,16.6,39.6,10.6,38.2,0.0,,0.1,,219.0,,,,178.0,6.0,0.164
c2674210-608f-480e-8889-772ed922cf40,8.384094 46.779592,2023-04-03 07:00:00+02:00,4,EXPLOSIVE,SLAB,2,DRY,NE,83,46.78640479130552,8.414010247156833,0,TIT,TIT,-11.1,-11.4,-10.6,,,93.9,2.5,-11.9,692.7,,1013.6,3017.2,,10.4,32.0,6.3,22.7,37.4,9.9,35.6,,,,,76.0,,,,,,0.018
c1bf9390-dd0b-11ed-8f1e-7bb69ddca4ec,8.237684 46.748368,2023-04-18 12:00:00+02:00,7,NATURAL,SLAB,2,DRY,NW,27,46.74055366643076,8.262788782014297,0,MER,MER,14.6,13.7,15.7,22.4,22.0,50.9,8.5,4.5,947.4,1015.3,1016.4,,,7.5,294.0,2.8,10.1,27.0,7.3,26.3,0.0,,0.0,,876.0,,,,114.0,60.0,0.485
33f93161-2ec3-46b0-ab16-f598e280759a,8.383072 46.779972,2023-04-15 08:00:00+02:00,4,EXPLOSIVE,SLAB,2,DRY,NE,0,46.808959094346456,8.372681075353109,0,ENG,ENG,1.5,0.8,2.3,2.6,1.4,93.9,6.4,0.7,889.0,,1006.9,,1396.9,2.5,108.0,1.0,3.6,9.0,2.3,8.3,0.0,,0.4,0.0,141.0,320.0,,,,0.0,0.06
0d6a183c-f453-4a31-98c7-90213921e278,8.417328 46.785788,2023-04-03 06:30:00+02:00,2,EXPLOSIVE,SLAB,1,DRY,NW,161,46.765859305232915,8.375728769472971,0,TIT,TIT,-10.6,-10.9,-10.3,,,95.7,2.6,-11.1,692.8,,1013.7,3017.8,,10.9,24.0,6.1,22.0,39.2,10.6,38.2,,,,,11.0,,,,,,0.008
11f734d7-e1b6-4c3b-8fe6-abdd0b39cea0,8.385873 46.778735,2023-04-12 08:00:00+02:00,4,EXPLOSIVE,SLAB,2,DRY,NE,0,46.807155459798814,8.425216674545439,0,ENG,ENG,7.5,6.9,8.3,9.1,7.8,87.0,9.0,5.5,889.4,,1007.4,,1408.9,6.4,256.0,2.1,7.6,23.0,6.3,22.7,0.0,,0.0,0.0,288.0,321.0,,,,15.0,0.127
33f93161-2ec3-46b0-ab16-f598e280759a,8.383072 46.779972,2023-04-12 08:00:00+02:00,4,EXPLOSIVE,SLAB,2,DRY,NE,13,46.80555948071167,8.37335113963322,0,ENG,ENG,7.5,6.9,8.3,9.1,7.8,87.0,9.0,5.5,889.4,,1007.4,,1408.9,6.4,256.0,2.1,7.6,23.0,6.3,22.7,0.0,,0.0,0.0,288.0,321.0,,,,15.0,0.127
850fbf08-4de4-4e22-97a7-6ee73d0c55e0,8.423568 46.779438,2023-04-26 07:30:00.000 +0200,2,EXPLOSIVE,SLAB,2,DRY,N,178,46.779438,8.423568,1,TIT,TIT,-9.2,-9.2,-9.1,,,23.4,0.7,-26.4,692.4,,1013.2,3013.0,,14.7,275.0,9.8,35.3,52.9,14.4,51.8,,,,,381.0,,,,,,0.118
a9add040-dd0c-11ed-8f1e-7bb69ddca4ec,8.245886 46.75731,2023-04-19 12:15:00+02:00,0,NATURAL,FULL_DEPTH,2,WET,S,118,46.77994786377504,8.280996135478164,0,GIH,GIH,12.6,12.2,13.0,,,75.3,11.0,8.3,962.8,1018.2,1018.5,,,2.5,39.0,1.3,4.7,9.0,2.5,9.0,0.0,,0.0,,445.0,,,,438.0,0.0,0.245
4067dd0b-f3b4-40af-8872-12824f7b55a6,8.423024 46.779666,2023-04-04 07:00:00+02:00,4,EXPLOSIVE,SLAB,3,DRY,NE,105,46.78686796573973,8.379229679310777,0,ENG,ENG,-3.7,-3.9,-3.3,-3.3,-3.4,89.3,4.2,-5.2,898.6,,1017.6,,1474.4,5.4,231.0,3.3,11.9,19.4,5.2,18.7,0.0,,0.0,0.0,44.0,289.0,,,,0.0,0.023
bdf4c097-2315-413e-a320-168acfd62b21,8.380633 46.782526,2023-04-13 08:00:00+02:00,4,EXPLOSIVE,SLAB,3,DRY,N,48,46.80560723516937,8.36159394156193,0,ENG,ENG,1.6,1.2,2.2,2.0,1.2,83.2,5.7,-1.0,890.0,,1008.0,,1406.2,2.7,74.0,0.9,3.2,9.7,2.5,9.0,0.0,,0.1,0.0,126.0,298.0,,,,0.0,0.059
fe8541fa-4448-482f-8c28-995faac1b624,8.419783 46.781356,2023-04-14 07:30:00+02:00,2,EXPLOSIVE,SLAB,1,DRY,N,77,46.75598337277296,8.400524127599981,0,TIT,TIT,-13.4,-13.7,-13.1,,,99.4,2.2,-13.5,684.7,,1002.8,2929.1,,9.3,318.0,3.0,10.8,33.5,8.9,32.0,,,,,121.0,,,,,,0.023
2ed09558-7716-4dda-935c-3c151ebe5b3b,8.238855 46.748629,2023-04-19 08:30:00+02:00,4,EXPLOSIVE,SLAB,1,DRY,NW,13,46.76208024357944,8.195637409611317,0,MER,MER,9.4,8.6,10.3,16.9,14.9,72.3,8.5,4.6,950.1,1019.5,1019.3,,,2.6,330.0,1.0,3.6,9.4,2.5,9.0,0.0,,0.0,,484.0,,,,83.0,60.0,0.219
c2674210-608f-480e-8889-772ed922cf40,8.384094 46.779592,2023-04-03 07:00:00+02:00,4,EXPLOSIVE,SLAB,2,DRY,NE,63,46.76743207474759,8.410672862528187,0,TIT,TIT,-11.1,-11.4,-10.6,,,93.9,2.5,-11.9,692.7,,1013.6,3017.2,,10.4,32.0,6.3,22.7,37.4,9.9,35.6,,,,,76.0,,,,,,0.018
23b16de7-0279-40fb-918f-75ed3769abf5,8.426264 46.778244,2023-05-20 07:00:00+02:00,4,EXPLOSIVE,SLAB,2,DRY,NE,0,46.82251926187852,8.41940517684571,0,ENG,ENG,7.7,7.6,7.8,8.8,8.6,85.7,9.0,5.4,897.2,,1016.0,,1480.4,2.6,240.0,1.0,3.6,9.4,2.4,8.6,0.0,,0.0,0.0,91.0,342.0,,,,0.0,0.057
35750744-ea24-4b2e-81ea-9ce6b475ccb9,8.42211 46.780566,2023-04-15 06:30:00+02:00,5,EXPLOSIVE,SLAB,2,DRY,N,86,46.79970432350942,8.379389309513861,0,ENG,ENG,0.8,0.5,1.2,0.6,0.2,94.3,6.1,0.0,889.1,,1007.0,,1397.0,2.4,99.0,1.3,4.7,8.6,2.3,8.3,0.0,,0.9,0.0,19.0,316.0,,,,0.0,0.017
11f734d7-e1b6-4c3b-8fe6-abdd0b39cea0,8.385873 46.778735,2023-04-15 08:00:00+02:00,4,EXPLOSIVE,SLAB,2,DRY,NE,80,46.7355265975993,8.424390397218243,0,TIT,TIT,-8.8,-8.9,-8.7,,,97.5,3.1,-9.1,685.0,,1003.2,2929.3,,13.4,306.0,10.3,37.1,48.2,12.9,46.4,,,,,285.0,,,,,,0.043
ad1f7e7f-180e-4f38-9562-d610574cd4c5,8.239483 46.749076,2023-04-01 06:30:00+02:00,2,EXPLOSIVE,SLAB,1,DRY,N,67,46.79122545323431,8.250829547424132,0,GIH,GIH,8.6,8.0,9.6,,,64.9,7.3,2.3,953.5,1009.1,1008.7,,,9.8,247.0,3.0,10.8,35.3,9.2,33.1,0.0,,0.0,,10.0,,,,10.0,0.0,0.054
f4bbdd10-e717-11ed-acf0-f7b342f82229,7.841373 46.562945,2023-05-01 12:00:00+02:00,7,NATURAL,UNKNOWN,3,UNKNOWN,NW,103,46.52450125793093,7.804379942087905,0,INT,INT,10.5,10.4,10.6,12.5,12.3,87.4,11.1,8.5,949.8,1017.7,1017.8,,,1.2,270.0,0.5,1.8,4.3,1.2,4.3,0.0,,1.3,,127.0,,,,126.0,0.0,0.082
3127a717-5395-4ff5-9722-0942f1737558,8.42626 46.777558,2023-04-14 06:30:00+02:00,5,EXPLOSIVE,SLAB,2,DRY,NE,48,46.807513930017166,8.386521315827487,0,ENG,ENG,0.1,-0.2,0.4,-0.7,-0.9,90.3,5.6,-1.3,891.6,,1009.8,,1418.1,4.4,259.0,1.6,5.8,15.8,4.1,14.8,0.0,,0.0,8.0,22.0,290.0,,,,0.0,0.019
68246170-d6db-11ed-8552-37fbec7ec321,8.370977 46.777677,2023-04-12 15:00:00+02:00,3,NATURAL,FULL_DEPTH,2,WET,S,125,46.76991105183906,8.372010853509991,0,TIT,TIT,-4.9,-5.0,-4.7,,,94.9,4.0,-5.6,687.5,,1006.6,2955.7,,9.8,211.0,7.1,25.6,35.3,9.6,34.6,,,,,361.0,,,,,,0.082
a9add040-dd0c-11ed-8f1e-7bb69ddca4ec,8.245886 46.75731,2023-04-17 12:15:00+02:00,0,NATURAL,FULL_DEPTH,2,WET,S,89,46.78188258497853,8.242102280738681,0,GIH,GIH,10.8,10.1,11.4,,,84.1,10.9,8.2,964.1,1019.9,1019.8,,,2.5,81.0,0.7,2.5,9.0,2.3,8.3,0.0,,0.0,,478.0,,,,383.0,8.0,0.249
f9b59268-33ad-4905-91cd-ccc9a1ae40a4,8.385942 46.778812,2023-04-14 08:30:00+02:00,2,EXPLOSIVE,LOOSE_SNOW,2,DRY,NE,112,46.784237516208975,8.355213854611884,0,ENG,ENG,1.2,0.8,1.7,1.5,0.4,85.8,5.7,-1.0,891.7,,1009.9,,1421.1,5.4,267.0,2.3,8.3,19.4,5.3,19.1,0.0,,0.0,7.0,184.0,295.0,,,,0.0,0.073
b2b22272-2994-46f8-ba69-aa77d0ffdafa,8.420101 46.781175,2023-04-25 00:00:00+02:00,6,NATURAL,SLAB,2,DRY,N,0,46.80850504616137,8.409105273593505,0,ENG,ENG,4.9,4.7,5.1,3.9,3.8,82.3,7.1,2.2,894.1,,1012.6,,1447.8,4.3,81.0,1.6,5.8,15.5,4.2,15.1,0.0,,0.0,0.0,0.0,316.0,,,,0.0,0.002
e5f438a3-68c9-465f-a6d1-9ab6a2ebaf71,8.384832 46.783436,2023-04-01 08:00:00+02:00,3,EXPLOSIVE,SLAB,1,DRY,N,79,46.7707924518455,8.376523992646783,0,TIT,TIT,-10.5,-10.6,-10.3,,,95.9,2.7,-11.1,686.2,,1004.9,2944.5,,24.1,280.0,14.1,50.8,86.8,23.6,85.0,,,,,202.0,,,,,,0.026
72a5d090-d8f5-11ed-9de9-4bc775516e2e,8.249382 46.761703,2023-04-11 16:00:00.000 +0200,3,NATURAL,FULL_DEPTH,2,WET,SW,60,46.761703,8.249382,1,MER,MER,9.1,8.9,9.3,9.2,8.9,82.9,9.6,6.4,949.1,1018.5,1018.2,,,2.7,162.0,1.0,3.6,9.7,2.6,9.4,0.0,,0.0,,110.0,,,,102.0,0.0,0.066
233c98fe-a27b-4c5e-992f-1bc9cdd0362a,8.422835 46.779803,2023-04-25 07:00:00+02:00,3,EXPLOSIVE,SLAB,2,DRY,N,4,46.80889581162821,8.385493156964705,0,ENG,ENG,3.4,3.1,3.7,3.4,3.0,87.7,6.9,1.6,892.6,,1010.9,,1432.5,4.5,288.0,1.5,5.4,16.2,4.3,15.5,0.0,,0.2,0.0,56.0,311.0,,,,0.0,0.037
d1dc6b80-4759-4599-8761-9b826a9ee094,8.401311 46.769587,2023-04-16 00:00:00+02:00,6,NATURAL,SLAB,3,DRY,NW,85,46.73006892117079,8.38280133057312,0,TIT,TIT,-11.0,-11.2,-10.8,,,100.0,2.6,-11.0,691.6,,1012.1,3004.5,,15.5,331.0,5.9,21.2,55.8,15.2,54.7,,,,,0.0,,,,,,-0.001
ad1f7e7f-180e-4f38-9562-d610574cd4c5,8.239483 46.749076,2023-04-03 06:30:00+02:00,2,EXPLOSIVE,SLAB,1,DRY,N,0,46.70733280307912,8.216952465004617,0,MER,MER,5.1,4.7,5.6,4.0,3.9,80.7,7.1,2.0,950.5,1021.1,1019.7,,,8.5,267.0,4.5,16.2,30.6,8.2,29.5,0.0,,0.0,,18.0,,,,16.0,0.0,0.036
8339db4e-32c5-49bd-ae04-41feeaf45eaa,8.420784 46.781168,2023-04-13 07:00:00+02:00,3,EXPLOSIVE,SLAB,2,DRY,N,23,46.806188758138575,8.419820896670133,0,ENG,ENG,1.0,0.8,1.2,1.0,0.8,91.4,6.0,-0.3,890.0,,1008.0,,1405.3,3.7,153.0,1.1,4.0,13.3,3.4,12.2,0.0,,0.2,0.0,55.0,301.0,,,,0.0,0.03
59a9c34c-87a8-4479-9db9-c3a9d7e37faf,8.42632 46.777873,2023-04-25 07:00:00+02:00,3,EXPLOSIVE,SLAB,2,DRY,NE,69,46.75523010058318,8.423081321289034,0,TIT,TIT,-10.2,-10.4,-10.0,,,98.9,2.8,-10.3,687.7,,1006.9,2961.3,,16.3,291.0,10.1,36.4,58.7,15.8,56.9,,,,,90.0,,,,,,0.015
931d9d63-4823-45cb-940f-26620aa25be9,8.425244 46.779006,2023-04-14 07:30:00+02:00,2,EXPLOSIVE,SLAB,2,DRY,N,1,46.82273258102356,8.423697328549741,0,ENG,ENG,0.4,0.0,0.9,0.0,-0.3,90.5,5.7,-1.0,891.8,,1010.0,,1420.7,4.5,261.0,1.2,4.3,16.2,4.4,15.8,0.0,,0.1,8.0,75.0,298.0,,,,0.0,0.035
97f65a13-9c8a-44c6-b5dc-c7c4d60fed1e,7.972757 46.575628,2023-04-18 07:30:00+02:00,2,EXPLOSIVE,SLAB,1,DRY,N,14,46.59972128557261,7.987303369913375,0,JUN,JUN,-10.8,-11.3,-10.6,,,83.1,2.2,-13.2,652.4,,1015.0,3030.9,,3.5,139.0,2.0,7.2,12.6,3.5,12.6,,,,,286.0,173.0,,,,59.0,0.065
839994f8-5b6d-44ab-8e1c-fd57876e2bd9,8.4215 46.780442,2023-04-02 07:00:00+02:00,4,EXPLOSIVE,SLAB,2,DRY,E,78,46.78925590750848,8.384284142778313,0,ENG,ENG,1.5,0.9,2.3,0.8,-0.5,92.6,6.3,0.5,894.4,,1012.9,,1445.3,3.5,90.0,0.9,3.2,12.6,3.3,11.9,0.0,,0.0,0.0,95.0,251.0,,,,6.0,0.037
27d50482-68af-45c1-b95c-82786dd48176,7.97274 46.575625,2023-04-03 08:00:00+02:00,3,EXPLOSIVE,LOOSE_SNOW,1,DRY,N,85,46.55771890319819,7.933562768016912,0,JUN,JUN,-13.4,-13.9,-13.0,,,44.8,1.0,-23.0,650.9,,1012.8,3018.0,,13.2,349.0,5.9,21.2,47.5,12.6,45.4,,,,,476.0,137.0,,,,60.0,0.095
acaee50d-c93e-4865-b666-dcf8ca1d9f21,8.226812 46.595085,2023-04-23 12:00:00+02:00,7,PERSON,SLAB,1,DRY,NW,105,46.59283873696402,8.200191842249659,0,GRH,GRH,4.9,4.6,5.3,,,73.2,6.3,0.5,798.7,,1013.1,,1449.6,7.7,153.0,5.2,18.7,27.7,7.4,26.6,,,0.0,165.0,544.0,314.0,,,,0.0,0.226
87548817-41cb-4875-9f16-2dd62dfe20ab,8.382498 46.780197,2023-04-01 07:00:00+02:00,4,EXPLOSIVE,SLAB,2,DRY,NE,21,46.812020418142005,8.355297802022418,0,ENG,ENG,5.6,4.9,6.3,4.0,3.5,57.4,5.2,-2.2,890.2,,1008.3,,1413.8,6.9,360.0,1.9,6.8,24.8,6.7,24.1,0.0,,0.1,0.0,58.0,318.0,,,,0.0,0.059
6e6f00b6-dfe0-4527-9b3f-7c45ffdf4fee,8.379219 46.783826,2023-04-01 07:00:00.000 +0200,4,EXPLOSIVE,SLAB,2,DRY,N,114,46.783826,8.379219,1,TIT,TIT,-10.8,-10.8,-10.6,,,97.0,2.6,-11.1,686.0,,1004.5,2941.7,,25.3,286.0,14.5,52.2,91.1,24.5,88.2,,,,,91.0,,,,,,0.013
40432ba0-e72a-11ed-8f49-75cb9dad9a7e,7.996764 46.557888,2023-05-01 12:00:00+02:00,7,NATURAL,SLAB,3,DRY,S,165,46.56268826050869,7.985805627424845,0,JUN,JUN,-6.3,-6.6,-6.0,,,94.6,3.6,-7.0,653.7,,1016.8,3036.8,,2.9,175.0,1.2,4.3,10.4,2.8,10.1,,,,,737.0,282.0,,,,0.0,0.244
b4aeb776-bc6c-459f-adeb-919a10f47c8a,8.420466 46.780907,2023-04-01 07:00:00+02:00,4,EXPLOSIVE,SLAB,2,DRY,NW,71,46.79891105874355,8.384706954456195,0,ENG,ENG,5.6,4.9,6.3,4.0,3.5,57.4,5.2,-2.2,890.2,,1008.3,,1413.8,6.9,360.0,1.9,6.8,24.8,6.7,24.1,0.0,,0.1,0.0,58.0,318.0,,,,0.0,0.059
9312b9e3-9422-40e1-8539-92240b8f9de8,8.390152 46.787449,2023-04-15 07:30:00+02:00,2,EXPLOSIVE,LOOSE_SNOW,1,DRY,N,0,46.82338027550156,8.378172192558914,0,ENG,ENG,0.5,0.3,0.7,0.3,0.2,96.3,6.1,-0.1,889.2,,1007.1,,1397.6,1.8,90.0,0.9,3.2,6.5,1.6,5.8,0.0,,1.3,0.0,49.0,316.0,,,,0.0,0.027
729aca22-4176-463d-b386-a7be12b79b0f,8.424589 46.778965,2023-04-28 07:00:00+02:00,3,EXPLOSIVE,SLAB,2,DRY,N,74,46.76444757035979,8.407238731365762,0,TIT,TIT,-1.2,-1.4,-0.7,,,99.9,5.6,-1.2,698.5,,1021.5,3080.9,,23.3,274.0,11.7,42.1,83.9,22.6,81.4,,,,,112.0,,,,,,0.025
50fbf8f0-dd0c-11ed-8f1e-7bb69ddca4ec,8.23687 46.747556,2023-04-18 12:00:00+02:00,5,NATURAL,SLAB,2,DRY,N,15,46.7438552492648,8.229099439635135,0,MER,MER,14.6,13.7,15.7,22.4,22.0,50.9,8.5,4.5,947.4,1015.3,1016.4,,,7.5,294.0,2.8,10.1,27.0,7.3,26.3,0.0,,0.0,,876.0,,,,114.0,60.0,0.485
a8219770-e77f-11ed-991c-c3bbd7ca6c9a,7.788493 46.554381,2023-04-29 15:11:00+02:00,0,NATURAL,SLAB,3,WET,NW,61,46.5930005981008,7.804502100459676,0,INT,INT,19.0,18.8,19.3,23.1,21.2,55.1,12.1,9.8,947.6,1013.3,1015.4,,,7.2,283.0,3.3,11.9,25.9,6.5,23.4,0.0,,0.0,,427.0,,,,267.0,30.0,0.301
68246170-d6db-11ed-8552-37fbec7ec321,8.370977 46.777677,2023-04-10 15:00:00+02:00,3,NATURAL,FULL_DEPTH,2,WET,S,37,46.79772141663773,8.371555264537642,0,ENG,ENG,12.4,12.1,12.8,16.1,15.8,40.5,5.8,-0.7,901.0,,1020.2,,1523.3,7.3,233.0,3.9,14.0,26.3,6.2,22.3,0.0,,0.0,0.0,403.0,301.0,,,,28.0,0.264
c8a8b700-feb1-11ed-b35a-bf420b8ac344,8.01247 46.561817,2023-05-28 12:00:00+02:00,6,PERSON,SLAB,2,DRY,SE,203,46.52090521378833,7.971435755829306,0,JUN,JUN,-2.1,-2.7,-1.5,,,94.0,4.9,-3.0,660.2,,1026.0,3107.2,,5.6,309.0,2.6,9.4,20.2,5.5,19.8,,,,,773.0,289.0,,,,7.0,0.273
1360c83b-baa5-40fd-8967-adc55e27b8f8,8.035169 46.786944,2023-05-08 11:00:00+02:00,4,EXPLOSIVE,FULL_DEPTH,2,WET,SW,0,46.774703444102734,8.076004670099326,0,BRZ,BRZ,,,,,,,,,955.0,,1021.9,,,3.0,246.0,1.7,6.1,10.8,2.9,10.4,,,0.0,,,,,,,,
d940ed50-ecda-11ed-aeab-3b3cc7819483,7.967581 46.511291,2023-05-06 12:00:00+02:00,7,NATURAL,SLAB,3,UNKNOWN,S,209,46.555343761971734,8.009388243095248,0,JUN,JUN,-2.9,-3.2,-2.5,,,70.1,3.5,-7.6,659.9,,1025.6,3105.1,,12.0,312.0,4.9,17.6,43.2,11.6,41.8,,,,,1034.0,211.0,,,,60.0,0.32
fdfaf590-ea4c-11ed-8348-fb5788bd30bc,8.001152 46.577404,2023-05-01 12:00:00+02:00,7,NATURAL,SLAB,2,DRY,NW,20,46.60172779278796,7.974626905965775,0,JUN,JUN,-6.3,-6.6,-6.0,,,94.6,3.6,-7.0,653.7,,1016.8,3036.8,,2.9,175.0,1.2,4.3,10.4,2.8,10.1,,,,,737.0,282.0,,,,0.0,0.244
a7ed94b7-52d1-4b17-9928-83b4745ca8bf,8.307745 46.608205,2023-05-04 12:00:00+02:00,7,NATURAL,UNKNOWN,3,WET,,43,46.64347255399646,8.283984056131453,0,GRH,GRH,10.1,9.2,11.0,,,35.6,4.4,-4.6,807.6,,1024.0,,1533.2,5.4,174.0,2.3,8.3,19.4,5.2,18.7,,,0.0,147.0,1007.0,257.0,,,,60.0,0.533
5dfb93d0-d046-11ed-b49c-43d9bede54f5,8.263448 46.782775,2023-04-02 05:45:00+02:00,0,EXPLOSIVE,SLAB,2,DRY,NW,0,46.81881291167509,8.293153074502744,0,GIH,GIH,1.6,1.2,2.2,,,99.3,6.8,1.5,958.4,1015.8,1013.9,,,2.0,256.0,0.6,2.2,7.2,2.0,7.2,0.0,,0.0,,12.0,,,,12.0,0.0,0.011
1851a448-559e-4572-8066-2824a030e41d,8.385872 46.778947,2023-04-14 07:30:00+02:00,2,EXPLOSIVE,LOOSE_SNOW,1,DRY,NE,11,46.74067535631019,8.356583264128783,0,TIT,TIT,-13.4,-13.7,-13.1,,,99.4,2.2,-13.5,684.7,,1002.8,2929.1,,9.3,318.0,3.0,10.8,33.5,8.9,32.0,,,,,121.0,,,,,,0.023
b2ae7f83-144e-4307-bbca-2bcde419c704,8.384786 46.783437,2023-04-17 08:30:00+02:00,4,EXPLOSIVE,LOOSE_SNOW,1,DRY,N,251,46.7647403879173,8.390350500460427,0,TIT,TIT,-9.6,-9.7,-9.4,,,91.6,2.7,-10.7,694.0,,1015.4,3030.7,,16.1,31.0,6.3,22.7,58.0,15.2,54.7,,,,,296.0,,,,,,0.057
1851a448-559e-4572-8066-2824a030e41d,8.385872 46.778947,2023-04-13 07:30:00.000 +0200,2,EXPLOSIVE,LOOSE_SNOW,1,DRY,NE,107,46.778947,8.385872,1,TIT,TIT,-13.5,-13.7,-13.0,,,100.0,2.2,-13.5,683.5,,1001.1,2915.8,,10.2,306.0,5.7,20.5,36.7,9.9,35.6,,,,,127.0,,,,,,0.019
c1bf9390-dd0b-11ed-8f1e-7bb69ddca4ec,8.237684 46.748368,2023-04-16 12:00:00+02:00,7,NATURAL,SLAB,2,DRY,NW,24,46.7449786370628,8.22824845207085,0,MER,MER,6.1,5.9,6.2,7.2,6.9,83.5,7.9,3.5,951.5,1021.9,1020.8,,,1.0,90.0,0.3,1.1,3.6,0.9,3.2,0.0,,0.2,,119.0,,,,108.0,0.0,0.07
0d6a183c-f453-4a31-98c7-90213921e278,8.417328 46.785788,2023-04-02 06:30:00+02:00,2,EXPLOSIVE,SLAB,1,DRY,NW,70,46.78494289985975,8.389447112205586,0,TIT,TIT,-11.9,-12.0,-11.8,,,97.8,2.4,-12.2,688.6,,1008.1,2971.7,,7.9,298.0,5.1,18.4,28.4,7.6,27.4,,,,,19.0,,,,,,0.006
564bddb0-e717-11ed-acf0-f7b342f82229,7.822357 46.529218,2023-04-30 12:00:00+02:00,7,NATURAL,SLAB,3,UNKNOWN,N,134,46.55823860424757,7.8059515011212275,0,INT,INT,14.9,14.7,15.1,19.6,18.8,68.7,11.6,9.2,948.1,1014.8,1016.0,,,8.5,300.0,4.5,16.2,30.6,7.9,28.4,0.0,,0.0,,475.0,,,,440.0,0.0,0.283
63723fcc-14a3-472f-a9d8-8ce81f021fe4,8.42184 46.780304,2023-04-30 07:30:00+02:00,2,EXPLOSIVE,LOOSE_SNOW,1,WET,N,48,46.786801912064206,8.401137319904192,0,TIT,TIT,-2.5,-2.8,-2.2,,,55.7,2.8,-10.2,696.8,,1019.2,3060.9,,4.1,178.0,2.8,10.1,14.8,3.8,13.7,,,,,281.0,,,,,,0.108
ce082ed0-ea41-11ed-9704-3747ffc8acfd,7.997493 46.55824,2023-05-03 12:00:00.000 +0200,7,PERSON,SLAB,3,DRY,S,346,46.55824,7.997493,1,JUN,JUN,-2.9,-3.9,-2.2,,,31.6,1.5,-17.7,660.3,,1026.2,3109.8,,10.1,23.0,3.9,14.0,36.4,9.6,34.6,,,,,1046.0,185.0,,,,60.0,0.365
8cc2e1b0-ecd3-11ed-8adc-7d70564ee41a,8.023437 46.573593,2023-05-06 12:00:00+02:00,10,NATURAL,SLAB,4,WET,,38,46.59684491579877,8.031538851365301,0,JUN,JUN,-2.9,-3.2,-2.5,,,70.1,3.5,-7.6,659.9,,1025.6,3105.1,,12.0,312.0,4.9,17.6,43.2,11.6,41.8,,,,,1034.0,211.0,,,,60.0,0.32
37f6f440-e68a-11ed-9633-279e930b62b5,7.970158 46.5442,2023-05-02 12:00:00+02:00,7,NATURAL,SLAB,2,DRY,SE,193,46.54638884386442,8.0107769365635,0,JUN,JUN,-8.5,-9.3,-7.8,,,67.9,2.2,-13.6,656.8,,1021.3,3078.7,,10.8,317.0,5.5,19.8,38.9,10.1,36.4,,,,,1061.0,187.0,,,,49.0,0.243
a8219770-e77f-11ed-991c-c3bbd7ca6c9a,7.788493 46.554381,2023-05-01 15:11:00+02:00,0,NATURAL,SLAB,3,WET,NW,54,46.51886920679291,7.792806351699229,0,FRU,FRU,10.0,10.0,10.1,,,84.9,10.5,7.6,,,,,,1.5,225.0,0.6,2.2,5.4,1.4,5.0,,,0.1,,88.0,352.0,,,87.0,0.0,
a94851d0-e58a-11ed-94a2-bf37c1703856,7.5461 46.68465,2023-04-26 12:00:00+02:00,7,NATURAL,SLAB,2,UNKNOWN,SW,0,46.67613292577272,7.559888694124226,0,THU,THU,12.5,12.0,13.0,,,55.4,8.0,3.8,949.5,1015.9,1016.4,,,5.9,348.0,2.1,7.6,21.2,5.7,20.5,,,0.0,,579.0,,,,,23.0,0.322
8cb21b8c-4e00-4409-bc59-db5c053ba65d,8.42279 46.779714,2023-04-14 06:30:00.000 +0200,5,EXPLOSIVE,SLAB,2,DRY,N,162,46.779714,8.42279,1,TIT,TIT,-13.5,-13.9,-13.1,,,100.0,2.2,-13.5,684.5,,1002.4,2926.6,,9.8,323.0,2.1,7.6,35.3,9.6,34.6,,,,,25.0,,,,,,0.008
34e33f73-9c60-4cff-be3e-9f199f5b9d9e,8.385879 46.778707,2023-04-17 05:00:00+02:00,3,EXPLOSIVE,UNKNOWN,2,DRY,NE,224,46.77618538045938,8.415083599590252,0,TIT,TIT,-9.3,-9.4,-9.1,,,94.4,2.9,-10.1,693.5,,1014.8,3026.0,,13.9,18.0,8.3,29.9,50.0,13.6,49.0,,,,,1.0,,,,,,0.001
c2674210-608f-480e-8889-772ed922cf40,8.384094 46.779592,2023-04-01 07:00:00.000 +0200,4,EXPLOSIVE,SLAB,2,DRY,NE,92,46.779592,8.384094,1,TIT,TIT,-10.8,-10.8,-10.6,,,97.0,2.6,-11.1,686.0,,1004.5,2941.7,,25.3,286.0,14.5,52.2,91.1,24.5,88.2,,,,,91.0,,,,,,0.013
10ab716e-5fe3-4dac-9343-2f5c3d5e2a92,8.244594 46.61198,2023-05-09 12:00:00+02:00,7,NATURAL,SLAB,4,WET,NW,56,46.578048312134094,8.231367791596059,0,GRH,GRH,9.3,8.9,9.5,,,57.2,6.7,1.2,803.2,,1018.7,,1489.1,8.2,167.0,4.9,17.6,29.5,7.8,28.1,,,0.0,111.0,625.0,320.0,,,,3.0,0.325
34e33f73-9c60-4cff-be3e-9f199f5b9d9e,8.385879 46.778707,2023-04-19 05:00:00+02:00,3,EXPLOSIVE,UNKNOWN,2,DRY,NE,203,46.75791421832841,8.372805186371547,0,TIT,TIT,-6.7,-6.9,-6.4,,,78.7,2.9,-9.8,696.1,,1018.2,3053.6,,7.5,288.0,4.4,15.8,27.0,6.8,24.5,,,,,2.0,,,,,,0.005
850fbf08-4de4-4e22-97a7-6ee73d0c55e0,8.423568 46.779438,2023-04-27 07:30:00+02:00,2,EXPLOSIVE,SLAB,2,DRY,N,15,46.80365602479518,8.414086572679818,0,ENG,ENG,6.5,5.3,7.8,8.7,5.0,83.9,8.1,3.9,899.6,,1018.7,,1500.4,2.1,106.0,0.9,3.2,7.6,2.0,7.2,0.0,,0.0,0.0,260.0,286.0,,,,24.0,0.109
146fb98c-e881-4676-9e59-446d1d57d1c2,8.034003 46.784284,2023-04-18 10:30:00+02:00,4,EXPLOSIVE,SLAB,2,DRY,S,0,46.741560409451914,8.062335478451594,0,BRZ,BRZ,,,,,,,,,950.6,,1017.2,,,6.1,107.0,2.6,9.4,22.0,6.0,21.6,,,0.0,,,,,,,,
8d0101b0-de65-11ed-ad4d-6fea2397c693,7.846102 46.562407,2023-04-19 12:00:00+02:00,7,NATURAL,FULL_DEPTH,2,WET,S,52,46.54467325814884,7.839831382084923,0,INT,INT,12.3,11.9,12.5,23.2,22.6,67.6,9.7,6.5,949.6,1017.0,1017.5,,,9.1,288.0,5.0,18.0,32.8,8.6,31.0,0.0,,0.0,,869.0,,,,120.0,60.0,0.411
6e6f00b6-dfe0-4527-9b3f-7c45ffdf4fee,8.379219 46.783826,2023-04-04 07:00:00+02:00,4,EXPLOSIVE,SLAB,2,DRY,N,135,46.794392101097586,8.338898960707144,0,ENG,ENG,-3.7,-3.9,-3.3,-3.3,-3.4,89.3,4.2,-5.2,898.6,,1017.6,,1474.4,5.4,231.0,3.3,11.9,19.4,5.2,18.7,0.0,,0.0,0.0,44.0,289.0,,,,0.0,0.023
a9add040-dd0c-11ed-8f1e-7bb69ddca4ec,8.245886 46.75731,2023-04-19 12:15:00+02:00,0,NATURAL,FULL_DEPTH,2,WET,S,67,46.787077094349,8.239085930120812,0,GIH,GIH,12.6,12.2,13.0,,,75.3,11.0,8.3,962.8,1018.2,1018.5,,,2.5,39.0,1.3,4.7,9.0,2.5,9.0,0.0,,0.0,,445.0,,,,438.0,0.0,0.245
0d183e05-ccd5-4337-8515-db8621df2658,8.421449 46.780606,2023-04-13 07:30:00+02:00,2,EXPLOSIVE,SLAB,2,DRY,N,82,46.74009984080741,8.425065570595118,0,TIT,TIT,-13.5,-13.7,-13.0,,,100.0,2.2,-13.5,683.5,,1001.1,2915.8,,10.2,306.0,5.7,20.5,36.7,9.9,35.6,,,,,127.0,,,,,,0.019
bafec949-69be-4d29-96df-732ded5d7686,8.389718 46.787228,2023-04-03 08:00:00+02:00,3,EXPLOSIVE,SLAB,1,DRY,N,0,46.813419667539335,8.402111908195772,0,ENG,ENG,-0.1,-0.2,0.1,0.6,0.5,97.3,5.9,-0.4,900.7,,1019.9,,1498.5,6.4,226.0,3.9,14.0,23.0,6.1,22.0,0.0,,0.0,0.0,104.0,313.0,,,,0.0,0.036
9f2be370-d7a6-11ed-a8d1-4961cd70d9e1,8.210814 46.503291,2023-04-08 12:00:00.000 +0200,7,NATURAL,SLAB,3,WET,S,137,46.503291,8.210814,1,ULR,ULR,7.4,6.9,7.6,13.0,11.7,41.0,4.2,-5.0,865.6,,1017.9,,1497.1,11.4,81.0,4.1,14.8,41.0,10.7,38.5,,,0.0,0.0,885.0,236.0,,,103.0,60.0,0.407
4b5d9a70-d15e-11ed-94cc-21edfa2a74e3,8.233716 46.754659,2023-04-03 15:30:00+02:00,1,NATURAL,FULL_DEPTH,2,WET,S,70,46.76029588368576,8.261877716295064,0,MER,MER,4.5,4.3,4.7,5.7,5.4,67.9,5.7,-0.9,950.7,1021.5,1019.9,,,12.7,327.0,6.2,22.3,45.7,12.3,44.3,0.0,,0.0,,198.0,,,,191.0,0.0,0.113
bafec949-69be-4d29-96df-732ded5d7686,8.389718 46.787228,2023-04-04 08:00:00+02:00,3,EXPLOSIVE,SLAB,1,DRY,N,196,46.744122187516,8.426156692080035,0,TIT,TIT,-12.5,-13.3,-11.8,,,18.8,0.4,-31.7,688.7,,1008.2,2973.0,,19.4,315.0,4.7,16.9,69.8,18.7,67.3,,,,,471.0,,,,,,0.106
2f93ceb4-a841-42da-a6c1-1933628dbb83,8.385941 46.778747,2023-04-04 07:00:00+02:00,4,EXPLOSIVE,SLAB,2,DRY,NE,20,46.820959573429896,8.345462542686423,0,ENG,ENG,-3.7,-3.9,-3.3,-3.3,-3.4,89.3,4.2,-5.2,898.6,,1017.6,,1474.4,5.4,231.0,3.3,11.9,19.4,5.2,18.7,0.0,,0.0,0.0,44.0,289.0,,,,0.0,0.023
1b05e8ea-984f-445d-8163-f5d970cfecf8,8.387973 46.785269,2023-04-12 07:00:00+02:00,4,EXPLOSIVE,SLAB,1,WET,NW,169,46.7950310623688,8.351436546821322,0,ENG,ENG,6.8,6.0,7.3,6.9,6.0,89.6,8.9,5.2,889.8,,1007.8,,1411.3,5.3,76.0,2.1,7.6,19.1,5.1,18.4,0.0,,0.0,0.0,105.0,324.0,,,,0.0,0.053
33f93161-2ec3-46b0-ab16-f598e280759a,8.383072 46.779972,2023-04-13 08:00:00+02:00,4,EXPLOSIVE,SLAB,2,DRY,NE,96,46.78287531099659,8.409271303139695,0,TIT,TIT,-13.9,-14.2,-13.6,,,99.5,2.1,-14.0,683.4,,1001.0,2915.3,,10.1,299.0,5.4,19.4,36.4,9.8,35.3,,,,,212.0,,,,,,0.032
1bae5ef4-62c9-4601-861f-8e5b286b94b1,8.422604 46.780389,2023-04-16 07:30:00+02:00,2,EXPLOSIVE,SLAB,2,DRY,N,92,46.79665298814498,8.38373668243206,0,ENG,ENG,0.4,0.3,0.5,0.4,0.1,96.9,6.1,0.0,899.4,,1018.4,,1488.0,2.5,94.0,1.4,5.0,9.0,2.3,8.3,0.0,,1.3,0.0,49.0,319.0,,,,0.0,0.026
97f65a13-9c8a-44c6-b5dc-c7c4d60fed1e,7.972757 46.575628,2023-04-16 07:30:00.000 +0200,2,EXPLOSIVE,SLAB,1,DRY,N,103,46.575628,7.972757,1,JUN,JUN,-12.2,-12.6,-11.9,,,92.2,2.2,-13.2,650.5,,1012.2,3010.1,,18.5,302.0,11.9,42.8,66.6,18.2,65.5,,,,,198.0,261.0,,,,0.0,0.027
26d0ed0c-b5fc-4983-9f76-b0f25e82ece7,8.388771 46.786265,2023-04-17 08:30:00+02:00,4,EXPLOSIVE,LOOSE_SNOW,1,DRY,NW,205,46.758723147399174,8.359790709005157,0,TIT,TIT,-9.6,-9.7,-9.4,,,91.6,2.7,-10.7,694.0,,1015.4,3030.7,,16.1,31.0,6.3,22.7,58.0,15.2,54.7,,,,,296.0,,,,,,0.057
9312b9e3-9422-40e1-8539-92240b8f9de8,8.390152 46.787449,2023-04-14 07:30:00+02:00,2,EXPLOSIVE,LOOSE_SNOW,1,DRY,N,67,46.756531500826405,8.403200051748744,0,TIT,TIT,-13.4,-13.7,-13.1,,,99.4,2.2,-13.5,684.7,,1002.8,2929.1,,9.3,318.0,3.0,10.8,33.5,8.9,32.0,,,,,121.0,,,,,,0.023
97c5682e-950b-4c24-8c69-651f6ff3d0c8,8.035288 46.786336,2023-04-19 10:30:00+02:00,4,EXPLOSIVE,SLAB,2,DRY,S,36,46.80273378622731,8.01213187320382,0,BRZ,BRZ,,,,,,,,,952.0,,1018.7,,,4.7,258.0,2.9,10.4,16.9,4.6,16.6,,,0.0,,,,,,,,
bdf4c097-2315-413e-a320-168acfd62b21,8.380633 46.782526,2023-04-13 08:00:00+02:00,4,EXPLOSIVE,SLAB,3,DRY,N,2,46.74142134011786,8.361072649375489,0,TIT,TIT,-13.9,-14.2,-13.6,,,99.5,2.1,-14.0,683.4,,1001.0,2915.3,,10.1,299.0,5.4,19.4,36.4,9.8,35.3,,,,,212.0,,,,,,0.032
c7cfde41-7339-4d2c-afdf-9006721cfe7f,8.419526 46.781209,2023-04-01 07:00:00.000 +0200,4,EXPLOSIVE,SLAB,2,DRY,NW,84,46.781209,8.419526,1,TIT,TIT,-10.8,-10.8,-10.6,,,97.0,2.6,-11.1,686.0,,1004.5,2941.7,,25.3,286.0,14.5,52.2,91.1,24.5,88.2,,,,,91.0,,,,,,0.013
71d13516-3cdb-4e54-a1af-c88570197f00,8.424437 46.779206,2023-04-16 06:30:00+02:00,5,EXPLOSIVE,SLAB,1,DRY,N,0,46.82398225764149,8.424353075745799,0,ENG,ENG,0.3,0.1,0.4,0.1,0.0,97.4,6.1,-0.1,899.2,,1018.2,,1486.3,2.0,90.0,1.0,3.6,7.2,1.8,6.5,0.0,,1.0,0.0,5.0,316.0,,,,0.0,0.014
acaee50d-c93e-4865-b666-dcf8ca1d9f21,8.226812 46.595085,2023-04-21 12:00:00+02:00,7,PERSON,SLAB,1,DRY,NW,80,46.61248178397117,8.258662612395618,0,GRH,GRH,1.9,1.3,2.4,,,76.3,5.4,-1.8,799.3,,1013.9,,1461.9,10.7,152.0,7.0,25.2,38.5,10.2,36.7,,,0.0,186.0,555.0,311.0,,,,0.0,0.188
146fb98c-e881-4676-9e59-446d1d57d1c2,8.034003 46.784284,2023-04-19 10:30:00+02:00,4,EXPLOSIVE,SLAB,2,DRY,S,0,46.75794647574943,7.997582698612312,0,BRZ,BRZ,,,,,,,,,952.0,,1018.7,,,4.7,258.0,2.9,10.4,16.9,4.6,16.6,,,0.0,,,,,,,,
1360c83b-baa5-40fd-8967-adc55e27b8f8,8.035169 46.786944,2023-05-08 11:00:00+02:00,4,EXPLOSIVE,FULL_DEPTH,2,WET,SW,0,46.766408438836486,8.07602779826188,0,BRZ,BRZ,,,,,,,,,955.0,,1021.9,,,3.0,246.0,1.7,6.1,10.8,2.9,10.4,,,0.0,,,,,,,,
b0c20dd8-9d72-42fd-9908-df362afd7f3d,8.425333 46.779051,2023-05-18 07:00:00+02:00,4,EXPLOSIVE,SLAB,2,DRY,N,51,46.76093836184932,8.3882164831758,0,TIT,TIT,-2.3,-2.5,-2.0,,,76.5,4.0,-5.8,696.9,,1019.4,3062.9,,2.7,248.0,1.9,6.8,9.7,2.7,9.7,,,,,457.0,,,,,,0.152
ae543637-3b77-4592-997d-c9f3fc4c3078,8.424992 46.778957,2023-04-29 07:30:00+02:00,2,EXPLOSIVE,SLAB,2,DRY,N,22,46.75513706583036,8.400368200801863,0,TIT,TIT,-2.8,-3.0,-2.6,,,99.3,4.9,-2.9,697.5,,1020.2,3069.6,,7.7,346.0,2.3,8.3,27.7,7.4,26.6,,,,,143.0,,,,,,0.049
5192475d-5f0c-41d7-bde8-a82e5bea8b68,8.422294 46.780382,2023-04-17 08:00:00+02:00,4,EXPLOSIVE,SLAB,3,DRY,N,96,46.75580313132181,8.410200923225151,0,TIT,TIT,-9.6,-9.7,-9.4,,,91.6,2.7,-10.7,694.0,,1015.4,3030.7,,16.1,31.0,6.3,22.7,58.0,15.2,54.7,,,,,296.0,,,,,,0.057
5dfb93d0-d046-11ed-b49c-43d9bede54f5,8.263448 46.782775,2023-04-02 05:45:00+02:00,0,EXPLOSIVE,SLAB,2,DRY,NW,5,46.81678714781455,8.306649855084931,0,ENG,ENG,1.2,0.8,1.5,-0.4,-0.6,92.6,6.2,0.1,894.1,,1012.6,,1442.4,3.9,85.0,1.4,5.0,14.0,3.7,13.3,0.0,,0.0,0.0,13.0,244.0,,,,0.0,0.014
529f5410-e6a1-11ed-9300-179866ebe517,7.727729 46.504859,2023-05-01 17:00:00+02:00,3,UNKNOWN,UNKNOWN,1,WET,,1,46.545873684388056,7.685525146813126,0,FRU,FRU,9.5,9.3,9.7,,,93.3,11.0,8.5,,,,,,2.9,27.0,1.5,5.4,10.4,2.8,10.1,,,0.3,,67.0,352.0,,,65.0,0.0,
a608e0ea-99f5-4d75-9162-5dd2600c0d00,8.423735 46.779426,2023-04-03 07:00:00+02:00,4,EXPLOSIVE,SLAB,2,DRY,N,43,46.78878443464568,8.403367817704545,0,TIT,TIT,-11.1,-11.4,-10.6,,,93.9,2.5,-11.9,692.7,,1013.6,3017.2,,10.4,32.0,6.3,22.7,37.4,9.9,35.6,,,,,76.0,,,,,,0.018
72a5d090-d8f5-11ed-9de9-4bc775516e2e,8.249382 46.761703,2023-04-11 16:00:00+02:00,3,NATURAL,FULL_DEPTH,2,WET,SW,0,46.7273106866988,8.227222561163073,0,MER,MER,9.1,8.9,9.3,9.2,8.9,82.9,9.6,6.4,949.1,1018.5,1018.2,,,2.7,162.0,1.0,3.6,9.7,2.6,9.4,0.0,,0.0,,110.0,,,,102.0,0.0,0.066
1360c83b-baa5-40fd-8967-adc55e27b8f8,8.035169 46.786944,2023-05-10 11:00:00+02:00,4,EXPLOSIVE,FULL_DEPTH,2,WET,SW,2,46.82017386647504,8.067650163795143,0,BRZ,BRZ,,,,,,,,,949.4,,1015.9,,,5.8,262.0,2.4,8.6,20.9,5.6,20.2,,,0.2,,,,,,,,
40432ba0-e72a-11ed-8f49-75cb9dad9a7e,7.996764 46.557888,2023-05-02 12:00:00+02:00,7,NATURAL,SLAB,3,DRY,S,157,46.583420369838855,8.019826768499149,0,JUN,JUN,-8.5,-9.3,-7.8,,,67.9,2.2,-13.6,656.8,,1021.3,3078.7,,10.8,317.0,5.5,19.8,38.9,10.1,36.4,,,,,1061.0,187.0,,,,49.0,0.243
40432ba0-e72a-11ed-8f49-75cb9dad9a7e,7.996764 46.557888,2023-05-02 12:00:00+02:00,7,NATURAL,SLAB,3,DRY,S,192,46.52560832613953,8.029639932897485,0,JUN,JUN,-8.5,-9.3,-7.8,,,67.9,2.2,-13.6,656.8,,1021.3,3078.7,,10.8,317.0,5.5,19.8,38.9,10.1,36.4,,,,,1061.0,187.0,,,,49.0,0.243
71d13516-3cdb-4e54-a1af-c88570197f00,8.424437 46.779206,2023-04-17 06:30:00+02:00,5,EXPLOSIVE,SLAB,1,DRY,N,193,46.7697742910842,8.391639273088037,0,TIT,TIT,-9.4,-9.4,-9.3,,,95.4,2.9,-10.0,693.7,,1015.0,3028.0,,15.7,25.0,8.0,28.8,56.5,14.6,52.6,,,,,38.0,,,,,,0.012
c8a8b700-feb1-11ed-b35a-bf420b8ac344,8.01247 46.561817,2023-05-29 12:00:00+02:00,6,PERSON,SLAB,2,DRY,SE,250,46.56374581519298,8.002790299993237,0,JUN,JUN,-2.2,-2.6,-1.8,,,81.4,4.2,-5.0,660.0,,1025.8,3105.0,,5.6,161.0,4.1,14.8,20.2,5.5,19.8,,,,,1077.0,203.0,,,,60.0,0.35
bdf4c097-2315-413e-a320-168acfd62b21,8.380633 46.782526,2023-04-15 08:00:00+02:00,4,EXPLOSIVE,SLAB,3,DRY,N,8,46.747899854580744,8.378303882782735,0,TIT,TIT,-8.8,-8.9,-8.7,,,97.5,3.1,-9.1,685.0,,1003.2,2929.3,,13.4,306.0,10.3,37.1,48.2,12.9,46.4,,,,,285.0,,,,,,0.043
b210fde3-14f2-42fc-8dc3-c8d01a9cf57a,8.425206 46.770128,2023-05-18 09:00:00+02:00,3,EXPLOSIVE,SLAB,2,DRY,S,130,46.76708308936789,8.39050221366861,0,TIT,TIT,-1.6,-2.5,-0.9,,,77.4,4.2,-5.0,697.4,,1020.0,3067.6,,3.4,266.0,1.7,6.1,12.2,3.1,11.2,,,,,761.0,,,,,,0.279
5dfb93d0-d046-11ed-b49c-43d9bede54f5,8.263448 46.782775,2023-04-04 05:45:00+02:00,0,EXPLOSIVE,SLAB,2,DRY,NW,48,46.74049492906234,8.303034016922767,0,TIT,TIT,-13.5,-14.1,-12.8,,,16.5,0.4,-33.9,688.4,,1007.8,2970.2,,24.1,61.0,10.0,36.0,86.8,23.5,84.6,,,,,52.0,,,,,,0.07
4b5d9a70-d15e-11ed-94cc-21edfa2a74e3,8.233716 46.754659,2023-04-04 15:30:00+02:00,1,NATURAL,FULL_DEPTH,2,WET,S,0,46.792131203135035,8.267717756308741,0,GIH,GIH,6.7,6.4,6.8,,,51.8,5.1,-2.5,965.0,1021.7,1020.8,,,6.1,72.0,2.3,8.3,22.0,5.9,21.2,0.0,,0.0,,210.0,,,,200.0,2.0,0.128
72a5d090-d8f5-11ed-9de9-4bc775516e2e,8.249382 46.761703,2023-04-11 16:00:00+02:00,3,NATURAL,FULL_DEPTH,2,WET,SW,0,46.72027537581192,8.252057406234426,0,MER,MER,9.1,8.9,9.3,9.2,8.9,82.9,9.6,6.4,949.1,1018.5,1018.2,,,2.7,162.0,1.0,3.6,9.7,2.6,9.4,0.0,,0.0,,110.0,,,,102.0,0.0,0.066
1851a448-559e-4572-8066-2824a030e41d,8.385872 46.778947,2023-04-16 07:30:00+02:00,2,EXPLOSIVE,LOOSE_SNOW,1,DRY,NE,0,46.81376235295377,8.417620980116649,0,ENG,ENG,0.4,0.3,0.5,0.4,0.1,96.9,6.1,0.0,899.4,,1018.4,,1488.0,2.5,94.0,1.4,5.0,9.0,2.3,8.3,0.0,,1.3,0.0,49.0,319.0,,,,0.0,0.026
74720590-2505-48bc-ad7b-327442e7d8ae,8.216759 46.608474,2023-04-22 12:00:00+02:00,7,PERSON,SLAB,1,DRY,N,265,46.59473426424002,8.236610570890393,0,GRH,GRH,8.3,7.7,8.9,,,45.6,5.0,-2.8,800.5,,1015.4,,1462.6,6.8,152.0,3.9,14.0,24.5,6.3,22.7,,,0.0,175.0,926.0,278.0,,,,30.0,0.448
18414158-6d92-4cd1-ab90-28699222ae16,8.421236 46.785109,2023-05-02 16:30:00+02:00,2,EXPLOSIVE,SLAB,2,DRY,NW,0,46.82128210625138,8.418519844382748,0,ENG,ENG,10.0,9.1,10.9,11.0,8.9,73.4,9.0,5.4,903.2,,1022.7,,1539.3,7.7,255.0,3.6,13.0,27.7,7.1,25.6,0.0,,0.0,0.0,91.0,337.0,,,,0.0,0.085
9312b9e3-9422-40e1-8539-92240b8f9de8,8.390152 46.787449,2023-04-15 07:30:00+02:00,2,EXPLOSIVE,LOOSE_SNOW,1,DRY,N,53,46.77879917584224,8.350598038832842,0,ENG,ENG,0.5,0.3,0.7,0.3,0.2,96.3,6.1,-0.1,889.2,,1007.1,,1397.6,1.8,90.0,0.9,3.2,6.5,1.6,5.8,0.0,,1.3,0.0,49.0,316.0,,,,0.0,0.027
c8955470-dce3-11ed-bcd6-6b951ea9af39,8.419791 46.782658,2023-04-18 12:00:00+02:00,7,EXPLOSIVE,SLAB,2,DRY,N,58,46.73826777886129,8.416311839409305,0,TIT,TIT,-6.1,-6.3,-5.8,,,71.5,2.8,-10.4,695.3,,1017.1,3044.8,,4.8,136.0,3.3,11.9,17.3,4.6,16.6,,,,,971.0,,,,,,0.272
b0c20dd8-9d72-42fd-9908-df362afd7f3d,8.425333 46.779051,2023-05-18 07:00:00+02:00,4,EXPLOSIVE,SLAB,2,DRY,N,84,46.77606109238699,8.410906242334727,0,TIT,TIT,-2.3,-2.5,-2.0,,,76.5,4.0,-5.8,696.9,,1019.4,3062.9,,2.7,248.0,1.9,6.8,9.7,2.7,9.7,,,,,457.0,,,,,,0.152
68246170-d6db-11ed-8552-37fbec7ec321,8.370977 46.777677,2023-04-09 15:00:00.000 +0200,3,NATURAL,FULL_DEPTH,2,WET,S,29,46.777677,8.370977,1,TIT,TIT,-7.2,-7.6,-6.9,,,55.6,2.0,-15.3,697.1,,1019.6,3065.1,,5.9,290.0,3.1,11.2,21.2,5.7,20.5,,,,,618.0,,,,,,0.169
792e43cf-e040-4ad1-98dd-47672e4855cd,8.426192 46.777884,2023-04-16 07:00:00+02:00,0,EXPLOSIVE,SLAB,2,DRY,NE,83,46.789722006902146,8.395602090671028,0,ENG,ENG,0.4,0.3,0.5,0.4,0.1,96.9,6.1,0.0,899.4,,1018.4,,1488.0,2.5,94.0,1.4,5.0,9.0,2.3,8.3,0.0,,1.3,0.0,49.0,319.0,,,,0.0,0.026
a7ed94b7-52d1-4b17-9928-83b4745ca8bf,8.307745 46.608205,2023-05-04 12:00:00+02:00,7,NATURAL,UNKNOWN,3,WET,,53,46.615534147385794,8.293867153895224,0,GRH,GRH,10.1,9.2,11.0,,,35.6,4.4,-4.6,807.6,,1024.0,,1533.2,5.4,174.0,2.3,8.3,19.4,5.2,18.7,,,0.0,147.0,1007.0,257.0,,,,60.0,0.533
b1c2736c-200d-4a78-a75a-d1aa12bb81e8,7.992735 46.584254,2023-06-06 08:00:00+02:00,3,EXPLOSIVE,UNKNOWN,0,UNKNOWN,,46,46.573769842660326,7.990013537516582,0,JUN,JUN,-5.0,-5.1,-4.9,,,82.0,3.4,-7.6,659.6,,1025.3,3106.0,,8.0,311.0,5.9,21.2,28.8,7.8,28.1,,,,,689.0,179.0,,,,60.0,0.173
d68cc42c-2801-4238-bb58-3d963f2ab1ea,8.380899 46.782267,2023-04-04 07:00:00+02:00,4,EXPLOSIVE,SLAB,3,DRY,N,27,46.82021240020175,8.342393222057442,0,ENG,ENG,-3.7,-3.9,-3.3,-3.3,-3.4,89.3,4.2,-5.2,898.6,,1017.6,,1474.4,5.4,231.0,3.3,11.9,19.4,5.2,18.7,0.0,,0.0,0.0,44.0,289.0,,,,0.0,0.023
f4bbdd10-e717-11ed-acf0-f7b342f82229,7.841373 46.562945,2023-04-29 12:00:00.000 +0200,7,NATURAL,UNKNOWN,3,UNKNOWN,NW,148,46.562945,7.841373,1,INT,INT,16.4,15.4,17.3,24.7,21.8,70.7,13.2,11.1,948.7,1015.1,1016.6,,,2.5,243.0,0.8,2.9,9.0,2.3,8.3,0.0,,0.0,,638.0,,,,432.0,17.0,0.38
18414158-6d92-4cd1-ab90-28699222ae16,8.421236 46.785109,2023-05-02 16:30:00+02:00,2,EXPLOSIVE,SLAB,2,DRY,NW,0,46.80784943565643,8.40755312771594,0,ENG,ENG,10.0,9.1,10.9,11.0,8.9,73.4,9.0,5.4,903.2,,1022.7,,1539.3,7.7,255.0,3.6,13.0,27.7,7.1,25.6,0.0,,0.0,0.0,91.0,337.0,,,,0.0,0.085
b463a2d6-9b9e-4b10-99b6-7308c06e3b30,8.423808 46.779796,2023-04-21 08:00:00+02:00,3,EXPLOSIVE,SLAB,1,DRY,N,86,46.7426289337828,8.412210829213882,0,TIT,TIT,-6.8,-7.2,-6.6,,,84.2,3.1,-9.1,690.2,,1010.3,2987.9,,16.7,168.0,9.9,35.6,60.1,15.4,55.4,,,,,283.0,,,,,,0.064
b0c20dd8-9d72-42fd-9908-df362afd7f3d,8.425333 46.779051,2023-05-20 07:00:00+02:00,4,EXPLOSIVE,SLAB,2,DRY,N,16,46.78882537231297,8.398482253885277,0,TIT,TIT,-1.4,-2.0,-0.5,,,83.7,4.6,-3.8,696.2,,1018.4,3054.6,,16.0,139.0,11.3,40.7,57.6,15.4,55.4,,,,,346.0,,,,,,0.092
ab2a9319-7f29-4629-a314-d5965080c33e,8.421443 46.780432,2023-05-02 07:30:00+02:00,4,EXPLOSIVE,SLAB,2,DRY,N,161,46.773805807165374,8.400027356537723,0,TIT,TIT,-6.7,-6.9,-6.5,,,97.5,3.6,-7.1,697.0,,1019.6,3064.7,,10.9,23.0,7.1,25.6,39.2,10.7,38.5,,,,,152.0,,,,,,0.033
11290122-2f71-4b65-840e-5b583a64fdd5,8.389124 46.787453,2023-04-12 07:00:00.000 +0200,4,EXPLOSIVE,SLAB,2,WET,N,57,46.787453,8.389124,1,ENG,ENG,6.8,6.0,7.3,6.9,6.0,89.6,8.9,5.2,889.8,,1007.8,,1411.3,5.3,76.0,2.1,7.6,19.1,5.1,18.4,0.0,,0.0,0.0,105.0,324.0,,,,0.0,0.053
2ed09558-7716-4dda-935c-3c151ebe5b3b,8.238855 46.748629,2023-04-17 08:30:00+02:00,4,EXPLOSIVE,SLAB,1,DRY,NW,0,46.717390328132055,8.211814856740329,0,MER,MER,7.9,6.8,8.9,14.6,8.4,77.8,8.3,4.2,950.5,1020.4,1019.7,,,2.7,143.0,0.8,2.9,9.7,2.6,9.4,0.0,,0.0,,555.0,,,,220.0,48.0,0.241
8b5b35b0-dd0c-11ed-8f1e-7bb69ddca4ec,8.229566 46.753026,2023-04-17 12:30:00.000 +0200,0,NATURAL,FULL_DEPTH,2,WET,SE,25,46.753026,8.229566,1,MER,MER,11.6,11.2,11.9,19.5,18.3,60.7,8.3,4.2,949.4,1018.2,1018.5,,,8.4,327.0,3.8,13.7,30.2,8.1,29.2,0.0,,0.0,,848.0,,,,368.0,39.0,0.412
2a2d7868-aa56-44d4-b082-8c267cccfbe3,8.388637 46.786311,2023-04-13 07:30:00.000 +0200,2,EXPLOSIVE,LOOSE_SNOW,1,DRY,NW,80,46.786311,8.388637,1,TIT,TIT,-13.5,-13.7,-13.0,,,100.0,2.2,-13.5,683.5,,1001.1,2915.8,,10.2,306.0,5.7,20.5,36.7,9.9,35.6,,,,,127.0,,,,,,0.019
6e6f00b6-dfe0-4527-9b3f-7c45ffdf4fee,8.379219 46.783826,2023-04-02 07:00:00+02:00,4,EXPLOSIVE,SLAB,2,DRY,N,73,46.761648000538926,8.401165063616356,0,TIT,TIT,-11.8,-11.9,-11.7,,,95.3,2.4,-12.4,688.8,,1008.4,2974.4,,8.9,313.0,5.2,18.7,32.0,8.8,31.7,,,,,127.0,,,,,,0.022
63723fcc-14a3-472f-a9d8-8ce81f021fe4,8.42184 46.780304,2023-04-29 07:30:00+02:00,2,EXPLOSIVE,LOOSE_SNOW,1,WET,N,0,46.80836565710815,8.42597586385634,0,ENG,ENG,9.5,9.1,10.0,10.0,8.8,88.8,10.5,7.7,898.7,,1017.7,,1497.0,2.9,117.0,0.8,2.9,10.4,2.7,9.7,0.0,,0.0,0.0,150.0,334.0,,,,0.0,0.078
a608e0ea-99f5-4d75-9162-5dd2600c0d00,8.423735 46.779426,2023-04-01 07:00:00.000 +0200,4,EXPLOSIVE,SLAB,2,DRY,N,182,46.779426,8.423735,1,TIT,TIT,-10.8,-10.8,-10.6,,,97.0,2.6,-11.1,686.0,,1004.5,2941.7,,25.3,286.0,14.5,52.2,91.1,24.5,88.2,,,,,91.0,,,,,,0.013
c8a8b700-feb1-11ed-b35a-bf420b8ac344,8.01247 46.561817,2023-05-31 12:00:00+02:00,6,PERSON,SLAB,2,DRY,SE,0,46.60091426751899,7.997371072881356,0,JUN,JUN,-1.7,-1.9,-1.4,,,90.4,4.9,-3.0,660.3,,1026.3,3108.6,,6.4,150.0,5.3,19.1,23.0,6.3,22.7,,,,,705.0,289.0,,,,1.0,0.218
bc76da5f-d990-4bb2-a099-1ab0703da0a4,8.422538 46.779775,2023-05-02 07:30:00+02:00,4,EXPLOSIVE,SLAB,2,DRY,N,186,46.77299476266897,8.395413439937034,0,TIT,TIT,-6.7,-6.9,-6.5,,,97.5,3.6,-7.1,697.0,,1019.6,3064.7,,10.9,23.0,7.1,25.6,39.2,10.7,38.5,,,,,152.0,,,,,,0.033
dda75b80-ddc2-11ed-b3b1-431b3c02902e,8.263291 46.74286,2023-04-18 14:30:00+02:00,1,SNOW_GROOMER,SLAB,3,DRY,SE,179,46.752081147000446,8.269855718152634,0,MER,MER,15.8,15.5,16.2,22.2,21.1,46.7,8.4,4.4,947.3,1014.9,1016.3,,,9.3,330.0,5.4,19.4,33.5,9.2,33.1,0.0,,0.0,,818.0,,,,195.0,60.0,0.478
1aca9480-d131-11ed-bb43-5ff35461761d,8.354817 46.766741,2023-04-05 12:00:00+02:00,10,NATURAL,SLAB,3,DRY,NW,158,46.7579736178328,8.364668537560444,0,TIT,TIT,-13.6,-13.8,-13.4,,,47.3,1.0,-22.6,690.5,,1010.7,2994.1,,5.6,290.0,2.9,10.4,20.2,5.1,18.4,,,,,643.0,,,,,,0.135
9f2be370-d7a6-11ed-a8d1-4961cd70d9e1,8.210814 46.503291,2023-04-08 12:00:00+02:00,7,NATURAL,SLAB,3,WET,S,39,46.519620294293595,8.238092523861441,0,ULR,ULR,7.4,6.9,7.6,13.0,11.7,41.0,4.2,-5.0,865.6,,1017.9,,1497.1,11.4,81.0,4.1,14.8,41.0,10.7,38.5,,,0.0,0.0,885.0,236.0,,,103.0,60.0,0.407
11290122-2f71-4b65-840e-5b583a64fdd5,8.389124 46.787453,2023-04-13 07:00:00+02:00,4,EXPLOSIVE,SLAB,2,WET,N,0,46.80974153872307,8.3730314512455,0,ENG,ENG,1.0,0.8,1.2,1.0,0.8,91.4,6.0,-0.3,890.0,,1008.0,,1405.3,3.7,153.0,1.1,4.0,13.3,3.4,12.2,0.0,,0.2,0.0,55.0,301.0,,,,0.0,0.03
a94851d0-e58a-11ed-94a2-bf37c1703856,7.5461 46.68465,2023-04-29 12:00:00+02:00,7,NATURAL,SLAB,2,UNKNOWN,SW,0,46.71245287873713,7.517634877162201,0,THU,THU,17.1,16.7,17.4,,,68.6,13.4,11.3,949.7,1015.0,1016.6,,,3.3,107.0,1.7,6.1,11.9,3.2,11.5,,,0.0,,672.0,,,,,41.0,0.401
ce082ed0-ea41-11ed-9704-3747ffc8acfd,7.997493 46.55824,2023-05-03 12:00:00+02:00,7,PERSON,SLAB,3,DRY,S,175,46.5334290549828,8.000316218163738,0,JUN,JUN,-2.9,-3.9,-2.2,,,31.6,1.5,-17.7,660.3,,1026.2,3109.8,,10.1,23.0,3.9,14.0,36.4,9.6,34.6,,,,,1046.0,185.0,,,,60.0,0.365
2f93ceb4-a841-42da-a6c1-1933628dbb83,8.385941 46.778747,2023-04-04 07:00:00+02:00,4,EXPLOSIVE,SLAB,2,DRY,NE,8,46.74734116427,8.377319514950395,0,TIT,TIT,-13.3,-13.6,-13.1,,,20.2,0.5,-31.5,688.6,,1008.1,2972.7,,22.7,49.0,6.8,24.5,81.7,21.8,78.5,,,,,257.0,,,,,,0.081
bafec949-69be-4d29-96df-732ded5d7686,8.389718 46.787228,2023-04-01 08:00:00.000 +0200,3,EXPLOSIVE,SLAB,1,DRY,N,70,46.787228,8.389718,1,TIT,TIT,-10.5,-10.6,-10.3,,,95.9,2.7,-11.1,686.2,,1004.9,2944.5,,24.1,280.0,14.1,50.8,86.8,23.6,85.0,,,,,202.0,,,,,,0.026
40432ba0-e72a-11ed-8f49-75cb9dad9a7e,7.996764 46.557888,2023-04-29 12:00:00+02:00,7,NATURAL,SLAB,3,DRY,S,102,46.55791886933535,7.966519520764851,0,JUN,JUN,-5.4,-5.5,-5.3,,,87.5,3.6,-7.1,657.1,,1021.7,3076.0,,7.0,314.0,4.4,15.8,25.2,6.5,23.4,,,,,974.0,244.0,,,,36.0,0.263
673e5d3c-9736-4824-ac24-c511ffd507c4,8.418437 46.784875,2023-04-16 08:00:00.000 +0200,4,EXPLOSIVE,SLAB,1,DRY,NW,169,46.784875,8.418437,1,TIT,TIT,-9.5,-9.6,-9.3,,,94.1,2.8,-10.3,692.7,,1013.7,3017.0,,7.6,16.0,3.6,13.0,27.4,7.1,25.6,,,,,249.0,,,,,,0.057
d940ed50-ecda-11ed-aeab-3b3cc7819483,7.967581 46.511291,2023-05-06 12:00:00.000 +0200,7,NATURAL,SLAB,3,UNKNOWN,S,248,46.511291,7.967581,1,JUN,JUN,-2.9,-3.2,-2.5,,,70.1,3.5,-7.6,659.9,,1025.6,3105.1,,12.0,312.0,4.9,17.6,43.2,11.6,41.8,,,,,1034.0,211.0,,,,60.0,0.32
72a5d090-d8f5-11ed-9de9-4bc775516e2e,8.249382 46.761703,2023-04-11 16:00:00+02:00,3,NATURAL,FULL_DEPTH,2,WET,SW,0,46.72370856774076,8.22812238487029,0,MER,MER,9.1,8.9,9.3,9.2,8.9,82.9,9.6,6.4,949.1,1018.5,1018.2,,,2.7,162.0,1.0,3.6,9.7,2.6,9.4,0.0,,0.0,,110.0,,,,102.0,0.0,0.066
b5d8fc03-e36a-4fa1-9d42-ea7105356bda,8.385358 46.779077,2023-04-16 05:00:00+02:00,3,EXPLOSIVE,UNKNOWN,2,DRY,NE,131,46.797143842266586,8.369653666086133,0,ENG,ENG,0.6,0.3,0.8,0.3,0.2,96.6,6.1,0.1,898.9,,1017.9,,1484.1,1.9,101.0,0.6,2.2,6.8,1.7,6.1,0.0,,0.5,0.0,0.0,316.0,,,,0.0,-0.006
e5f438a3-68c9-465f-a6d1-9ab6a2ebaf71,8.384832 46.783436,2023-04-03 08:00:00+02:00,3,EXPLOSIVE,SLAB,1,DRY,N,0,46.80924712815692,8.395395964085072,0,ENG,ENG,-0.1,-0.2,0.1,0.6,0.5,97.3,5.9,-0.4,900.7,,1019.9,,1498.5,6.4,226.0,3.9,14.0,23.0,6.1,22.0,0.0,,0.0,0.0,104.0,313.0,,,,0.0,0.036
931d9d63-4823-45cb-940f-26620aa25be9,8.425244 46.779006,2023-04-14 07:30:00+02:00,2,EXPLOSIVE,SLAB,2,DRY,N,95,46.790263094267345,8.39126395140432,0,ENG,ENG,0.4,0.0,0.9,0.0,-0.3,90.5,5.7,-1.0,891.8,,1010.0,,1420.7,4.5,261.0,1.2,4.3,16.2,4.4,15.8,0.0,,0.1,8.0,75.0,298.0,,,,0.0,0.035
bafec949-69be-4d29-96df-732ded5d7686,8.389718 46.787228,2023-04-02 08:00:00+02:00,3,EXPLOSIVE,SLAB,1,DRY,N,150,46.77844439327459,8.402072717675983,0,TIT,TIT,-11.6,-11.9,-11.3,,,99.0,2.5,-11.8,689.3,,1009.0,2979.5,,6.0,306.0,3.6,13.0,21.6,5.7,20.5,,,,,291.0,,,,,,0.053
564bddb0-e717-11ed-acf0-f7b342f82229,7.822357 46.529218,2023-05-01 12:00:00+02:00,7,NATURAL,SLAB,3,UNKNOWN,N,187,46.52081128075142,7.824018683497825,0,INT,INT,10.5,10.4,10.6,12.5,12.3,87.4,11.1,8.5,949.8,1017.7,1017.8,,,1.2,270.0,0.5,1.8,4.3,1.2,4.3,0.0,,1.3,,127.0,,,,126.0,0.0,0.082
f7fca170-d124-11ed-9f3d-c1122c0370be,8.243319 46.765333,2023-04-02 12:00:00+02:00,10,NATURAL,SLAB,3,WET,SW,0,46.72234938987886,8.28674078172927,0,MER,MER,10.9,10.5,11.2,14.2,13.3,56.7,7.4,2.6,946.1,1014.8,1015.0,,,4.8,289.0,2.9,10.4,17.3,4.7,16.9,0.0,,0.0,,482.0,,,,439.0,2.0,0.264
d68cc42c-2801-4238-bb58-3d963f2ab1ea,8.380899 46.782267,2023-04-03 07:00:00+02:00,4,EXPLOSIVE,SLAB,3,DRY,N,82,46.76563603855156,8.42143151818253,0,TIT,TIT,-11.1,-11.4,-10.6,,,93.9,2.5,-11.9,692.7,,1013.6,3017.2,,10.4,32.0,6.3,22.7,37.4,9.9,35.6,,,,,76.0,,,,,,0.018
1851a448-559e-4572-8066-2824a030e41d,8.385872 46.778947,2023-04-14 07:30:00+02:00,2,EXPLOSIVE,LOOSE_SNOW,1,DRY,NE,31,46.81853082210691,8.350048917421875,0,ENG,ENG,0.4,0.0,0.9,0.0,-0.3,90.5,5.7,-1.0,891.8,,1010.0,,1420.7,4.5,261.0,1.2,4.3,16.2,4.4,15.8,0.0,,0.1,8.0,75.0,298.0,,,,0.0,0.035
792e43cf-e040-4ad1-98dd-47672e4855cd,8.426192 46.777884,2023-04-16 07:00:00+02:00,0,EXPLOSIVE,SLAB,2,DRY,NE,116,46.800558699187945,8.421276154922065,0,ENG,ENG,0.4,0.3,0.5,0.4,0.1,96.9,6.1,0.0,899.4,,1018.4,,1488.0,2.5,94.0,1.4,5.0,9.0,2.3,8.3,0.0,,1.3,0.0,49.0,319.0,,,,0.0,0.026
839994f8-5b6d-44ab-8e1c-fd57876e2bd9,8.4215 46.780442,2023-04-03 07:00:00+02:00,4,EXPLOSIVE,SLAB,2,DRY,E,79,46.78245200522469,8.394692467703306,0,TIT,TIT,-11.1,-11.4,-10.6,,,93.9,2.5,-11.9,692.7,,1013.6,3017.2,,10.4,32.0,6.3,22.7,37.4,9.9,35.6,,,,,76.0,,,,,,0.018
bc76da5f-d990-4bb2-a099-1ab0703da0a4,8.422538 46.779775,2023-05-02 07:30:00+02:00,4,EXPLOSIVE,SLAB,2,DRY,N,0,46.814472707910895,8.42505008294009,0,ENG,ENG,5.9,5.7,6.1,6.1,5.9,93.1,8.7,4.9,902.2,,1021.5,,1522.4,2.7,108.0,0.7,2.5,9.7,2.6,9.4,0.0,,0.0,0.0,32.0,330.0,,,,0.0,0.029
50fbf8f0-dd0c-11ed-8f1e-7bb69ddca4ec,8.23687 46.747556,2023-04-17 12:00:00+02:00,5,NATURAL,SLAB,2,DRY,N,4,46.734920887512295,8.270931353996247,0,MER,MER,11.6,11.2,11.9,19.5,18.3,60.7,8.3,4.2,949.4,1018.2,1018.5,,,8.4,327.0,3.8,13.7,30.2,8.1,29.2,0.0,,0.0,,848.0,,,,368.0,39.0,0.412
20077a30-ec16-11ed-aa20-6507e99101f4,8.022203 46.505884,2023-05-07 14:00:00+02:00,0,PERSON,SLAB,2,WET,E,215,46.546192505443976,7.992648005799727,0,JUN,JUN,-1.2,-1.8,-0.6,,,91.7,5.2,-2.4,659.3,,1024.8,3094.6,,5.2,146.0,3.4,12.2,18.7,5.1,18.4,,,,,573.0,288.0,,,,0.0,0.201
3efdca94-9b97-483a-8a85-137add93bbd1,8.426389 46.777499,2023-05-02 07:30:00+02:00,4,EXPLOSIVE,SLAB,3,DRY,NE,204,46.76879925040231,8.383576246905347,0,TIT,TIT,-6.7,-6.9,-6.5,,,97.5,3.6,-7.1,697.0,,1019.6,3064.7,,10.9,23.0,7.1,25.6,39.2,10.7,38.5,,,,,152.0,,,,,,0.033
a8219770-e77f-11ed-991c-c3bbd7ca6c9a,7.788493 46.554381,2023-04-29 15:11:00.000 +0200,0,NATURAL,SLAB,3,WET,NW,102,46.554381,7.788493,1,FRU,FRU,17.5,17.3,17.8,,,59.4,11.9,9.5,,,,,,6.5,57.0,3.3,11.9,23.4,6.2,22.3,,,0.0,,318.0,350.0,,,288.0,0.0,
b463a2d6-9b9e-4b10-99b6-7308c06e3b30,8.423808 46.779796,2023-04-21 08:00:00.000 +0200,3,EXPLOSIVE,SLAB,1,DRY,N,268,46.779796,8.423808,1,TIT,TIT,-6.8,-7.2,-6.6,,,84.2,3.1,-9.1,690.2,,1010.3,2987.9,,16.7,168.0,9.9,35.6,60.1,15.4,55.4,,,,,283.0,,,,,,0.064
35790a01-26e9-458d-9830-8b595ce08bc3,8.391669 46.779911,2023-04-15 16:00:00+02:00,5,PERSON,SLAB,3,DRY,NW,152,46.77365093903142,8.42562076176457,0,TIT,TIT,-9.8,-9.9,-9.1,,,98.0,2.9,-10.0,688.0,,1007.2,2963.5,,12.4,314.0,6.7,24.1,44.6,12.0,43.2,,,,,219.0,,,,,,0.038
48001904-f349-4f12-8b6b-34916e483022,8.424677 46.77918,2023-04-13 07:30:00+02:00,2,EXPLOSIVE,SLAB,2,DRY,N,77,46.78476358987228,8.403246033025868,0,TIT,TIT,-13.5,-13.7,-13.0,,,100.0,2.2,-13.5,683.5,,1001.1,2915.8,,10.2,306.0,5.7,20.5,36.7,9.9,35.6,,,,,127.0,,,,,,0.019
d68cc42c-2801-4238-bb58-3d963f2ab1ea,8.380899 46.782267,2023-04-03 07:00:00+02:00,4,EXPLOSIVE,SLAB,3,DRY,N,0,46.82066124855616,8.425177855083742,0,ENG,ENG,0.5,0.3,0.8,0.5,0.3,96.9,6.1,0.1,900.4,,1019.5,,1497.3,6.2,239.0,3.4,12.2,22.3,5.6,20.2,0.0,,0.5,0.0,34.0,320.0,,,,0.0,0.02
5dfb93d0-d046-11ed-b49c-43d9bede54f5,8.263448 46.782775,2023-04-03 05:45:00+02:00,0,EXPLOSIVE,SLAB,2,DRY,NW,25,46.74058969922197,8.276684110510438,0,MER,MER,5.1,4.7,5.6,4.0,3.9,80.7,7.1,2.0,950.5,1021.1,1019.7,,,8.5,267.0,4.5,16.2,30.6,8.2,29.5,0.0,,0.0,,18.0,,,,16.0,0.0,0.036
1bae5ef4-62c9-4601-861f-8e5b286b94b1,8.422604 46.780389,2023-04-13 07:30:00+02:00,2,EXPLOSIVE,SLAB,2,DRY,N,68,46.79532663367704,8.423614852888498,0,TIT,TIT,-13.5,-13.7,-13.0,,,100.0,2.2,-13.5,683.5,,1001.1,2915.8,,10.2,306.0,5.7,20.5,36.7,9.9,35.6,,,,,127.0,,,,,,0.019
11290122-2f71-4b65-840e-5b583a64fdd5,8.389124 46.787453,2023-04-13 07:00:00+02:00,4,EXPLOSIVE,SLAB,2,WET,N,0,46.826371245426365,8.363646601489235,0,ENG,ENG,1.0,0.8,1.2,1.0,0.8,91.4,6.0,-0.3,890.0,,1008.0,,1405.3,3.7,153.0,1.1,4.0,13.3,3.4,12.2,0.0,,0.2,0.0,55.0,301.0,,,,0.0,0.03
f9b59268-33ad-4905-91cd-ccc9a1ae40a4,8.385942 46.778812,2023-04-14 08:30:00.000 +0200,2,EXPLOSIVE,LOOSE_SNOW,2,DRY,NE,139,46.778812,8.385942,1,TIT,TIT,-13.4,-13.6,-13.2,,,100.0,2.2,-13.4,684.7,,1002.8,2929.3,,8.5,327.0,2.1,7.6,30.6,8.3,29.9,,,,,263.0,,,,,,0.052
bdf4c097-2315-413e-a320-168acfd62b21,8.380633 46.782526,2023-04-12 08:00:00.000 +0200,4,EXPLOSIVE,SLAB,3,DRY,N,102,46.782526,8.380633,1,TIT,TIT,-4.5,-4.7,-4.3,,,96.7,4.2,-5.0,689.8,,1009.7,2982.1,,21.3,256.0,9.9,35.6,76.7,20.0,72.0,,,,,216.0,,,,,,0.045
8500f990-d7a6-11ed-a8d1-4961cd70d9e1,8.209308 46.504515,2023-04-08 12:00:00.000 +0200,7,NATURAL,SLAB,4,WET,S,219,46.504515,8.209308,1,ULR,ULR,7.4,6.9,7.6,13.0,11.7,41.0,4.2,-5.0,865.6,,1017.9,,1497.1,11.4,81.0,4.1,14.8,41.0,10.7,38.5,,,0.0,0.0,885.0,236.0,,,103.0,60.0,0.407
18414158-6d92-4cd1-ab90-28699222ae16,8.421236 46.785109,2023-05-02 16:30:00.000 +0200,2,EXPLOSIVE,SLAB,2,DRY,NW,113,46.785109,8.421236,1,TIT,TIT,-5.7,-6.1,-5.3,,,98.4,4.0,-5.9,699.3,,1022.6,3090.0,,8.4,18.0,4.8,17.3,30.2,8.2,29.5,,,,,264.0,,,,,,0.063
59a9c34c-87a8-4479-9db9-c3a9d7e37faf,8.42632 46.777873,2023-04-26 07:00:00+02:00,3,EXPLOSIVE,SLAB,2,DRY,NE,58,46.799891834894325,8.391543444893538,0,ENG,ENG,0.6,-0.3,2.6,0.4,-2.2,89.2,5.7,-1.0,898.0,,1016.9,,1475.9,4.9,96.0,1.9,6.8,17.6,4.7,16.9,0.0,,0.0,0.0,232.0,233.0,,,,31.0,0.076
ab2a9319-7f29-4629-a314-d5965080c33e,8.421443 46.780432,2023-05-04 07:30:00+02:00,4,EXPLOSIVE,SLAB,2,DRY,N,153,46.77421314573105,8.403623093886969,0,TIT,TIT,0.3,0.1,0.6,,,29.4,1.8,-15.5,701.8,,1026.0,3118.3,,6.5,307.0,4.7,16.9,23.4,6.5,23.4,,,,,407.0,,,,,,0.18
bdf4c097-2315-413e-a320-168acfd62b21,8.380633 46.782526,2023-04-12 08:00:00+02:00,4,EXPLOSIVE,SLAB,3,DRY,N,0,46.817457019248,8.36377771105166,0,ENG,ENG,7.5,6.9,8.3,9.1,7.8,87.0,9.0,5.5,889.4,,1007.4,,1408.9,6.4,256.0,2.1,7.6,23.0,6.3,22.7,0.0,,0.0,0.0,288.0,321.0,,,,15.0,0.127
1a787419-5802-4808-a192-fbe672afe523,8.389757 46.787324,2023-04-19 08:30:00+02:00,4,EXPLOSIVE,LOOSE_SNOW,2,DRY,N,135,46.76371756981747,8.37775410009823,0,TIT,TIT,-6.5,-6.7,-6.4,,,78.4,3.0,-9.7,696.0,,1018.1,3052.4,,9.7,308.0,7.0,25.2,34.9,9.4,33.8,,,,,545.0,,,,,,0.12
8d0101b0-de65-11ed-ad4d-6fea2397c693,7.846102 46.562407,2023-04-18 12:00:00+02:00,7,NATURAL,FULL_DEPTH,2,WET,S,59,46.596646859220954,7.863465806415007,0,INT,INT,13.4,13.2,13.7,26.5,25.8,55.5,8.5,4.7,948.9,1016.0,1016.8,,,6.5,306.0,2.9,10.4,23.4,6.2,22.3,0.0,,0.0,,909.0,,,,150.0,60.0,0.48
97c5682e-950b-4c24-8c69-651f6ff3d0c8,8.035288 46.786336,2023-04-19 10:30:00+02:00,4,EXPLOSIVE,SLAB,2,DRY,S,8,46.82734007275586,8.057590927501625,0,FLU,FLU,6.8,6.6,7.0,,,89.3,8.9,5.2,,,,,,5.0,335.0,2.8,10.1,18.0,4.8,17.3,,,0.0,,,,,,,,
8cc2e1b0-ecd3-11ed-8adc-7d70564ee41a,8.023437 46.573593,2023-05-05 12:00:00+02:00,10,NATURAL,SLAB,4,WET,,153,46.5677318867886,7.984596352287872,0,JUN,JUN,-1.9,-2.3,-1.4,,,79.7,4.2,-5.0,661.1,,1027.3,3117.7,,8.7,152.0,4.1,14.8,31.3,8.4,30.2,,,,,882.0,246.0,,,,41.0,0.291
3efdca94-9b97-483a-8a85-137add93bbd1,8.426389 46.777499,2023-05-05 07:30:00+02:00,4,EXPLOSIVE,SLAB,3,DRY,NE,35,46.75333537819857,8.385021734066813,0,TIT,TIT,-0.1,-0.6,0.6,,,68.5,4.1,-5.3,701.9,,1026.2,3119.6,,4.1,183.0,2.3,8.3,14.8,4.0,14.4,,,,,397.0,,,,,,0.145
3a0dd0e2-9199-4139-bb1e-3327bd98128b,8.425944 46.778157,2023-04-14 07:00:00+02:00,3,EXPLOSIVE,SLAB,2,DRY,NE,93,46.80004118527573,8.419215937407117,0,ENG,ENG,0.4,0.0,0.9,0.0,-0.3,90.5,5.7,-1.0,891.8,,1010.0,,1420.7,4.5,261.0,1.2,4.3,16.2,4.4,15.8,0.0,,0.1,8.0,75.0,298.0,,,,0.0,0.035
5192475d-5f0c-41d7-bde8-a82e5bea8b68,8.422294 46.780382,2023-04-16 08:00:00+02:00,4,EXPLOSIVE,SLAB,3,DRY,N,0,46.815838342175944,8.404822419955204,0,ENG,ENG,0.4,0.3,0.5,0.8,0.6,97.4,6.1,0.1,899.6,,1018.7,,1490.1,1.8,95.0,1.1,4.0,6.5,1.7,6.1,0.0,,1.7,0.0,76.0,320.0,,,,0.0,0.037
129ea644-660f-4e28-b1b5-6ad36254a3b7,8.425551 46.770235,2023-05-19 09:00:00+02:00,3,EXPLOSIVE,SLAB,2,DRY,SE,56,46.74219078864517,8.411158511918948,0,TIT,TIT,-2.6,-2.9,-2.2,,,86.6,4.4,-4.5,697.8,,1020.6,3072.4,,12.1,134.0,8.6,31.0,43.6,11.7,42.1,,,,,638.0,,,,,,0.157
27d50482-68af-45c1-b95c-82786dd48176,7.97274 46.575625,2023-04-01 08:00:00.000 +0200,3,EXPLOSIVE,LOOSE_SNOW,1,DRY,N,69,46.575625,7.97274,1,JUN,JUN,-14.0,-14.1,-13.9,,,95.7,2.0,-14.5,644.5,,1003.6,2942.5,,25.3,304.0,13.2,47.5,91.1,22.7,81.7,,,,,149.0,254.0,,,,0.0,0.018
ff002b7f-49f5-4ba6-971a-c1b18578a2b6,8.389256 46.787371,2023-04-15 08:30:00+02:00,2,EXPLOSIVE,SLAB,1,DRY,N,48,46.7487391630384,8.347438757243928,0,TIT,TIT,-8.8,-8.9,-8.7,,,97.5,3.1,-9.1,685.0,,1003.2,2929.3,,13.4,306.0,10.3,37.1,48.2,12.9,46.4,,,,,285.0,,,,,,0.043
8500f990-d7a6-11ed-a8d1-4961cd70d9e1,8.209308 46.504515,2023-04-08 12:00:00+02:00,7,NATURAL,SLAB,4,WET,S,114,46.50430549562117,8.166206081281393,0,ULR,ULR,7.4,6.9,7.6,13.0,11.7,41.0,4.2,-5.0,865.6,,1017.9,,1497.1,11.4,81.0,4.1,14.8,41.0,10.7,38.5,,,0.0,0.0,885.0,236.0,,,103.0,60.0,0.407
8cc2e1b0-ecd3-11ed-8adc-7d70564ee41a,8.023437 46.573593,2023-05-06 12:00:00+02:00,10,NATURAL,SLAB,4,WET,,11,46.59668261616753,8.051093916119346,0,JUN,JUN,-2.9,-3.2,-2.5,,,70.1,3.5,-7.6,659.9,,1025.6,3105.1,,12.0,312.0,4.9,17.6,43.2,11.6,41.8,,,,,1034.0,211.0,,,,60.0,0.32
b463a2d6-9b9e-4b10-99b6-7308c06e3b30,8.423808 46.779796,2023-04-23 08:00:00+02:00,3,EXPLOSIVE,SLAB,1,DRY,N,0,46.816384288728194,8.392784301251698,0,ENG,ENG,8.2,7.3,9.1,10.0,7.9,90.8,9.8,6.8,893.9,,1012.3,,1450.9,1.7,135.0,0.7,2.5,6.1,1.6,5.8,0.0,,0.1,0.0,254.0,334.0,,,,10.0,0.124
87548817-41cb-4875-9f16-2dd62dfe20ab,8.382498 46.780197,2023-04-04 07:00:00+02:00,4,EXPLOSIVE,SLAB,2,DRY,NE,59,46.79667672467068,8.414867539934482,0,ENG,ENG,-3.7,-3.9,-3.3,-3.3,-3.4,89.3,4.2,-5.2,898.6,,1017.6,,1474.4,5.4,231.0,3.3,11.9,19.4,5.2,18.7,0.0,,0.0,0.0,44.0,289.0,,,,0.0,0.023
87548817-41cb-4875-9f16-2dd62dfe20ab,8.382498 46.780197,2023-04-02 07:00:00+02:00,4,EXPLOSIVE,SLAB,2,DRY,NE,138,46.756061096350784,8.361810091419834,0,TIT,TIT,-11.8,-11.9,-11.7,,,95.3,2.4,-12.4,688.8,,1008.4,2974.4,,8.9,313.0,5.2,18.7,32.0,8.8,31.7,,,,,127.0,,,,,,0.022
2a2d7868-aa56-44d4-b082-8c267cccfbe3,8.388637 46.786311,2023-04-16 07:30:00+02:00,2,EXPLOSIVE,LOOSE_SNOW,1,DRY,NW,136,46.79587879696712,8.358875972231042,0,ENG,ENG,0.4,0.3,0.5,0.4,0.1,96.9,6.1,0.0,899.4,,1018.4,,1488.0,2.5,94.0,1.4,5.0,9.0,2.3,8.3,0.0,,1.3,0.0,49.0,319.0,,,,0.0,0.026
23b16de7-0279-40fb-918f-75ed3769abf5,8.426264 46.778244,2023-05-17 07:00:00.000 +0200,4,EXPLOSIVE,SLAB,2,DRY,NE,134,46.778244,8.426264,1,TIT,TIT,-7.2,-7.3,-7.0,,,93.9,3.3,-8.0,694.2,,1015.8,3033.2,,23.4,50.0,12.0,43.2,84.2,21.1,76.0,,,,,147.0,,,,,,0.03
d68cc42c-2801-4238-bb58-3d963f2ab1ea,8.380899 46.782267,2023-04-04 07:00:00+02:00,4,EXPLOSIVE,SLAB,3,DRY,N,77,46.74983042634342,8.411240839590004,0,TIT,TIT,-13.3,-13.6,-13.1,,,20.2,0.5,-31.5,688.6,,1008.1,2972.7,,22.7,49.0,6.8,24.5,81.7,21.8,78.5,,,,,257.0,,,,,,0.081
97c5682e-950b-4c24-8c69-651f6ff3d0c8,8.035288 46.786336,2023-04-20 10:30:00+02:00,4,EXPLOSIVE,SLAB,2,DRY,S,43,46.78464096199833,8.029727420148562,0,BRZ,BRZ,,,,,,,,,944.5,,1010.8,,,5.0,258.0,1.5,5.4,18.0,4.9,17.6,,,0.5,,,,,,,,
9879b1f6-3d1c-4854-ae1b-1f0a970d5832,8.425218 46.770162,2023-05-18 09:30:00+02:00,2,EXPLOSIVE,SLAB,2,DRY,S,22,46.78821547870674,8.397481460740133,0,TIT,TIT,-1.6,-2.5,-0.9,,,77.4,4.2,-5.0,697.4,,1020.0,3067.6,,3.4,266.0,1.7,6.1,12.2,3.1,11.2,,,,,761.0,,,,,,0.279
1b05e8ea-984f-445d-8163-f5d970cfecf8,8.387973 46.785269,2023-04-13 07:00:00+02:00,4,EXPLOSIVE,SLAB,1,WET,NW,73,46.809260285362406,8.353407251141935,0,ENG,ENG,1.0,0.8,1.2,1.0,0.8,91.4,6.0,-0.3,890.0,,1008.0,,1405.3,3.7,153.0,1.1,4.0,13.3,3.4,12.2,0.0,,0.2,0.0,55.0,301.0,,,,0.0,0.03
b210fde3-14f2-42fc-8dc3-c8d01a9cf57a,8.425206 46.770128,2023-05-16 09:00:00.000 +0200,3,EXPLOSIVE,SLAB,2,DRY,S,164,46.770128,8.425206,1,TIT,TIT,-5.9,-6.0,-5.7,,,98.7,3.9,-6.0,691.9,,1012.6,3006.5,,16.7,14.0,9.2,33.1,60.1,15.8,56.9,,,,,330.0,,,,,,0.064
f4bbdd10-e717-11ed-acf0-f7b342f82229,7.841373 46.562945,2023-05-02 12:00:00+02:00,7,NATURAL,UNKNOWN,3,UNKNOWN,NW,116,46.574361391758146,7.861534414024851,0,INT,INT,13.9,13.3,14.4,26.4,23.8,63.0,10.0,7.0,953.7,1021.0,1021.9,,,4.6,32.0,2.1,7.6,16.6,4.4,15.8,0.0,,0.0,,720.0,,,,391.0,28.0,0.395
2f93ceb4-a841-42da-a6c1-1933628dbb83,8.385941 46.778747,2023-04-01 07:00:00+02:00,4,EXPLOSIVE,SLAB,2,DRY,NE,37,46.774026063770094,8.352711075195883,0,TIT,TIT,-10.8,-10.8,-10.6,,,97.0,2.6,-11.1,686.0,,1004.5,2941.7,,25.3,286.0,14.5,52.2,91.1,24.5,88.2,,,,,91.0,,,,,,0.013
2f93ceb4-a841-42da-a6c1-1933628dbb83,8.385941 46.778747,2023-04-03 07:00:00+02:00,4,EXPLOSIVE,SLAB,2,DRY,NE,0,46.80964489328817,8.390734326953913,0,ENG,ENG,0.5,0.3,0.8,0.5,0.3,96.9,6.1,0.1,900.4,,1019.5,,1497.3,6.2,239.0,3.4,12.2,22.3,5.6,20.2,0.0,,0.5,0.0,34.0,320.0,,,,0.0,0.02
e5f438a3-68c9-465f-a6d1-9ab6a2ebaf71,8.384832 46.783436,2023-04-03 08:00:00+02:00,3,EXPLOSIVE,SLAB,1,DRY,N,43,46.7968027123101,8.404694177709402,0,ENG,ENG,-0.1,-0.2,0.1,0.6,0.5,97.3,5.9,-0.4,900.7,,1019.9,,1498.5,6.4,226.0,3.9,14.0,23.0,6.1,22.0,0.0,,0.0,0.0,104.0,313.0,,,,0.0,0.036
e18fb476-2bc8-4cdf-829a-b6f36d7508bd,8.420851 46.780719,2023-04-25 00:00:00+02:00,6,NATURAL,SLAB,2,DRY,NW,2,46.80607373404701,8.425467543428585,0,ENG,ENG,4.9,4.7,5.1,3.9,3.8,82.3,7.1,2.2,894.1,,1012.6,,1447.8,4.3,81.0,1.6,5.8,15.5,4.2,15.1,0.0,,0.0,0.0,0.0,316.0,,,,0.0,0.002
37f6f440-e68a-11ed-9633-279e930b62b5,7.970158 46.5442,2023-05-02 12:00:00+02:00,7,NATURAL,SLAB,2,DRY,SE,231,46.5381973770703,7.947104353149821,0,JUN,JUN,-8.5,-9.3,-7.8,,,67.9,2.2,-13.6,656.8,,1021.3,3078.7,,10.8,317.0,5.5,19.8,38.9,10.1,36.4,,,,,1061.0,187.0,,,,49.0,0.243
3127a717-5395-4ff5-9722-0942f1737558,8.42626 46.777558,2023-04-16 06:30:00+02:00,5,EXPLOSIVE,SLAB,2,DRY,NE,233,46.77706398791454,8.417686980859418,0,TIT,TIT,-9.8,-9.9,-9.7,,,93.4,2.7,-10.7,692.3,,1013.1,3011.9,,10.6,343.0,2.7,9.7,38.2,10.1,36.4,,,,,29.0,,,,,,0.013
8b4032b5-5847-4489-a91a-a268f821bb88,8.425022 46.770122,2023-05-15 09:30:00.000 +0200,2,EXPLOSIVE,SLAB,2,DRY,S,162,46.770122,8.425022,1,TIT,TIT,-6.3,-6.6,-5.8,,,98.0,3.7,-6.6,693.2,,1014.3,3021.2,,7.5,355.0,2.6,9.4,27.0,7.1,25.6,,,,,461.0,,,,,,0.13
1360c83b-baa5-40fd-8967-adc55e27b8f8,8.035169 46.786944,2023-05-08 11:00:00.000 +0200,4,EXPLOSIVE,FULL_DEPTH,2,WET,SW,25,46.786944,8.035169,1,BRZ,BRZ,,,,,,,,,955.0,,1021.9,,,3.0,246.0,1.7,6.1,10.8,2.9,10.4,,,0.0,,,,,,,,
27d50482-68af-45c1-b95c-82786dd48176,7.97274 46.575625,2023-04-02 08:00:00+02:00,3,EXPLOSIVE,LOOSE_SNOW,1,DRY,N,69,46.55573442629656,7.944391121788267,0,JUN,JUN,-15.1,-15.4,-14.9,,,77.9,1.5,-18.1,647.3,,1007.6,2979.0,,6.8,315.0,5.0,18.0,24.5,6.7,24.1,,,,,458.0,150.0,,,,60.0,0.07
50374fe0-d439-11ed-a920-a702e6e7f311,8.245848 46.760908,2023-04-08 16:00:00+02:00,2,NATURAL,FULL_DEPTH,1,WET,SW,139,46.748596620938365,8.26865323764394,0,MER,MER,10.6,10.5,10.8,11.0,10.2,47.8,6.1,0.0,950.8,1020.0,1020.0,,,11.8,317.0,6.0,21.6,42.5,11.2,40.3,0.0,,0.0,,190.0,,,,183.0,0.0,0.18
c2674210-608f-480e-8889-772ed922cf40,8.384094 46.779592,2023-04-01 07:00:00+02:00,4,EXPLOSIVE,SLAB,2,DRY,NE,5,46.80667800975789,8.368278540135488,0,ENG,ENG,5.6,4.9,6.3,4.0,3.5,57.4,5.2,-2.2,890.2,,1008.3,,1413.8,6.9,360.0,1.9,6.8,24.8,6.7,24.1,0.0,,0.1,0.0,58.0,318.0,,,,0.0,0.059
40432ba0-e72a-11ed-8f49-75cb9dad9a7e,7.996764 46.557888,2023-05-01 12:00:00+02:00,7,NATURAL,SLAB,3,DRY,S,203,46.52970512456169,8.037900023517755,0,JUN,JUN,-6.3,-6.6,-6.0,,,94.6,3.6,-7.0,653.7,,1016.8,3036.8,,2.9,175.0,1.2,4.3,10.4,2.8,10.1,,,,,737.0,282.0,,,,0.0,0.244
a4ad0c82-16f6-4de1-af92-ac146cabf042,8.423474 46.779387,2023-05-02 07:30:00+02:00,4,EXPLOSIVE,SLAB,2,DRY,N,196,46.76769483213039,8.417263670844326,0,TIT,TIT,-6.7,-6.9,-6.5,,,97.5,3.6,-7.1,697.0,,1019.6,3064.7,,10.9,23.0,7.1,25.6,39.2,10.7,38.5,,,,,152.0,,,,,,0.033
97f65a13-9c8a-44c6-b5dc-c7c4d60fed1e,7.972757 46.575628,2023-04-16 07:30:00+02:00,2,EXPLOSIVE,SLAB,1,DRY,N,109,46.613041513137574,7.943692576144333,0,JUN,JUN,-12.2,-12.6,-11.9,,,92.2,2.2,-13.2,650.5,,1012.2,3010.1,,18.5,302.0,11.9,42.8,66.6,18.2,65.5,,,,,198.0,261.0,,,,0.0,0.027
ad918400-77b8-4908-b8c3-86205d723ff7,8.426238 46.77793,2023-04-26 07:30:00.000 +0200,2,EXPLOSIVE,SLAB,2,DRY,NE,198,46.77793,8.426238,1,TIT,TIT,-9.2,-9.2,-9.1,,,23.4,0.7,-26.4,692.4,,1013.2,3013.0,,14.7,275.0,9.8,35.3,52.9,14.4,51.8,,,,,381.0,,,,,,0.118
1851a448-559e-4572-8066-2824a030e41d,8.385872 46.778947,2023-04-14 07:30:00+02:00,2,EXPLOSIVE,LOOSE_SNOW,1,DRY,NE,165,46.76563616266283,8.395757221447207,0,TIT,TIT,-13.4,-13.7,-13.1,,,99.4,2.2,-13.5,684.7,,1002.8,2929.1,,9.3,318.0,3.0,10.8,33.5,8.9,32.0,,,,,121.0,,,,,,0.023
146fb98c-e881-4676-9e59-446d1d57d1c2,8.034003 46.784284,2023-04-21 10:30:00+02:00,4,EXPLOSIVE,SLAB,2,DRY,S,0,46.7654105762442,8.029287141518545,0,BRZ,BRZ,,,,,,,,,944.6,,1010.9,,,4.7,261.0,2.6,9.4,16.9,4.5,16.2,,,0.0,,,,,,,,
2ed09558-7716-4dda-935c-3c151ebe5b3b,8.238855 46.748629,2023-04-18 08:30:00+02:00,4,EXPLOSIVE,SLAB,1,DRY,NW,16,46.74497554308701,8.228105192087694,0,MER,MER,8.8,8.1,9.2,15.2,13.1,64.5,7.3,2.5,948.3,1017.8,1017.4,,,2.6,107.0,1.1,4.0,9.4,2.5,9.0,0.0,,0.0,,457.0,,,,103.0,60.0,0.207
26ffd848-b17b-4d9b-a93a-0d9106053d47,8.073009 46.53608,2023-05-22 12:00:00+02:00,7,PERSON,SLAB,3,DRY,,216,46.533501928690505,8.115958347612768,0,JUN,JUN,-1.9,-2.7,-0.9,,,77.6,4.2,-5.3,659.8,,1025.4,3101.8,,2.2,146.0,0.8,2.9,7.9,2.2,7.9,,,,,815.0,274.0,,,,8.0,0.335
26d0ed0c-b5fc-4983-9f76-b0f25e82ece7,8.388771 46.786265,2023-04-17 08:30:00+02:00,4,EXPLOSIVE,LOOSE_SNOW,1,DRY,NW,0,46.81066050030829,8.418429440570105,0,ENG,ENG,4.0,3.0,5.4,7.8,4.9,89.2,7.3,2.4,900.3,,1019.4,,1502.5,3.8,135.0,0.8,2.9,13.7,3.6,13.0,0.0,,0.0,0.0,430.0,288.0,,,,28.0,0.168
8d0101b0-de65-11ed-ad4d-6fea2397c693,7.846102 46.562407,2023-04-21 12:00:00+02:00,7,NATURAL,FULL_DEPTH,2,WET,S,140,46.51811200397713,7.815160808151692,0,INT,INT,9.4,8.5,9.9,14.5,11.3,74.8,8.8,5.2,944.0,1011.8,1011.6,,,9.7,292.0,4.7,16.9,34.9,9.3,33.5,0.0,,0.0,,478.0,,,,405.0,1.0,0.225
da27b6a6-0240-478c-9ff6-ab83983e37eb,8.426516 46.77779,2023-04-29 07:30:00.000 +0200,2,EXPLOSIVE,SLAB,2,DRY,NE,177,46.77779,8.426516,1,TIT,TIT,-2.8,-3.0,-2.6,,,99.3,4.9,-2.9,697.5,,1020.2,3069.6,,7.7,346.0,2.3,8.3,27.7,7.4,26.6,,,,,143.0,,,,,,0.049
68246170-d6db-11ed-8552-37fbec7ec321,8.370977 46.777677,2023-04-09 15:00:00+02:00,3,NATURAL,FULL_DEPTH,2,WET,S,103,46.781835793179575,8.3668199213505,0,ENG,ENG,10.1,9.5,10.6,17.8,17.3,55.2,6.8,1.5,901.6,,1020.9,,1524.7,10.2,282.0,4.7,16.9,36.7,9.0,32.4,0.0,,0.0,0.0,626.0,269.0,,,,60.0,0.305
68246170-d6db-11ed-8552-37fbec7ec321,8.370977 46.777677,2023-04-11 15:00:00+02:00,3,NATURAL,FULL_DEPTH,2,WET,S,15,46.74770682627914,8.350825884480454,0,TIT,TIT,-7.3,-7.4,-7.2,,,96.6,3.4,-7.8,694.5,,1016.1,3036.3,,12.5,284.0,8.4,30.2,45.0,12.3,44.3,,,,,288.0,,,,,,0.054
87548817-41cb-4875-9f16-2dd62dfe20ab,8.382498 46.780197,2023-04-03 07:00:00+02:00,4,EXPLOSIVE,SLAB,2,DRY,NE,47,46.79312898896443,8.350912191210014,0,ENG,ENG,0.5,0.3,0.8,0.5,0.3,96.9,6.1,0.1,900.4,,1019.5,,1497.3,6.2,239.0,3.4,12.2,22.3,5.6,20.2,0.0,,0.5,0.0,34.0,320.0,,,,0.0,0.02
8b4032b5-5847-4489-a91a-a268f821bb88,8.425022 46.770122,2023-05-16 09:30:00+02:00,2,EXPLOSIVE,SLAB,2,DRY,S,119,46.77531494013386,8.42053667586198,0,TIT,TIT,-5.9,-6.0,-5.7,,,98.7,3.9,-6.0,691.9,,1012.6,3006.5,,16.7,14.0,9.2,33.1,60.1,15.8,56.9,,,,,330.0,,,,,,0.064
50fbf8f0-dd0c-11ed-8f1e-7bb69ddca4ec,8.23687 46.747556,2023-04-19 12:00:00+02:00,5,NATURAL,SLAB,2,DRY,N,64,46.77112462803809,8.206967640599776,0,MER,MER,13.9,13.3,14.3,21.2,21.0,60.5,9.6,6.4,948.0,1016.1,1017.0,,,8.5,280.0,4.3,15.5,30.6,8.2,29.5,0.0,,0.0,,892.0,,,,138.0,60.0,0.463
a8219770-e77f-11ed-991c-c3bbd7ca6c9a,7.788493 46.554381,2023-04-29 15:11:00+02:00,0,NATURAL,SLAB,3,WET,NW,68,46.58069669225455,7.810334541771295,0,INT,INT,19.0,18.8,19.3,23.1,21.2,55.1,12.1,9.8,947.6,1013.3,1015.4,,,7.2,283.0,3.3,11.9,25.9,6.5,23.4,0.0,,0.0,,427.0,,,,267.0,30.0,0.301
1b05e8ea-984f-445d-8163-f5d970cfecf8,8.387973 46.785269,2023-04-14 07:00:00+02:00,4,EXPLOSIVE,SLAB,1,WET,NW,174,46.77365274023007,8.402942140991247,0,TIT,TIT,-13.4,-13.7,-13.1,,,99.4,2.2,-13.5,684.7,,1002.8,2929.1,,9.3,318.0,3.0,10.8,33.5,8.9,32.0,,,,,121.0,,,,,,0.023
a9add040-dd0c-11ed-8f1e-7bb69ddca4ec,8.245886 46.75731,2023-04-19 12:15:00+02:00,0,NATURAL,FULL_DEPTH,2,WET,S,69,46.75981999119618,8.240677383350173,0,MER,MER,13.9,13.3,14.3,21.2,21.0,60.5,9.6,6.4,948.0,1016.1,1017.0,,,8.5,280.0,4.3,15.5,30.6,8.2,29.5,0.0,,0.0,,892.0,,,,138.0,60.0,0.463
dda75b80-ddc2-11ed-b3b1-431b3c02902e,8.263291 46.74286,2023-04-17 14:30:00+02:00,1,SNOW_GROOMER,SLAB,3,DRY,SE,22,46.72574770326748,8.247815206406267,0,MER,MER,11.6,11.1,12.1,14.3,13.0,57.1,7.8,3.4,948.8,1017.6,1017.9,,,13.4,336.0,6.0,21.6,48.2,13.2,47.5,0.0,,0.0,,451.0,,,,342.0,10.0,0.264
8b4032b5-5847-4489-a91a-a268f821bb88,8.425022 46.770122,2023-05-17 09:30:00+02:00,2,EXPLOSIVE,SLAB,2,DRY,S,0,46.80429058360463,8.402819274299016,0,ENG,ENG,4.4,4.3,4.5,6.4,6.3,92.8,7.7,3.3,901.0,,1020.2,,1508.6,5.4,252.0,2.4,8.6,19.4,5.2,18.7,0.0,,0.0,0.0,128.0,327.0,,,,0.0,0.063
931d9d63-4823-45cb-940f-26620aa25be9,8.425244 46.779006,2023-04-13 07:30:00.000 +0200,2,EXPLOSIVE,SLAB,2,DRY,N,199,46.779006,8.425244,1,TIT,TIT,-13.5,-13.7,-13.0,,,100.0,2.2,-13.5,683.5,,1001.1,2915.8,,10.2,306.0,5.7,20.5,36.7,9.9,35.6,,,,,127.0,,,,,,0.019
e5f438a3-68c9-465f-a6d1-9ab6a2ebaf71,8.384832 46.783436,2023-04-02 08:00:00+02:00,3,EXPLOSIVE,SLAB,1,DRY,N,95,46.74996600151795,8.408386410815108,0,TIT,TIT,-11.6,-11.9,-11.3,,,99.0,2.5,-11.8,689.3,,1009.0,2979.5,,6.0,306.0,3.6,13.0,21.6,5.7,20.5,,,,,291.0,,,,,,0.053
4067dd0b-f3b4-40af-8872-12824f7b55a6,8.423024 46.779666,2023-04-01 07:00:00+02:00,4,EXPLOSIVE,SLAB,3,DRY,NE,63,46.74096135763596,8.411668969898225,0,TIT,TIT,-10.8,-10.8,-10.6,,,97.0,2.6,-11.1,686.0,,1004.5,2941.7,,25.3,286.0,14.5,52.2,91.1,24.5,88.2,,,,,91.0,,,,,,0.013
1851a448-559e-4572-8066-2824a030e41d,8.385872 46.778947,2023-04-15 07:30:00+02:00,2,EXPLOSIVE,LOOSE_SNOW,1,DRY,NE,138,46.76502301704172,8.408678745145178,0,TIT,TIT,-9.0,-9.1,-8.8,,,97.9,3.0,-9.3,685.0,,1003.1,2929.2,,13.6,300.0,9.7,34.9,49.0,13.3,47.9,,,,,147.0,,,,,,0.023
26d0ed0c-b5fc-4983-9f76-b0f25e82ece7,8.388771 46.786265,2023-04-16 08:30:00+02:00,4,EXPLOSIVE,LOOSE_SNOW,1,DRY,NW,144,46.78737094067665,8.421023657837893,0,TIT,TIT,-9.5,-9.6,-9.3,,,94.1,2.8,-10.3,692.7,,1013.7,3017.0,,7.6,16.0,3.6,13.0,27.4,7.1,25.6,,,,,249.0,,,,,,0.057
529f5410-e6a1-11ed-9300-179866ebe517,7.727729 46.504859,2023-04-30 17:00:00+02:00,3,UNKNOWN,UNKNOWN,1,WET,,15,46.50586505021482,7.7237249248224416,0,FRU,FRU,11.5,11.1,11.9,,,85.8,11.6,9.2,,,,,,5.0,18.0,1.6,5.8,18.0,4.8,17.3,,,1.4,,14.0,367.0,,,13.0,0.0,
bdf4c097-2315-413e-a320-168acfd62b21,8.380633 46.782526,2023-04-13 08:00:00+02:00,4,EXPLOSIVE,SLAB,3,DRY,N,71,46.771965230276635,8.367431992586235,0,TIT,TIT,-13.9,-14.2,-13.6,,,99.5,2.1,-14.0,683.4,,1001.0,2915.3,,10.1,299.0,5.4,19.4,36.4,9.8,35.3,,,,,212.0,,,,,,0.032
40432ba0-e72a-11ed-8f49-75cb9dad9a7e,7.996764 46.557888,2023-05-01 12:00:00+02:00,7,NATURAL,SLAB,3,DRY,S,230,46.528033667347906,7.9869247490500275,0,JUN,JUN,-6.3,-6.6,-6.0,,,94.6,3.6,-7.0,653.7,,1016.8,3036.8,,2.9,175.0,1.2,4.3,10.4,2.8,10.1,,,,,737.0,282.0,,,,0.0,0.244
59a9c34c-87a8-4479-9db9-c3a9d7e37faf,8.42632 46.777873,2023-04-26 07:00:00+02:00,3,EXPLOSIVE,SLAB,2,DRY,NE,0,46.80642707224736,8.408288793930037,0,ENG,ENG,0.6,-0.3,2.6,0.4,-2.2,89.2,5.7,-1.0,898.0,,1016.9,,1475.9,4.9,96.0,1.9,6.8,17.6,4.7,16.9,0.0,,0.0,0.0,232.0,233.0,,,,31.0,0.076
34e33f73-9c60-4cff-be3e-9f199f5b9d9e,8.385879 46.778707,2023-04-16 05:00:00+02:00,3,EXPLOSIVE,UNKNOWN,2,DRY,NE,106,46.75448578842781,8.40556954463117,0,TIT,TIT,-9.8,-10.0,-9.7,,,94.3,2.8,-10.6,691.9,,1012.6,3008.0,,13.0,336.0,3.9,14.0,46.8,12.7,45.7,,,,,0.0,,,,,,0.0
1aca9480-d131-11ed-bb43-5ff35461761d,8.354817 46.766741,2023-04-02 12:00:00+02:00,10,NATURAL,SLAB,3,DRY,NW,97,46.76118325265842,8.385632354026745,0,TIT,TIT,-10.5,-10.6,-10.3,,,93.9,2.6,-11.3,691.2,,1011.6,3000.3,,4.0,317.0,1.8,6.5,14.4,3.8,13.7,,,,,713.0,,,,,,0.173
97f65a13-9c8a-44c6-b5dc-c7c4d60fed1e,7.972757 46.575628,2023-04-17 07:30:00+02:00,2,EXPLOSIVE,SLAB,1,DRY,N,119,46.55783298687217,7.95517532012271,0,JUN,JUN,-12.2,-12.6,-11.9,,,76.7,1.8,-15.5,651.9,,1014.3,3028.0,,12.4,40.0,5.8,20.9,44.6,12.0,43.2,,,,,277.0,161.0,,,,57.0,0.052
1bb8250c-f575-4cb3-84c9-194ae951bc8a,7.944832 46.554569,2023-05-03 12:00:00+02:00,7,NATURAL,UNKNOWN,4,WET,,264,46.543024508308626,7.977371802048,0,JUN,JUN,-2.9,-3.9,-2.2,,,31.6,1.5,-17.7,660.3,,1026.2,3109.8,,10.1,23.0,3.9,14.0,36.4,9.6,34.6,,,,,1046.0,185.0,,,,60.0,0.365
27d50482-68af-45c1-b95c-82786dd48176,7.97274 46.575625,2023-04-01 08:00:00+02:00,3,EXPLOSIVE,LOOSE_SNOW,1,DRY,N,187,46.56571088471114,7.998959648764687,0,JUN,JUN,-14.0,-14.1,-13.9,,,95.7,2.0,-14.5,644.5,,1003.6,2942.5,,25.3,304.0,13.2,47.5,91.1,22.7,81.7,,,,,149.0,254.0,,,,0.0,0.018
35750744-ea24-4b2e-81ea-9ce6b475ccb9,8.42211 46.780566,2023-04-16 06:30:00+02:00,5,EXPLOSIVE,SLAB,2,DRY,N,91,46.79218639685352,8.384584135802506,0,ENG,ENG,0.3,0.1,0.4,0.1,0.0,97.4,6.1,-0.1,899.2,,1018.2,,1486.3,2.0,90.0,1.0,3.6,7.2,1.8,6.5,0.0,,1.0,0.0,5.0,316.0,,,,0.0,0.014
9793e5e8-7a24-425c-8b33-04a387b5aa44,8.40304 46.792701,2023-04-01 06:30:00.000 +0200,2,EXPLOSIVE,SLAB,1,DRY,NW,66,46.792701,8.40304,1,ENG,ENG,5.0,3.8,6.1,3.4,2.7,61.2,5.3,-2.0,890.1,,1008.1,,1411.6,8.7,41.0,2.3,8.3,31.3,8.3,29.9,0.0,,0.0,0.0,7.0,315.0,,,,0.0,0.045
37f6f440-e68a-11ed-9633-279e930b62b5,7.970158 46.5442,2023-04-29 12:00:00.000 +0200,7,NATURAL,SLAB,2,DRY,SE,265,46.5442,7.970158,1,JUN,JUN,-5.4,-5.5,-5.3,,,87.5,3.6,-7.1,657.1,,1021.7,3076.0,,7.0,314.0,4.4,15.8,25.2,6.5,23.4,,,,,974.0,244.0,,,,36.0,0.263
da27b6a6-0240-478c-9ff6-ab83983e37eb,8.426516 46.77779,2023-04-29 07:30:00+02:00,2,EXPLOSIVE,SLAB,2,DRY,NE,0,46.80494464493891,8.390211509935208,0,ENG,ENG,9.5,9.1,10.0,10.0,8.8,88.8,10.5,7.7,898.7,,1017.7,,1497.0,2.9,117.0,0.8,2.9,10.4,2.7,9.7,0.0,,0.0,0.0,150.0,334.0,,,,0.0,0.078
ad918400-77b8-4908-b8c3-86205d723ff7,8.426238 46.77793,2023-04-28 07:30:00+02:00,2,EXPLOSIVE,SLAB,2,DRY,NE,138,46.77165246472473,8.422616858936166,0,TIT,TIT,-1.2,-1.4,-0.7,,,99.9,5.6,-1.2,698.5,,1021.5,3080.9,,23.3,274.0,11.7,42.1,83.9,22.6,81.4,,,,,112.0,,,,,,0.025
c1bf9390-dd0b-11ed-8f1e-7bb69ddca4ec,8.237684 46.748368,2023-04-17 12:00:00+02:00,7,NATURAL,SLAB,2,DRY,NW,72,46.758775822927305,8.2289016590543,0,MER,MER,11.6,11.2,11.9,19.5,18.3,60.7,8.3,4.2,949.4,1018.2,1018.5,,,8.4,327.0,3.8,13.7,30.2,8.1,29.2,0.0,,0.0,,848.0,,,,368.0,39.0,0.412
1a787419-5802-4808-a192-fbe672afe523,8.389757 46.787324,2023-04-17 08:30:00+02:00,4,EXPLOSIVE,LOOSE_SNOW,2,DRY,N,33,46.74894421824834,8.386320567109646,0,TIT,TIT,-9.6,-9.7,-9.4,,,91.6,2.7,-10.7,694.0,,1015.4,3030.7,,16.1,31.0,6.3,22.7,58.0,15.2,54.7,,,,,296.0,,,,,,0.057
59a9c34c-87a8-4479-9db9-c3a9d7e37faf,8.42632 46.777873,2023-04-27 07:00:00+02:00,3,EXPLOSIVE,SLAB,2,DRY,NE,43,46.74932779410131,8.391337328737327,0,TIT,TIT,-7.2,-7.3,-7.1,,,89.9,3.2,-8.6,696.2,,1018.4,3055.0,,8.5,238.0,4.7,16.9,30.6,8.4,30.2,,,,,272.0,,,,,,0.062
ad918400-77b8-4908-b8c3-86205d723ff7,8.426238 46.77793,2023-04-28 07:30:00+02:00,2,EXPLOSIVE,SLAB,2,DRY,NE,53,46.73540588930695,8.417090818412149,0,TIT,TIT,-1.2,-1.4,-0.7,,,99.9,5.6,-1.2,698.5,,1021.5,3080.9,,23.3,274.0,11.7,42.1,83.9,22.6,81.4,,,,,112.0,,,,,,0.025
8339db4e-32c5-49bd-ae04-41feeaf45eaa,8.420784 46.781168,2023-04-12 07:00:00.000 +0200,3,EXPLOSIVE,SLAB,2,DRY,N,142,46.781168,8.420784,1,TIT,TIT,-4.6,-4.7,-4.5,,,99.0,4.3,-4.8,690.1,,1010.2,2985.8,,25.3,268.0,12.0,43.2,91.1,24.2,87.1,,,,,99.0,,,,,,0.019
bc76da5f-d990-4bb2-a099-1ab0703da0a4,8.422538 46.779775,2023-05-03 07:30:00+02:00,4,EXPLOSIVE,SLAB,2,DRY,N,0,46.80591048878997,8.402724752707503,0,ENG,ENG,4.0,2.3,6.3,4.4,0.7,91.4,7.4,2.7,903.9,,1023.4,,1534.5,2.9,95.0,1.2,4.3,10.4,2.7,9.7,0.0,,0.0,0.0,245.0,252.0,,,,32.0,0.094
8b5b35b0-dd0c-11ed-8f1e-7bb69ddca4ec,8.229566 46.753026,2023-04-20 12:30:00+02:00,0,NATURAL,FULL_DEPTH,2,WET,SE,72,46.752261923034006,8.252463483458229,0,MER,MER,6.3,6.2,6.4,8.0,7.3,86.6,8.3,4.3,941.8,1011.4,1010.5,,,3.1,291.0,1.2,4.3,11.2,3.1,11.2,0.0,,0.8,,139.0,,,,127.0,0.0,0.078
8b5b35b0-dd0c-11ed-8f1e-7bb69ddca4ec,8.229566 46.753026,2023-04-19 12:30:00+02:00,0,NATURAL,FULL_DEPTH,2,WET,SE,0,46.74052985668796,8.195147171748467,0,MER,MER,13.9,13.3,14.3,21.2,21.0,60.5,9.6,6.4,948.0,1016.1,1017.0,,,8.5,280.0,4.3,15.5,30.6,8.2,29.5,0.0,,0.0,,892.0,,,,138.0,60.0,0.463
26d0ed0c-b5fc-4983-9f76-b0f25e82ece7,8.388771 46.786265,2023-04-17 08:30:00+02:00,4,EXPLOSIVE,LOOSE_SNOW,1,DRY,NW,0,46.82483657095532,8.422452102312546,0,ENG,ENG,4.0,3.0,5.4,7.8,4.9,89.2,7.3,2.4,900.3,,1019.4,,1502.5,3.8,135.0,0.8,2.9,13.7,3.6,13.0,0.0,,0.0,0.0,430.0,288.0,,,,28.0,0.168
ff002b7f-49f5-4ba6-971a-c1b18578a2b6,8.389256 46.787371,2023-04-14 08:30:00.000 +0200,2,EXPLOSIVE,SLAB,1,DRY,N,125,46.787371,8.389256,1,ENG,ENG,1.2,0.8,1.7,1.5,0.4,85.8,5.7,-1.0,891.7,,1009.9,,1421.1,5.4,267.0,2.3,8.3,19.4,5.3,19.1,0.0,,0.0,7.0,184.0,295.0,,,,0.0,0.073
ae543637-3b77-4592-997d-c9f3fc4c3078,8.424992 46.778957,2023-04-28 07:30:00+02:00,2,EXPLOSIVE,SLAB,2,DRY,N,100,46.78260829782501,8.4057100831422,0,TIT,TIT,-1.2,-1.4,-0.7,,,99.9,5.6,-1.2,698.5,,1021.5,3080.9,,23.3,274.0,11.7,42.1,83.9,22.6,81.4,,,,,112.0,,,,,,0.025
2a2d7868-aa56-44d4-b082-8c267cccfbe3,8.388637 46.786311,2023-04-13 07:30:00+02:00,2,EXPLOSIVE,LOOSE_SNOW,1,DRY,NW,27,46.75243426802704,8.365470510587059,0,TIT,TIT,-13.5,-13.7,-13.0,,,100.0,2.2,-13.5,683.5,,1001.1,2915.8,,10.2,306.0,5.7,20.5,36.7,9.9,35.6,,,,,127.0,,,,,,0.019
