avalanche_id,location,trigger_date_time,trigger_date_time_accuracy_code,trigger_type,avalanche_type,avalanche_size,avalanche_moisture,start_zone_aspect,snow_depth_sat,lat,lon,Avalanche Event,elevation,gradient_x,gradient_y,gradient_magnitude,aspect,closest_station,station_abbr,tre200h0,tre200hn,tre200hx,tre005h0,tre005hn,ure200h0,pva200h0,tde200h0,prestah0,pp0qffh0,pp0qnhh0,ppz700h0,ppz850h0,fkl010h1,dkl010h0,fkl010h0,fu3010h0,fu3010h1,fkl010h3,fu3010h3,wcc006h0,fve010h0,rre150h0,htoauths,gre000h0,oli000h0,olo000h0,osr000h0,ods000h0,sre000h0,erefaoh0
f7fca170-d124-11ed-9f3d-c1122c0370be,8.243319 46.765333,2023-04-04 12:00:00+02:00,10,NATURAL,SLAB,3,WET,SW,0,46.72977722161878,8.226620245230178,0,663.5375366210938,253.45458984375,-223.0224609375,337.6066456624962,228.65446231827414,MER,MER,5.2,4.8,5.5,12.0,11.7,54.3,4.8,-3.3,949.9,1020.4,1019.1,,,11.9,332.0,4.8,17.3,42.8,11.2,40.3,0.0,,0.0,,847.0,,,,134.0,60.0,0.327
1a787419-5802-4808-a192-fbe672afe523,8.389757 46.787324,2023-04-19 08:30:00+02:00,4,EXPLOSIVE,LOOSE_SNOW,2,DRY,N,0,46.81973692538078,8.388602382914009,0,758.95947265625,240.49072265625,-189.1845703125,305.9846226986752,231.80926576125458,ENG,ENG,7.0,5.8,8.3,15.6,12.7,76.2,7.6,3.1,900.1,,1019.2,,1505.6,4.8,204.0,1.9,6.8,17.3,4.1,14.8,0.0,,0.0,0.0,545.0,295.0,,,,55.0,0.227
20077a30-ec16-11ed-aa20-6507e99101f4,8.022203 46.505884,2023-05-08 14:00:00+02:00,0,PERSON,SLAB,2,WET,E,164,46.515048468608896,8.0013930233208,0,650.5775756835938,-1095.88623046875,1869.32373046875,2166.8728249310366,30.38085436477163,JUN,JUN,-2.5,-2.9,-1.8,,,95.9,4.9,-3.1,660.9,,1027.0,3116.6,,3.8,307.0,2.1,7.6,13.7,3.8,13.7,,,,,790.0,294.0,,,,2.0,0.277
a8219770-e77f-11ed-991c-c3bbd7ca6c9a,7.788493 46.554381,2023-04-29 15:11:00.000 +0200,0,NATURAL,SLAB,3,WET,NW,102,46.554381,7.788493,1,647.3303833007812,-2223.6328125,274.98779296875,2240.571617045187,82.95025220388905,FRU,FRU,17.5,17.3,17.8,,,59.4,11.9,9.5,,,,,,6.5,57.0,3.3,11.9,23.4,6.2,22.3,,,0.0,,318.0,350.0,,,288.0,0.0,
c8a8b700-feb1-11ed-b35a-bf420b8ac344,8.01247 46.561817,2023-05-31 12:00:00+02:00,6,PERSON,SLAB,2,DRY,SE,287,46.55813844220543,7.997351381372742,0,635.66162109375,158.31298828125,1683.7646484375,1691.1908211631226,354.62865690423575,JUN,JUN,-1.7,-1.9,-1.4,,,90.4,4.9,-3.0,660.3,,1026.3,3108.6,,6.4,150.0,5.3,19.1,23.0,6.3,22.7,,,,,705.0,289.0,,,,1.0,0.218
f7fca170-d124-11ed-9f3d-c1122c0370be,8.243319 46.765333,2023-04-01 12:00:00+02:00,10,NATURAL,SLAB,3,WET,SW,39,46.800173371606334,8.253991048674202,0,686.813720703125,403.1982421875,-696.09375,804.434789956372,210.08070106759442,GIH,GIH,11.4,10.4,12.2,,,58.2,7.9,3.5,953.8,1008.9,1009.0,,,8.9,233.0,3.9,14.0,32.0,8.6,31.0,0.0,,0.0,,426.0,,,,400.0,0.0,0.247
68246170-d6db-11ed-8552-37fbec7ec321,8.370977 46.777677,2023-04-11 15:00:00+02:00,3,NATURAL,FULL_DEPTH,2,WET,S,121,46.76007055212867,8.364385437670212,0,726.5720825195312,-187.31689453125,-186.9873046875,264.67314010138506,134.94954878364692,TIT,TIT,-7.3,-7.4,-7.2,,,96.6,3.4,-7.8,694.5,,1016.1,3036.3,,12.5,284.0,8.4,30.2,45.0,12.3,44.3,,,,,288.0,,,,,,0.054
8500f990-d7a6-11ed-a8d1-4961cd70d9e1,8.209308 46.504515,2023-04-09 12:00:00+02:00,7,NATURAL,SLAB,4,WET,S,18,46.50812217824683,8.245563785089052,0,692.22216796875,-742.67578125,477.57568359375,882.9755656955267,57.257063643451936,ULR,ULR,9.9,9.4,10.4,16.3,15.1,25.9,3.2,-8.8,867.1,,1019.6,,1513.0,6.4,57.0,2.5,9.0,23.0,6.3,22.7,,,0.0,0.0,904.0,232.0,,,89.0,60.0,0.471
b6bd2020-dd0b-11ed-8f1e-7bb69ddca4ec,8.237321 46.747742,2023-04-17 12:00:00+02:00,7,NATURAL,SLAB,2,DRY,N,92,46.75656603669208,8.231299577158895,0,665.3953247070312,811.669921875,-239.0625,846.1435699589158,253.58862886501484,MER,MER,11.6,11.2,11.9,19.5,18.3,60.7,8.3,4.2,949.4,1018.2,1018.5,,,8.4,327.0,3.8,13.7,30.2,8.1,29.2,0.0,,0.0,,848.0,,,,368.0,39.0,0.412
110f1420-d9f1-11ed-8014-25b7abf6ec82,8.252181 46.759933,2023-04-15 02:00:00+02:00,4,NATURAL,FULL_DEPTH,2,WET,S,95,46.79763670514703,8.257985159833883,0,687.6819458007812,1468.32275390625,-450.87890625,1535.9894198008105,252.92981158091368,GIH,GIH,6.6,5.5,7.2,,,86.2,8.4,4.4,952.6,1008.7,1007.8,,,4.4,51.0,1.4,5.0,15.8,4.3,15.5,0.0,,0.0,,0.0,,,,0.0,0.0,0.0
11f734d7-e1b6-4c3b-8fe6-abdd0b39cea0,8.385873 46.778735,2023-04-13 08:00:00+02:00,4,EXPLOSIVE,SLAB,2,DRY,NE,0,46.815604208659046,8.375087100204999,0,748.3190307617188,1033.92333984375,-1274.6337890625,1641.2461024762497,219.0473488067359,ENG,ENG,1.6,1.2,2.2,2.0,1.2,83.2,5.7,-1.0,890.0,,1008.0,,1406.2,2.7,74.0,0.9,3.2,9.7,2.5,9.0,0.0,,0.1,0.0,126.0,298.0,,,,0.0,0.059
11f734d7-e1b6-4c3b-8fe6-abdd0b39cea0,8.385873 46.778735,2023-04-13 08:00:00+02:00,4,EXPLOSIVE,SLAB,2,DRY,NE,9,46.80642056096783,8.369603392409827,0,741.603271484375,1728.80859375,644.0185546875,1844.8683022388425,290.431449438957,ENG,ENG,1.6,1.2,2.2,2.0,1.2,83.2,5.7,-1.0,890.0,,1008.0,,1406.2,2.7,74.0,0.9,3.2,9.7,2.5,9.0,0.0,,0.1,0.0,126.0,298.0,,,,0.0,0.059
71d13516-3cdb-4e54-a1af-c88570197f00,8.424437 46.779206,2023-04-17 06:30:00+02:00,5,EXPLOSIVE,SLAB,1,DRY,N,212,46.76308587245926,8.407039318343248,0,749.085693359375,811.56005859375,925.59814453125,1231.0002655825806,318.75586943473036,TIT,TIT,-9.4,-9.4,-9.3,,,95.4,2.9,-10.0,693.7,,1015.0,3028.0,,15.7,25.0,8.0,28.8,56.5,14.6,52.6,,,,,38.0,,,,,,0.012
b121901c-cb98-4082-b65b-7aa17e40b945,8.420495 46.780984,2023-04-17 08:00:00+02:00,4,EXPLOSIVE,SLAB,2,DRY,NE,58,46.78887000099456,8.402300498311572,0,750.3461303710938,1283.75244140625,487.353515625,1373.1473992287042,290.78836473645504,TIT,TIT,-9.6,-9.7,-9.4,,,91.6,2.7,-10.7,694.0,,1015.4,3030.7,,16.1,31.0,6.3,22.7,58.0,15.2,54.7,,,,,296.0,,,,,,0.057
f7fca170-d124-11ed-9f3d-c1122c0370be,8.243319 46.765333,2023-04-01 12:00:00+02:00,10,NATURAL,SLAB,3,WET,SW,58,46.738025250114084,8.244063903197842,0,670.4094848632812,1820.4345703125,-96.56982421875,1822.9941732596121,266.96343823950644,MER,MER,9.8,8.5,10.7,15.5,11.8,65.6,7.9,3.6,940.8,1009.5,1009.4,,,4.8,117.0,2.7,9.7,17.3,4.7,16.9,0.0,,0.0,,762.0,,,,455.0,26.0,0.354
b2ae7f83-144e-4307-bbca-2bcde419c704,8.384786 46.783437,2023-04-19 08:30:00+02:00,4,EXPLOSIVE,LOOSE_SNOW,1,DRY,N,73,46.7465893895851,8.394025171726607,0,733.56689453125,482.51953125,-6761.75537109375,6778.949829918562,184.08171348225991,TIT,TIT,-6.5,-6.7,-6.4,,,78.4,3.0,-9.7,696.0,,1018.1,3052.4,,9.7,308.0,7.0,25.2,34.9,9.4,33.8,,,,,545.0,,,,,,0.12
850fbf08-4de4-4e22-97a7-6ee73d0c55e0,8.423568 46.779438,2023-04-28 07:30:00+02:00,2,EXPLOSIVE,SLAB,2,DRY,N,85,46.790335575440906,8.417102015972278,0,761.6185913085938,1246.2890625,236.42578125,1268.5162897443618,280.7415869488907,TIT,TIT,-1.2,-1.4,-0.7,,,99.9,5.6,-1.2,698.5,,1021.5,3080.9,,23.3,274.0,11.7,42.1,83.9,22.6,81.4,,,,,112.0,,,,,,0.025
26d0ed0c-b5fc-4983-9f76-b0f25e82ece7,8.388771 46.786265,2023-04-16 08:30:00+02:00,4,EXPLOSIVE,LOOSE_SNOW,1,DRY,NW,249,46.76850456681709,8.389328773840944,0,737.4782104492188,-2.63671875,-957.45849609375,957.4621266806704,179.84221511965973,TIT,TIT,-9.5,-9.6,-9.3,,,94.1,2.8,-10.3,692.7,,1013.7,3017.0,,7.6,16.0,3.6,13.0,27.4,7.1,25.6,,,,,249.0,,,,,,0.057
34e33f73-9c60-4cff-be3e-9f199f5b9d9e,8.385879 46.778707,2023-04-16 05:00:00+02:00,3,EXPLOSIVE,UNKNOWN,2,DRY,NE,119,46.77136281644256,8.34672974783297,0,721.27978515625,1297.9248046875,-322.22900390625,1337.3258128001191,256.05736767673875,TIT,TIT,-9.8,-10.0,-9.7,,,94.3,2.8,-10.6,691.9,,1012.6,3008.0,,13.0,336.0,3.9,14.0,46.8,12.7,45.7,,,,,0.0,,,,,,0.0
c7cfde41-7339-4d2c-afdf-9006721cfe7f,8.419526 46.781209,2023-04-04 07:00:00+02:00,4,EXPLOSIVE,SLAB,2,DRY,NW,114,46.754102033962745,8.420347799545972,0,756.4898681640625,1133.1298828125,-1849.54833984375,2169.0579505263204,211.49381086272018,TIT,TIT,-13.3,-13.6,-13.1,,,20.2,0.5,-31.5,688.6,,1008.1,2972.7,,22.7,49.0,6.8,24.5,81.7,21.8,78.5,,,,,257.0,,,,,,0.081
50fbf8f0-dd0c-11ed-8f1e-7bb69ddca4ec,8.23687 46.747556,2023-04-18 12:00:00+02:00,5,NATURAL,SLAB,2,DRY,N,40,46.78592788157284,8.194684068253238,0,669.4378662109375,349.365234375,-2002.587890625,2032.8340627478146,189.8960488996267,MER,MER,14.6,13.7,15.7,22.4,22.0,50.9,8.5,4.5,947.4,1015.3,1016.4,,,7.5,294.0,2.8,10.1,27.0,7.3,26.3,0.0,,0.0,,876.0,,,,114.0,60.0,0.485
3a0dd0e2-9199-4139-bb1e-3327bd98128b,8.425944 46.778157,2023-04-13 07:00:00+02:00,3,EXPLOSIVE,SLAB,2,DRY,NE,44,46.7853800248868,8.407440389121415,0,752.0955810546875,-384.7412109375,-702.9052734375,801.3124377044827,151.3055308258524,TIT,TIT,-13.5,-13.7,-13.0,,,100.0,2.2,-13.5,683.5,,1001.1,2915.8,,10.2,306.0,5.7,20.5,36.7,9.9,35.6,,,,,127.0,,,,,,0.019
23b16de7-0279-40fb-918f-75ed3769abf5,8.426264 46.778244,2023-05-20 07:00:00+02:00,4,EXPLOSIVE,SLAB,2,DRY,NE,111,46.76423084578571,8.383649017231033,0,740.6497192382812,-1825.927734375,188.19580078125,1835.6006511743005,84.11538366181334,TIT,TIT,-1.4,-2.0,-0.5,,,83.7,4.6,-3.8,696.2,,1018.4,3054.6,,16.0,139.0,11.3,40.7,57.6,15.4,55.4,,,,,346.0,,,,,,0.092
ff002b7f-49f5-4ba6-971a-c1b18578a2b6,8.389256 46.787371,2023-04-16 08:30:00+02:00,2,EXPLOSIVE,SLAB,1,DRY,N,66,46.75654739116568,8.39906867561318,0,749.7600708007812,24.3896484375,-1100.6103515625,1100.8805570621341,181.2694731065244,TIT,TIT,-9.5,-9.6,-9.3,,,94.1,2.8,-10.3,692.7,,1013.7,3017.0,,7.6,16.0,3.6,13.0,27.4,7.1,25.6,,,,,249.0,,,,,,0.057
f7fca170-d124-11ed-9f3d-c1122c0370be,8.243319 46.765333,2023-04-01 12:00:00+02:00,10,NATURAL,SLAB,3,WET,SW,59,46.77050519414526,8.237613337279061,0,670.784423828125,1087.53662109375,-507.67822265625,1200.1971004711766,244.97613592409058,MER,MER,9.8,8.5,10.7,15.5,11.8,65.6,7.9,3.6,940.8,1009.5,1009.4,,,4.8,117.0,2.7,9.7,17.3,4.7,16.9,0.0,,0.0,,762.0,,,,455.0,26.0,0.354
23b16de7-0279-40fb-918f-75ed3769abf5,8.426264 46.778244,2023-05-18 07:00:00+02:00,4,EXPLOSIVE,SLAB,2,DRY,NE,0,46.820581527685114,8.415246707724728,0,770.084228515625,-1403.61328125,-787.2802734375,1609.3291994633094,119.28786768372896,ENG,ENG,4.2,3.9,4.5,6.0,5.9,96.1,7.9,3.6,900.5,,1019.6,,1504.2,3.5,231.0,2.0,7.2,12.6,3.4,12.2,0.0,,0.0,0.0,99.0,328.0,,,,0.0,0.047
87548817-41cb-4875-9f16-2dd62dfe20ab,8.382498 46.780197,2023-04-02 07:00:00+02:00,4,EXPLOSIVE,SLAB,2,DRY,NE,6,46.80838761321729,8.391270939411623,0,753.8237915039062,-287.51220703125,1399.98779296875,1429.2057548350035,11.605340165070487,ENG,ENG,1.5,0.9,2.3,0.8,-0.5,92.6,6.3,0.5,894.4,,1012.9,,1445.3,3.5,90.0,0.9,3.2,12.6,3.3,11.9,0.0,,0.0,0.0,95.0,251.0,,,,6.0,0.037
c2674210-608f-480e-8889-772ed922cf40,8.384094 46.779592,2023-04-01 07:00:00.000 +0200,4,EXPLOSIVE,SLAB,2,DRY,NE,92,46.779592,8.384094,1,739.6619873046875,617.54150390625,1249.8046875,1394.047799016865,333.7055433096777,TIT,TIT,-10.8,-10.8,-10.6,,,97.0,2.6,-11.1,686.0,,1004.5,2941.7,,25.3,286.0,14.5,52.2,91.1,24.5,88.2,,,,,91.0,,,,,,0.013
367958a0-d439-11ed-a920-a702e6e7f311,8.242864 46.759718,2023-04-08 15:00:00+02:00,2,NATURAL,FULL_DEPTH,1,WET,S,0,46.71915862147593,8.25314518046974,0,675.0844116210938,659.94873046875,-1500.40283203125,1639.1281173888483,203.74218316551497,MER,MER,11.1,10.9,11.2,13.1,12.6,48.0,6.3,0.5,950.5,1019.5,1019.7,,,12.6,321.0,6.9,24.8,45.4,12.2,43.9,0.0,,0.0,,371.0,,,,292.0,6.0,0.249
514e8b36-8761-43bc-a150-8a7eaeb0c925,8.038115 46.78053,2023-05-11 11:00:00+02:00,4,EXPLOSIVE,FULL_DEPTH,1,WET,NW,0,46.752599798177734,7.993816937914753,0,616.4014282226562,1200.47607421875,-1575.54931640625,1980.7822831396345,217.30527235958658,BRZ,BRZ,,,,,,,,,948.8,,1015.3,,,4.3,254.0,1.0,3.6,15.5,4.1,14.8,,,0.0,,,,,,,,
b121901c-cb98-4082-b65b-7aa17e40b945,8.420495 46.780984,2023-04-16 08:00:00.000 +0200,4,EXPLOSIVE,SLAB,2,DRY,NE,180,46.780984,8.420495,1,759.96630859375,419.23828125,-252.24609375,489.27377640497747,238.96563872299566,TIT,TIT,-9.5,-9.6,-9.3,,,94.1,2.8,-10.3,692.7,,1013.7,3017.0,,7.6,16.0,3.6,13.0,27.4,7.1,25.6,,,,,249.0,,,,,,0.057
1360c83b-baa5-40fd-8967-adc55e27b8f8,8.035169 46.786944,2023-05-09 11:00:00+02:00,4,EXPLOSIVE,FULL_DEPTH,2,WET,SW,1,46.77170691173806,8.00571163441564,0,609.66845703125,-998.54736328125,-91.845703125,1002.762419468571,95.2552397603452,BRZ,BRZ,,,,,,,,,948.7,,1015.2,,,4.2,258.0,2.5,9.0,15.1,4.1,14.8,,,0.0,,,,,,,,
8b4032b5-5847-4489-a91a-a268f821bb88,8.425022 46.770122,2023-05-16 09:30:00+02:00,2,EXPLOSIVE,SLAB,2,DRY,S,13,46.73068704307505,8.399853195177739,0,731.2901611328125,-2749.98779296875,1176.30615234375,2991.0080283273887,66.84120243758753,TIT,TIT,-5.9,-6.0,-5.7,,,98.7,3.9,-6.0,691.9,,1012.6,3006.5,,16.7,14.0,9.2,33.1,60.1,15.8,56.9,,,,,330.0,,,,,,0.064
d68cc42c-2801-4238-bb58-3d963f2ab1ea,8.380899 46.782267,2023-04-03 07:00:00+02:00,4,EXPLOSIVE,SLAB,3,DRY,N,132,46.785147969635894,8.424671359951066,0,767.029541015625,806.94580078125,-2020.49560546875,2175.675531212553,201.7707858366612,TIT,TIT,-11.1,-11.4,-10.6,,,93.9,2.5,-11.9,692.7,,1013.6,3017.2,,10.4,32.0,6.3,22.7,37.4,9.9,35.6,,,,,76.0,,,,,,0.018
a94851d0-e58a-11ed-94a2-bf37c1703856,7.5461 46.68465,2023-04-27 12:00:00+02:00,7,NATURAL,SLAB,2,UNKNOWN,SW,0,46.72815642317309,7.587960465239132,0,561.6937866210938,-485.595703125,167.431640625,513.6502128645935,70.97599194819337,THU,THU,16.7,16.1,17.2,,,50.7,9.6,6.4,950.8,1016.2,1017.8,,,4.4,332.0,1.9,6.8,15.8,4.3,15.5,,,0.0,,903.0,,,,,59.0,0.529
5dfb93d0-d046-11ed-b49c-43d9bede54f5,8.263448 46.782775,2023-04-01 05:45:00.000 +0200,0,EXPLOSIVE,SLAB,2,DRY,NW,51,46.782775,8.263448,1,684.3196411132812,175.78125,-795.95947265625,815.1383501975466,192.45342407958165,GIH,GIH,8.6,8.0,9.6,,,64.9,7.3,2.3,953.5,1009.1,1008.7,,,9.8,247.0,3.0,10.8,35.3,9.2,33.1,0.0,,0.0,,10.0,,,,10.0,0.0,0.054
c98d2b1a-9c67-4f2a-8b1b-1b27502b6c5d,8.423896 46.779967,2023-04-12 07:00:00+02:00,3,EXPLOSIVE,SLAB,1,DRY,NW,41,46.79424404072359,8.394339171285502,0,751.9523315429688,-807.60498046875,440.9912109375,920.1625142343349,61.36333425251733,ENG,ENG,6.8,6.0,7.3,6.9,6.0,89.6,8.9,5.2,889.8,,1007.8,,1411.3,5.3,76.0,2.1,7.6,19.1,5.1,18.4,0.0,,0.0,0.0,105.0,324.0,,,,0.0,0.053
1360c83b-baa5-40fd-8967-adc55e27b8f8,8.035169 46.786944,2023-05-10 11:00:00+02:00,4,EXPLOSIVE,FULL_DEPTH,2,WET,SW,0,46.8249888331921,7.991423967937422,0,603.4169921875,-437.255859375,-2353.38134765625,2393.657547364309,169.47452479064282,FLU,FLU,8.7,8.1,9.0,,,84.0,9.5,6.1,,,,,,6.4,121.0,1.7,6.1,23.0,5.9,21.2,,,0.1,,,,,,,,
bdf4c097-2315-413e-a320-168acfd62b21,8.380633 46.782526,2023-04-12 08:00:00.000 +0200,4,EXPLOSIVE,SLAB,3,DRY,N,102,46.782526,8.380633,1,740.0928344726562,302.5634765625,-2310.53466796875,2330.2607384657726,187.46040669647476,TIT,TIT,-4.5,-4.7,-4.3,,,96.7,4.2,-5.0,689.8,,1009.7,2982.1,,21.3,256.0,9.9,35.6,76.7,20.0,72.0,,,,,216.0,,,,,,0.045
9f2be370-d7a6-11ed-a8d1-4961cd70d9e1,8.210814 46.503291,2023-04-08 12:00:00.000 +0200,7,NATURAL,SLAB,3,WET,S,137,46.503291,8.210814,1,686.5875244140625,1112.9150390625,-722.4609375,1326.8495356990802,237.00994253482378,ULR,ULR,7.4,6.9,7.6,13.0,11.7,41.0,4.2,-5.0,865.6,,1017.9,,1497.1,11.4,81.0,4.1,14.8,41.0,10.7,38.5,,,0.0,0.0,885.0,236.0,,,103.0,60.0,0.407
0d6a183c-f453-4a31-98c7-90213921e278,8.417328 46.785788,2023-04-03 06:30:00+02:00,2,EXPLOSIVE,SLAB,1,DRY,NW,0,46.822875061622085,8.37492029312655,0,752.6466674804688,1826.47705078125,3778.857421875,4197.115894503075,334.203613421493,ENG,ENG,0.9,0.7,1.2,1.0,0.7,98.4,6.4,0.7,900.2,,1019.3,,1495.6,5.5,236.0,3.0,10.8,19.8,5.4,19.4,0.0,,0.4,0.0,2.0,323.0,,,,0.0,0.012
4b5d9a70-d15e-11ed-94cc-21edfa2a74e3,8.233716 46.754659,2023-04-02 15:30:00.000 +0200,1,NATURAL,FULL_DEPTH,2,WET,S,18,46.754659,8.233716,1,664.812255859375,-231.48193359375,-347.8271484375,417.81288966529496,146.35589611458641,MER,MER,10.5,9.8,11.5,11.3,8.4,56.8,7.2,2.3,946.7,1015.6,1015.6,,,11.0,301.0,4.6,16.6,39.6,10.6,38.2,0.0,,0.1,,219.0,,,,178.0,6.0,0.164
50374fe0-d439-11ed-a920-a702e6e7f311,8.245848 46.760908,2023-04-05 16:00:00+02:00,2,NATURAL,FULL_DEPTH,1,WET,SW,73,46.73902490991711,8.264682510281457,0,686.315673828125,-325.74462890625,-442.529296875,549.4922582293152,143.64331510931288,MER,MER,8.4,8.1,8.9,9.0,7.2,42.7,4.7,-3.5,948.0,1017.6,1017.1,,,8.8,322.0,4.7,16.9,31.7,8.5,30.6,0.0,,0.0,,189.0,,,,113.0,19.0,0.16
850fbf08-4de4-4e22-97a7-6ee73d0c55e0,8.423568 46.779438,2023-04-29 07:30:00+02:00,2,EXPLOSIVE,SLAB,2,DRY,N,102,46.78681506702887,8.415733267256531,0,758.995849609375,168.64013671875,662.58544921875,683.709714154283,345.7203642564286,TIT,TIT,-2.8,-3.0,-2.6,,,99.3,4.9,-2.9,697.5,,1020.2,3069.6,,7.7,346.0,2.3,8.3,27.7,7.4,26.6,,,,,143.0,,,,,,0.049
3127a717-5395-4ff5-9722-0942f1737558,8.42626 46.777558,2023-04-14 06:30:00.000 +0200,5,EXPLOSIVE,SLAB,2,DRY,NE,185,46.777558,8.42626,1,763.458251953125,-2435.6689453125,65.80810546875,2436.5578010597433,88.45233088164204,TIT,TIT,-13.5,-13.9,-13.1,,,100.0,2.2,-13.5,684.5,,1002.4,2926.6,,9.8,323.0,2.1,7.6,35.3,9.6,34.6,,,,,25.0,,,,,,0.008
ad918400-77b8-4908-b8c3-86205d723ff7,8.426238 46.77793,2023-04-29 07:30:00+02:00,2,EXPLOSIVE,SLAB,2,DRY,NE,0,46.81909939909832,8.396883844640103,0,760.9505615234375,261.58447265625,-2861.279296875,2873.2117309833507,185.22358605332658,ENG,ENG,9.5,9.1,10.0,10.0,8.8,88.8,10.5,7.7,898.7,,1017.7,,1497.0,2.9,117.0,0.8,2.9,10.4,2.7,9.7,0.0,,0.0,0.0,150.0,334.0,,,,0.0,0.078
20077a30-ec16-11ed-aa20-6507e99101f4,8.022203 46.505884,2023-05-08 14:00:00+02:00,0,PERSON,SLAB,2,WET,E,122,46.52123729627571,8.002589197496688,0,647.1636962890625,-31.8603515625,914.61181640625,915.1665732049145,1.995082289051993,JUN,JUN,-2.5,-2.9,-1.8,,,95.9,4.9,-3.1,660.9,,1027.0,3116.6,,3.8,307.0,2.1,7.6,13.7,3.8,13.7,,,,,790.0,294.0,,,,2.0,0.277
fe8541fa-4448-482f-8c28-995faac1b624,8.419783 46.781356,2023-04-15 07:30:00+02:00,2,EXPLOSIVE,SLAB,1,DRY,N,65,46.73825912816482,8.422857179633295,0,758.1861572265625,980.74951171875,-1704.4189453125,1966.4469344166757,209.91680067710766,TIT,TIT,-9.0,-9.1,-8.8,,,97.9,3.0,-9.3,685.0,,1003.1,2929.2,,13.6,300.0,9.7,34.9,49.0,13.3,47.9,,,,,147.0,,,,,,0.023
e5f438a3-68c9-465f-a6d1-9ab6a2ebaf71,8.384832 46.783436,2023-04-04 08:00:00+02:00,3,EXPLOSIVE,SLAB,1,DRY,N,15,46.74781644229341,8.365403208027871,0,725.6218872070312,-470.32470703125,-1144.9951171875,1237.8284002345592,157.66882363080032,TIT,TIT,-12.5,-13.3,-11.8,,,18.8,0.4,-31.7,688.7,,1008.2,2973.0,,19.4,315.0,4.7,16.9,69.8,18.7,67.3,,,,,471.0,,,,,,0.106
5dfb93d0-d046-11ed-b49c-43d9bede54f5,8.263448 46.782775,2023-04-02 05:45:00+02:00,0,EXPLOSIVE,SLAB,2,DRY,NW,76,46.79236061299129,8.248495236273369,0,681.8573608398438,831.005859375,-900.76904296875,1225.5429845935312,222.6931321297583,GIH,GIH,1.6,1.2,2.2,,,99.3,6.8,1.5,958.4,1015.8,1013.9,,,2.0,256.0,0.6,2.2,7.2,2.0,7.2,0.0,,0.0,,12.0,,,,12.0,0.0,0.011
1b05e8ea-984f-445d-8163-f5d970cfecf8,8.387973 46.785269,2023-04-13 07:00:00+02:00,4,EXPLOSIVE,SLAB,1,WET,NW,0,46.816919021260084,8.372867762791023,0,748.52001953125,1605.5419921875,-1184.21630859375,1995.0271562604892,233.58824174159582,ENG,ENG,1.0,0.8,1.2,1.0,0.8,91.4,6.0,-0.3,890.0,,1008.0,,1405.3,3.7,153.0,1.1,4.0,13.3,3.4,12.2,0.0,,0.2,0.0,55.0,301.0,,,,0.0,0.03
1aca9480-d131-11ed-bb43-5ff35461761d,8.354817 46.766741,2023-04-05 12:00:00+02:00,10,NATURAL,SLAB,3,DRY,NW,13,46.76558292438472,8.310220585982288,0,709.0317993164062,965.478515625,-523.388671875,1098.2187696358726,241.537751868829,ENG,ENG,4.3,3.6,5.1,12.4,11.8,56.6,4.7,-3.5,898.7,,1017.7,,1488.6,7.1,235.0,3.4,12.2,25.6,6.6,23.8,0.0,,0.0,0.0,839.0,247.0,,,,60.0,0.329
1a787419-5802-4808-a192-fbe672afe523,8.389757 46.787324,2023-04-16 08:30:00.000 +0200,4,EXPLOSIVE,LOOSE_SNOW,2,DRY,N,135,46.787324,8.389757,1,746.5532836914062,2276.91650390625,-1173.01025390625,2561.308615050101,242.74361235020513,TIT,TIT,-9.5,-9.6,-9.3,,,94.1,2.8,-10.3,692.7,,1013.7,3017.0,,7.6,16.0,3.6,13.0,27.4,7.1,25.6,,,,,249.0,,,,,,0.057
0d6a183c-f453-4a31-98c7-90213921e278,8.417328 46.785788,2023-04-04 06:30:00+02:00,2,EXPLOSIVE,SLAB,1,DRY,NW,0,46.822516254356664,8.386262320046663,0,757.9703369140625,133.70361328125,-1107.75146484375,1115.7911830033145,186.88220646051082,ENG,ENG,-3.5,-3.6,-3.4,-3.5,-3.6,89.0,4.2,-5.1,898.3,,1017.2,,1472.1,5.0,230.0,2.7,9.7,18.0,4.8,17.3,0.0,,0.0,0.0,3.0,291.0,,,,0.0,0.016
529f5410-e6a1-11ed-9300-179866ebe517,7.727729 46.504859,2023-05-01 17:00:00+02:00,3,UNKNOWN,UNKNOWN,1,WET,,0,46.50376461552349,7.683542405724386,0,638.773681640625,-117.44384765625,700.59814453125,710.3737167666993,9.516222266926093,FRU,FRU,9.5,9.3,9.7,,,93.3,11.0,8.5,,,,,,2.9,27.0,1.5,5.4,10.4,2.8,10.1,,,0.3,,67.0,352.0,,,65.0,0.0,
839994f8-5b6d-44ab-8e1c-fd57876e2bd9,8.4215 46.780442,2023-04-01 07:00:00+02:00,4,EXPLOSIVE,SLAB,2,DRY,E,79,46.775125723097084,8.379938085040818,0,735.0438232421875,396.93603515625,-143.26171875,421.99779154015465,250.15452848521588,TIT,TIT,-10.8,-10.8,-10.6,,,97.0,2.6,-11.1,686.0,,1004.5,2941.7,,25.3,286.0,14.5,52.2,91.1,24.5,88.2,,,,,91.0,,,,,,0.013
2a2d7868-aa56-44d4-b082-8c267cccfbe3,8.388637 46.786311,2023-04-13 07:30:00.000 +0200,2,EXPLOSIVE,LOOSE_SNOW,1,DRY,NW,80,46.786311,8.388637,1,745.34130859375,-705.322265625,-46.25244140625,706.8371712936591,93.75187474862615,TIT,TIT,-13.5,-13.7,-13.0,,,100.0,2.2,-13.5,683.5,,1001.1,2915.8,,10.2,306.0,5.7,20.5,36.7,9.9,35.6,,,,,127.0,,,,,,0.019
8cc2e1b0-ecd3-11ed-8adc-7d70564ee41a,8.023437 46.573593,2023-05-07 12:00:00+02:00,10,NATURAL,SLAB,4,WET,,15,46.58437020576619,8.06219057309448,0,622.1607666015625,-691.9189453125,-672.47314453125,964.8688807284178,134.183455480495,JUN,JUN,-1.9,-2.8,-0.8,,,89.4,4.7,-3.5,659.4,,1024.9,3097.2,,5.3,136.0,3.9,14.0,19.1,5.2,18.7,,,,,835.0,273.0,,,,8.0,0.273
b5d8fc03-e36a-4fa1-9d42-ea7105356bda,8.385358 46.779077,2023-04-16 05:00:00+02:00,3,EXPLOSIVE,UNKNOWN,2,DRY,NE,168,46.765678004625876,8.379551241618032,0,732.5984497070312,788.5986328125,-383.97216796875,877.1102721142685,244.03834405738644,TIT,TIT,-9.8,-10.0,-9.7,,,94.3,2.8,-10.6,691.9,,1012.6,3008.0,,13.0,336.0,3.9,14.0,46.8,12.7,45.7,,,,,0.0,,,,,,0.0
c98d2b1a-9c67-4f2a-8b1b-1b27502b6c5d,8.423896 46.779967,2023-04-15 07:00:00+02:00,3,EXPLOSIVE,SLAB,1,DRY,NW,64,46.789609398125066,8.394904137627858,0,749.2426147460938,-202.47802734375,-629.9560546875,661.6962916583838,162.18175798739617,ENG,ENG,0.5,0.3,0.7,0.3,0.2,96.3,6.1,-0.1,889.2,,1007.1,,1397.6,1.8,90.0,0.9,3.2,6.5,1.6,5.8,0.0,,1.3,0.0,49.0,316.0,,,,0.0,0.027
c98d2b1a-9c67-4f2a-8b1b-1b27502b6c5d,8.423896 46.779967,2023-04-13 07:00:00+02:00,3,EXPLOSIVE,SLAB,1,DRY,NW,38,46.75151319383422,8.39359952112885,0,730.841064453125,330.35888671875,-626.11083984375,707.9207426003973,207.81776166597928,TIT,TIT,-13.5,-13.7,-13.0,,,100.0,2.2,-13.5,683.5,,1001.1,2915.8,,10.2,306.0,5.7,20.5,36.7,9.9,35.6,,,,,127.0,,,,,,0.019
0d183e05-ccd5-4337-8515-db8621df2658,8.421449 46.780606,2023-04-16 07:30:00+02:00,2,EXPLOSIVE,SLAB,2,DRY,N,156,46.75916580235669,8.392230894805865,0,733.875,-451.0986328125,-160.6201171875,478.8410995002757,109.59899896243307,TIT,TIT,-9.6,-9.8,-9.5,,,97.1,2.9,-10.0,692.5,,1013.4,3014.3,,8.1,12.0,2.5,9.0,29.2,7.6,27.4,,,,,150.0,,,,,,0.035
b0c20dd8-9d72-42fd-9908-df362afd7f3d,8.425333 46.779051,2023-05-18 07:00:00+02:00,4,EXPLOSIVE,SLAB,2,DRY,N,34,46.75993989815239,8.405330233812176,0,748.9757080078125,-2090.0390625,1734.19189453125,2715.8212035835063,50.31610164798834,TIT,TIT,-2.3,-2.5,-2.0,,,76.5,4.0,-5.8,696.9,,1019.4,3062.9,,2.7,248.0,1.9,6.8,9.7,2.7,9.7,,,,,457.0,,,,,,0.152
1360c83b-baa5-40fd-8967-adc55e27b8f8,8.035169 46.786944,2023-05-08 11:00:00+02:00,4,EXPLOSIVE,FULL_DEPTH,2,WET,SW,0,46.747824919308485,8.06719979664464,0,631.1749267578125,841.88232421875,-572.607421875,1018.1577026268076,235.77836745307778,BRZ,BRZ,,,,,,,,,955.0,,1021.9,,,3.0,246.0,1.7,6.1,10.8,2.9,10.4,,,0.0,,,,,,,,
110f1420-d9f1-11ed-8014-25b7abf6ec82,8.252181 46.759933,2023-04-13 02:00:00+02:00,4,NATURAL,FULL_DEPTH,2,WET,S,64,46.73827105607307,8.246968102678753,0,672.7653198242188,195.22705078125,-1182.45849609375,1198.4663934967211,189.37511145884702,MER,MER,4.8,4.7,5.0,3.9,3.8,89.5,7.7,3.2,939.9,1009.8,1008.5,,,1.7,45.0,0.7,2.5,6.1,1.7,6.1,0.0,,0.5,,0.0,,,,1.0,0.0,-0.004
10ab716e-5fe3-4dac-9343-2f5c3d5e2a92,8.244594 46.61198,2023-05-11 12:00:00+02:00,7,NATURAL,SLAB,4,WET,NW,0,46.648123127274914,8.200003114567297,0,680.2174072265625,-158.203125,871.2158203125,885.4632879586527,10.292129616347381,MER,MER,11.6,11.3,11.7,15.5,13.0,68.3,9.3,5.9,945.9,1014.4,1014.8,,,5.4,294.0,1.5,5.4,19.4,5.2,18.7,0.0,,0.1,,476.0,,,,414.0,3.0,0.261
792e43cf-e040-4ad1-98dd-47672e4855cd,8.426192 46.777884,2023-04-15 07:00:00+02:00,0,EXPLOSIVE,SLAB,2,DRY,NE,62,46.73807731894019,8.404257713398396,0,738.9884643554688,363.09814453125,-1706.396484375,1744.6000184711097,192.01260469812397,TIT,TIT,-9.0,-9.1,-8.8,,,97.9,3.0,-9.3,685.0,,1003.1,2929.2,,13.6,300.0,9.7,34.9,49.0,13.3,47.9,,,,,147.0,,,,,,0.023
fdfaf590-ea4c-11ed-8348-fb5788bd30bc,8.001152 46.577404,2023-05-01 12:00:00.000 +0200,7,NATURAL,SLAB,2,DRY,NW,192,46.577404,8.001152,1,627.396728515625,-1005.908203125,1479.8583984375,1789.3664221003392,34.2052297539768,JUN,JUN,-6.3,-6.6,-6.0,,,94.6,3.6,-7.0,653.7,,1016.8,3036.8,,2.9,175.0,1.2,4.3,10.4,2.8,10.1,,,,,737.0,282.0,,,,0.0,0.244
b463a2d6-9b9e-4b10-99b6-7308c06e3b30,8.423808 46.779796,2023-04-21 08:00:00+02:00,3,EXPLOSIVE,SLAB,1,DRY,N,0,46.80474943207968,8.408734871999382,0,765.1474609375,1606.31103515625,-1470.1904296875,2177.5433500184236,227.53341431772097,ENG,ENG,3.8,2.9,4.6,11.6,7.3,86.3,6.9,1.7,892.7,,1011.0,,1433.3,2.8,117.0,0.9,3.2,10.1,2.5,9.0,0.0,,0.0,2.0,566.0,264.0,,,,60.0,0.22
a7ed94b7-52d1-4b17-9928-83b4745ca8bf,8.307745 46.608205,2023-05-03 12:00:00+02:00,7,NATURAL,UNKNOWN,3,WET,,121,46.61070959960088,8.275224433113898,0,674.4522705078125,-442.85888671875,-558.984375,713.1532269014222,141.6117532906137,GRH,GRH,6.4,5.8,6.8,,,62.4,6.0,-0.2,807.0,,1023.2,,1533.1,5.0,6.0,2.0,7.2,18.0,4.8,17.3,,,0.0,154.0,1026.0,238.0,,,,60.0,0.475
8cb21b8c-4e00-4409-bc59-db5c053ba65d,8.42279 46.779714,2023-04-14 06:30:00+02:00,5,EXPLOSIVE,SLAB,2,DRY,N,0,46.81745291898989,8.394690646851643,0,755.9822387695312,326.953125,-424.40185546875,535.7380711435238,217.6101423686568,ENG,ENG,0.1,-0.2,0.4,-0.7,-0.9,90.3,5.6,-1.3,891.6,,1009.8,,1418.1,4.4,259.0,1.6,5.8,15.8,4.1,14.8,0.0,,0.0,8.0,22.0,290.0,,,,0.0,0.019
63723fcc-14a3-472f-a9d8-8ce81f021fe4,8.42184 46.780304,2023-05-02 07:30:00+02:00,2,EXPLOSIVE,LOOSE_SNOW,1,WET,N,0,46.81904068298535,8.388627184983829,0,758.5038452148438,767.5048828125,-259.82666015625,810.2923166789753,251.29728140051094,ENG,ENG,5.9,5.7,6.1,6.1,5.9,93.1,8.7,4.9,902.2,,1021.5,,1522.4,2.7,108.0,0.7,2.5,9.7,2.6,9.4,0.0,,0.0,0.0,32.0,330.0,,,,0.0,0.029
f9b59268-33ad-4905-91cd-ccc9a1ae40a4,8.385942 46.778812,2023-04-16 08:30:00+02:00,2,EXPLOSIVE,LOOSE_SNOW,2,DRY,NE,249,46.77318331751119,8.389113953959868,0,738.9193725585938,2889.51416015625,1230.908203125,3140.7685502538857,293.07358786303826,TIT,TIT,-9.5,-9.6,-9.3,,,94.1,2.8,-10.3,692.7,,1013.7,3017.0,,7.6,16.0,3.6,13.0,27.4,7.1,25.6,,,,,249.0,,,,,,0.057
5dfb93d0-d046-11ed-b49c-43d9bede54f5,8.263448 46.782775,2023-04-01 05:45:00+02:00,0,EXPLOSIVE,SLAB,2,DRY,NW,63,46.78708917628826,8.231606710271281,0,677.395751953125,1232.11669921875,609.521484375,1374.6374068853252,296.3213541062836,GIH,GIH,8.6,8.0,9.6,,,64.9,7.3,2.3,953.5,1009.1,1008.7,,,9.8,247.0,3.0,10.8,35.3,9.2,33.1,0.0,,0.0,,10.0,,,,10.0,0.0,0.054
3efdca94-9b97-483a-8a85-137add93bbd1,8.426389 46.777499,2023-05-03 07:30:00+02:00,4,EXPLOSIVE,SLAB,3,DRY,NE,0,46.82160575482583,8.404181101471298,0,764.0889282226562,-1154.443359375,-297.39990234375,1192.1351315681907,104.44605005254269,ENG,ENG,4.0,2.3,6.3,4.4,0.7,91.4,7.4,2.7,903.9,,1023.4,,1534.5,2.9,95.0,1.2,4.3,10.4,2.7,9.7,0.0,,0.0,0.0,245.0,252.0,,,,32.0,0.094
40432ba0-e72a-11ed-8f49-75cb9dad9a7e,7.996764 46.557888,2023-05-01 12:00:00+02:00,7,NATURAL,SLAB,3,DRY,S,40,46.586591303260874,7.973264314816429,0,640.642822265625,-769.921875,534.04541015625,937.0081076023157,55.2534365078415,JUN,JUN,-6.3,-6.6,-6.0,,,94.6,3.6,-7.0,653.7,,1016.8,3036.8,,2.9,175.0,1.2,4.3,10.4,2.8,10.1,,,,,737.0,282.0,,,,0.0,0.244
931d9d63-4823-45cb-940f-26620aa25be9,8.425244 46.779006,2023-04-15 07:30:00+02:00,2,EXPLOSIVE,SLAB,2,DRY,N,112,46.75941982793106,8.386868456329621,0,729.8087158203125,1195.9716796875,-687.19482421875,1379.34222912502,240.11870313360623,TIT,TIT,-9.0,-9.1,-8.8,,,97.9,3.0,-9.3,685.0,,1003.1,2929.2,,13.6,300.0,9.7,34.9,49.0,13.3,47.9,,,,,147.0,,,,,,0.023
72a5d090-d8f5-11ed-9de9-4bc775516e2e,8.249382 46.761703,2023-04-11 16:00:00+02:00,3,NATURAL,FULL_DEPTH,2,WET,SW,16,46.75341498917737,8.217971854227773,0,660.80419921875,1753.857421875,438.46435546875,1807.8348506660247,284.0362434679265,MER,MER,9.1,8.9,9.3,9.2,8.9,82.9,9.6,6.4,949.1,1018.5,1018.2,,,2.7,162.0,1.0,3.6,9.7,2.6,9.4,0.0,,0.0,,110.0,,,,102.0,0.0,0.066
0d6a183c-f453-4a31-98c7-90213921e278,8.417328 46.785788,2023-04-04 06:30:00+02:00,2,EXPLOSIVE,SLAB,1,DRY,NW,213,46.76503834266024,8.39112861029449,0,736.8958129882812,1924.47509765625,-2656.82373046875,3280.597009125156,215.91776147821707,TIT,TIT,-13.5,-14.1,-12.8,,,16.5,0.4,-33.9,688.4,,1007.8,2970.2,,24.1,61.0,10.0,36.0,86.8,23.5,84.6,,,,,52.0,,,,,,0.07
8b4032b5-5847-4489-a91a-a268f821bb88,8.425022 46.770122,2023-05-17 09:30:00+02:00,2,EXPLOSIVE,SLAB,2,DRY,S,0,46.80269101809654,8.405867020721338,0,761.9104614257812,42.29736328125,-498.01025390625,499.803241222297,184.85463544087355,ENG,ENG,4.4,4.3,4.5,6.4,6.3,92.8,7.7,3.3,901.0,,1020.2,,1508.6,5.4,252.0,2.4,8.6,19.4,5.2,18.7,0.0,,0.0,0.0,128.0,327.0,,,,0.0,0.063
50374fe0-d439-11ed-a920-a702e6e7f311,8.245848 46.760908,2023-04-07 16:00:00+02:00,2,NATURAL,FULL_DEPTH,1,WET,SW,100,46.78648633409026,8.242042947789038,0,677.7601318359375,971.8505859375,825.5126953125,1275.1332367675036,310.3453538524993,GIH,GIH,7.5,7.3,7.7,,,96.6,10.0,7.0,962.0,1018.4,1017.6,,,5.4,61.0,2.1,7.6,19.4,5.1,18.4,0.0,,0.1,,216.0,,,,200.0,0.0,0.087
f9b59268-33ad-4905-91cd-ccc9a1ae40a4,8.385942 46.778812,2023-04-17 08:30:00+02:00,2,EXPLOSIVE,LOOSE_SNOW,2,DRY,NE,43,46.77944606067645,8.345488765171007,0,725.6334228515625,765.63720703125,976.025390625,1240.4942143900942,321.8878040356525,ENG,ENG,4.0,3.0,5.4,7.8,4.9,89.2,7.3,2.4,900.3,,1019.4,,1502.5,3.8,135.0,0.8,2.9,13.7,3.6,13.0,0.0,,0.0,0.0,430.0,288.0,,,,28.0,0.168
c8a8b700-feb1-11ed-b35a-bf420b8ac344,8.01247 46.561817,2023-05-29 12:00:00+02:00,6,PERSON,SLAB,2,DRY,SE,148,46.52505499181971,7.990073395667746,0,653.916748046875,-716.0888671875,985.693359375,1218.3491553843874,35.99774471287906,JUN,JUN,-2.2,-2.6,-1.8,,,81.4,4.2,-5.0,660.0,,1025.8,3105.0,,5.6,161.0,4.1,14.8,20.2,5.5,19.8,,,,,1077.0,203.0,,,,60.0,0.35
10ab716e-5fe3-4dac-9343-2f5c3d5e2a92,8.244594 46.61198,2023-05-09 12:00:00+02:00,7,NATURAL,SLAB,4,WET,NW,21,46.568337369281295,8.277589626613477,0,694.6614990234375,-1384.716796875,-669.9462890625,1538.2680643426147,115.81837786628165,GRH,GRH,9.3,8.9,9.5,,,57.2,6.7,1.2,803.2,,1018.7,,1489.1,8.2,167.0,4.9,17.6,29.5,7.8,28.1,,,0.0,111.0,625.0,320.0,,,,3.0,0.325
97c5682e-950b-4c24-8c69-651f6ff3d0c8,8.035288 46.786336,2023-04-19 10:30:00+02:00,4,EXPLOSIVE,SLAB,2,DRY,S,0,46.80808653358161,8.05054495707869,0,632.7258911132812,-2245.166015625,-311.3525390625,2266.6519012186463,97.89524305134724,BRZ,BRZ,,,,,,,,,952.0,,1018.7,,,4.7,258.0,2.9,10.4,16.9,4.6,16.6,,,0.0,,,,,,,,
59a9c34c-87a8-4479-9db9-c3a9d7e37faf,8.42632 46.777873,2023-04-26 07:00:00+02:00,3,EXPLOSIVE,SLAB,2,DRY,NE,120,46.75852034082993,8.42074367018045,0,758.6005249023438,1104.01611328125,-1026.01318359375,1507.1677515435433,227.097268062418,TIT,TIT,-9.2,-9.2,-9.1,,,23.4,0.7,-26.4,692.4,,1013.2,3013.0,,14.7,275.0,9.8,35.3,52.9,14.4,51.8,,,,,381.0,,,,,,0.118
c2674210-608f-480e-8889-772ed922cf40,8.384094 46.779592,2023-04-03 07:00:00+02:00,4,EXPLOSIVE,SLAB,2,DRY,NE,96,46.783651255372945,8.38770520028066,0,743.59814453125,1409.9853515625,242.90771484375,1430.7560412423354,279.77478236550616,TIT,TIT,-11.1,-11.4,-10.6,,,93.9,2.5,-11.9,692.7,,1013.6,3017.2,,10.4,32.0,6.3,22.7,37.4,9.9,35.6,,,,,76.0,,,,,,0.018
a8219770-e77f-11ed-991c-c3bbd7ca6c9a,7.788493 46.554381,2023-04-29 15:11:00+02:00,0,NATURAL,SLAB,3,WET,NW,110,46.521827698592794,7.81110360777719,0,668.0313110351562,1268.9208984375,-867.15087890625,1536.9160332559857,235.65221181555455,INT,INT,19.0,18.8,19.3,23.1,21.2,55.1,12.1,9.8,947.6,1013.3,1015.4,,,7.2,283.0,3.3,11.9,25.9,6.5,23.4,0.0,,0.0,,427.0,,,,267.0,30.0,0.301
3c08ef45-da0c-4efd-bbb0-523da6d751f9,8.422511 46.78003,2023-04-27 07:30:00+02:00,2,EXPLOSIVE,SLAB,2,DRY,N,15,46.752687547665296,8.38795573089823,0,727.8778076171875,237.5244140625,753.55224609375,790.1005220025295,342.5048202623911,TIT,TIT,-7.2,-7.3,-7.1,,,89.9,3.2,-8.6,696.2,,1018.4,3055.0,,8.5,238.0,4.7,16.9,30.6,8.4,30.2,,,,,272.0,,,,,,0.062
26d0ed0c-b5fc-4983-9f76-b0f25e82ece7,8.388771 46.786265,2023-04-18 08:30:00+02:00,4,EXPLOSIVE,LOOSE_SNOW,1,DRY,NW,89,46.79314905958806,8.376877358994319,0,742.165771484375,1150.15869140625,-957.3486328125,1496.4562874221554,230.2272819887175,ENG,ENG,5.1,4.3,5.9,12.1,9.3,69.1,6.1,-0.2,898.4,,1017.3,,1486.8,3.7,99.0,2.0,7.2,13.3,3.4,12.2,0.0,,0.0,0.0,460.0,253.0,,,,60.0,0.186
8339db4e-32c5-49bd-ae04-41feeaf45eaa,8.420784 46.781168,2023-04-13 07:00:00+02:00,3,EXPLOSIVE,SLAB,2,DRY,N,63,46.73852534695988,8.421714350317652,0,757.3426513671875,-865.72265625,-953.3935546875,1287.8023868840369,137.75919084632255,TIT,TIT,-13.5,-13.7,-13.0,,,100.0,2.2,-13.5,683.5,,1001.1,2915.8,,10.2,306.0,5.7,20.5,36.7,9.9,35.6,,,,,127.0,,,,,,0.019
72a5d090-d8f5-11ed-9de9-4bc775516e2e,8.249382 46.761703,2023-04-12 16:00:00+02:00,3,NATURAL,FULL_DEPTH,2,WET,SW,7,46.73517910528867,8.227869856612624,0,662.7251586914062,-326.62353515625,-641.71142578125,720.0531144965424,153.02444360908015,MER,MER,14.0,13.3,14.8,12.4,11.4,54.6,8.7,5.0,935.5,1002.7,1003.8,,,6.1,319.0,2.4,8.6,22.0,5.9,21.2,0.0,,0.0,,56.0,,,,54.0,0.0,0.095
a94851d0-e58a-11ed-94a2-bf37c1703856,7.5461 46.68465,2023-04-28 12:00:00+02:00,7,NATURAL,SLAB,2,UNKNOWN,SW,6,46.70438942786198,7.5113394074151305,0,539.5579223632812,-1286.71875,-235.3271484375,1308.0611638579014,100.36424439794249,THU,THU,17.0,16.7,17.4,,,71.8,13.9,11.9,950.1,1015.4,1017.0,,,2.4,257.0,1.0,3.6,8.6,2.3,8.3,,,0.0,,216.0,,,,,0.0,0.154
1bb8250c-f575-4cb3-84c9-194ae951bc8a,7.944832 46.554569,2023-05-04 12:00:00+02:00,7,NATURAL,UNKNOWN,4,WET,,270,46.52952263855509,7.979996184190874,0,659.1583862304688,-151.611328125,334.09423828125,366.8854792282669,24.408456420907513,JUN,JUN,-2.7,-3.0,-2.2,,,47.9,2.4,-12.2,661.7,,1028.2,3127.2,,5.8,318.0,3.1,11.2,20.9,5.4,19.4,,,,,1043.0,195.0,,,,60.0,0.37
4067dd0b-f3b4-40af-8872-12824f7b55a6,8.423024 46.779666,2023-04-04 07:00:00+02:00,4,EXPLOSIVE,SLAB,3,DRY,NE,0,46.81688283016289,8.39713952125722,0,759.9146118164062,427.25830078125,-1978.6376953125,2024.2422742591962,192.18510731230165,ENG,ENG,-3.7,-3.9,-3.3,-3.3,-3.4,89.3,4.2,-5.2,898.6,,1017.6,,1474.4,5.4,231.0,3.3,11.9,19.4,5.2,18.7,0.0,,0.0,0.0,44.0,289.0,,,,0.0,0.023
63723fcc-14a3-472f-a9d8-8ce81f021fe4,8.42184 46.780304,2023-05-02 07:30:00+02:00,2,EXPLOSIVE,LOOSE_SNOW,1,WET,N,160,46.74001491911173,8.418548423612478,0,754.8811645507812,321.56982421875,-2230.99365234375,2254.0496508830906,188.20198072412012,TIT,TIT,-6.7,-6.9,-6.5,,,97.5,3.6,-7.1,697.0,,1019.6,3064.7,,10.9,23.0,7.1,25.6,39.2,10.7,38.5,,,,,152.0,,,,,,0.033
233c98fe-a27b-4c5e-992f-1bc9cdd0362a,8.422835 46.779803,2023-04-25 07:00:00+02:00,3,EXPLOSIVE,SLAB,2,DRY,N,50,46.802350666857464,8.386992678126301,0,750.3339233398438,1875.8056640625,-412.53662109375,1920.6335811581564,257.59667857807085,ENG,ENG,3.4,3.1,3.7,3.4,3.0,87.7,6.9,1.6,892.6,,1010.9,,1432.5,4.5,288.0,1.5,5.4,16.2,4.3,15.5,0.0,,0.2,0.0,56.0,311.0,,,,0.0,0.037
34e33f73-9c60-4cff-be3e-9f199f5b9d9e,8.385879 46.778707,2023-04-16 05:00:00+02:00,3,EXPLOSIVE,UNKNOWN,2,DRY,NE,33,46.74141312316794,8.38838974390519,0,730.5768432617188,1474.365234375,216.97998046875,1490.2460052816339,278.37203169570864,TIT,TIT,-9.8,-10.0,-9.7,,,94.3,2.8,-10.6,691.9,,1012.6,3008.0,,13.0,336.0,3.9,14.0,46.8,12.7,45.7,,,,,0.0,,,,,,0.0
ce082ed0-ea41-11ed-9704-3747ffc8acfd,7.997493 46.55824,2023-05-05 12:00:00+02:00,7,PERSON,SLAB,3,DRY,S,54,46.578944254452544,7.968581017991315,0,646.5694580078125,-314.31884765625,-8.45947265625,314.43266476238557,91.54166734317891,JUN,JUN,-1.9,-2.3,-1.4,,,79.7,4.2,-5.0,661.1,,1027.3,3117.7,,8.7,152.0,4.1,14.8,31.3,8.4,30.2,,,,,882.0,246.0,,,,41.0,0.291
4b5d9a70-d15e-11ed-94cc-21edfa2a74e3,8.233716 46.754659,2023-04-03 15:30:00+02:00,1,NATURAL,FULL_DEPTH,2,WET,S,61,46.76788551025468,8.215323911246138,0,668.6305541992188,472.1923828125,249.3896484375,534.0045347503393,297.84089204132334,MER,MER,4.5,4.3,4.7,5.7,5.4,67.9,5.7,-0.9,950.7,1021.5,1019.9,,,12.7,327.0,6.2,22.3,45.7,12.3,44.3,0.0,,0.0,,198.0,,,,191.0,0.0,0.113
87548817-41cb-4875-9f16-2dd62dfe20ab,8.382498 46.780197,2023-04-02 07:00:00+02:00,4,EXPLOSIVE,SLAB,2,DRY,NE,0,46.81184955849424,8.407306164892331,0,764.755126953125,-2326.79443359375,-2871.71630859375,3696.042057829723,140.98404437796566,ENG,ENG,1.5,0.9,2.3,0.8,-0.5,92.6,6.3,0.5,894.4,,1012.9,,1445.3,3.5,90.0,0.9,3.2,12.6,3.3,11.9,0.0,,0.0,0.0,95.0,251.0,,,,6.0,0.037
dda75b80-ddc2-11ed-b3b1-431b3c02902e,8.263291 46.74286,2023-04-18 14:30:00+02:00,1,SNOW_GROOMER,SLAB,3,DRY,SE,139,46.76015847337828,8.29159199589467,0,702.0263061523438,-400.67138671875,264.111328125,479.8878554194485,56.60825055548375,MER,MER,15.8,15.5,16.2,22.2,21.1,46.7,8.4,4.4,947.3,1014.9,1016.3,,,9.3,330.0,5.4,19.4,33.5,9.2,33.1,0.0,,0.0,,818.0,,,,195.0,60.0,0.478
367958a0-d439-11ed-a920-a702e6e7f311,8.242864 46.759718,2023-04-08 15:00:00+02:00,2,NATURAL,FULL_DEPTH,1,WET,S,0,46.727105193693696,8.285616971629029,0,689.7735595703125,66.90673828125,1206.84814453125,1208.7013508662744,356.8268140747868,MER,MER,11.1,10.9,11.2,13.1,12.6,48.0,6.3,0.5,950.5,1019.5,1019.7,,,12.6,321.0,6.9,24.8,45.4,12.2,43.9,0.0,,0.0,,371.0,,,,292.0,6.0,0.249
bc76da5f-d990-4bb2-a099-1ab0703da0a4,8.422538 46.779775,2023-05-02 07:30:00.000 +0200,4,EXPLOSIVE,SLAB,2,DRY,N,107,46.779775,8.422538,1,760.8377075195312,-135.46142578125,-1545.99609375,1551.91936638633,174.99248631940367,TIT,TIT,-6.7,-6.9,-6.5,,,97.5,3.6,-7.1,697.0,,1019.6,3064.7,,10.9,23.0,7.1,25.6,39.2,10.7,38.5,,,,,152.0,,,,,,0.033
f9b59268-33ad-4905-91cd-ccc9a1ae40a4,8.385942 46.778812,2023-04-14 08:30:00+02:00,2,EXPLOSIVE,LOOSE_SNOW,2,DRY,NE,22,46.738496935003305,8.37469938551471,0,722.4611206054688,35.92529296875,-1153.564453125,1154.1237256847598,181.783777743342,TIT,TIT,-13.4,-13.6,-13.2,,,100.0,2.2,-13.4,684.7,,1002.8,2929.3,,8.5,327.0,2.1,7.6,30.6,8.3,29.9,,,,,263.0,,,,,,0.052
26f6eb66-fc4c-4eb2-aecd-11eeddba5a5a,7.964013 46.534843,2023-05-17 10:30:00.000 +0200,3,PERSON,SLAB,1,DRY,SE,283,46.534843,7.964013,1,672.6456298828125,-1239.0380859375,282.12890625,1270.7525715675279,77.17246046219545,JUN,JUN,-5.5,-6.2,-4.4,,,79.8,3.2,-8.4,653.8,,1016.9,3035.6,,8.0,136.0,4.4,15.8,28.8,7.7,27.7,,,,,875.0,237.0,,,,16.0,0.24
9793e5e8-7a24-425c-8b33-04a387b5aa44,8.40304 46.792701,2023-04-01 06:30:00+02:00,2,EXPLOSIVE,SLAB,1,DRY,NW,43,46.80124655898558,8.369296716655109,0,740.9722900390625,487.24365234375,-1325.50048828125,1412.2173774540197,200.1830344881305,ENG,ENG,5.0,3.8,6.1,3.4,2.7,61.2,5.3,-2.0,890.1,,1008.1,,1411.6,8.7,41.0,2.3,8.3,31.3,8.3,29.9,0.0,,0.0,0.0,7.0,315.0,,,,0.0,0.045
529f5410-e6a1-11ed-9300-179866ebe517,7.727729 46.504859,2023-05-01 17:00:00+02:00,3,UNKNOWN,UNKNOWN,1,WET,,217,46.50135210440702,7.769058123114914,0,662.8287963867188,-253.564453125,995.5810546875,1027.36389285455,14.288868724653469,FRU,FRU,9.5,9.3,9.7,,,93.3,11.0,8.5,,,,,,2.9,27.0,1.5,5.4,10.4,2.8,10.1,,,0.3,,67.0,352.0,,,65.0,0.0,
bdf4c097-2315-413e-a320-168acfd62b21,8.380633 46.782526,2023-04-15 08:00:00+02:00,4,EXPLOSIVE,SLAB,3,DRY,N,173,46.78166293689849,8.382674378329984,0,740.2435913085938,181.60400390625,-2812.060546875,2817.918475315726,183.69505334433734,TIT,TIT,-8.8,-8.9,-8.7,,,97.5,3.1,-9.1,685.0,,1003.2,2929.3,,13.4,306.0,10.3,37.1,48.2,12.9,46.4,,,,,285.0,,,,,,0.043
8339db4e-32c5-49bd-ae04-41feeaf45eaa,8.420784 46.781168,2023-04-12 07:00:00.000 +0200,3,EXPLOSIVE,SLAB,2,DRY,N,142,46.781168,8.420784,1,759.7236328125,302.23388671875,504.82177734375,588.379426188259,329.0912861493857,TIT,TIT,-4.6,-4.7,-4.5,,,99.0,4.3,-4.8,690.1,,1010.2,2985.8,,25.3,268.0,12.0,43.2,91.1,24.2,87.1,,,,,99.0,,,,,,0.019
514e8b36-8761-43bc-a150-8a7eaeb0c925,8.038115 46.78053,2023-05-09 11:00:00+02:00,4,EXPLOSIVE,FULL_DEPTH,1,WET,NW,0,46.74161904056667,8.06459824562799,0,630.7100219726562,-33.50830078125,-1149.49951171875,1149.9877971799924,178.3302814236309,BRZ,BRZ,,,,,,,,,948.7,,1015.2,,,4.2,258.0,2.5,9.0,15.1,4.1,14.8,,,0.0,,,,,,,,
f9b59268-33ad-4905-91cd-ccc9a1ae40a4,8.385942 46.778812,2023-04-16 08:30:00+02:00,2,EXPLOSIVE,LOOSE_SNOW,2,DRY,NE,85,46.79865022555076,8.388276574400047,0,750.4448852539062,-481.97021484375,2953.7841796875,2992.8475183625187,9.26730645781727,ENG,ENG,0.4,0.3,0.5,0.8,0.6,97.4,6.1,0.1,899.6,,1018.7,,1490.1,1.8,95.0,1.1,4.0,6.5,1.7,6.1,0.0,,1.7,0.0,76.0,320.0,,,,0.0,0.037
564bddb0-e717-11ed-acf0-f7b342f82229,7.822357 46.529218,2023-05-01 12:00:00+02:00,7,NATURAL,SLAB,3,UNKNOWN,N,126,46.531416846484234,7.824025779167057,0,665.4689331054688,914.83154296875,320.69091796875,969.4118922719193,289.317932146697,INT,INT,10.5,10.4,10.6,12.5,12.3,87.4,11.1,8.5,949.8,1017.7,1017.8,,,1.2,270.0,0.5,1.8,4.3,1.2,4.3,0.0,,1.3,,127.0,,,,126.0,0.0,0.082
a94851d0-e58a-11ed-94a2-bf37c1703856,7.5461 46.68465,2023-04-26 12:00:00.000 +0200,7,NATURAL,SLAB,2,UNKNOWN,SW,28,46.68465,7.5461,1,562.5616455078125,982.06787109375,-1802.197265625,2052.40646258504,208.5872063112933,THU,THU,12.5,12.0,13.0,,,55.4,8.0,3.8,949.5,1015.9,1016.4,,,5.9,348.0,2.1,7.6,21.2,5.7,20.5,,,0.0,,579.0,,,,,23.0,0.322
33f93161-2ec3-46b0-ab16-f598e280759a,8.383072 46.779972,2023-04-14 08:00:00+02:00,4,EXPLOSIVE,SLAB,2,DRY,NE,60,46.808121680878116,8.365114847363818,0,741.9395751953125,854.5166015625,-1398.88916015625,1639.234426416363,211.41882556886048,ENG,ENG,1.2,0.8,1.7,1.5,0.4,85.8,5.7,-1.0,891.7,,1009.9,,1421.1,5.4,267.0,2.3,8.3,19.4,5.3,19.1,0.0,,0.0,7.0,184.0,295.0,,,,0.0,0.073
4b5d9a70-d15e-11ed-94cc-21edfa2a74e3,8.233716 46.754659,2023-04-03 15:30:00+02:00,1,NATURAL,FULL_DEPTH,2,WET,S,8,46.754513041353846,8.20558494131773,0,661.58544921875,1062.8173828125,-215.33203125,1084.411671317984,258.5466291564845,MER,MER,4.5,4.3,4.7,5.7,5.4,67.9,5.7,-0.9,950.7,1021.5,1019.9,,,12.7,327.0,6.2,22.3,45.7,12.3,44.3,0.0,,0.0,,198.0,,,,191.0,0.0,0.113
9312b9e3-9422-40e1-8539-92240b8f9de8,8.390152 46.787449,2023-04-13 07:30:00+02:00,2,EXPLOSIVE,LOOSE_SNOW,1,DRY,N,55,46.79059012371739,8.393673205318516,0,749.3357543945312,3310.94970703125,1530.94482421875,3647.7637008573483,294.8152748823913,ENG,ENG,1.0,0.8,1.2,1.0,0.8,91.4,6.0,-0.3,890.0,,1008.0,,1405.3,3.7,153.0,1.1,4.0,13.3,3.4,12.2,0.0,,0.2,0.0,55.0,301.0,,,,0.0,0.03
26ffd848-b17b-4d9b-a93a-0d9106053d47,8.073009 46.53608,2023-05-25 12:00:00+02:00,7,PERSON,SLAB,3,DRY,,171,46.546704643408454,8.085445872636287,0,626.7367553710938,300.47607421875,-628.6376953125,696.7576502240383,205.54685409078047,JUN,JUN,-3.2,-3.5,-2.9,,,99.0,4.8,-3.3,660.6,,1026.6,3114.1,,20.7,143.0,14.9,53.6,74.5,20.4,73.4,,,,,684.0,295.0,,,,0.0,0.118
c2674210-608f-480e-8889-772ed922cf40,8.384094 46.779592,2023-04-02 07:00:00+02:00,4,EXPLOSIVE,SLAB,2,DRY,NE,142,46.740698849510224,8.419099848549637,0,755.8235473632812,377.16064453125,-398.8037109375,548.9030439346725,223.40233003867638,TIT,TIT,-11.8,-11.9,-11.7,,,95.3,2.4,-12.4,688.8,,1008.4,2974.4,,8.9,313.0,5.2,18.7,32.0,8.8,31.7,,,,,127.0,,,,,,0.022
ae543637-3b77-4592-997d-c9f3fc4c3078,8.424992 46.778957,2023-04-29 07:30:00+02:00,2,EXPLOSIVE,SLAB,2,DRY,N,108,46.77827458882192,8.403554332893766,0,748.227294921875,2909.619140625,173.583984375,2914.7924356843773,273.4141428826988,TIT,TIT,-2.8,-3.0,-2.6,,,99.3,4.9,-2.9,697.5,,1020.2,3069.6,,7.7,346.0,2.3,8.3,27.7,7.4,26.6,,,,,143.0,,,,,,0.049
8cc2e1b0-ecd3-11ed-8adc-7d70564ee41a,8.023437 46.573593,2023-05-06 12:00:00+02:00,10,NATURAL,SLAB,4,WET,,194,46.53640844278018,8.064484048661361,0,615.2711791992188,15.71044921875,-360.02197265625,360.36459178164625,182.49865784755428,JUN,JUN,-2.9,-3.2,-2.5,,,70.1,3.5,-7.6,659.9,,1025.6,3105.1,,12.0,312.0,4.9,17.6,43.2,11.6,41.8,,,,,1034.0,211.0,,,,60.0,0.32
ce082ed0-ea41-11ed-9704-3747ffc8acfd,7.997493 46.55824,2023-05-03 12:00:00+02:00,7,PERSON,SLAB,3,DRY,S,55,46.56671608027166,7.965451848087707,0,652.7825927734375,678.18603515625,367.1630859375,771.1971407857412,298.4306679174448,JUN,JUN,-2.9,-3.9,-2.2,,,31.6,1.5,-17.7,660.3,,1026.2,3109.8,,10.1,23.0,3.9,14.0,36.4,9.6,34.6,,,,,1046.0,185.0,,,,60.0,0.365
72a5d090-d8f5-11ed-9de9-4bc775516e2e,8.249382 46.761703,2023-04-14 16:00:00+02:00,3,NATURAL,FULL_DEPTH,2,WET,SW,105,46.74986216041693,8.255767701612724,0,680.4507446289062,-77.45361328125,-1420.3125,1422.422813324706,176.87859260932822,MER,MER,11.5,11.3,11.7,18.3,16.8,38.4,5.2,-2.2,938.0,1006.0,1006.5,,,3.0,197.0,1.8,6.5,10.8,2.9,10.4,0.0,,0.0,,484.0,,,,93.0,60.0,0.248
6e6f00b6-dfe0-4527-9b3f-7c45ffdf4fee,8.379219 46.783826,2023-04-03 07:00:00+02:00,4,EXPLOSIVE,SLAB,2,DRY,N,110,46.802821068129504,8.342693545414821,0,729.3261108398438,-367.71240234375,665.44189453125,760.2797681345671,28.924328157499147,ENG,ENG,0.5,0.3,0.8,0.5,0.3,96.9,6.1,0.1,900.4,,1019.5,,1497.3,6.2,239.0,3.4,12.2,22.3,5.6,20.2,0.0,,0.5,0.0,34.0,320.0,,,,0.0,0.02
564bddb0-e717-11ed-acf0-f7b342f82229,7.822357 46.529218,2023-05-02 12:00:00+02:00,7,NATURAL,SLAB,3,UNKNOWN,N,124,46.507349089741446,7.826774530393975,0,668.6810302734375,1382.7392578125,2374.03564453125,2747.3647549243933,329.781659964121,JUN,JUN,-8.5,-9.3,-7.8,,,67.9,2.2,-13.6,656.8,,1021.3,3078.7,,10.8,317.0,5.5,19.8,38.9,10.1,36.4,,,,,1061.0,187.0,,,,49.0,0.243
18414158-6d92-4cd1-ab90-28699222ae16,8.421236 46.785109,2023-05-03 16:30:00+02:00,2,EXPLOSIVE,SLAB,2,DRY,NW,66,46.791597366027,8.415868830189483,0,762.520751953125,2162.548828125,-2119.921875,3028.314083797836,225.5702931836133,TIT,TIT,-0.6,-0.9,-0.5,,,20.5,1.2,-20.6,701.3,,1025.4,3112.9,,5.1,119.0,2.9,10.4,18.4,5.0,18.0,,,,,585.0,,,,,,0.235
9b1e09ce-808a-44b8-8176-c69307d3a01b,8.390545 46.780329,2023-04-19 08:30:00+02:00,4,EXPLOSIVE,LOOSE_SNOW,1,DRY,NW,87,46.753081840599236,8.409178121255596,0,749.95458984375,-229.50439453125,-165.78369140625,283.1192318537163,125.84265966353284,TIT,TIT,-6.5,-6.7,-6.4,,,78.4,3.0,-9.7,696.0,,1018.1,3052.4,,9.7,308.0,7.0,25.2,34.9,9.4,33.8,,,,,545.0,,,,,,0.12
8b4032b5-5847-4489-a91a-a268f821bb88,8.425022 46.770122,2023-05-15 09:30:00+02:00,2,EXPLOSIVE,SLAB,2,DRY,S,29,46.7369124280314,8.414916240598757,0,747.9403686523438,-706.4208984375,-4139.31884765625,4199.165513326608,170.31514183917676,TIT,TIT,-6.3,-6.6,-5.8,,,98.0,3.7,-6.6,693.2,,1014.3,3021.2,,7.5,355.0,2.6,9.4,27.0,7.1,25.6,,,,,461.0,,,,,,0.13
c1bf9390-dd0b-11ed-8f1e-7bb69ddca4ec,8.237684 46.748368,2023-04-18 12:00:00+02:00,7,NATURAL,SLAB,2,DRY,NW,0,46.71282577016296,8.230185992413599,0,664.570068359375,212.9150390625,23.62060546875,214.22125679235532,276.3304569474229,MER,MER,14.6,13.7,15.7,22.4,22.0,50.9,8.5,4.5,947.4,1015.3,1016.4,,,7.5,294.0,2.8,10.1,27.0,7.3,26.3,0.0,,0.0,,876.0,,,,114.0,60.0,0.485
fdfaf590-ea4c-11ed-8348-fb5788bd30bc,8.001152 46.577404,2023-05-02 12:00:00+02:00,7,NATURAL,SLAB,2,DRY,NW,247,46.536330336503134,7.998046649818083,0,645.3341674804688,-452.08740234375,1483.26416015625,1550.630706571344,16.95081446319719,JUN,JUN,-8.5,-9.3,-7.8,,,67.9,2.2,-13.6,656.8,,1021.3,3078.7,,10.8,317.0,5.5,19.8,38.9,10.1,36.4,,,,,1061.0,187.0,,,,49.0,0.243
ff002b7f-49f5-4ba6-971a-c1b18578a2b6,8.389256 46.787371,2023-04-16 08:30:00+02:00,2,EXPLOSIVE,SLAB,1,DRY,N,143,46.77025928884805,8.370853377568855,0,729.1536254882812,-1440.63720703125,-1861.3037109375,2353.696468670612,142.26035731845178,TIT,TIT,-9.5,-9.6,-9.3,,,94.1,2.8,-10.3,692.7,,1013.7,3017.0,,7.6,16.0,3.6,13.0,27.4,7.1,25.6,,,,,249.0,,,,,,0.057
74d69404-e345-4837-afea-4a4f976882c4,8.416507 46.785698,2023-04-16 08:00:00.000 +0200,4,EXPLOSIVE,SLAB,2,DRY,NW,161,46.785698,8.416507,1,759.0537109375,512.29248046875,-429.1259765625,668.2759080690729,230.04850034138033,TIT,TIT,-9.5,-9.6,-9.3,,,94.1,2.8,-10.3,692.7,,1013.7,3017.0,,7.6,16.0,3.6,13.0,27.4,7.1,25.6,,,,,249.0,,,,,,0.057
dda75b80-ddc2-11ed-b3b1-431b3c02902e,8.263291 46.74286,2023-04-19 14:30:00+02:00,1,SNOW_GROOMER,SLAB,3,DRY,SE,84,46.70252947369338,8.304126909550098,0,686.1585083007812,597.8759765625,-1532.92236328125,1645.389514734531,201.30695980198345,GRH,GRH,3.6,3.3,3.8,,,81.4,6.4,0.7,801.6,,1016.7,,1482.6,7.6,359.0,5.2,18.7,27.4,7.2,25.9,,,0.0,181.0,967.0,288.0,,,,2.0,0.336
74720590-2505-48bc-ad7b-327442e7d8ae,8.216759 46.608474,2023-04-21 12:00:00.000 +0200,7,PERSON,SLAB,1,DRY,N,130,46.608474,8.216759,1,678.3681640625,1724.96337890625,-1325.93994140625,2175.6873366327427,232.45134135486592,GRH,GRH,1.9,1.3,2.4,,,76.3,5.4,-1.8,799.3,,1013.9,,1461.9,10.7,152.0,7.0,25.2,38.5,10.2,36.7,,,0.0,186.0,555.0,311.0,,,,0.0,0.188
fdfaf590-ea4c-11ed-8348-fb5788bd30bc,8.001152 46.577404,2023-05-01 12:00:00+02:00,7,NATURAL,SLAB,2,DRY,NW,43,46.597735741374876,8.027354310700698,0,606.3809814453125,2250.98876953125,402.42919921875,2286.6787489587723,280.13618874501026,JUN,JUN,-6.3,-6.6,-6.0,,,94.6,3.6,-7.0,653.7,,1016.8,3036.8,,2.9,175.0,1.2,4.3,10.4,2.8,10.1,,,,,737.0,282.0,,,,0.0,0.244
c98d2b1a-9c67-4f2a-8b1b-1b27502b6c5d,8.423896 46.779967,2023-04-14 07:00:00+02:00,3,EXPLOSIVE,SLAB,1,DRY,NW,53,46.74158707069017,8.400211630800277,0,737.6771240234375,505.5908203125,-756.298828125,909.7307266480093,213.76299217917577,TIT,TIT,-13.4,-13.7,-13.1,,,99.4,2.2,-13.5,684.7,,1002.8,2929.1,,9.3,318.0,3.0,10.8,33.5,8.9,32.0,,,,,121.0,,,,,,0.023
b5d8fc03-e36a-4fa1-9d42-ea7105356bda,8.385358 46.779077,2023-04-18 05:00:00+02:00,3,EXPLOSIVE,UNKNOWN,2,DRY,NE,55,46.802091551906045,8.378124076933382,0,743.9417724609375,419.12841796875,-953.28369140625,1041.3541314318168,203.73355994144111,ENG,ENG,2.8,2.7,3.0,2.2,2.1,87.7,6.5,1.0,898.0,,1016.9,,1479.5,2.6,84.0,1.0,3.6,9.4,2.4,8.6,0.0,,0.0,0.0,2.0,306.0,,,,0.0,-0.002
d1dc6b80-4759-4599-8761-9b826a9ee094,8.401311 46.769587,2023-04-14 00:00:00+02:00,6,NATURAL,SLAB,3,DRY,NW,116,46.78232688654637,8.373943502462051,0,737.1076049804688,2134.53369140625,744.10400390625,2260.514288470149,289.21868788337514,TIT,TIT,-12.7,-13.1,-12.3,,,100.0,2.3,-12.7,684.0,,1001.8,2921.2,,14.6,328.0,4.3,15.5,52.6,13.7,49.3,,,,,0.0,,,,,,-0.002
0d6a183c-f453-4a31-98c7-90213921e278,8.417328 46.785788,2023-04-02 06:30:00+02:00,2,EXPLOSIVE,SLAB,1,DRY,NW,12,46.74422957501837,8.378158788856128,0,723.300537109375,151.3916015625,-42.29736328125,157.18932522345398,254.39014582281774,TIT,TIT,-11.9,-12.0,-11.8,,,97.8,2.4,-12.2,688.6,,1008.1,2971.7,,7.9,298.0,5.1,18.4,28.4,7.6,27.4,,,,,19.0,,,,,,0.006
c98d2b1a-9c67-4f2a-8b1b-1b27502b6c5d,8.423896 46.779967,2023-04-12 07:00:00.000 +0200,3,EXPLOSIVE,SLAB,1,DRY,NW,213,46.779967,8.423896,1,764.029541015625,305.74951171875,-790.576171875,847.6399279486448,201.1436112374965,TIT,TIT,-4.6,-4.7,-4.5,,,99.0,4.3,-4.8,690.1,,1010.2,2985.8,,25.3,268.0,12.0,43.2,91.1,24.2,87.1,,,,,99.0,,,,,,0.019
110f1420-d9f1-11ed-8014-25b7abf6ec82,8.252181 46.759933,2023-04-14 02:00:00+02:00,4,NATURAL,FULL_DEPTH,2,WET,S,52,46.753516950963764,8.235887517921448,0,666.4761962890625,966.24755859375,-614.35546875,1145.0183345568814,237.55115444921302,MER,MER,2.7,2.5,2.9,2.1,1.9,90.3,6.7,1.3,942.0,1012.7,1010.7,,,4.1,344.0,1.8,6.5,14.8,4.0,14.4,0.0,,0.3,,1.0,,,,1.0,0.0,0.0
ab2a9319-7f29-4629-a314-d5965080c33e,8.421443 46.780432,2023-05-04 07:30:00+02:00,4,EXPLOSIVE,SLAB,2,DRY,N,0,46.80299720426095,8.399115941718124,0,758.6245727539062,361.77978515625,-1444.7021484375,1489.3115559370478,194.05879561370847,ENG,ENG,8.0,5.6,10.2,7.3,2.0,63.7,6.9,1.5,902.0,,1021.3,,1524.3,3.6,94.0,1.5,5.4,13.0,3.5,12.6,0.0,,0.0,0.0,248.0,268.0,,,,32.0,0.124
b121901c-cb98-4082-b65b-7aa17e40b945,8.420495 46.780984,2023-04-16 08:00:00+02:00,4,EXPLOSIVE,SLAB,2,DRY,NE,106,46.79343488333875,8.407251343939505,0,756.1010131835938,-1549.2919921875,-1124.89013671875,1914.5974764277323,125.98217181677956,ENG,ENG,0.4,0.3,0.5,0.8,0.6,97.4,6.1,0.1,899.6,,1018.7,,1490.1,1.8,95.0,1.1,4.0,6.5,1.7,6.1,0.0,,1.7,0.0,76.0,320.0,,,,0.0,0.037
b2ae7f83-144e-4307-bbca-2bcde419c704,8.384786 46.783437,2023-04-18 08:30:00+02:00,4,EXPLOSIVE,LOOSE_SNOW,1,DRY,N,123,46.757868485540826,8.342135417174472,0,717.1848754882812,229.28466796875,-1009.31396484375,1035.0295351313173,192.79860519948235,TIT,TIT,-6.1,-7.1,-5.1,,,76.1,3.0,-9.7,694.1,,1015.6,3031.7,,4.1,233.0,1.3,4.7,14.8,3.9,14.0,,,,,514.0,,,,,,0.154
839994f8-5b6d-44ab-8e1c-fd57876e2bd9,8.4215 46.780442,2023-04-04 07:00:00+02:00,4,EXPLOSIVE,SLAB,2,DRY,E,0,46.80671936029965,8.413015717433002,0,768.9464721679688,-73.27880859375,-144.47021484375,161.99205772481173,153.1047675187196,ENG,ENG,-3.7,-3.9,-3.3,-3.3,-3.4,89.3,4.2,-5.2,898.6,,1017.6,,1474.4,5.4,231.0,3.3,11.9,19.4,5.2,18.7,0.0,,0.0,0.0,44.0,289.0,,,,0.0,0.023
6e6f00b6-dfe0-4527-9b3f-7c45ffdf4fee,8.379219 46.783826,2023-04-01 07:00:00+02:00,4,EXPLOSIVE,SLAB,2,DRY,N,192,46.77238279686505,8.397235213041945,0,745.6668701171875,421.6552734375,-1071.49658203125,1151.4764847456956,201.48062712688687,TIT,TIT,-10.8,-10.8,-10.6,,,97.0,2.6,-11.1,686.0,,1004.5,2941.7,,25.3,286.0,14.5,52.2,91.1,24.5,88.2,,,,,91.0,,,,,,0.013
2ed09558-7716-4dda-935c-3c151ebe5b3b,8.238855 46.748629,2023-04-20 08:30:00+02:00,4,EXPLOSIVE,SLAB,1,DRY,NW,6,46.78806888777123,8.267587313128486,0,688.0831909179688,508.33740234375,-1272.65625,1370.4236006744973,201.77326227802973,GIH,GIH,5.4,5.3,5.7,,,99.2,8.9,5.3,956.9,1013.5,1012.3,,,3.2,90.0,1.4,5.0,11.5,3.1,11.2,0.0,,0.0,,50.0,,,,47.0,0.0,0.032
c8955470-dce3-11ed-bcd6-6b951ea9af39,8.419791 46.782658,2023-04-17 12:00:00+02:00,7,EXPLOSIVE,SLAB,2,DRY,N,54,46.758314821956944,8.40869755402612,0,749.0426025390625,268.7255859375,-46.47216796875,272.71432476708736,260.1885721238185,TIT,TIT,-8.6,-8.9,-8.4,,,81.2,2.6,-11.2,694.1,,1015.6,3032.1,,10.1,94.0,5.2,18.7,36.4,9.7,34.9,,,,,980.0,,,,,,0.21
2ed09558-7716-4dda-935c-3c151ebe5b3b,8.238855 46.748629,2023-04-20 08:30:00+02:00,4,EXPLOSIVE,SLAB,1,DRY,NW,115,46.759613222548204,8.25929390511766,0,681.885986328125,-12.63427734375,-1501.28173828125,1501.334900234045,179.51782955736522,MER,MER,6.2,6.1,6.3,7.3,7.2,80.0,7.6,3.0,942.1,1011.8,1010.8,,,5.2,254.0,3.0,10.8,18.7,5.1,18.4,0.0,,0.0,,114.0,,,,108.0,0.0,0.071
1851a448-559e-4572-8066-2824a030e41d,8.385872 46.778947,2023-04-15 07:30:00+02:00,2,EXPLOSIVE,LOOSE_SNOW,1,DRY,NE,216,46.761520676651315,8.374335913399204,0,729.2319946289062,1970.2880859375,1064.1357421875,2239.290070399143,298.3731027297064,TIT,TIT,-9.0,-9.1,-8.8,,,97.9,3.0,-9.3,685.0,,1003.1,2929.2,,13.6,300.0,9.7,34.9,49.0,13.3,47.9,,,,,147.0,,,,,,0.023
37f6f440-e68a-11ed-9633-279e930b62b5,7.970158 46.5442,2023-05-01 12:00:00+02:00,7,NATURAL,SLAB,2,DRY,SE,203,46.54466621502652,7.945815510473544,0,672.957763671875,-621.71630859375,1508.75244140625,1631.8287587307557,22.395241931520957,JUN,JUN,-6.3,-6.6,-6.0,,,94.6,3.6,-7.0,653.7,,1016.8,3036.8,,2.9,175.0,1.2,4.3,10.4,2.8,10.1,,,,,737.0,282.0,,,,0.0,0.244
26d0ed0c-b5fc-4983-9f76-b0f25e82ece7,8.388771 46.786265,2023-04-18 08:30:00+02:00,4,EXPLOSIVE,LOOSE_SNOW,1,DRY,NW,1,46.81122624844579,8.382264429413144,0,750.91943359375,656.21337890625,1102.8076171875,1283.277304086038,329.2457104332073,ENG,ENG,5.1,4.3,5.9,12.1,9.3,69.1,6.1,-0.2,898.4,,1017.3,,1486.8,3.7,99.0,2.0,7.2,13.3,3.4,12.2,0.0,,0.0,0.0,460.0,253.0,,,,60.0,0.186
c8955470-dce3-11ed-bcd6-6b951ea9af39,8.419791 46.782658,2023-04-16 12:00:00.000 +0200,7,EXPLOSIVE,SLAB,2,DRY,N,310,46.782658,8.419791,1,760.7146606445312,3990.0146484375,1105.0048828125,4140.199594921155,285.47967510578906,TIT,TIT,-9.1,-9.2,-9.1,,,96.8,3.0,-9.5,693.9,,1015.2,3029.6,,7.4,16.0,3.6,13.0,26.6,7.0,25.2,,,,,654.0,,,,,,0.147
2a2d7868-aa56-44d4-b082-8c267cccfbe3,8.388637 46.786311,2023-04-14 07:30:00+02:00,2,EXPLOSIVE,LOOSE_SNOW,1,DRY,NW,5,46.82383908607404,8.352776185133196,0,737.3601684570312,-939.55078125,-1331.3232421875,1629.4714620809173,144.7883476887034,ENG,ENG,0.4,0.0,0.9,0.0,-0.3,90.5,5.7,-1.0,891.8,,1010.0,,1420.7,4.5,261.0,1.2,4.3,16.2,4.4,15.8,0.0,,0.1,8.0,75.0,298.0,,,,0.0,0.035
26d0ed0c-b5fc-4983-9f76-b0f25e82ece7,8.388771 46.786265,2023-04-16 08:30:00+02:00,4,EXPLOSIVE,LOOSE_SNOW,1,DRY,NW,0,46.822229870052276,8.42642422525309,0,781.7075805664062,164.02587890625,-1602.4658203125,1610.8386617600104,185.84435161100458,ENG,ENG,0.4,0.3,0.5,0.8,0.6,97.4,6.1,0.1,899.6,,1018.7,,1490.1,1.8,95.0,1.1,4.0,6.5,1.7,6.1,0.0,,1.7,0.0,76.0,320.0,,,,0.0,0.037
b5d8fc03-e36a-4fa1-9d42-ea7105356bda,8.385358 46.779077,2023-04-17 05:00:00+02:00,3,EXPLOSIVE,UNKNOWN,2,DRY,NE,152,46.7846556688199,8.412314905832504,0,754.751220703125,632.8125,-954.16259765625,1144.935772400519,213.5528323883887,TIT,TIT,-9.3,-9.4,-9.1,,,94.4,2.9,-10.1,693.5,,1014.8,3026.0,,13.9,18.0,8.3,29.9,50.0,13.6,49.0,,,,,1.0,,,,,,0.001
d1dc6b80-4759-4599-8761-9b826a9ee094,8.401311 46.769587,2023-04-13 00:00:00.000 +0200,6,NATURAL,SLAB,3,DRY,NW,196,46.769587,8.401311,1,747.0386352539062,-160.400390625,-956.9091796875,970.2594825524029,170.48434964326998,TIT,TIT,-10.0,-10.3,-9.6,,,98.5,2.8,-10.2,685.5,,1003.9,2936.3,,16.3,265.0,7.5,27.0,58.7,16.1,58.0,,,,,0.0,,,,,,-0.001
4b5d9a70-d15e-11ed-94cc-21edfa2a74e3,8.233716 46.754659,2023-04-02 15:30:00+02:00,1,NATURAL,FULL_DEPTH,2,WET,S,1,46.73858408147236,8.220333181419658,0,659.1172485351562,314.75830078125,-1679.91943359375,1709.152448225917,190.6121893205884,MER,MER,10.5,9.8,11.5,11.3,8.4,56.8,7.2,2.3,946.7,1015.6,1015.6,,,11.0,301.0,4.6,16.6,39.6,10.6,38.2,0.0,,0.1,,219.0,,,,178.0,6.0,0.164
c1bf9390-dd0b-11ed-8f1e-7bb69ddca4ec,8.237684 46.748368,2023-04-18 12:00:00+02:00,7,NATURAL,SLAB,2,DRY,NW,0,46.7423824364255,8.218873172939805,0,657.900390625,244.66552734375,55.37109375,250.85290170429874,282.7519909383329,MER,MER,14.6,13.7,15.7,22.4,22.0,50.9,8.5,4.5,947.4,1015.3,1016.4,,,7.5,294.0,2.8,10.1,27.0,7.3,26.3,0.0,,0.0,,876.0,,,,114.0,60.0,0.485
2f93ceb4-a841-42da-a6c1-1933628dbb83,8.385941 46.778747,2023-04-01 07:00:00.000 +0200,4,EXPLOSIVE,SLAB,2,DRY,NE,81,46.778747,8.385941,1,738.159423828125,-807.4951171875,-2791.95556640625,2906.383362371265,163.86896488795355,TIT,TIT,-10.8,-10.8,-10.6,,,97.0,2.6,-11.1,686.0,,1004.5,2941.7,,25.3,286.0,14.5,52.2,91.1,24.5,88.2,,,,,91.0,,,,,,0.013
bc76da5f-d990-4bb2-a099-1ab0703da0a4,8.422538 46.779775,2023-05-02 07:30:00+02:00,4,EXPLOSIVE,SLAB,2,DRY,N,186,46.76453677682741,8.385232918819806,0,737.3798828125,-1351.64794921875,2825.57373046875,3132.22270679183,25.564694692595026,TIT,TIT,-6.7,-6.9,-6.5,,,97.5,3.6,-7.1,697.0,,1019.6,3064.7,,10.9,23.0,7.1,25.6,39.2,10.7,38.5,,,,,152.0,,,,,,0.033
b4aeb776-bc6c-459f-adeb-919a10f47c8a,8.420466 46.780907,2023-04-03 07:00:00+02:00,4,EXPLOSIVE,SLAB,2,DRY,NW,72,46.794882335155094,8.42083788095994,0,770.8084716796875,1113.24462890625,-2987.6220703125,3188.2909589319106,200.4363474945884,TIT,TIT,-11.1,-11.4,-10.6,,,93.9,2.5,-11.9,692.7,,1013.6,3017.2,,10.4,32.0,6.3,22.7,37.4,9.9,35.6,,,,,76.0,,,,,,0.018
6e6f00b6-dfe0-4527-9b3f-7c45ffdf4fee,8.379219 46.783826,2023-04-03 07:00:00+02:00,4,EXPLOSIVE,SLAB,2,DRY,N,78,46.783285896954084,8.36768787625771,0,735.3974609375,283.99658203125,-2376.67236328125,2393.5800761600426,186.814155813956,ENG,ENG,0.5,0.3,0.8,0.5,0.3,96.9,6.1,0.1,900.4,,1019.5,,1497.3,6.2,239.0,3.4,12.2,22.3,5.6,20.2,0.0,,0.5,0.0,34.0,320.0,,,,0.0,0.02
9312b9e3-9422-40e1-8539-92240b8f9de8,8.390152 46.787449,2023-04-13 07:30:00+02:00,2,EXPLOSIVE,LOOSE_SNOW,1,DRY,N,142,46.77933961152969,8.416252093080331,0,755.16455078125,951.96533203125,-909.66796875,1316.7132591263442,226.3015686345911,TIT,TIT,-13.5,-13.7,-13.0,,,100.0,2.2,-13.5,683.5,,1001.1,2915.8,,10.2,306.0,5.7,20.5,36.7,9.9,35.6,,,,,127.0,,,,,,0.019
fdfaf590-ea4c-11ed-8348-fb5788bd30bc,8.001152 46.577404,2023-05-01 12:00:00+02:00,7,NATURAL,SLAB,2,DRY,NW,193,46.580428813331004,8.026298685784838,0,612.2753295898438,-706.640625,1628.94287109375,1775.6114017958828,23.451354103408846,JUN,JUN,-6.3,-6.6,-6.0,,,94.6,3.6,-7.0,653.7,,1016.8,3036.8,,2.9,175.0,1.2,4.3,10.4,2.8,10.1,,,,,737.0,282.0,,,,0.0,0.244
1360c83b-baa5-40fd-8967-adc55e27b8f8,8.035169 46.786944,2023-05-08 11:00:00.000 +0200,4,EXPLOSIVE,FULL_DEPTH,2,WET,SW,25,46.786944,8.035169,1,622.5305786132812,-663.46435546875,913.8427734375,1129.2889645885616,35.98024504551412,BRZ,BRZ,,,,,,,,,955.0,,1021.9,,,3.0,246.0,1.7,6.1,10.8,2.9,10.4,,,0.0,,,,,,,,
74d69404-e345-4837-afea-4a4f976882c4,8.416507 46.785698,2023-04-19 08:00:00+02:00,4,EXPLOSIVE,SLAB,2,DRY,NW,0,46.81185813759808,8.415058444514568,0,771.0820922851562,1133.02001953125,-1160.15625,1621.6340182274967,224.32202380972154,ENG,ENG,7.0,5.8,8.3,15.6,12.7,76.2,7.6,3.1,900.1,,1019.2,,1505.6,4.8,204.0,1.9,6.8,17.3,4.1,14.8,0.0,,0.0,0.0,545.0,295.0,,,,55.0,0.227
9312b9e3-9422-40e1-8539-92240b8f9de8,8.390152 46.787449,2023-04-16 07:30:00+02:00,2,EXPLOSIVE,LOOSE_SNOW,1,DRY,N,46,46.811709667515835,8.361434613578611,0,742.6319580078125,42.73681640625,-695.654296875,696.9658070789357,183.51548992055396,ENG,ENG,0.4,0.3,0.5,0.4,0.1,96.9,6.1,0.0,899.4,,1018.4,,1488.0,2.5,94.0,1.4,5.0,9.0,2.3,8.3,0.0,,1.3,0.0,49.0,319.0,,,,0.0,0.026
97f65a13-9c8a-44c6-b5dc-c7c4d60fed1e,7.972757 46.575628,2023-04-18 07:30:00+02:00,2,EXPLOSIVE,SLAB,1,DRY,N,26,46.59837322320901,8.010675328233871,0,615.0631713867188,280.92041015625,766.73583984375,816.5783030078967,339.8779302291106,JUN,JUN,-10.8,-11.3,-10.6,,,83.1,2.2,-13.2,652.4,,1015.0,3030.9,,3.5,139.0,2.0,7.2,12.6,3.5,12.6,,,,,286.0,173.0,,,,59.0,0.065
59a9c34c-87a8-4479-9db9-c3a9d7e37faf,8.42632 46.777873,2023-04-27 07:00:00+02:00,3,EXPLOSIVE,SLAB,2,DRY,NE,18,46.74120294802794,8.404383031896518,0,741.5559692382812,394.95849609375,-1881.62841796875,1922.633016710214,191.8544282530891,TIT,TIT,-7.2,-7.3,-7.1,,,89.9,3.2,-8.6,696.2,,1018.4,3055.0,,8.5,238.0,4.7,16.9,30.6,8.4,30.2,,,,,272.0,,,,,,0.062
8d0101b0-de65-11ed-ad4d-6fea2397c693,7.846102 46.562407,2023-04-20 12:00:00+02:00,7,NATURAL,FULL_DEPTH,2,WET,S,98,46.58798371715483,7.869011671781956,0,663.35009765625,-1084.3505859375,-933.06884765625,1430.536146935673,130.7115447843841,INT,INT,5.8,5.5,5.9,6.7,5.8,93.2,8.6,4.8,943.1,1011.8,1010.7,,,6.3,299.0,2.0,7.2,22.7,5.9,21.2,0.0,,1.2,,79.0,,,,79.0,0.0,0.049
c1bf9390-dd0b-11ed-8f1e-7bb69ddca4ec,8.237684 46.748368,2023-04-17 12:00:00+02:00,7,NATURAL,SLAB,2,DRY,NW,0,46.71279962190824,8.21981853113287,0,659.8817138671875,239.83154296875,-842.10205078125,875.5883924154992,195.8970083769455,MER,MER,11.6,11.2,11.9,19.5,18.3,60.7,8.3,4.2,949.4,1018.2,1018.5,,,8.4,327.0,3.8,13.7,30.2,8.1,29.2,0.0,,0.0,,848.0,,,,368.0,39.0,0.412
1360c83b-baa5-40fd-8967-adc55e27b8f8,8.035169 46.786944,2023-05-09 11:00:00+02:00,4,EXPLOSIVE,FULL_DEPTH,2,WET,SW,1,46.783140143912334,8.025805386877941,0,616.2434692382812,1769.23828125,914.61181640625,1991.6623384877253,297.3368076136336,BRZ,BRZ,,,,,,,,,948.7,,1015.2,,,4.2,258.0,2.5,9.0,15.1,4.1,14.8,,,0.0,,,,,,,,
34e33f73-9c60-4cff-be3e-9f199f5b9d9e,8.385879 46.778707,2023-04-18 05:00:00+02:00,3,EXPLOSIVE,UNKNOWN,2,DRY,NE,25,46.75081082794636,8.376571882775524,0,726.6876831054688,846.05712890625,332.77587890625,909.1493006953885,291.4709817303973,TIT,TIT,-7.9,-8.0,-7.8,,,78.2,2.6,-11.0,693.2,,1014.3,3021.8,,7.2,204.0,5.2,18.7,25.9,7.1,25.6,,,,,1.0,,,,,,0.006
129ea644-660f-4e28-b1b5-6ad36254a3b7,8.425551 46.770235,2023-05-17 09:00:00+02:00,3,EXPLOSIVE,SLAB,2,DRY,SE,108,46.77901747395466,8.421147377601317,0,759.9259033203125,-538.9892578125,326.07421875,629.9474709614227,58.82717323773007,TIT,TIT,-6.9,-7.7,-6.2,,,85.1,3.1,-9.0,694.8,,1016.5,3039.5,,19.9,63.0,11.4,41.0,71.6,19.7,70.9,,,,,741.0,,,,,,0.128
931d9d63-4823-45cb-940f-26620aa25be9,8.425244 46.779006,2023-04-13 07:30:00.000 +0200,2,EXPLOSIVE,SLAB,2,DRY,N,199,46.779006,8.425244,1,763.1732788085938,1680.46875,-810.24169921875,1865.6009302311816,244.2588574618955,TIT,TIT,-13.5,-13.7,-13.0,,,100.0,2.2,-13.5,683.5,,1001.1,2915.8,,10.2,306.0,5.7,20.5,36.7,9.9,35.6,,,,,127.0,,,,,,0.019
74720590-2505-48bc-ad7b-327442e7d8ae,8.216759 46.608474,2023-04-21 12:00:00+02:00,7,PERSON,SLAB,1,DRY,N,110,46.56358405835091,8.25345766184361,0,685.1480102539062,-996.13037109375,-521.74072265625,1124.4950412933078,117.64408633100813,GRH,GRH,1.9,1.3,2.4,,,76.3,5.4,-1.8,799.3,,1013.9,,1461.9,10.7,152.0,7.0,25.2,38.5,10.2,36.7,,,0.0,186.0,555.0,311.0,,,,0.0,0.188
49e457f5-5bb7-4272-bb56-c1782a243205,8.423263 46.779484,2023-04-16 08:00:00+02:00,4,EXPLOSIVE,SLAB,3,DRY,N,186,46.745780815845315,8.419463900680979,0,755.6251220703125,282.7880859375,-1210.693359375,1243.2809465213072,193.1471704005297,TIT,TIT,-9.5,-9.6,-9.3,,,94.1,2.8,-10.3,692.7,,1013.7,3017.0,,7.6,16.0,3.6,13.0,27.4,7.1,25.6,,,,,249.0,,,,,,0.057
fdfaf590-ea4c-11ed-8348-fb5788bd30bc,8.001152 46.577404,2023-05-03 12:00:00+02:00,7,NATURAL,SLAB,2,DRY,NW,39,46.5936172008537,7.967194245298651,0,642.0592651367188,464.0625,537.12158203125,709.8264561074086,319.1736286608476,JUN,JUN,-2.9,-3.9,-2.2,,,31.6,1.5,-17.7,660.3,,1026.2,3109.8,,10.1,23.0,3.9,14.0,36.4,9.6,34.6,,,,,1046.0,185.0,,,,60.0,0.365
f4bf91bd-2855-4c53-b901-3cb18add524d,8.420301 46.78111,2023-04-19 08:00:00+02:00,4,EXPLOSIVE,SLAB,2,DRY,N,235,46.772098516773376,8.396483028973137,0,744.9830932617188,282.7880859375,-349.47509765625,449.5574995815778,218.97907458855067,TIT,TIT,-6.5,-6.7,-6.4,,,78.4,3.0,-9.7,696.0,,1018.1,3052.4,,9.7,308.0,7.0,25.2,34.9,9.4,33.8,,,,,545.0,,,,,,0.12
a9add040-dd0c-11ed-8f1e-7bb69ddca4ec,8.245886 46.75731,2023-04-17 12:15:00+02:00,0,NATURAL,FULL_DEPTH,2,WET,S,0,46.71742657661148,8.26865072407356,0,683.2867431640625,311.90185546875,-1660.80322265625,1689.837303360958,190.63635965129123,MER,MER,11.6,11.2,11.9,19.5,18.3,60.7,8.3,4.2,949.4,1018.2,1018.5,,,8.4,327.0,3.8,13.7,30.2,8.1,29.2,0.0,,0.0,,848.0,,,,368.0,39.0,0.412
233c98fe-a27b-4c5e-992f-1bc9cdd0362a,8.422835 46.779803,2023-04-28 07:00:00+02:00,3,EXPLOSIVE,SLAB,2,DRY,N,42,46.7949718122711,8.42545311080914,0,774.7738647460938,779.04052734375,-590.95458984375,977.8197535852008,232.81723891194528,TIT,TIT,-1.2,-1.4,-0.7,,,99.9,5.6,-1.2,698.5,,1021.5,3080.9,,23.3,274.0,11.7,42.1,83.9,22.6,81.4,,,,,112.0,,,,,,0.025
099a6e90-d12e-11ed-ba10-b99b29af1712,8.260874 46.762857,2023-04-02 07:18:00+02:00,0,EXPLOSIVE,SLAB,3,DRY,NE,86,46.764325910130616,8.284557337048817,0,696.9930419921875,859.02099609375,-537.56103515625,1013.3552872749801,237.96235306299693,MER,MER,4.2,3.1,5.7,5.1,0.0,91.4,7.5,2.9,945.1,1015.5,1014.0,,,1.2,346.0,0.6,2.2,4.3,1.2,4.3,0.0,,0.0,,215.0,,,,67.0,43.0,0.068
10ab716e-5fe3-4dac-9343-2f5c3d5e2a92,8.244594 46.61198,2023-05-11 12:00:00+02:00,7,NATURAL,SLAB,4,WET,NW,52,46.569166894929616,8.20682219402319,0,659.4794921875,227.52685546875,-70.0927734375,238.07869885325348,252.87783226001812,ULR,ULR,9.2,8.4,10.1,13.0,12.3,56.4,6.6,1.0,861.4,,1013.1,,1457.2,8.3,112.0,3.1,11.2,29.9,7.8,28.1,,,0.0,0.0,613.0,310.0,,,570.0,2.0,0.317
37f6f440-e68a-11ed-9633-279e930b62b5,7.970158 46.5442,2023-04-29 12:00:00.000 +0200,7,NATURAL,SLAB,2,DRY,SE,265,46.5442,7.970158,1,659.6864624023438,-1524.90234375,127.6611328125,1530.236753840795,85.21449516841656,JUN,JUN,-5.4,-5.5,-5.3,,,87.5,3.6,-7.1,657.1,,1021.7,3076.0,,7.0,314.0,4.4,15.8,25.2,6.5,23.4,,,,,974.0,244.0,,,,36.0,0.263
9b1e09ce-808a-44b8-8176-c69307d3a01b,8.390545 46.780329,2023-04-16 08:30:00+02:00,4,EXPLOSIVE,LOOSE_SNOW,1,DRY,NW,0,46.81963776700559,8.404224586799318,0,764.186279296875,1261.4501953125,-486.58447265625,1352.0432849151337,248.9066676320082,ENG,ENG,0.4,0.3,0.5,0.8,0.6,97.4,6.1,0.1,899.6,,1018.7,,1490.1,1.8,95.0,1.1,4.0,6.5,1.7,6.1,0.0,,1.7,0.0,76.0,320.0,,,,0.0,0.037
da27b6a6-0240-478c-9ff6-ab83983e37eb,8.426516 46.77779,2023-04-29 07:30:00+02:00,2,EXPLOSIVE,SLAB,2,DRY,NE,109,46.76994186428891,8.386218594151325,0,736.3861694335938,645.88623046875,1776.4892578125,1890.2600630157583,340.0200230579815,TIT,TIT,-2.8,-3.0,-2.6,,,99.3,4.9,-2.9,697.5,,1020.2,3069.6,,7.7,346.0,2.3,8.3,27.7,7.4,26.6,,,,,143.0,,,,,,0.049
b2ae7f83-144e-4307-bbca-2bcde419c704,8.384786 46.783437,2023-04-18 08:30:00+02:00,4,EXPLOSIVE,LOOSE_SNOW,1,DRY,N,0,46.810483856604876,8.407609647497821,0,764.2664794921875,-2605.95703125,-2108.16650390625,3351.921546950885,128.9721580190918,ENG,ENG,5.1,4.3,5.9,12.1,9.3,69.1,6.1,-0.2,898.4,,1017.3,,1486.8,3.7,99.0,2.0,7.2,13.3,3.4,12.2,0.0,,0.0,0.0,460.0,253.0,,,,60.0,0.186
34e33f73-9c60-4cff-be3e-9f199f5b9d9e,8.385879 46.778707,2023-04-18 05:00:00+02:00,3,EXPLOSIVE,UNKNOWN,2,DRY,NE,0,46.80810236551585,8.409083838490961,0,765.7924194335938,531.0791015625,174.462890625,559.0011738106307,288.1856834865305,ENG,ENG,2.8,2.7,3.0,2.2,2.1,87.7,6.5,1.0,898.0,,1016.9,,1479.5,2.6,84.0,1.0,3.6,9.4,2.4,8.6,0.0,,0.0,0.0,2.0,306.0,,,,0.0,-0.002
ad918400-77b8-4908-b8c3-86205d723ff7,8.426238 46.77793,2023-04-26 07:30:00+02:00,2,EXPLOSIVE,SLAB,2,DRY,NE,0,46.81205190683611,8.414667288446106,0,770.5818481445312,743.3349609375,-1465.90576171875,1643.6017055211958,206.88876237838934,ENG,ENG,0.6,-0.3,2.6,0.4,-2.2,89.2,5.7,-1.0,898.0,,1016.9,,1475.9,4.9,96.0,1.9,6.8,17.6,4.7,16.9,0.0,,0.0,0.0,232.0,233.0,,,,31.0,0.076
11f734d7-e1b6-4c3b-8fe6-abdd0b39cea0,8.385873 46.778735,2023-04-13 08:00:00+02:00,4,EXPLOSIVE,SLAB,2,DRY,NE,98,46.79173294225459,8.345646482942502,0,731.0064697265625,-427.47802734375,1752.42919921875,1803.8141706218446,13.708697487891214,ENG,ENG,1.6,1.2,2.2,2.0,1.2,83.2,5.7,-1.0,890.0,,1008.0,,1406.2,2.7,74.0,0.9,3.2,9.7,2.5,9.0,0.0,,0.1,0.0,126.0,298.0,,,,0.0,0.059
146fb98c-e881-4676-9e59-446d1d57d1c2,8.034003 46.784284,2023-04-18 10:30:00+02:00,4,EXPLOSIVE,SLAB,2,DRY,S,83,46.792629000668555,8.019162674510646,0,611.8751831054688,-1219.81201171875,-1314.73388671875,1793.451013220025,137.1447953393077,BRZ,BRZ,,,,,,,,,950.6,,1017.2,,,6.1,107.0,2.6,9.4,22.0,6.0,21.6,,,0.0,,,,,,,,
b2b22272-2994-46f8-ba69-aa77d0ffdafa,8.420101 46.781175,2023-04-28 00:00:00+02:00,6,NATURAL,SLAB,2,DRY,N,38,46.79860023970165,8.411843007234184,0,765.2747192382812,464.94140625,761.46240234375,892.1857998359101,328.5921740704666,ENG,ENG,8.9,8.5,9.3,7.6,7.4,76.6,8.7,5.0,899.1,,1018.1,,1499.3,4.5,81.0,1.5,5.4,16.2,4.4,15.8,0.0,,0.0,0.0,0.0,334.0,,,,0.0,0.005
ae543637-3b77-4592-997d-c9f3fc4c3078,8.424992 46.778957,2023-04-26 07:30:00+02:00,2,EXPLOSIVE,SLAB,2,DRY,N,180,46.76030219233384,8.389947237179799,0,731.151123046875,-315.52734375,-923.18115234375,975.6131122000487,161.13045956741612,TIT,TIT,-9.2,-9.2,-9.1,,,23.4,0.7,-26.4,692.4,,1013.2,3013.0,,14.7,275.0,9.8,35.3,52.9,14.4,51.8,,,,,381.0,,,,,,0.118
514e8b36-8761-43bc-a150-8a7eaeb0c925,8.038115 46.78053,2023-05-09 11:00:00+02:00,4,EXPLOSIVE,FULL_DEPTH,1,WET,NW,1,46.77909788064567,8.010842973948334,0,610.8563232421875,-1745.7275390625,-2326.57470703125,2908.6963588588546,143.11755058891328,BRZ,BRZ,,,,,,,,,948.7,,1015.2,,,4.2,258.0,2.5,9.0,15.1,4.1,14.8,,,0.0,,,,,,,,
26d0ed0c-b5fc-4983-9f76-b0f25e82ece7,8.388771 46.786265,2023-04-19 08:30:00+02:00,4,EXPLOSIVE,LOOSE_SNOW,1,DRY,NW,22,46.7778199646705,8.359108044284076,0,729.6851196289062,2252.8564453125,-227.197265625,2264.283719124781,264.24127496681206,TIT,TIT,-6.5,-6.7,-6.4,,,78.4,3.0,-9.7,696.0,,1018.1,3052.4,,9.7,308.0,7.0,25.2,34.9,9.4,33.8,,,,,545.0,,,,,,0.12
33f93161-2ec3-46b0-ab16-f598e280759a,8.383072 46.779972,2023-04-14 08:00:00+02:00,4,EXPLOSIVE,SLAB,2,DRY,NE,78,46.771590844451325,8.344337289066583,0,721.1917114257812,-188.7451171875,679.6142578125,705.3369823596082,15.521244726874883,TIT,TIT,-13.4,-13.6,-13.2,,,100.0,2.2,-13.4,684.7,,1002.8,2929.3,,8.5,327.0,2.1,7.6,30.6,8.3,29.9,,,,,263.0,,,,,,0.052
8b5b35b0-dd0c-11ed-8f1e-7bb69ddca4ec,8.229566 46.753026,2023-04-18 12:30:00+02:00,0,NATURAL,FULL_DEPTH,2,WET,SE,3,46.75758514189555,8.193009163378937,0,659.4435424804688,-210.60791015625,42.51708984375,214.85668420871755,78.5866456536228,MER,MER,14.6,13.7,15.7,22.4,22.0,50.9,8.5,4.5,947.4,1015.3,1016.4,,,7.5,294.0,2.8,10.1,27.0,7.3,26.3,0.0,,0.0,,876.0,,,,114.0,60.0,0.485
1aca9480-d131-11ed-bb43-5ff35461761d,8.354817 46.766741,2023-04-02 12:00:00.000 +0200,10,NATURAL,SLAB,3,DRY,NW,77,46.766741,8.354817,1,722.8215942382812,411.43798828125,-947.4609375,1032.939226813127,203.47305250621116,TIT,TIT,-10.5,-10.6,-10.3,,,93.9,2.6,-11.3,691.2,,1011.6,3000.3,,4.0,317.0,1.8,6.5,14.4,3.8,13.7,,,,,713.0,,,,,,0.173
d68cc42c-2801-4238-bb58-3d963f2ab1ea,8.380899 46.782267,2023-04-03 07:00:00+02:00,4,EXPLOSIVE,SLAB,3,DRY,N,60,46.80737625630208,8.354934611998644,0,738.6224975585938,676.0986328125,-534.814453125,862.0532817421,231.65493789606532,ENG,ENG,0.5,0.3,0.8,0.5,0.3,96.9,6.1,0.1,900.4,,1019.5,,1497.3,6.2,239.0,3.4,12.2,22.3,5.6,20.2,0.0,,0.5,0.0,34.0,320.0,,,,0.0,0.02
110f1420-d9f1-11ed-8014-25b7abf6ec82,8.252181 46.759933,2023-04-14 02:00:00+02:00,4,NATURAL,FULL_DEPTH,2,WET,S,74,46.779116654658694,8.223839454711037,0,672.8082275390625,780.46875,372.65625,864.8723318447787,295.523424501068,MER,MER,2.7,2.5,2.9,2.1,1.9,90.3,6.7,1.3,942.0,1012.7,1010.7,,,4.1,344.0,1.8,6.5,14.8,4.0,14.4,0.0,,0.3,,1.0,,,,1.0,0.0,0.0
c7cfde41-7339-4d2c-afdf-9006721cfe7f,8.419526 46.781209,2023-04-04 07:00:00+02:00,4,EXPLOSIVE,SLAB,2,DRY,NW,0,46.8177212888275,8.394272917437744,0,757.0928955078125,291.24755859375,-749.81689453125,804.3945025367263,201.22741005036403,ENG,ENG,-3.7,-3.9,-3.3,-3.3,-3.4,89.3,4.2,-5.2,898.6,,1017.6,,1474.4,5.4,231.0,3.3,11.9,19.4,5.2,18.7,0.0,,0.0,0.0,44.0,289.0,,,,0.0,0.023
c2674210-608f-480e-8889-772ed922cf40,8.384094 46.779592,2023-04-04 07:00:00+02:00,4,EXPLOSIVE,SLAB,2,DRY,NE,45,46.775541834357384,8.368229690554175,0,731.0868530273438,2130.908203125,1351.7578125,2523.493402765341,302.38930952937653,TIT,TIT,-13.3,-13.6,-13.1,,,20.2,0.5,-31.5,688.6,,1008.1,2972.7,,22.7,49.0,6.8,24.5,81.7,21.8,78.5,,,,,257.0,,,,,,0.081
d940ed50-ecda-11ed-aeab-3b3cc7819483,7.967581 46.511291,2023-05-09 12:00:00+02:00,7,NATURAL,SLAB,3,UNKNOWN,S,88,46.55477029330018,7.9635084261371825,0,656.4461059570312,1319.0185546875,2240.33203125,2599.787983250683,329.51211247261165,JUN,JUN,-2.6,-2.8,-2.4,,,89.0,4.5,-4.2,657.6,,1022.3,3076.3,,8.8,133.0,7.2,25.9,31.7,8.6,31.0,,,,,738.0,289.0,,,,0.0,0.199
a8219770-e77f-11ed-991c-c3bbd7ca6c9a,7.788493 46.554381,2023-05-02 15:11:00+02:00,0,NATURAL,SLAB,3,WET,NW,128,46.53172966979754,7.802314932328798,0,662.8958740234375,-362.7685546875,-1220.5810546875,1273.349573107129,163.44753900643997,INT,INT,15.6,15.3,16.3,21.1,17.0,52.6,9.3,6.0,953.2,1020.1,1021.4,,,4.7,315.0,1.8,6.5,16.9,4.5,16.2,0.0,,0.0,,464.0,,,,273.0,22.0,0.281
4067dd0b-f3b4-40af-8872-12824f7b55a6,8.423024 46.779666,2023-04-02 07:00:00+02:00,4,EXPLOSIVE,SLAB,3,DRY,NE,60,46.79772029053642,8.415736821520225,0,767.9544067382812,1174.4384765625,-528.22265625,1287.7596475298687,245.78339859868993,ENG,ENG,1.5,0.9,2.3,0.8,-0.5,92.6,6.3,0.5,894.4,,1012.9,,1445.3,3.5,90.0,0.9,3.2,12.6,3.3,11.9,0.0,,0.0,0.0,95.0,251.0,,,,6.0,0.037
35790a01-26e9-458d-9830-8b595ce08bc3,8.391669 46.779911,2023-04-14 16:00:00+02:00,5,PERSON,SLAB,3,DRY,NW,81,46.77370818507063,8.364276694567405,0,727.3946533203125,6.70166015625,718.2861328125,718.3173956125428,359.4654418567051,TIT,TIT,-10.8,-11.0,-10.5,,,36.7,1.0,-22.9,685.0,,1003.2,2930.8,,7.9,282.0,3.9,14.0,28.4,7.7,27.7,,,,,530.0,,,,,,0.127
48001904-f349-4f12-8b6b-34916e483022,8.424677 46.77918,2023-04-13 07:30:00+02:00,2,EXPLOSIVE,SLAB,2,DRY,N,110,46.75489705060003,8.4176156872532,0,754.7083129882812,-108.10546875,-684.66796875,693.1500701910866,171.0273733851036,TIT,TIT,-13.5,-13.7,-13.0,,,100.0,2.2,-13.5,683.5,,1001.1,2915.8,,10.2,306.0,5.7,20.5,36.7,9.9,35.6,,,,,127.0,,,,,,0.019
c1bf9390-dd0b-11ed-8f1e-7bb69ddca4ec,8.237684 46.748368,2023-04-19 12:00:00+02:00,7,NATURAL,SLAB,2,DRY,NW,0,46.73776654195205,8.21527034706989,0,657.9560546875,216.32080078125,289.48974609375,361.38483911761585,323.23112843088285,MER,MER,13.9,13.3,14.3,21.2,21.0,60.5,9.6,6.4,948.0,1016.1,1017.0,,,8.5,280.0,4.3,15.5,30.6,8.2,29.5,0.0,,0.0,,892.0,,,,138.0,60.0,0.463
c7cfde41-7339-4d2c-afdf-9006721cfe7f,8.419526 46.781209,2023-04-01 07:00:00+02:00,4,EXPLOSIVE,SLAB,2,DRY,NW,161,46.7881962668126,8.417902716176192,0,760.9244995117188,-1561.1572265625,718.505859375,1718.5640971475357,65.2862559656141,TIT,TIT,-10.8,-10.8,-10.6,,,97.0,2.6,-11.1,686.0,,1004.5,2941.7,,25.3,286.0,14.5,52.2,91.1,24.5,88.2,,,,,91.0,,,,,,0.013
9fe44fc7-c389-4ba2-9149-62bca569dc15,8.426432 46.777678,2023-05-18 07:00:00+02:00,4,EXPLOSIVE,SLAB,2,DRY,NE,105,46.7750113199085,8.41561237931946,0,755.5025634765625,-1364.17236328125,266.19873046875,1389.90215513306,78.95830090789596,TIT,TIT,-2.3,-2.5,-2.0,,,76.5,4.0,-5.8,696.9,,1019.4,3062.9,,2.7,248.0,1.9,6.8,9.7,2.7,9.7,,,,,457.0,,,,,,0.152
50374fe0-d439-11ed-a920-a702e6e7f311,8.245848 46.760908,2023-04-06 16:00:00+02:00,2,NATURAL,FULL_DEPTH,1,WET,SW,59,46.76645941672651,8.218026826238356,0,667.6495971679688,221.2646484375,1836.9140625,1850.1922380278284,353.13155413657654,MER,MER,11.0,10.9,11.1,11.5,11.1,34.5,4.6,-4.0,948.7,1017.6,1017.8,,,7.5,290.0,3.9,14.0,27.0,7.3,26.3,0.0,,0.0,,207.0,,,,202.0,0.0,0.186
10ab716e-5fe3-4dac-9343-2f5c3d5e2a92,8.244594 46.61198,2023-05-10 12:00:00+02:00,7,NATURAL,SLAB,4,WET,NW,122,46.63850216751324,8.265260253028153,0,671.1293334960938,-521.19140625,-8.23974609375,521.2565350808966,90.90573893478594,GRH,GRH,1.8,1.4,1.9,,,94.4,6.6,1.0,801.0,,1016.0,,1479.2,9.9,355.0,5.8,20.9,35.6,9.3,33.5,,,0.0,106.0,448.0,319.0,,,,0.0,0.142
d68cc42c-2801-4238-bb58-3d963f2ab1ea,8.380899 46.782267,2023-04-01 07:00:00+02:00,4,EXPLOSIVE,SLAB,3,DRY,N,0,46.8067078346432,8.417554433949283,0,771.85009765625,1472.8271484375,-252.4658203125,1494.30880329355,260.27313320035944,ENG,ENG,5.6,4.9,6.3,4.0,3.5,57.4,5.2,-2.2,890.2,,1008.3,,1413.8,6.9,360.0,1.9,6.8,24.8,6.7,24.1,0.0,,0.1,0.0,58.0,318.0,,,,0.0,0.059
a8219770-e77f-11ed-991c-c3bbd7ca6c9a,7.788493 46.554381,2023-04-30 15:11:00+02:00,0,NATURAL,SLAB,3,WET,NW,180,46.51213511581062,7.815592417619327,0,666.1322631835938,1522.81494140625,-844.07958984375,1741.10186369463,241.00087830104468,INT,INT,14.4,14.0,14.9,15.7,14.4,71.8,11.8,9.4,948.1,1014.9,1016.0,,,9.6,298.0,4.5,16.2,34.6,9.3,33.5,0.0,,0.0,,177.0,,,,172.0,0.0,0.144
b210fde3-14f2-42fc-8dc3-c8d01a9cf57a,8.425206 46.770128,2023-05-16 09:00:00.000 +0200,3,EXPLOSIVE,SLAB,2,DRY,S,164,46.770128,8.425206,1,761.9268798828125,601.06201171875,-1339.892578125,1468.5324861390877,204.16051306819816,TIT,TIT,-5.9,-6.0,-5.7,,,98.7,3.9,-6.0,691.9,,1012.6,3006.5,,16.7,14.0,9.2,33.1,60.1,15.8,56.9,,,,,330.0,,,,,,0.064
c8a8b700-feb1-11ed-b35a-bf420b8ac344,8.01247 46.561817,2023-05-29 12:00:00+02:00,6,PERSON,SLAB,2,DRY,SE,214,46.53908924041153,8.02846485448453,0,628.5352172851562,-666.76025390625,-45.81298828125,668.3323021404733,93.9306059139278,JUN,JUN,-2.2,-2.6,-1.8,,,81.4,4.2,-5.0,660.0,,1025.8,3105.0,,5.6,161.0,4.1,14.8,20.2,5.5,19.8,,,,,1077.0,203.0,,,,60.0,0.35
34e33f73-9c60-4cff-be3e-9f199f5b9d9e,8.385879 46.778707,2023-04-16 05:00:00.000 +0200,3,EXPLOSIVE,UNKNOWN,2,DRY,NE,126,46.778707,8.385879,1,738.159423828125,-807.4951171875,-2791.95556640625,2906.383362371265,163.86896488795355,TIT,TIT,-9.8,-10.0,-9.7,,,94.3,2.8,-10.6,691.9,,1012.6,3008.0,,13.0,336.0,3.9,14.0,46.8,12.7,45.7,,,,,0.0,,,,,,0.0
50fbf8f0-dd0c-11ed-8f1e-7bb69ddca4ec,8.23687 46.747556,2023-04-18 12:00:00+02:00,5,NATURAL,SLAB,2,DRY,N,93,46.75883304435439,8.252839270210378,0,676.7679443359375,362.109375,-862.646484375,935.5651535128046,202.77099163559222,MER,MER,14.6,13.7,15.7,22.4,22.0,50.9,8.5,4.5,947.4,1015.3,1016.4,,,7.5,294.0,2.8,10.1,27.0,7.3,26.3,0.0,,0.0,,876.0,,,,114.0,60.0,0.485
367958a0-d439-11ed-a920-a702e6e7f311,8.242864 46.759718,2023-04-06 15:00:00+02:00,2,NATURAL,FULL_DEPTH,1,WET,S,1,46.72766792514781,8.2870422658826,0,690.2720947265625,524.267578125,407.26318359375,663.8673016378872,307.8408874396124,MER,MER,11.2,10.9,11.4,12.2,11.4,35.6,4.7,-3.5,948.6,1017.4,1017.7,,,9.1,285.0,5.3,19.1,32.8,8.8,31.7,0.0,,0.0,,297.0,,,,276.0,0.0,0.24
e18fb476-2bc8-4cdf-829a-b6f36d7508bd,8.420851 46.780719,2023-04-25 00:00:00+02:00,6,NATURAL,SLAB,2,DRY,NW,79,46.77511008559152,8.377718311287126,0,734.3773193359375,-237.5244140625,1173.44970703125,1197.2477029451593,11.44294563433317,TIT,TIT,-9.7,-10.0,-9.1,,,98.9,2.9,-9.8,689.8,,1009.7,2984.4,,15.3,252.0,4.8,17.3,55.1,15.2,54.7,,,,,0.0,,,,,,-0.001
26f6eb66-fc4c-4eb2-aecd-11eeddba5a5a,7.964013 46.534843,2023-05-17 10:30:00+02:00,3,PERSON,SLAB,1,DRY,SE,233,46.5147449205573,7.996422840573366,0,654.3853759765625,-679.50439453125,767.61474609375,1025.1627288425252,41.51574872559189,JUN,JUN,-5.5,-6.2,-4.4,,,79.8,3.2,-8.4,653.8,,1016.9,3035.6,,8.0,136.0,4.4,15.8,28.8,7.7,27.7,,,,,875.0,237.0,,,,16.0,0.24
d68cc42c-2801-4238-bb58-3d963f2ab1ea,8.380899 46.782267,2023-04-04 07:00:00+02:00,4,EXPLOSIVE,SLAB,3,DRY,N,124,46.74992732045121,8.418229812224046,0,754.7730712890625,-483.94775390625,-2019.5068359375,2076.683242314339,166.5239555845938,TIT,TIT,-13.3,-13.6,-13.1,,,20.2,0.5,-31.5,688.6,,1008.1,2972.7,,22.7,49.0,6.8,24.5,81.7,21.8,78.5,,,,,257.0,,,,,,0.081
c7cfde41-7339-4d2c-afdf-9006721cfe7f,8.419526 46.781209,2023-04-01 07:00:00+02:00,4,EXPLOSIVE,SLAB,2,DRY,NW,46,46.80082106577516,8.41723234965888,0,770.1622314453125,2410.1806640625,2408.8623046875,3407.578089547638,314.98432543003366,ENG,ENG,5.6,4.9,6.3,4.0,3.5,57.4,5.2,-2.2,890.2,,1008.3,,1413.8,6.9,360.0,1.9,6.8,24.8,6.7,24.1,0.0,,0.1,0.0,58.0,318.0,,,,0.0,0.059
2f93ceb4-a841-42da-a6c1-1933628dbb83,8.385941 46.778747,2023-04-01 07:00:00+02:00,4,EXPLOSIVE,SLAB,2,DRY,NE,1,46.73884869805233,8.345367159937888,0,709.250732421875,-260.8154296875,-106.1279296875,281.5809400915307,112.14180933002719,TIT,TIT,-10.8,-10.8,-10.6,,,97.0,2.6,-11.1,686.0,,1004.5,2941.7,,25.3,286.0,14.5,52.2,91.1,24.5,88.2,,,,,91.0,,,,,,0.013
8500f990-d7a6-11ed-a8d1-4961cd70d9e1,8.209308 46.504515,2023-04-09 12:00:00+02:00,7,NATURAL,SLAB,4,WET,S,158,46.53504889026373,8.253196734785798,0,683.3218994140625,1440.63720703125,-336.29150390625,1479.3672761969315,256.8605908955833,ULR,ULR,9.9,9.4,10.4,16.3,15.1,25.9,3.2,-8.8,867.1,,1019.6,,1513.0,6.4,57.0,2.5,9.0,23.0,6.3,22.7,,,0.0,0.0,904.0,232.0,,,89.0,60.0,0.471
72a5d090-d8f5-11ed-9de9-4bc775516e2e,8.249382 46.761703,2023-04-12 16:00:00+02:00,3,NATURAL,FULL_DEPTH,2,WET,SW,105,46.779227901738636,8.280866476886747,0,694.6233520507812,168.75,-1063.36669921875,1076.6732556850195,189.01730606193183,GIH,GIH,14.6,14.2,15.2,,,59.8,9.9,6.9,949.4,1003.6,1004.5,,,4.7,18.0,1.1,4.0,16.9,4.4,15.8,0.0,,0.0,,52.0,,,,50.0,0.0,0.067
87548817-41cb-4875-9f16-2dd62dfe20ab,8.382498 46.780197,2023-04-01 07:00:00+02:00,4,EXPLOSIVE,SLAB,2,DRY,NE,154,46.80040065148259,8.348885933554849,0,733.6242065429688,-486.2548828125,-874.51171875,1000.6070943632557,150.92462106442852,ENG,ENG,5.6,4.9,6.3,4.0,3.5,57.4,5.2,-2.2,890.2,,1008.3,,1413.8,6.9,360.0,1.9,6.8,24.8,6.7,24.1,0.0,,0.1,0.0,58.0,318.0,,,,0.0,0.059
8500f990-d7a6-11ed-a8d1-4961cd70d9e1,8.209308 46.504515,2023-04-09 12:00:00+02:00,7,NATURAL,SLAB,4,WET,S,162,46.50500784817311,8.224180446477222,0,694.6380004882812,-621.05712890625,-956.9091796875,1140.7835620903197,147.01545708513524,ULR,ULR,9.9,9.4,10.4,16.3,15.1,25.9,3.2,-8.8,867.1,,1019.6,,1513.0,6.4,57.0,2.5,9.0,23.0,6.3,22.7,,,0.0,0.0,904.0,232.0,,,89.0,60.0,0.471
bc76da5f-d990-4bb2-a099-1ab0703da0a4,8.422538 46.779775,2023-05-04 07:30:00+02:00,4,EXPLOSIVE,SLAB,2,DRY,N,0,46.8110311197598,8.39707644853664,0,758.4951782226562,2940.71044921875,-387.04833984375,2966.072211447345,262.501982890209,ENG,ENG,8.0,5.6,10.2,7.3,2.0,63.7,6.9,1.5,902.0,,1021.3,,1524.3,3.6,94.0,1.5,5.4,13.0,3.5,12.6,0.0,,0.0,0.0,248.0,268.0,,,,32.0,0.124
2a2d7868-aa56-44d4-b082-8c267cccfbe3,8.388637 46.786311,2023-04-14 07:30:00+02:00,2,EXPLOSIVE,LOOSE_SNOW,1,DRY,NW,73,46.74984227725893,8.405731757773149,0,747.8119506835938,-505.5908203125,-1447.7783203125,1533.5201799621518,160.74985900801596,TIT,TIT,-13.4,-13.7,-13.1,,,99.4,2.2,-13.5,684.7,,1002.8,2929.1,,9.3,318.0,3.0,10.8,33.5,8.9,32.0,,,,,121.0,,,,,,0.023
1bae5ef4-62c9-4601-861f-8e5b286b94b1,8.422604 46.780389,2023-04-16 07:30:00+02:00,2,EXPLOSIVE,SLAB,2,DRY,N,32,46.73928492704909,8.394487910111254,0,734.5587158203125,469.66552734375,68.5546875,474.64244727300303,278.30452675540664,TIT,TIT,-9.6,-9.8,-9.5,,,97.1,2.9,-10.0,692.5,,1013.4,3014.3,,8.1,12.0,2.5,9.0,29.2,7.6,27.4,,,,,150.0,,,,,,0.035
c1bf9390-dd0b-11ed-8f1e-7bb69ddca4ec,8.237684 46.748368,2023-04-17 12:00:00+02:00,7,NATURAL,SLAB,2,DRY,NW,77,46.75839504484525,8.24151132712597,0,668.6721801757812,829.9072265625,-893.1884765625,1219.234046180101,222.8967391172273,MER,MER,11.6,11.2,11.9,19.5,18.3,60.7,8.3,4.2,949.4,1018.2,1018.5,,,8.4,327.0,3.8,13.7,30.2,8.1,29.2,0.0,,0.0,,848.0,,,,368.0,39.0,0.412
839994f8-5b6d-44ab-8e1c-fd57876e2bd9,8.4215 46.780442,2023-04-03 07:00:00+02:00,4,EXPLOSIVE,SLAB,2,DRY,E,19,46.7992982917997,8.395524852572162,0,756.3961181640625,1853.06396484375,1088.96484375,2149.346525976186,300.4408957631297,ENG,ENG,0.5,0.3,0.8,0.5,0.3,96.9,6.1,0.1,900.4,,1019.5,,1497.3,6.2,239.0,3.4,12.2,22.3,5.6,20.2,0.0,,0.5,0.0,34.0,320.0,,,,0.0,0.02
564bddb0-e717-11ed-acf0-f7b342f82229,7.822357 46.529218,2023-05-02 12:00:00+02:00,7,NATURAL,SLAB,3,UNKNOWN,N,63,46.51522068279685,7.797973245901066,0,663.8057861328125,466.9189453125,489.44091796875,676.4360381246922,316.3490481556031,FRU,FRU,13.7,13.3,14.2,,,62.1,9.8,6.6,,,,,,9.5,36.0,5.1,18.4,34.2,8.9,32.0,,,0.0,,821.0,326.0,,,390.0,36.0,
ad918400-77b8-4908-b8c3-86205d723ff7,8.426238 46.77793,2023-04-27 07:30:00+02:00,2,EXPLOSIVE,SLAB,2,DRY,NE,38,46.756196944478916,8.395153701224823,0,741.6908569335938,494.1650390625,-4250.1708984375,4278.802607243838,186.63197087907855,TIT,TIT,-7.2,-7.3,-7.1,,,89.9,3.2,-8.6,696.2,,1018.4,3055.0,,8.5,238.0,4.7,16.9,30.6,8.4,30.2,,,,,272.0,,,,,,0.062
e18fb476-2bc8-4cdf-829a-b6f36d7508bd,8.420851 46.780719,2023-04-28 00:00:00+02:00,6,NATURAL,SLAB,2,DRY,NW,12,46.739354745649564,8.392738890541949,0,734.18359375,1455.79833984375,-685.546875,1609.1374472412492,244.7838854718495,TIT,TIT,-2.4,-2.7,-2.2,,,57.6,2.9,-10.2,698.9,,1022.0,3084.8,,16.2,261.0,10.5,37.8,58.3,15.9,57.2,,,,,0.0,,,,,,0.023
5dfb93d0-d046-11ed-b49c-43d9bede54f5,8.263448 46.782775,2023-04-02 05:45:00+02:00,0,EXPLOSIVE,SLAB,2,DRY,NW,112,46.781272193231416,8.282158777016644,0,695.7661743164062,-463.4033203125,-1055.7861328125,1153.0078037532198,156.30247481648865,GIH,GIH,1.6,1.2,2.2,,,99.3,6.8,1.5,958.4,1015.8,1013.9,,,2.0,256.0,0.6,2.2,7.2,2.0,7.2,0.0,,0.0,,12.0,,,,12.0,0.0,0.011
b0c20dd8-9d72-42fd-9908-df362afd7f3d,8.425333 46.779051,2023-05-18 07:00:00+02:00,4,EXPLOSIVE,SLAB,2,DRY,N,60,46.74314612644589,8.413716880921628,0,751.3319091796875,-569.3115234375,-1365.93017578125,1479.8246030623102,157.37391813302776,TIT,TIT,-2.3,-2.5,-2.0,,,76.5,4.0,-5.8,696.9,,1019.4,3062.9,,2.7,248.0,1.9,6.8,9.7,2.7,9.7,,,,,457.0,,,,,,0.152
b5d8fc03-e36a-4fa1-9d42-ea7105356bda,8.385358 46.779077,2023-04-16 05:00:00.000 +0200,3,EXPLOSIVE,UNKNOWN,2,DRY,NE,141,46.779077,8.385358,1,739.8767700195312,888.02490234375,118.4326171875,895.8875554423712,277.59650059112585,TIT,TIT,-9.8,-10.0,-9.7,,,94.3,2.8,-10.6,691.9,,1012.6,3008.0,,13.0,336.0,3.9,14.0,46.8,12.7,45.7,,,,,0.0,,,,,,0.0
27d50482-68af-45c1-b95c-82786dd48176,7.97274 46.575625,2023-04-03 08:00:00+02:00,3,EXPLOSIVE,LOOSE_SNOW,1,DRY,N,35,46.61719499936919,7.965463694732787,0,626.3977661132812,-1292.87109375,558.3251953125,1408.2764958540856,66.64294294168738,JUN,JUN,-13.4,-13.9,-13.0,,,44.8,1.0,-23.0,650.9,,1012.8,3018.0,,13.2,349.0,5.9,21.2,47.5,12.6,45.4,,,,,476.0,137.0,,,,60.0,0.095
1b05e8ea-984f-445d-8163-f5d970cfecf8,8.387973 46.785269,2023-04-14 07:00:00+02:00,4,EXPLOSIVE,SLAB,1,WET,NW,79,46.80154193371291,8.369809064107162,0,740.9034423828125,179.40673828125,-109.97314453125,210.4302028198617,238.49244240578074,ENG,ENG,0.4,0.0,0.9,0.0,-0.3,90.5,5.7,-1.0,891.8,,1010.0,,1420.7,4.5,261.0,1.2,4.3,16.2,4.4,15.8,0.0,,0.1,8.0,75.0,298.0,,,,0.0,0.035
97c5682e-950b-4c24-8c69-651f6ff3d0c8,8.035288 46.786336,2023-04-19 10:30:00+02:00,4,EXPLOSIVE,SLAB,2,DRY,S,0,46.74874856864862,7.991246101328467,0,612.0987548828125,460.43701171875,-2460.60791015625,2503.3165060143715,190.5988021929369,BRZ,BRZ,,,,,,,,,952.0,,1018.7,,,4.7,258.0,2.9,10.4,16.9,4.6,16.6,,,0.0,,,,,,,,
68246170-d6db-11ed-8552-37fbec7ec321,8.370977 46.777677,2023-04-10 15:00:00+02:00,3,NATURAL,FULL_DEPTH,2,WET,S,162,46.76194144324837,8.362477027777306,0,724.60986328125,1158.94775390625,-1471.9482421875,1873.443760555201,218.21535061461566,TIT,TIT,-4.8,-5.1,-4.5,,,52.1,2.3,-13.1,698.7,,1021.8,3083.6,,7.4,243.0,3.8,13.7,26.6,7.3,26.3,,,,,462.0,,,,,,0.153
099a6e90-d12e-11ed-ba10-b99b29af1712,8.260874 46.762857,2023-04-04 07:18:00+02:00,0,EXPLOSIVE,SLAB,3,DRY,NE,9,46.79515538220764,8.263974809280144,0,687.7855224609375,1275.9521484375,-805.18798828125,1508.768233220291,237.74607733733015,GIH,GIH,0.8,0.7,0.8,,,80.7,5.2,-2.2,965.1,1023.1,1020.9,,,5.3,71.0,2.2,7.9,19.1,4.9,17.6,0.0,,0.0,,31.0,,,,31.0,0.0,0.031
63723fcc-14a3-472f-a9d8-8ce81f021fe4,8.42184 46.780304,2023-04-29 07:30:00.000 +0200,2,EXPLOSIVE,LOOSE_SNOW,1,WET,N,113,46.780304,8.42184,1,760.15185546875,228.62548828125,-1075.341796875,1099.3769117087159,192.00277998423186,TIT,TIT,-2.8,-3.0,-2.6,,,99.3,4.9,-2.9,697.5,,1020.2,3069.6,,7.7,346.0,2.3,8.3,27.7,7.4,26.6,,,,,143.0,,,,,,0.049
ff002b7f-49f5-4ba6-971a-c1b18578a2b6,8.389256 46.787371,2023-04-14 08:30:00.000 +0200,2,EXPLOSIVE,SLAB,1,DRY,N,125,46.787371,8.389256,1,745.9564208984375,-514.3798828125,395.7275390625,648.9891748054537,52.42785973224594,ENG,ENG,1.2,0.8,1.7,1.5,0.4,85.8,5.7,-1.0,891.7,,1009.9,,1421.1,5.4,267.0,2.3,8.3,19.4,5.3,19.1,0.0,,0.0,7.0,184.0,295.0,,,,0.0,0.073
3efdca94-9b97-483a-8a85-137add93bbd1,8.426389 46.777499,2023-05-03 07:30:00+02:00,4,EXPLOSIVE,SLAB,3,DRY,NE,98,46.78769783644405,8.410082457565363,0,754.7771606445312,83.82568359375,-962.07275390625,965.717727412475,184.97962237740578,TIT,TIT,-1.2,-1.4,-1.0,,,12.9,0.7,-26.3,700.1,,1023.7,3098.4,,15.2,59.0,9.4,33.8,54.7,14.1,50.8,,,,,410.0,,,,,,0.202
48001904-f349-4f12-8b6b-34916e483022,8.424677 46.77918,2023-04-15 07:30:00+02:00,2,EXPLOSIVE,SLAB,2,DRY,N,137,46.74609779105402,8.40812797385458,0,747.5820922851562,216.8701171875,-2164.74609375,2175.582289442255,185.72095747387786,TIT,TIT,-9.0,-9.1,-8.8,,,97.9,3.0,-9.3,685.0,,1003.1,2929.2,,13.6,300.0,9.7,34.9,49.0,13.3,47.9,,,,,147.0,,,,,,0.023
97c5682e-950b-4c24-8c69-651f6ff3d0c8,8.035288 46.786336,2023-04-21 10:30:00+02:00,4,EXPLOSIVE,SLAB,2,DRY,S,0,46.815360740073764,8.05981120141533,0,642.160888671875,913.8427734375,-1473.37646484375,1733.7666572291116,211.80872535160302,BRZ,BRZ,,,,,,,,,944.6,,1010.9,,,4.7,261.0,2.6,9.4,16.9,4.5,16.2,,,0.0,,,,,,,,
1aca9480-d131-11ed-bb43-5ff35461761d,8.354817 46.766741,2023-04-02 12:00:00+02:00,10,NATURAL,SLAB,3,DRY,NW,191,46.794071879520466,8.345629499192961,0,731.4741821289062,-279.60205078125,-196.54541015625,341.77098334201696,125.10518423289267,ENG,ENG,7.7,7.1,8.1,12.0,10.4,59.2,6.2,0.2,896.2,,1014.9,,1470.8,6.8,272.0,3.8,13.7,24.5,6.5,23.4,0.0,,0.0,0.0,402.0,314.0,,,,9.0,0.211
099a6e90-d12e-11ed-ba10-b99b29af1712,8.260874 46.762857,2023-04-02 07:18:00+02:00,0,EXPLOSIVE,SLAB,3,DRY,NE,98,46.76497546577836,8.286471660044711,0,698.5418701171875,-174.57275390625,-1482.16552734375,1492.4109008086843,173.28252457637646,MER,MER,4.2,3.1,5.7,5.1,0.0,91.4,7.5,2.9,945.1,1015.5,1014.0,,,1.2,346.0,0.6,2.2,4.3,1.2,4.3,0.0,,0.0,,215.0,,,,67.0,43.0,0.068
b1c2736c-200d-4a78-a75a-d1aa12bb81e8,7.992735 46.584254,2023-06-05 08:00:00+02:00,3,EXPLOSIVE,UNKNOWN,0,UNKNOWN,,0,46.58882571453703,7.995634839791983,0,626.4473876953125,-760.693359375,2765.478515625,2868.192079931307,15.379848621603074,JUN,JUN,-2.8,-3.1,-2.3,,,58.3,2.9,-9.9,659.1,,1024.6,3096.0,,2.9,323.0,0.5,1.8,10.4,2.8,10.1,,,,,685.0,192.0,,,,60.0,0.264
6e6f00b6-dfe0-4527-9b3f-7c45ffdf4fee,8.379219 46.783826,2023-04-03 07:00:00+02:00,4,EXPLOSIVE,SLAB,2,DRY,N,85,46.77734079568745,8.400886293235208,0,747.446044921875,-853.1982421875,-771.78955078125,1150.4809216875192,132.1319919549047,TIT,TIT,-11.1,-11.4,-10.6,,,93.9,2.5,-11.9,692.7,,1013.6,3017.2,,10.4,32.0,6.3,22.7,37.4,9.9,35.6,,,,,76.0,,,,,,0.018
1aca9480-d131-11ed-bb43-5ff35461761d,8.354817 46.766741,2023-04-03 12:00:00+02:00,10,NATURAL,SLAB,3,DRY,NW,1,46.74274742316974,8.34929474218287,0,713.3350830078125,750.3662109375,-780.2490234375,1082.514659989357,223.88153370603845,TIT,TIT,-11.1,-11.3,-10.9,,,32.1,0.9,-24.6,692.5,,1013.3,3014.6,,11.7,40.0,8.9,32.0,42.1,11.6,41.8,,,,,917.0,,,,,,0.182
839994f8-5b6d-44ab-8e1c-fd57876e2bd9,8.4215 46.780442,2023-04-03 07:00:00+02:00,4,EXPLOSIVE,SLAB,2,DRY,E,137,46.76797945994184,8.409071866421456,0,750.3735961914062,-1802.08740234375,1253.86962890625,2195.3833496634575,55.17029168821619,TIT,TIT,-11.1,-11.4,-10.6,,,93.9,2.5,-11.9,692.7,,1013.6,3017.2,,10.4,32.0,6.3,22.7,37.4,9.9,35.6,,,,,76.0,,,,,,0.018
ff002b7f-49f5-4ba6-971a-c1b18578a2b6,8.389256 46.787371,2023-04-17 08:30:00+02:00,2,EXPLOSIVE,SLAB,1,DRY,N,54,46.75036417039858,8.3935526225908,0,730.6692504882812,540.087890625,-1259.58251953125,1370.4900777125144,203.20884311873778,TIT,TIT,-9.6,-9.7,-9.4,,,91.6,2.7,-10.7,694.0,,1015.4,3030.7,,16.1,31.0,6.3,22.7,58.0,15.2,54.7,,,,,296.0,,,,,,0.057
514e8b36-8761-43bc-a150-8a7eaeb0c925,8.038115 46.78053,2023-05-11 11:00:00+02:00,4,EXPLOSIVE,FULL_DEPTH,1,WET,NW,0,46.74923845448711,8.055302852373488,0,624.0238647460938,-333.87451171875,787.2802734375,855.1505238957984,22.981119090666724,BRZ,BRZ,,,,,,,,,948.8,,1015.3,,,4.3,254.0,1.0,3.6,15.5,4.1,14.8,,,0.0,,,,,,,,
5192475d-5f0c-41d7-bde8-a82e5bea8b68,8.422294 46.780382,2023-04-16 08:00:00+02:00,4,EXPLOSIVE,SLAB,3,DRY,N,69,46.803139515798456,8.424983950316008,0,775.9644165039062,-1285.29052734375,-1396.25244140625,1897.759895195514,137.3695403870897,ENG,ENG,0.4,0.3,0.5,0.8,0.6,97.4,6.1,0.1,899.6,,1018.7,,1490.1,1.8,95.0,1.1,4.0,6.5,1.7,6.1,0.0,,1.7,0.0,76.0,320.0,,,,0.0,0.037
37f6f440-e68a-11ed-9633-279e930b62b5,7.970158 46.5442,2023-04-30 12:00:00+02:00,7,NATURAL,SLAB,2,DRY,SE,1,46.56459734467744,7.938325848551712,0,668.5632934570312,-504.60205078125,234.66796875,556.5000316351242,65.05895691381197,JUN,JUN,-3.7,-4.4,-3.3,,,88.8,4.1,-5.3,656.2,,1020.4,3062.2,,5.7,135.0,4.4,15.8,20.5,5.5,19.8,,,,,676.0,258.0,,,,0.0,0.202
97f65a13-9c8a-44c6-b5dc-c7c4d60fed1e,7.972757 46.575628,2023-04-17 07:30:00+02:00,2,EXPLOSIVE,SLAB,1,DRY,N,0,46.617506771250994,7.980589913552456,0,622.7257690429688,-2467.63916015625,124.365234375,2470.7710813140484,87.11482160091963,JUN,JUN,-12.2,-12.6,-11.9,,,76.7,1.8,-15.5,651.9,,1014.3,3028.0,,12.4,40.0,5.8,20.9,44.6,12.0,43.2,,,,,277.0,161.0,,,,57.0,0.052
50fbf8f0-dd0c-11ed-8f1e-7bb69ddca4ec,8.23687 46.747556,2023-04-18 12:00:00+02:00,5,NATURAL,SLAB,2,DRY,N,9,46.79158521683234,8.195547065896596,0,672.3126220703125,297.39990234375,-577.11181640625,649.2339721162111,207.2631639451934,GIH,GIH,14.3,13.8,14.9,,,58.9,9.6,6.4,962.2,1017.2,1017.9,,,4.1,43.0,1.8,6.5,14.8,3.9,14.0,0.0,,0.0,,862.0,,,,128.0,60.0,0.468
72a5d090-d8f5-11ed-9de9-4bc775516e2e,8.249382 46.761703,2023-04-11 16:00:00.000 +0200,3,NATURAL,FULL_DEPTH,2,WET,SW,60,46.761703,8.249382,1,673.8353271484375,-344.42138671875,-843.0908203125,910.7295004140751,157.7788910334798,MER,MER,9.1,8.9,9.3,9.2,8.9,82.9,9.6,6.4,949.1,1018.5,1018.2,,,2.7,162.0,1.0,3.6,9.7,2.6,9.4,0.0,,0.0,,110.0,,,,102.0,0.0,0.066
1aca9480-d131-11ed-bb43-5ff35461761d,8.354817 46.766741,2023-04-04 12:00:00+02:00,10,NATURAL,SLAB,3,DRY,NW,20,46.77933919353096,8.338235125142386,0,723.1113891601562,1270.2392578125,-1180.04150390625,1733.783643661854,227.1081740085406,ENG,ENG,0.3,0.0,0.5,5.1,4.8,69.7,4.4,-4.6,899.5,,1018.5,,1488.4,5.8,262.0,3.2,11.5,20.9,5.4,19.4,0.0,,0.0,0.0,423.0,293.0,,,,2.0,0.154
8d0101b0-de65-11ed-ad4d-6fea2397c693,7.846102 46.562407,2023-04-18 12:00:00+02:00,7,NATURAL,FULL_DEPTH,2,WET,S,27,46.5228088641668,7.8842152155403555,0,681.8447265625,-129.96826171875,-1118.95751953125,1126.4802171231065,173.3747139960218,JUN,JUN,-8.7,-9.1,-8.1,,,88.1,2.8,-10.3,653.9,,1017.0,3043.5,,5.4,147.0,4.1,14.8,19.4,5.3,19.1,,,,,746.0,266.0,,,,0.0,0.176
74720590-2505-48bc-ad7b-327442e7d8ae,8.216759 46.608474,2023-04-24 12:00:00+02:00,7,PERSON,SLAB,1,DRY,N,74,46.635446385404805,8.220495865491593,0,680.0256958007812,-1259.6923828125,412.75634765625,1325.591453595851,71.85787203230899,MER,MER,11.7,10.9,12.2,17.0,14.4,63.4,8.7,5.0,944.2,1012.6,1013.0,,,12.5,293.0,6.7,24.1,45.0,12.2,43.9,0.0,,0.0,,809.0,,,,275.0,42.0,0.378
b121901c-cb98-4082-b65b-7aa17e40b945,8.420495 46.780984,2023-04-18 08:00:00+02:00,4,EXPLOSIVE,SLAB,2,DRY,NE,0,46.819187870087326,8.41933436402032,0,774.4224853515625,-773.4375,-75.69580078125,777.1328204767603,95.58969744094611,ENG,ENG,5.1,4.3,5.9,12.1,9.3,69.1,6.1,-0.2,898.4,,1017.3,,1486.8,3.7,99.0,2.0,7.2,13.3,3.4,12.2,0.0,,0.0,0.0,460.0,253.0,,,,60.0,0.186
b2b22272-2994-46f8-ba69-aa77d0ffdafa,8.420101 46.781175,2023-04-28 00:00:00+02:00,6,NATURAL,SLAB,2,DRY,N,38,46.791118898689376,8.394338109049308,0,750.0806884765625,2080.04150390625,290.36865234375,2100.211087542512,277.9469924921894,ENG,ENG,8.9,8.5,9.3,7.6,7.4,76.6,8.7,5.0,899.1,,1018.1,,1499.3,4.5,81.0,1.5,5.4,16.2,4.4,15.8,0.0,,0.0,0.0,0.0,334.0,,,,0.0,0.005
35790a01-26e9-458d-9830-8b595ce08bc3,8.391669 46.779911,2023-04-16 16:00:00+02:00,5,PERSON,SLAB,3,DRY,NW,227,46.78479811887602,8.414777997915065,0,758.1543579101562,-1268.59130859375,-627.86865234375,1415.4656311036167,116.33236106815818,TIT,TIT,-9.4,-9.4,-9.3,,,96.3,2.9,-9.8,694.3,,1015.8,3034.3,,5.9,17.0,2.5,9.0,21.2,5.2,18.7,,,,,237.0,,,,,,0.057
ab2a9319-7f29-4629-a314-d5965080c33e,8.421443 46.780432,2023-05-02 07:30:00.000 +0200,4,EXPLOSIVE,SLAB,2,DRY,N,119,46.780432,8.421443,1,760.1211547851562,676.9775390625,-425.830078125,799.7686189336653,237.82942760048624,TIT,TIT,-6.7,-6.9,-6.5,,,97.5,3.6,-7.1,697.0,,1019.6,3064.7,,10.9,23.0,7.1,25.6,39.2,10.7,38.5,,,,,152.0,,,,,,0.033
c1bf9390-dd0b-11ed-8f1e-7bb69ddca4ec,8.237684 46.748368,2023-04-18 12:00:00+02:00,7,NATURAL,SLAB,2,DRY,NW,0,46.72180618606486,8.278698972668497,0,686.8344116210938,710.70556640625,11.42578125,710.7974047490617,270.9210461868862,MER,MER,14.6,13.7,15.7,22.4,22.0,50.9,8.5,4.5,947.4,1015.3,1016.4,,,7.5,294.0,2.8,10.1,27.0,7.3,26.3,0.0,,0.0,,876.0,,,,114.0,60.0,0.485
71d13516-3cdb-4e54-a1af-c88570197f00,8.424437 46.779206,2023-04-16 06:30:00+02:00,5,EXPLOSIVE,SLAB,1,DRY,N,0,46.81738941611836,8.380247178439037,0,753.2551879882812,2161.23046875,6.04248046875,2161.2389156739614,270.16019010076894,ENG,ENG,0.3,0.1,0.4,0.1,0.0,97.4,6.1,-0.1,899.2,,1018.2,,1486.3,2.0,90.0,1.0,3.6,7.2,1.8,6.5,0.0,,1.0,0.0,5.0,316.0,,,,0.0,0.014
bafec949-69be-4d29-96df-732ded5d7686,8.389718 46.787228,2023-04-03 08:00:00+02:00,3,EXPLOSIVE,SLAB,1,DRY,N,44,46.79808742321696,8.371620249163715,0,740.0306396484375,1126.20849609375,-1176.96533203125,1628.9852575997047,223.7375326223372,ENG,ENG,-0.1,-0.2,0.1,0.6,0.5,97.3,5.9,-0.4,900.7,,1019.9,,1498.5,6.4,226.0,3.9,14.0,23.0,6.1,22.0,0.0,,0.0,0.0,104.0,313.0,,,,0.0,0.036
35790a01-26e9-458d-9830-8b595ce08bc3,8.391669 46.779911,2023-04-17 16:00:00+02:00,5,PERSON,SLAB,3,DRY,NW,57,46.772409537075106,8.350502026455722,0,722.2764282226562,1159.82666015625,110.19287109375,1165.049505578662,275.4272696907394,TIT,TIT,-8.2,-8.6,-7.8,,,96.0,3.2,-8.7,694.3,,1015.8,3034.2,,4.0,175.0,1.5,5.4,14.4,3.7,13.3,,,,,330.0,,,,,,0.087
564bddb0-e717-11ed-acf0-f7b342f82229,7.822357 46.529218,2023-05-02 12:00:00+02:00,7,NATURAL,SLAB,3,UNKNOWN,N,198,46.52958583164014,7.811832959555968,0,666.9928588867188,-190.83251953125,-151.72119140625,243.79575556677943,128.48641737520822,INT,INT,13.9,13.3,14.4,26.4,23.8,63.0,10.0,7.0,953.7,1021.0,1021.9,,,4.6,32.0,2.1,7.6,16.6,4.4,15.8,0.0,,0.0,,720.0,,,,391.0,28.0,0.395
2ed09558-7716-4dda-935c-3c151ebe5b3b,8.238855 46.748629,2023-04-17 08:30:00.000 +0200,4,EXPLOSIVE,SLAB,1,DRY,NW,76,46.748629,8.238855,1,667.5252075195312,594.90966796875,-803.43017578125,999.7087377824496,216.51854871929072,MER,MER,7.9,6.8,8.9,14.6,8.4,77.8,8.3,4.2,950.5,1020.4,1019.7,,,2.7,143.0,0.8,2.9,9.7,2.6,9.4,0.0,,0.0,,555.0,,,,220.0,48.0,0.241
bdf4c097-2315-413e-a320-168acfd62b21,8.380633 46.782526,2023-04-14 08:00:00+02:00,4,EXPLOSIVE,SLAB,3,DRY,N,145,46.75839984909681,8.340409599791192,0,716.4176025390625,2167.27294921875,-438.46435546875,2211.1813646627825,258.56277603808843,TIT,TIT,-13.4,-13.6,-13.2,,,100.0,2.2,-13.4,684.7,,1002.8,2929.3,,8.5,327.0,2.1,7.6,30.6,8.3,29.9,,,,,263.0,,,,,,0.052
564bddb0-e717-11ed-acf0-f7b342f82229,7.822357 46.529218,2023-04-30 12:00:00+02:00,7,NATURAL,SLAB,3,UNKNOWN,N,50,46.5380108838737,7.79093427763318,0,660.841552734375,-1011.51123046875,586.56005859375,1169.276559117606,59.89120308129178,FRU,FRU,14.1,13.8,14.4,,,72.6,11.7,9.3,,,,,,7.3,54.0,4.1,14.8,26.3,7.1,25.6,,,0.0,,529.0,346.0,,,475.0,0.0,
b210fde3-14f2-42fc-8dc3-c8d01a9cf57a,8.425206 46.770128,2023-05-19 09:00:00+02:00,3,EXPLOSIVE,SLAB,2,DRY,S,159,46.745595240733806,8.426429277271131,0,761.3563842773438,-552.1728515625,-163.916015625,575.9889913713959,106.5338556776569,TIT,TIT,-2.6,-2.9,-2.2,,,86.6,4.4,-4.5,697.8,,1020.6,3072.4,,12.1,134.0,8.6,31.0,43.6,11.7,42.1,,,,,638.0,,,,,,0.157
f4bbdd10-e717-11ed-acf0-f7b342f82229,7.841373 46.562945,2023-04-29 12:00:00+02:00,7,NATURAL,UNKNOWN,3,UNKNOWN,NW,39,46.54617037873342,7.855877793178226,0,674.8740844726562,-346.39892578125,-800.79345703125,872.5035109421992,156.60815703608716,INT,INT,16.4,15.4,17.3,24.7,21.8,70.7,13.2,11.1,948.7,1015.1,1016.6,,,2.5,243.0,0.8,2.9,9.0,2.3,8.3,0.0,,0.0,,638.0,,,,432.0,17.0,0.38
099a6e90-d12e-11ed-ba10-b99b29af1712,8.260874 46.762857,2023-04-02 07:18:00.000 +0200,0,EXPLOSIVE,SLAB,3,DRY,NE,105,46.762857,8.260874,1,681.629638671875,-711.80419921875,568.54248046875,910.9916410829492,51.384435582299645,MER,MER,4.2,3.1,5.7,5.1,0.0,91.4,7.5,2.9,945.1,1015.5,1014.0,,,1.2,346.0,0.6,2.2,4.3,1.2,4.3,0.0,,0.0,,215.0,,,,67.0,43.0,0.068
1a787419-5802-4808-a192-fbe672afe523,8.389757 46.787324,2023-04-19 08:30:00+02:00,4,EXPLOSIVE,LOOSE_SNOW,2,DRY,N,52,46.78780900223817,8.398345248252733,0,749.584228515625,1168.17626953125,1182.23876953125,1662.0241589335312,315.34279574981986,TIT,TIT,-6.5,-6.7,-6.4,,,78.4,3.0,-9.7,696.0,,1018.1,3052.4,,9.7,308.0,7.0,25.2,34.9,9.4,33.8,,,,,545.0,,,,,,0.12
367958a0-d439-11ed-a920-a702e6e7f311,8.242864 46.759718,2023-04-07 15:00:00+02:00,2,NATURAL,FULL_DEPTH,1,WET,S,11,46.72641658660916,8.245506432830425,0,672.0521240234375,866.3818359375,-605.56640625,1057.0374440013813,235.04798400052024,MER,MER,7.6,6.9,8.1,8.4,7.3,74.3,7.7,3.3,947.5,1017.2,1016.5,,,9.6,290.0,4.2,15.1,34.6,9.3,33.5,0.0,,0.0,,274.0,,,,261.0,0.0,0.136
ad1f7e7f-180e-4f38-9562-d610574cd4c5,8.239483 46.749076,2023-04-02 06:30:00+02:00,2,EXPLOSIVE,SLAB,1,DRY,N,96,46.763023566237905,8.247188810121369,0,672.925048828125,-181.93359375,-1486.34033203125,1497.4336095992892,173.02149718260637,MER,MER,3.5,2.9,4.0,0.2,-0.5,93.7,7.3,2.6,944.8,1015.4,1013.7,,,1.5,101.0,0.7,2.5,5.4,1.5,5.4,0.0,,0.0,,18.0,,,,14.0,0.0,0.011
6e6f00b6-dfe0-4527-9b3f-7c45ffdf4fee,8.379219 46.783826,2023-04-04 07:00:00+02:00,4,EXPLOSIVE,SLAB,2,DRY,N,0,46.81989616330115,8.399853301996355,0,764.2696533203125,349.25537109375,5.2734375,349.2951808727103,270.865048268731,ENG,ENG,-3.7,-3.9,-3.3,-3.3,-3.4,89.3,4.2,-5.2,898.6,,1017.6,,1474.4,5.4,231.0,3.3,11.9,19.4,5.2,18.7,0.0,,0.0,0.0,44.0,289.0,,,,0.0,0.023
b2b22272-2994-46f8-ba69-aa77d0ffdafa,8.420101 46.781175,2023-04-28 00:00:00+02:00,6,NATURAL,SLAB,2,DRY,N,87,46.78298804487844,8.398329219542928,0,746.7036743164062,-97.00927734375,300.5859375,315.85234796263666,17.88665043400725,TIT,TIT,-2.4,-2.7,-2.2,,,57.6,2.9,-10.2,698.9,,1022.0,3084.8,,16.2,261.0,10.5,37.8,58.3,15.9,57.2,,,,,0.0,,,,,,0.023
bafec949-69be-4d29-96df-732ded5d7686,8.389718 46.787228,2023-04-03 08:00:00+02:00,3,EXPLOSIVE,SLAB,1,DRY,N,68,46.78411577054578,8.406344674003494,0,751.1123046875,733.6669921875,-1760.55908203125,1907.3110749817847,202.62265751117633,TIT,TIT,-11.3,-11.6,-11.0,,,94.8,2.5,-12.0,692.7,,1013.6,3017.1,,9.9,35.0,5.6,20.2,35.6,9.7,34.9,,,,,225.0,,,,,,0.04
fe8541fa-4448-482f-8c28-995faac1b624,8.419783 46.781356,2023-04-13 07:30:00.000 +0200,2,EXPLOSIVE,SLAB,1,DRY,N,105,46.781356,8.419783,1,758.8815307617188,-1939.5263671875,-1050.18310546875,2205.594496734957,118.43393634386692,TIT,TIT,-13.5,-13.7,-13.0,,,100.0,2.2,-13.5,683.5,,1001.1,2915.8,,10.2,306.0,5.7,20.5,36.7,9.9,35.6,,,,,127.0,,,,,,0.019
3c08ef45-da0c-4efd-bbb0-523da6d751f9,8.422511 46.78003,2023-04-26 07:30:00+02:00,2,EXPLOSIVE,SLAB,2,DRY,N,0,46.82301942066624,8.402904340748748,0,765.738037109375,356.6162109375,80.74951171875,365.64409682946615,282.7584825602979,ENG,ENG,0.6,-0.3,2.6,0.4,-2.2,89.2,5.7,-1.0,898.0,,1016.9,,1475.9,4.9,96.0,1.9,6.8,17.6,4.7,16.9,0.0,,0.0,0.0,232.0,233.0,,,,31.0,0.076
f9b59268-33ad-4905-91cd-ccc9a1ae40a4,8.385942 46.778812,2023-04-15 08:30:00+02:00,2,EXPLOSIVE,LOOSE_SNOW,2,DRY,NE,169,46.796352904728536,8.351349607968618,0,732.3731079101562,-2318.44482421875,-1427.67333984375,2722.7628556757045,121.62431389878681,ENG,ENG,1.5,0.8,2.3,2.6,1.4,93.9,6.4,0.7,889.0,,1006.9,,1396.9,2.5,108.0,1.0,3.6,9.0,2.3,8.3,0.0,,0.4,0.0,141.0,320.0,,,,0.0,0.06
b2ae7f83-144e-4307-bbca-2bcde419c704,8.384786 46.783437,2023-04-18 08:30:00+02:00,4,EXPLOSIVE,LOOSE_SNOW,1,DRY,N,27,46.777328107542274,8.357982020694852,0,729.386962890625,-389.1357421875,-60.31494140625,393.7823231236464,98.81057501995559,TIT,TIT,-6.1,-7.1,-5.1,,,76.1,3.0,-9.7,694.1,,1015.6,3031.7,,4.1,233.0,1.3,4.7,14.8,3.9,14.0,,,,,514.0,,,,,,0.154
ad1f7e7f-180e-4f38-9562-d610574cd4c5,8.239483 46.749076,2023-04-02 06:30:00+02:00,2,EXPLOSIVE,SLAB,1,DRY,N,0,46.71695567538687,8.28310824306727,0,686.3815307617188,334.423828125,-704.99267578125,780.2909519679093,205.37802419441155,MER,MER,3.5,2.9,4.0,0.2,-0.5,93.7,7.3,2.6,944.8,1015.4,1013.7,,,1.5,101.0,0.7,2.5,5.4,1.5,5.4,0.0,,0.0,,18.0,,,,14.0,0.0,0.011
10ab716e-5fe3-4dac-9343-2f5c3d5e2a92,8.244594 46.61198,2023-05-08 12:00:00+02:00,7,NATURAL,SLAB,4,WET,NW,132,46.583980141382106,8.258060435431629,0,685.8098754882812,-681.8115234375,547.998046875,874.739282798583,51.209826147186256,GRH,GRH,5.6,5.0,6.1,,,94.1,8.6,4.7,807.9,,1024.3,,1543.6,5.0,4.0,2.7,9.7,18.0,4.9,17.6,,,0.0,118.0,547.0,337.0,,,,0.0,0.232
ad1f7e7f-180e-4f38-9562-d610574cd4c5,8.239483 46.749076,2023-04-01 06:30:00.000 +0200,2,EXPLOSIVE,SLAB,1,DRY,N,63,46.749076,8.239483,1,668.8071899414062,636.328125,-222.91259765625,674.2429153204895,250.69409250408142,MER,MER,5.3,5.1,5.6,4.1,3.9,86.6,7.7,3.3,940.6,1010.5,1009.2,,,2.3,90.0,0.9,3.2,8.3,2.2,7.9,0.0,,0.0,,13.0,,,,10.0,0.0,0.016
27d50482-68af-45c1-b95c-82786dd48176,7.97274 46.575625,2023-04-01 08:00:00.000 +0200,3,EXPLOSIVE,LOOSE_SNOW,1,DRY,N,69,46.575625,7.97274,1,645.8840942382812,95.47119140625,1123.35205078125,1127.4016934451397,355.1422324947262,JUN,JUN,-14.0,-14.1,-13.9,,,95.7,2.0,-14.5,644.5,,1003.6,2942.5,,25.3,304.0,13.2,47.5,91.1,22.7,81.7,,,,,149.0,254.0,,,,0.0,0.018
564bddb0-e717-11ed-acf0-f7b342f82229,7.822357 46.529218,2023-04-29 12:00:00.000 +0200,7,NATURAL,SLAB,3,UNKNOWN,N,204,46.529218,7.822357,1,666.2966918945312,248.291015625,-37.5732421875,251.11785473871532,261.394866180814,INT,INT,16.4,15.4,17.3,24.7,21.8,70.7,13.2,11.1,948.7,1015.1,1016.6,,,2.5,243.0,0.8,2.9,9.0,2.3,8.3,0.0,,0.0,,638.0,,,,432.0,17.0,0.38
0d183e05-ccd5-4337-8515-db8621df2658,8.421449 46.780606,2023-04-15 07:30:00+02:00,2,EXPLOSIVE,SLAB,2,DRY,N,83,46.80118921525262,8.4224014025454,0,773.857421875,-146.77734375,628.6376953125,645.5454597517647,13.14225209368719,ENG,ENG,0.5,0.3,0.7,0.3,0.2,96.3,6.1,-0.1,889.2,,1007.1,,1397.6,1.8,90.0,0.9,3.2,6.5,1.6,5.8,0.0,,1.3,0.0,49.0,316.0,,,,0.0,0.027
129ea644-660f-4e28-b1b5-6ad36254a3b7,8.425551 46.770235,2023-05-16 09:00:00.000 +0200,3,EXPLOSIVE,SLAB,2,DRY,SE,167,46.770235,8.425551,1,762.7124633789062,601.94091796875,-638.96484375,877.8433460894508,223.29101804078493,TIT,TIT,-5.9,-6.0,-5.7,,,98.7,3.9,-6.0,691.9,,1012.6,3006.5,,16.7,14.0,9.2,33.1,60.1,15.8,56.9,,,,,330.0,,,,,,0.064
b5d8fc03-e36a-4fa1-9d42-ea7105356bda,8.385358 46.779077,2023-04-19 05:00:00+02:00,3,EXPLOSIVE,UNKNOWN,2,DRY,NE,2,46.73970003618541,8.356908674798012,0,716.2752075195312,-1044.580078125,322.88818359375,1093.3454708920242,72.82319629817312,TIT,TIT,-6.7,-6.9,-6.4,,,78.7,2.9,-9.8,696.1,,1018.2,3053.6,,7.5,288.0,4.4,15.8,27.0,6.8,24.5,,,,,2.0,,,,,,0.005
b2ae7f83-144e-4307-bbca-2bcde419c704,8.384786 46.783437,2023-04-18 08:30:00+02:00,4,EXPLOSIVE,LOOSE_SNOW,1,DRY,N,143,46.759151917268206,8.34143017569061,0,717.652099609375,-1440.7470703125,-757.28759765625,1627.6475743163894,117.7273796657497,TIT,TIT,-6.1,-7.1,-5.1,,,76.1,3.0,-9.7,694.1,,1015.6,3031.7,,4.1,233.0,1.3,4.7,14.8,3.9,14.0,,,,,514.0,,,,,,0.154
74720590-2505-48bc-ad7b-327442e7d8ae,8.216759 46.608474,2023-04-22 12:00:00+02:00,7,PERSON,SLAB,1,DRY,N,72,46.637360373606775,8.212481461220342,0,680.8089599609375,-1168.83544921875,-777.72216796875,1403.93307458027,123.63908268951765,MER,MER,15.2,14.4,16.3,18.7,16.0,51.2,8.8,5.1,943.2,1010.6,1012.0,,,10.1,313.0,5.8,20.9,36.4,9.8,35.3,0.0,,0.0,,609.0,,,,390.0,21.0,0.38
11290122-2f71-4b65-840e-5b583a64fdd5,8.389124 46.787453,2023-04-14 07:00:00+02:00,4,EXPLOSIVE,SLAB,2,WET,N,79,46.80376131564898,8.381287287122918,0,747.5194702148438,-54.931640625,-746.19140625,748.2105986305638,175.78970749368966,ENG,ENG,0.4,0.0,0.9,0.0,-0.3,90.5,5.7,-1.0,891.8,,1010.0,,1420.7,4.5,261.0,1.2,4.3,16.2,4.4,15.8,0.0,,0.1,8.0,75.0,298.0,,,,0.0,0.035
b2ae7f83-144e-4307-bbca-2bcde419c704,8.384786 46.783437,2023-04-16 08:30:00+02:00,4,EXPLOSIVE,LOOSE_SNOW,1,DRY,N,11,46.82046521793299,8.35044685024775,0,734.667724609375,-287.841796875,223.79150390625,364.6032600633871,52.135615742438,ENG,ENG,0.4,0.3,0.5,0.8,0.6,97.4,6.1,0.1,899.6,,1018.7,,1490.1,1.8,95.0,1.1,4.0,6.5,1.7,6.1,0.0,,1.7,0.0,76.0,320.0,,,,0.0,0.037
ad1f7e7f-180e-4f38-9562-d610574cd4c5,8.239483 46.749076,2023-04-04 06:30:00+02:00,2,EXPLOSIVE,SLAB,1,DRY,N,2,46.710026996044164,8.26931871994725,0,681.6849365234375,46.58203125,-1430.52978515625,1431.2880045101206,181.86505103976788,MER,MER,0.7,0.6,0.9,-1.3,-1.8,67.1,4.3,-4.7,949.3,1021.0,1018.4,,,5.0,332.0,1.9,6.8,18.0,4.9,17.6,0.0,,0.0,,25.0,,,,21.0,0.0,0.027
be39a3d6-d2cf-47e2-870e-49c1b9134b29,8.422461 46.779843,2023-05-18 07:00:00+02:00,4,EXPLOSIVE,SLAB,2,DRY,N,42,46.78879678480698,8.425152129305438,0,769.8812255859375,1103.57666015625,-1153.67431640625,1596.5105302430834,223.7285804106414,TIT,TIT,-2.3,-2.5,-2.0,,,76.5,4.0,-5.8,696.9,,1019.4,3062.9,,2.7,248.0,1.9,6.8,9.7,2.7,9.7,,,,,457.0,,,,,,0.152
c98d2b1a-9c67-4f2a-8b1b-1b27502b6c5d,8.423896 46.779967,2023-04-14 07:00:00+02:00,3,EXPLOSIVE,SLAB,1,DRY,NW,106,46.77342671540016,8.417918572030695,0,756.8347778320312,854.736328125,1267.05322265625,1528.3972192006227,325.99695000956547,TIT,TIT,-13.4,-13.7,-13.1,,,99.4,2.2,-13.5,684.7,,1002.8,2929.1,,9.3,318.0,3.0,10.8,33.5,8.9,32.0,,,,,121.0,,,,,,0.023
acaee50d-c93e-4865-b666-dcf8ca1d9f21,8.226812 46.595085,2023-04-24 12:00:00+02:00,7,PERSON,SLAB,1,DRY,NW,100,46.61557563360495,8.24116011200694,0,679.5180053710938,-439.013671875,793.54248046875,906.8862510820564,28.9528043696762,GRH,GRH,-0.3,-0.8,0.1,,,92.7,5.5,-1.4,797.8,,1012.1,,1450.7,9.5,340.0,4.4,15.8,34.2,8.8,31.7,,,0.2,177.0,631.0,309.0,,,,0.0,0.191
be39a3d6-d2cf-47e2-870e-49c1b9134b29,8.422461 46.779843,2023-05-17 07:00:00+02:00,4,EXPLOSIVE,SLAB,2,DRY,N,0,46.80647043992699,8.412297174362461,0,769.0570068359375,233.1298828125,-728.61328125,765.0012129886211,197.74279077266408,ENG,ENG,3.8,3.7,3.9,4.7,4.4,94.6,7.6,3.0,900.4,,1019.5,,1502.3,4.3,254.0,1.6,5.8,15.5,3.9,14.0,0.0,,0.1,0.0,39.0,327.0,,,,0.0,0.029
9b1e09ce-808a-44b8-8176-c69307d3a01b,8.390545 46.780329,2023-04-19 08:30:00+02:00,4,EXPLOSIVE,LOOSE_SNOW,1,DRY,NW,0,46.80965976848036,8.402632915987265,0,761.6090698242188,673.35205078125,-780.908203125,1031.1258924104425,220.77014222943887,ENG,ENG,7.0,5.8,8.3,15.6,12.7,76.2,7.6,3.1,900.1,,1019.2,,1505.6,4.8,204.0,1.9,6.8,17.3,4.1,14.8,0.0,,0.0,0.0,545.0,295.0,,,,55.0,0.227
27d50482-68af-45c1-b95c-82786dd48176,7.97274 46.575625,2023-04-01 08:00:00+02:00,3,EXPLOSIVE,LOOSE_SNOW,1,DRY,N,191,46.57356374268251,7.978553459014944,0,643.2049560546875,-107.55615234375,1236.62109375,1241.2896742559483,4.97083899642773,JUN,JUN,-14.0,-14.1,-13.9,,,95.7,2.0,-14.5,644.5,,1003.6,2942.5,,25.3,304.0,13.2,47.5,91.1,22.7,81.7,,,,,149.0,254.0,,,,0.0,0.018
4067dd0b-f3b4-40af-8872-12824f7b55a6,8.423024 46.779666,2023-04-01 07:00:00.000 +0200,4,EXPLOSIVE,SLAB,3,DRY,NE,125,46.779666,8.423024,1,761.8928833007812,656.43310546875,-2499.49951171875,2584.260480492943,194.71504785369478,TIT,TIT,-10.8,-10.8,-10.6,,,97.0,2.6,-11.1,686.0,,1004.5,2941.7,,25.3,286.0,14.5,52.2,91.1,24.5,88.2,,,,,91.0,,,,,,0.013
97f65a13-9c8a-44c6-b5dc-c7c4d60fed1e,7.972757 46.575628,2023-04-18 07:30:00+02:00,2,EXPLOSIVE,SLAB,1,DRY,N,26,46.577028131801015,7.940464159442504,0,666.30126953125,1457.77587890625,1715.29541015625,2251.0772659382415,319.63983118967565,JUN,JUN,-10.8,-11.3,-10.6,,,83.1,2.2,-13.2,652.4,,1015.0,3030.9,,3.5,139.0,2.0,7.2,12.6,3.5,12.6,,,,,286.0,173.0,,,,59.0,0.065
564bddb0-e717-11ed-acf0-f7b342f82229,7.822357 46.529218,2023-04-29 12:00:00+02:00,7,NATURAL,SLAB,3,UNKNOWN,N,106,46.55520376507826,7.836065030258492,0,666.2332763671875,-576.01318359375,-1275.5126953125,1399.5441484916314,155.6963763268384,INT,INT,16.4,15.4,17.3,24.7,21.8,70.7,13.2,11.1,948.7,1015.1,1016.6,,,2.5,243.0,0.8,2.9,9.0,2.3,8.3,0.0,,0.0,,638.0,,,,432.0,17.0,0.38
f4bf91bd-2855-4c53-b901-3cb18add524d,8.420301 46.78111,2023-04-16 08:00:00.000 +0200,4,EXPLOSIVE,SLAB,2,DRY,N,173,46.78111,8.420301,1,759.58349609375,874.072265625,-621.826171875,1072.6929260340712,234.57146728890586,TIT,TIT,-9.5,-9.6,-9.3,,,94.1,2.8,-10.3,692.7,,1013.7,3017.0,,7.6,16.0,3.6,13.0,27.4,7.1,25.6,,,,,249.0,,,,,,0.057
a94851d0-e58a-11ed-94a2-bf37c1703856,7.5461 46.68465,2023-04-29 12:00:00+02:00,7,NATURAL,SLAB,2,UNKNOWN,SW,15,46.685425967510334,7.536718751641156,0,557.70703125,1299.2431640625,-634.02099609375,1445.688563574758,243.98796843585535,THU,THU,17.1,16.7,17.4,,,68.6,13.4,11.3,949.7,1015.0,1016.6,,,3.3,107.0,1.7,6.1,11.9,3.2,11.5,,,0.0,,672.0,,,,,41.0,0.401
b121901c-cb98-4082-b65b-7aa17e40b945,8.420495 46.780984,2023-04-17 08:00:00+02:00,4,EXPLOSIVE,SLAB,2,DRY,NE,126,46.78778280498947,8.393341808574776,0,747.449462890625,413.85498046875,-599.08447265625,728.133332732822,214.63719728880142,TIT,TIT,-9.6,-9.7,-9.4,,,91.6,2.7,-10.7,694.0,,1015.4,3030.7,,16.1,31.0,6.3,22.7,58.0,15.2,54.7,,,,,296.0,,,,,,0.057
f4bbdd10-e717-11ed-acf0-f7b342f82229,7.841373 46.562945,2023-05-01 12:00:00+02:00,7,NATURAL,UNKNOWN,3,UNKNOWN,NW,157,46.56649357765933,7.821070323354519,0,664.4542236328125,-626.8798828125,-1206.73828125,1359.8513400034644,152.54889553381128,INT,INT,10.5,10.4,10.6,12.5,12.3,87.4,11.1,8.5,949.8,1017.7,1017.8,,,1.2,270.0,0.5,1.8,4.3,1.2,4.3,0.0,,1.3,,127.0,,,,126.0,0.0,0.082
50fbf8f0-dd0c-11ed-8f1e-7bb69ddca4ec,8.23687 46.747556,2023-04-19 12:00:00+02:00,5,NATURAL,SLAB,2,DRY,N,0,46.72056052343875,8.265844498960432,0,683.4136352539062,-146.5576171875,-542.17529296875,561.6343859321896,164.87365331263084,MER,MER,13.9,13.3,14.3,21.2,21.0,60.5,9.6,6.4,948.0,1016.1,1017.0,,,8.5,280.0,4.3,15.5,30.6,8.2,29.5,0.0,,0.0,,892.0,,,,138.0,60.0,0.463
2a2d7868-aa56-44d4-b082-8c267cccfbe3,8.388637 46.786311,2023-04-13 07:30:00+02:00,2,EXPLOSIVE,LOOSE_SNOW,1,DRY,NW,0,46.81024298003834,8.415160010122847,0,771.2772216796875,2899.7314453125,1985.6689453125,3514.4449939233045,304.40243997099753,ENG,ENG,1.0,0.8,1.2,1.0,0.8,91.4,6.0,-0.3,890.0,,1008.0,,1405.3,3.7,153.0,1.1,4.0,13.3,3.4,12.2,0.0,,0.2,0.0,55.0,301.0,,,,0.0,0.03
1a787419-5802-4808-a192-fbe672afe523,8.389757 46.787324,2023-04-17 08:30:00+02:00,4,EXPLOSIVE,LOOSE_SNOW,2,DRY,N,84,46.7865938443632,8.397828667286516,0,748.5672607421875,1099.18212890625,1152.0263671875,1592.2832986633077,316.3446981482915,TIT,TIT,-9.6,-9.7,-9.4,,,91.6,2.7,-10.7,694.0,,1015.4,3030.7,,16.1,31.0,6.3,22.7,58.0,15.2,54.7,,,,,296.0,,,,,,0.057
f4bf91bd-2855-4c53-b901-3cb18add524d,8.420301 46.78111,2023-04-17 08:00:00+02:00,4,EXPLOSIVE,SLAB,2,DRY,N,0,46.813927511052746,8.403954234057988,0,762.4176025390625,320.69091796875,1468.54248046875,1503.1499199377781,347.68149525961036,ENG,ENG,4.0,3.0,5.4,7.8,4.9,89.2,7.3,2.4,900.3,,1019.4,,1502.5,3.8,135.0,0.8,2.9,13.7,3.6,13.0,0.0,,0.0,0.0,430.0,288.0,,,,28.0,0.168
c2674210-608f-480e-8889-772ed922cf40,8.384094 46.779592,2023-04-04 07:00:00+02:00,4,EXPLOSIVE,SLAB,2,DRY,NE,156,46.77895273314012,8.399248692039707,0,746.7794189453125,-1094.4580078125,-221.484375,1116.6439267886817,101.4403861131134,TIT,TIT,-13.3,-13.6,-13.1,,,20.2,0.5,-31.5,688.6,,1008.1,2972.7,,22.7,49.0,6.8,24.5,81.7,21.8,78.5,,,,,257.0,,,,,,0.081
b4aeb776-bc6c-459f-adeb-919a10f47c8a,8.420466 46.780907,2023-04-04 07:00:00+02:00,4,EXPLOSIVE,SLAB,2,DRY,NW,0,46.8193451220147,8.39955183697883,0,763.7203979492188,610.94970703125,-287.07275390625,675.03356254107,244.8321298502184,ENG,ENG,-3.7,-3.9,-3.3,-3.3,-3.4,89.3,4.2,-5.2,898.6,,1017.6,,1474.4,5.4,231.0,3.3,11.9,19.4,5.2,18.7,0.0,,0.0,0.0,44.0,289.0,,,,0.0,0.023
c1bf9390-dd0b-11ed-8f1e-7bb69ddca4ec,8.237684 46.748368,2023-04-16 12:00:00+02:00,7,NATURAL,SLAB,2,DRY,NW,13,46.74328829033072,8.222897508625378,0,659.3430786132812,-272.6806640625,994.7021484375,1031.4005568447906,15.330057086445905,MER,MER,6.1,5.9,6.2,7.2,6.9,83.5,7.9,3.5,951.5,1021.9,1020.8,,,1.0,90.0,0.3,1.1,3.6,0.9,3.2,0.0,,0.2,,119.0,,,,108.0,0.0,0.07
1a787419-5802-4808-a192-fbe672afe523,8.389757 46.787324,2023-04-16 08:30:00+02:00,4,EXPLOSIVE,LOOSE_SNOW,2,DRY,N,0,46.81549397324412,8.388437547603113,0,755.9343872070312,2439.07470703125,-2869.4091796875,3765.9785537034686,220.36542806166966,ENG,ENG,0.4,0.3,0.5,0.8,0.6,97.4,6.1,0.1,899.6,,1018.7,,1490.1,1.8,95.0,1.1,4.0,6.5,1.7,6.1,0.0,,1.7,0.0,76.0,320.0,,,,0.0,0.037
97f65a13-9c8a-44c6-b5dc-c7c4d60fed1e,7.972757 46.575628,2023-04-18 07:30:00+02:00,2,EXPLOSIVE,SLAB,1,DRY,N,179,46.543670471748236,7.964093817848,0,664.1734008789062,-1605.65185546875,-30.21240234375,1605.936072895064,91.07796648901014,JUN,JUN,-10.8,-11.3,-10.6,,,83.1,2.2,-13.2,652.4,,1015.0,3030.9,,3.5,139.0,2.0,7.2,12.6,3.5,12.6,,,,,286.0,173.0,,,,59.0,0.065
1bb8250c-f575-4cb3-84c9-194ae951bc8a,7.944832 46.554569,2023-05-05 12:00:00+02:00,7,NATURAL,UNKNOWN,4,WET,,201,46.562644092684856,7.989791502057238,0,639.684326171875,-2267.3583984375,81.62841796875,2268.8272974347665,87.93815358495871,JUN,JUN,-1.9,-2.3,-1.4,,,79.7,4.2,-5.0,661.1,,1027.3,3117.7,,8.7,152.0,4.1,14.8,31.3,8.4,30.2,,,,,882.0,246.0,,,,41.0,0.291
acaee50d-c93e-4865-b666-dcf8ca1d9f21,8.226812 46.595085,2023-04-22 12:00:00+02:00,7,PERSON,SLAB,1,DRY,NW,213,46.61583757748634,8.18359497907573,0,666.638427734375,1086.65771484375,-253.89404296875,1115.924358675111,256.8489486487507,MER,MER,15.2,14.4,16.3,18.7,16.0,51.2,8.8,5.1,943.2,1010.6,1012.0,,,10.1,313.0,5.8,20.9,36.4,9.8,35.3,0.0,,0.0,,609.0,,,,390.0,21.0,0.38
8cc2e1b0-ecd3-11ed-8adc-7d70564ee41a,8.023437 46.573593,2023-05-06 12:00:00+02:00,10,NATURAL,SLAB,4,WET,,1,46.59527348859498,7.991406050657013,0,625.7135009765625,-67.34619140625,1121.044921875,1123.0659937682433,3.4378824596882254,JUN,JUN,-2.9,-3.2,-2.5,,,70.1,3.5,-7.6,659.9,,1025.6,3105.1,,12.0,312.0,4.9,17.6,43.2,11.6,41.8,,,,,1034.0,211.0,,,,60.0,0.32
68246170-d6db-11ed-8552-37fbec7ec321,8.370977 46.777677,2023-04-12 15:00:00+02:00,3,NATURAL,FULL_DEPTH,2,WET,S,2,46.818181048107355,8.34836256364254,0,736.0230102539062,-745.3125,1844.49462890625,1989.3846180968262,22.00235783426278,ENG,ENG,10.8,10.7,11.2,13.7,13.0,61.8,8.0,3.8,887.5,,1005.2,,1395.5,3.3,146.0,1.1,4.0,11.9,3.0,10.8,0.0,,0.0,0.0,244.0,337.0,,,,0.0,0.145
4b5d9a70-d15e-11ed-94cc-21edfa2a74e3,8.233716 46.754659,2023-04-03 15:30:00+02:00,1,NATURAL,FULL_DEPTH,2,WET,S,52,46.74473430883818,8.24871266616677,0,674.0673217773438,207.09228515625,-707.958984375,737.6266929338437,196.3052627737189,MER,MER,4.5,4.3,4.7,5.7,5.4,67.9,5.7,-0.9,950.7,1021.5,1019.9,,,12.7,327.0,6.2,22.3,45.7,12.3,44.3,0.0,,0.0,,198.0,,,,191.0,0.0,0.113
d68cc42c-2801-4238-bb58-3d963f2ab1ea,8.380899 46.782267,2023-04-02 07:00:00+02:00,4,EXPLOSIVE,SLAB,3,DRY,N,185,46.765427786597215,8.37511778157999,0,732.0074462890625,172.15576171875,-354.19921875,393.8206353863055,205.92170701723217,TIT,TIT,-11.8,-11.9,-11.7,,,95.3,2.4,-12.4,688.8,,1008.4,2974.4,,8.9,313.0,5.2,18.7,32.0,8.8,31.7,,,,,127.0,,,,,,0.022
a608e0ea-99f5-4d75-9162-5dd2600c0d00,8.423735 46.779426,2023-04-02 07:00:00+02:00,4,EXPLOSIVE,SLAB,2,DRY,N,153,46.77778707718515,8.413171732569909,0,753.3021240234375,-1756.38427734375,-563.37890625,1844.5274521426275,107.78419500543504,TIT,TIT,-11.8,-11.9,-11.7,,,95.3,2.4,-12.4,688.8,,1008.4,2974.4,,8.9,313.0,5.2,18.7,32.0,8.8,31.7,,,,,127.0,,,,,,0.022
e18fb476-2bc8-4cdf-829a-b6f36d7508bd,8.420851 46.780719,2023-04-26 00:00:00+02:00,6,NATURAL,SLAB,2,DRY,NW,70,46.79454547813884,8.377390318715982,0,743.8633422851562,402.86865234375,808.3740234375,903.2008153283527,333.50975151709827,ENG,ENG,1.3,0.6,1.7,-0.5,-0.8,93.0,6.3,0.3,898.0,,1016.9,,1476.9,2.8,83.0,0.9,3.2,10.1,2.6,9.4,0.0,,0.0,0.0,0.0,253.0,,,,0.0,-0.004
fdfaf590-ea4c-11ed-8348-fb5788bd30bc,8.001152 46.577404,2023-05-02 12:00:00+02:00,7,NATURAL,SLAB,2,DRY,NW,31,46.58987976459031,7.968863560792819,0,641.70849609375,-1162.46337890625,223.4619140625,1183.7467357228961,79.11869065509462,JUN,JUN,-8.5,-9.3,-7.8,,,67.9,2.2,-13.6,656.8,,1021.3,3078.7,,10.8,317.0,5.5,19.8,38.9,10.1,36.4,,,,,1061.0,187.0,,,,49.0,0.243
50374fe0-d439-11ed-a920-a702e6e7f311,8.245848 46.760908,2023-04-05 16:00:00+02:00,2,NATURAL,FULL_DEPTH,1,WET,SW,38,46.7526920889746,8.236109076041732,0,666.8477172851562,-248.291015625,-536.02294921875,590.7360074764874,155.14597145280064,MER,MER,8.4,8.1,8.9,9.0,7.2,42.7,4.7,-3.5,948.0,1017.6,1017.1,,,8.8,322.0,4.7,16.9,31.7,8.5,30.6,0.0,,0.0,,189.0,,,,113.0,19.0,0.16
b2b22272-2994-46f8-ba69-aa77d0ffdafa,8.420101 46.781175,2023-04-25 00:00:00.000 +0200,6,NATURAL,SLAB,2,DRY,N,115,46.781175,8.420101,1,759.620849609375,-140.51513671875,692.138671875,706.2580581855176,11.475986466331335,TIT,TIT,-9.7,-10.0,-9.1,,,98.9,2.9,-9.8,689.8,,1009.7,2984.4,,15.3,252.0,4.8,17.3,55.1,15.2,54.7,,,,,0.0,,,,,,-0.001
40432ba0-e72a-11ed-8f49-75cb9dad9a7e,7.996764 46.557888,2023-05-01 12:00:00+02:00,7,NATURAL,SLAB,3,DRY,S,223,46.55890411841604,7.976835105403064,0,647.8655395507812,-1224.86572265625,1266.83349609375,1762.147310914536,44.03505650635338,JUN,JUN,-6.3,-6.6,-6.0,,,94.6,3.6,-7.0,653.7,,1016.8,3036.8,,2.9,175.0,1.2,4.3,10.4,2.8,10.1,,,,,737.0,282.0,,,,0.0,0.244
b6bd2020-dd0b-11ed-8f1e-7bb69ddca4ec,8.237321 46.747742,2023-04-19 12:00:00+02:00,7,NATURAL,SLAB,2,DRY,N,0,46.71674856070961,8.219115310732505,0,660.2518920898438,-612.26806640625,-85.25390625,618.175067170888,97.92705434622908,MER,MER,13.9,13.3,14.3,21.2,21.0,60.5,9.6,6.4,948.0,1016.1,1017.0,,,8.5,280.0,4.3,15.5,30.6,8.2,29.5,0.0,,0.0,,892.0,,,,138.0,60.0,0.463
50fbf8f0-dd0c-11ed-8f1e-7bb69ddca4ec,8.23687 46.747556,2023-04-16 12:00:00+02:00,5,NATURAL,SLAB,2,DRY,N,29,46.780664887512074,8.214323017397847,0,675.7012939453125,-46.8017578125,1613.12255859375,1613.8013488587703,1.661864533727794,MER,MER,6.1,5.9,6.2,7.2,6.9,83.5,7.9,3.5,951.5,1021.9,1020.8,,,1.0,90.0,0.3,1.1,3.6,0.9,3.2,0.0,,0.2,,119.0,,,,108.0,0.0,0.07
8b5b35b0-dd0c-11ed-8f1e-7bb69ddca4ec,8.229566 46.753026,2023-04-18 12:30:00+02:00,0,NATURAL,FULL_DEPTH,2,WET,SE,1,46.74905259922106,8.225900236194715,0,661.9013671875,543.8232421875,-890.00244140625,1042.999551511126,211.42641856401656,MER,MER,14.6,13.7,15.7,22.4,22.0,50.9,8.5,4.5,947.4,1015.3,1016.4,,,7.5,294.0,2.8,10.1,27.0,7.3,26.3,0.0,,0.0,,876.0,,,,114.0,60.0,0.485
dda75b80-ddc2-11ed-b3b1-431b3c02902e,8.263291 46.74286,2023-04-17 14:30:00+02:00,1,SNOW_GROOMER,SLAB,3,DRY,SE,0,46.71386371547371,8.276480224193735,0,682.8255615234375,651.26953125,-98.32763671875,658.6503825834228,261.4144172149468,MER,MER,11.6,11.1,12.1,14.3,13.0,57.1,7.8,3.4,948.8,1017.6,1017.9,,,13.4,336.0,6.0,21.6,48.2,13.2,47.5,0.0,,0.0,,451.0,,,,342.0,10.0,0.264
acaee50d-c93e-4865-b666-dcf8ca1d9f21,8.226812 46.595085,2023-04-22 12:00:00+02:00,7,PERSON,SLAB,1,DRY,NW,115,46.5703227250981,8.195491057717838,0,659.2449340820312,-1138.18359375,-421.6552734375,1213.7771882430968,110.32781991757247,ULR,ULR,14.8,14.2,15.7,18.8,17.9,33.9,5.7,-1.0,861.7,,1013.4,,1462.6,12.6,103.0,6.2,22.3,45.4,12.2,43.9,,,0.0,0.0,931.0,288.0,,,368.0,53.0,0.557
71d13516-3cdb-4e54-a1af-c88570197f00,8.424437 46.779206,2023-04-15 06:30:00+02:00,5,EXPLOSIVE,SLAB,1,DRY,N,0,46.82203036168128,8.384806040294002,0,756.887939453125,1336.5966796875,-2215.283203125,2587.2708312427226,211.10478636330308,ENG,ENG,0.8,0.5,1.2,0.6,0.2,94.3,6.1,0.0,889.1,,1007.0,,1397.0,2.4,99.0,1.3,4.7,8.6,2.3,8.3,0.0,,0.9,0.0,19.0,316.0,,,,0.0,0.017
23b16de7-0279-40fb-918f-75ed3769abf5,8.426264 46.778244,2023-05-17 07:00:00.000 +0200,4,EXPLOSIVE,SLAB,2,DRY,NE,134,46.778244,8.426264,1,763.5789794921875,960.205078125,-1153.45458984375,1500.8168718696666,219.77603552705924,TIT,TIT,-7.2,-7.3,-7.0,,,93.9,3.3,-8.0,694.2,,1015.8,3033.2,,23.4,50.0,12.0,43.2,84.2,21.1,76.0,,,,,147.0,,,,,,0.03
f4bbdd10-e717-11ed-acf0-f7b342f82229,7.841373 46.562945,2023-04-29 12:00:00+02:00,7,NATURAL,UNKNOWN,3,UNKNOWN,NW,74,46.58778206924705,7.860914479434623,0,656.7013549804688,-608.8623046875,-520.3125,800.8984977671166,130.51604581710197,INT,INT,16.4,15.4,17.3,24.7,21.8,70.7,13.2,11.1,948.7,1015.1,1016.6,,,2.5,243.0,0.8,2.9,9.0,2.3,8.3,0.0,,0.0,,638.0,,,,432.0,17.0,0.38
9fe44fc7-c389-4ba2-9149-62bca569dc15,8.426432 46.777678,2023-05-19 07:00:00+02:00,4,EXPLOSIVE,SLAB,2,DRY,NE,34,46.787404126536245,8.38632792946877,0,745.593017578125,1731.99462890625,-1308.69140625,2170.8244036201318,232.92538430788107,ENG,ENG,6.7,6.6,6.8,9.1,8.2,91.1,8.9,5.3,900.3,,1019.4,,1507.1,3.3,229.0,1.9,6.8,11.9,3.1,11.2,0.0,,0.0,0.0,162.0,315.0,,,,0.0,0.076
729aca22-4176-463d-b386-a7be12b79b0f,8.424589 46.778965,2023-04-25 07:00:00.000 +0200,3,EXPLOSIVE,SLAB,2,DRY,N,201,46.778965,8.424589,1,763.47265625,893.29833984375,435.05859375,993.6085265150091,295.96723836070544,TIT,TIT,-10.2,-10.4,-10.0,,,98.9,2.8,-10.3,687.7,,1006.9,2961.3,,16.3,291.0,10.1,36.4,58.7,15.8,56.9,,,,,90.0,,,,,,0.015
da27b6a6-0240-478c-9ff6-ab83983e37eb,8.426516 46.77779,2023-04-29 07:30:00.000 +0200,2,EXPLOSIVE,SLAB,2,DRY,NE,177,46.77779,8.426516,1,762.9927978515625,-111.181640625,-1086.21826171875,1091.8935247098818,174.15575022355583,TIT,TIT,-2.8,-3.0,-2.6,,,99.3,4.9,-2.9,697.5,,1020.2,3069.6,,7.7,346.0,2.3,8.3,27.7,7.4,26.6,,,,,143.0,,,,,,0.049
a7ed94b7-52d1-4b17-9928-83b4745ca8bf,8.307745 46.608205,2023-05-02 12:00:00.000 +0200,7,NATURAL,UNKNOWN,3,WET,,35,46.608205,8.307745,1,686.95361328125,385.29052734375,-1229.91943359375,1288.856316116112,197.3939398203321,GRH,GRH,1.7,1.5,2.1,,,94.2,6.5,0.9,805.9,,1021.9,,1529.4,8.4,352.0,5.0,18.0,30.2,8.3,29.9,,,0.0,161.0,418.0,318.0,,,,0.0,0.138
ad1f7e7f-180e-4f38-9562-d610574cd4c5,8.239483 46.749076,2023-04-01 06:30:00+02:00,2,EXPLOSIVE,SLAB,1,DRY,N,0,46.71681798928927,8.234555078151466,0,666.4929809570312,1889.208984375,-927.35595703125,2104.542624344911,243.85496499030498,MER,MER,5.3,5.1,5.6,4.1,3.9,86.6,7.7,3.3,940.6,1010.5,1009.2,,,2.3,90.0,0.9,3.2,8.3,2.2,7.9,0.0,,0.0,,13.0,,,,10.0,0.0,0.016
3c08ef45-da0c-4efd-bbb0-523da6d751f9,8.422511 46.78003,2023-04-26 07:30:00.000 +0200,2,EXPLOSIVE,SLAB,2,DRY,N,131,46.78003,8.422511,1,760.8434448242188,714.55078125,-1498.095703125,1659.7811767539038,205.4998686787384,TIT,TIT,-9.2,-9.2,-9.1,,,23.4,0.7,-26.4,692.4,,1013.2,3013.0,,14.7,275.0,9.8,35.3,52.9,14.4,51.8,,,,,381.0,,,,,,0.118
3127a717-5395-4ff5-9722-0942f1737558,8.42626 46.777558,2023-04-15 06:30:00+02:00,5,EXPLOSIVE,SLAB,2,DRY,NE,223,46.768747388005295,8.389604957472608,0,737.5205688476562,-792.1142578125,-1272.4365234375,1498.8461240592908,148.0970052995254,TIT,TIT,-9.1,-9.2,-8.9,,,98.6,3.0,-9.3,684.9,,1003.0,2928.0,,13.9,300.0,9.9,35.6,50.0,13.8,49.7,,,,,45.0,,,,,,0.008
1bb8250c-f575-4cb3-84c9-194ae951bc8a,7.944832 46.554569,2023-05-05 12:00:00+02:00,7,NATURAL,UNKNOWN,4,WET,,0,46.59932652322919,7.910721077002272,0,654.9247436523438,-916.9189453125,160.72998046875,930.8998221583631,80.05743570143461,INT,INT,21.0,20.7,21.4,28.6,25.1,47.8,11.9,9.5,950.0,1015.3,1018.0,,,6.1,307.0,2.4,8.6,22.0,6.0,21.6,0.0,,0.0,,743.0,,,,391.0,46.0,0.5
8d0101b0-de65-11ed-ad4d-6fea2397c693,7.846102 46.562407,2023-04-20 12:00:00+02:00,7,NATURAL,FULL_DEPTH,2,WET,S,103,46.58124965082114,7.820672222600926,0,655.8345947265625,85.9130859375,1608.3984375,1610.6913397941103,356.94243445095117,INT,INT,5.8,5.5,5.9,6.7,5.8,93.2,8.6,4.8,943.1,1011.8,1010.7,,,6.3,299.0,2.0,7.2,22.7,5.9,21.2,0.0,,1.2,,79.0,,,,79.0,0.0,0.049
8b4032b5-5847-4489-a91a-a268f821bb88,8.425022 46.770122,2023-05-15 09:30:00.000 +0200,2,EXPLOSIVE,SLAB,2,DRY,S,162,46.770122,8.425022,1,761.7406616210938,1075.89111328125,-1517.2119140625,1859.9660426499088,215.34136178213532,TIT,TIT,-6.3,-6.6,-5.8,,,98.0,3.7,-6.6,693.2,,1014.3,3021.2,,7.5,355.0,2.6,9.4,27.0,7.1,25.6,,,,,461.0,,,,,,0.13
74d69404-e345-4837-afea-4a4f976882c4,8.416507 46.785698,2023-04-19 08:00:00+02:00,4,EXPLOSIVE,SLAB,2,DRY,NW,0,46.83014202125504,8.403585064801229,0,770.7073974609375,-83.935546875,-366.50390625,375.9924059415484,167.1007506023381,ENG,ENG,7.0,5.8,8.3,15.6,12.7,76.2,7.6,3.1,900.1,,1019.2,,1505.6,4.8,204.0,1.9,6.8,17.3,4.1,14.8,0.0,,0.0,0.0,545.0,295.0,,,,55.0,0.227
26f6eb66-fc4c-4eb2-aecd-11eeddba5a5a,7.964013 46.534843,2023-05-19 10:30:00+02:00,3,PERSON,SLAB,1,DRY,SE,231,46.54236762569715,7.96988640127428,0,661.3129272460938,-168.9697265625,559.6435546875,584.5953102770042,16.80031671424568,JUN,JUN,-4.3,-5.3,-3.7,,,96.0,4.3,-4.8,656.8,,1021.2,3070.6,,10.0,146.0,8.3,29.9,36.0,9.9,35.6,,,,,520.0,288.0,,,,0.0,0.119
8cb21b8c-4e00-4409-bc59-db5c053ba65d,8.42279 46.779714,2023-04-16 06:30:00+02:00,5,EXPLOSIVE,SLAB,2,DRY,N,265,46.77488770079136,8.415097297219647,0,754.7306518554688,-506.14013671875,-1175.7568359375,1280.0710821088946,156.70907512699472,TIT,TIT,-9.8,-9.9,-9.7,,,93.4,2.7,-10.7,692.3,,1013.1,3011.9,,10.6,343.0,2.7,9.7,38.2,10.1,36.4,,,,,29.0,,,,,,0.013
97c5682e-950b-4c24-8c69-651f6ff3d0c8,8.035288 46.786336,2023-04-20 10:30:00+02:00,4,EXPLOSIVE,SLAB,2,DRY,S,6,46.80482811094424,7.9915374331322795,0,600.1808471679688,-342.5537109375,-36.03515625,344.443866780952,96.00517973428654,FLU,FLU,1.7,1.7,1.8,,,99.2,6.8,1.6,,,,,,3.2,337.0,1.3,4.7,11.5,3.0,10.8,,,0.2,,,,,,,,
8b5b35b0-dd0c-11ed-8f1e-7bb69ddca4ec,8.229566 46.753026,2023-04-19 12:30:00+02:00,0,NATURAL,FULL_DEPTH,2,WET,SE,81,46.77696800318848,8.26882007232604,0,683.2683715820312,1749.13330078125,-863.19580078125,1950.531797840859,243.73369989661705,GIH,GIH,12.6,12.2,13.0,,,75.3,11.0,8.3,962.8,1018.2,1018.5,,,2.5,39.0,1.3,4.7,9.0,2.5,9.0,0.0,,0.0,,445.0,,,,438.0,0.0,0.245
1bb8250c-f575-4cb3-84c9-194ae951bc8a,7.944832 46.554569,2023-05-03 12:00:00+02:00,7,NATURAL,UNKNOWN,4,WET,,190,46.53760432658253,7.9473672219861555,0,673.941162109375,1551.9287109375,98.10791015625,1555.0266511759073,273.61724026548245,JUN,JUN,-2.9,-3.9,-2.2,,,31.6,1.5,-17.7,660.3,,1026.2,3109.8,,10.1,23.0,3.9,14.0,36.4,9.6,34.6,,,,,1046.0,185.0,,,,60.0,0.365
0d183e05-ccd5-4337-8515-db8621df2658,8.421449 46.780606,2023-04-13 07:30:00+02:00,2,EXPLOSIVE,SLAB,2,DRY,N,50,46.7431537457139,8.398995941858852,0,736.9683227539062,494.93408203125,-673.57177734375,835.8580530150646,216.3080889539534,TIT,TIT,-13.5,-13.7,-13.0,,,100.0,2.2,-13.5,683.5,,1001.1,2915.8,,10.2,306.0,5.7,20.5,36.7,9.9,35.6,,,,,127.0,,,,,,0.019
fe8541fa-4448-482f-8c28-995faac1b624,8.419783 46.781356,2023-04-16 07:30:00+02:00,2,EXPLOSIVE,SLAB,1,DRY,N,131,46.76087724101689,8.420729729609393,0,759.794189453125,199.7314453125,-1273.095703125,1288.668040870867,188.91625164504717,TIT,TIT,-9.6,-9.8,-9.5,,,97.1,2.9,-10.0,692.5,,1013.4,3014.3,,8.1,12.0,2.5,9.0,29.2,7.6,27.4,,,,,150.0,,,,,,0.035
4b5d9a70-d15e-11ed-94cc-21edfa2a74e3,8.233716 46.754659,2023-04-03 15:30:00+02:00,1,NATURAL,FULL_DEPTH,2,WET,S,26,46.78584193548908,8.262138344618378,0,684.114501953125,399.2431640625,-1573.9013671875,1623.748939240706,194.23369113716137,GIH,GIH,5.2,5.1,5.4,,,81.0,7.2,2.2,965.8,1022.9,1021.6,,,3.3,84.0,1.4,5.0,11.9,3.2,11.5,0.0,,0.0,,77.0,,,,72.0,0.0,0.052
6e6f00b6-dfe0-4527-9b3f-7c45ffdf4fee,8.379219 46.783826,2023-04-04 07:00:00+02:00,4,EXPLOSIVE,SLAB,2,DRY,N,89,46.74932540116743,8.41224181513101,0,751.17822265625,544.37255859375,-88.5498046875,551.5274702678917,260.76096058102894,TIT,TIT,-13.3,-13.6,-13.1,,,20.2,0.5,-31.5,688.6,,1008.1,2972.7,,22.7,49.0,6.8,24.5,81.7,21.8,78.5,,,,,257.0,,,,,,0.081
27d50482-68af-45c1-b95c-82786dd48176,7.97274 46.575625,2023-04-03 08:00:00+02:00,3,EXPLOSIVE,LOOSE_SNOW,1,DRY,N,6,46.60979075395442,7.987431413652479,0,619.6985473632812,-161.0595703125,-171.27685546875,235.10837162574668,136.7609354195657,JUN,JUN,-13.4,-13.9,-13.0,,,44.8,1.0,-23.0,650.9,,1012.8,3018.0,,13.2,349.0,5.9,21.2,47.5,12.6,45.4,,,,,476.0,137.0,,,,60.0,0.095
b6bd2020-dd0b-11ed-8f1e-7bb69ddca4ec,8.237321 46.747742,2023-04-17 12:00:00+02:00,7,NATURAL,SLAB,2,DRY,N,52,46.75932543305167,8.211547861527702,0,663.6939086914062,653.02734375,-183.9111328125,678.4305538944702,254.27126563681153,MER,MER,11.6,11.2,11.9,19.5,18.3,60.7,8.3,4.2,949.4,1018.2,1018.5,,,8.4,327.0,3.8,13.7,30.2,8.1,29.2,0.0,,0.0,,848.0,,,,368.0,39.0,0.412
49e457f5-5bb7-4272-bb56-c1782a243205,8.423263 46.779484,2023-04-18 08:00:00+02:00,4,EXPLOSIVE,SLAB,3,DRY,N,0,46.82126493275528,8.390672057973434,0,759.0355224609375,-609.85107421875,-150.0732421875,628.0448317966094,103.82475809755213,ENG,ENG,5.1,4.3,5.9,12.1,9.3,69.1,6.1,-0.2,898.4,,1017.3,,1486.8,3.7,99.0,2.0,7.2,13.3,3.4,12.2,0.0,,0.0,0.0,460.0,253.0,,,,60.0,0.186
fdfaf590-ea4c-11ed-8348-fb5788bd30bc,8.001152 46.577404,2023-05-03 12:00:00+02:00,7,NATURAL,SLAB,2,DRY,NW,0,46.60895931232844,8.035603780716858,0,606.3676147460938,502.734375,-30.87158203125,503.6813540163591,266.4860308991067,JUN,JUN,-2.9,-3.9,-2.2,,,31.6,1.5,-17.7,660.3,,1026.2,3109.8,,10.1,23.0,3.9,14.0,36.4,9.6,34.6,,,,,1046.0,185.0,,,,60.0,0.365
110f1420-d9f1-11ed-8014-25b7abf6ec82,8.252181 46.759933,2023-04-14 02:00:00+02:00,4,NATURAL,FULL_DEPTH,2,WET,S,55,46.753930902243,8.250151110649739,0,674.7127075195312,-397.37548828125,-1105.8837890625,1175.111157975276,160.2351943118523,MER,MER,2.7,2.5,2.9,2.1,1.9,90.3,6.7,1.3,942.0,1012.7,1010.7,,,4.1,344.0,1.8,6.5,14.8,4.0,14.4,0.0,,0.3,,1.0,,,,1.0,0.0,0.0
26d0ed0c-b5fc-4983-9f76-b0f25e82ece7,8.388771 46.786265,2023-04-16 08:30:00+02:00,4,EXPLOSIVE,LOOSE_SNOW,1,DRY,NW,114,46.78406746845204,8.395038587690635,0,746.2047119140625,215.00244140625,-950.7568359375,974.7638744293586,192.74244012686648,TIT,TIT,-9.5,-9.6,-9.3,,,94.1,2.8,-10.3,692.7,,1013.7,3017.0,,7.6,16.0,3.6,13.0,27.4,7.1,25.6,,,,,249.0,,,,,,0.057
acaee50d-c93e-4865-b666-dcf8ca1d9f21,8.226812 46.595085,2023-04-22 12:00:00+02:00,7,PERSON,SLAB,1,DRY,NW,170,46.6026584973545,8.182960009119741,0,661.6270141601562,539.6484375,-994.37255859375,1131.3696219098656,208.48879296062677,MER,MER,15.2,14.4,16.3,18.7,16.0,51.2,8.8,5.1,943.2,1010.6,1012.0,,,10.1,313.0,5.8,20.9,36.4,9.8,35.3,0.0,,0.0,,609.0,,,,390.0,21.0,0.38
367958a0-d439-11ed-a920-a702e6e7f311,8.242864 46.759718,2023-04-05 15:00:00+02:00,2,NATURAL,FULL_DEPTH,1,WET,S,23,46.79703216142893,8.236425605915217,0,683.1917724609375,753.77197265625,173.47412109375,773.4762164742647,282.96045770246076,GIH,GIH,10.2,10.1,10.3,,,44.7,5.5,-1.3,962.8,1018.7,1018.5,,,3.9,47.0,1.8,6.5,14.0,3.7,13.3,0.0,,0.0,,527.0,,,,135.0,57.0,0.261
bdf4c097-2315-413e-a320-168acfd62b21,8.380633 46.782526,2023-04-13 08:00:00+02:00,4,EXPLOSIVE,SLAB,3,DRY,N,0,46.81126523995577,8.388300368954127,0,752.4765625,-13.29345703125,-342.333984375,342.5919918181165,177.77621701124943,ENG,ENG,1.6,1.2,2.2,2.0,1.2,83.2,5.7,-1.0,890.0,,1008.0,,1406.2,2.7,74.0,0.9,3.2,9.7,2.5,9.0,0.0,,0.1,0.0,126.0,298.0,,,,0.0,0.059
33f93161-2ec3-46b0-ab16-f598e280759a,8.383072 46.779972,2023-04-12 08:00:00+02:00,4,EXPLOSIVE,SLAB,2,DRY,NE,15,46.74268960721174,8.39222916292167,0,731.7922973632812,-1222.998046875,225.0,1243.5229079755889,79.57562525857712,TIT,TIT,-4.5,-4.7,-4.3,,,96.7,4.2,-5.0,689.8,,1009.7,2982.1,,21.3,256.0,9.9,35.6,76.7,20.0,72.0,,,,,216.0,,,,,,0.045
acaee50d-c93e-4865-b666-dcf8ca1d9f21,8.226812 46.595085,2023-04-23 12:00:00+02:00,7,PERSON,SLAB,1,DRY,NW,76,46.558392554569544,8.220328686932218,0,660.7539672851562,-1300.341796875,-352.6611328125,1347.3153540640362,105.1739853175576,ULR,ULR,10.6,9.8,11.0,11.6,11.3,60.8,7.8,3.3,860.5,,1012.0,,1449.1,6.6,39.0,0.9,3.2,23.8,6.4,23.0,,,0.0,0.0,307.0,332.0,,,287.0,0.0,0.185
26f6eb66-fc4c-4eb2-aecd-11eeddba5a5a,7.964013 46.534843,2023-05-20 10:30:00+02:00,3,PERSON,SLAB,1,DRY,SE,91,46.51924423701853,7.933375216710641,0,674.7482299804688,859.7900390625,-14.83154296875,859.917953026874,269.0117348395379,JUN,JUN,-4.0,-4.3,-3.5,,,98.0,4.5,-4.2,655.4,,1019.3,3053.1,,20.5,156.0,14.5,52.2,73.8,20.4,73.4,,,,,402.0,291.0,,,,0.0,0.072
74720590-2505-48bc-ad7b-327442e7d8ae,8.216759 46.608474,2023-04-22 12:00:00+02:00,7,PERSON,SLAB,1,DRY,N,39,46.574351067199714,8.212722082993508,0,661.0851440429688,-331.89697265625,-75.03662109375,340.27355901326007,102.73948989211019,ULR,ULR,14.8,14.2,15.7,18.8,17.9,33.9,5.7,-1.0,861.7,,1013.4,,1462.6,12.6,103.0,6.2,22.3,45.4,12.2,43.9,,,0.0,0.0,931.0,288.0,,,368.0,53.0,0.557
11290122-2f71-4b65-840e-5b583a64fdd5,8.389124 46.787453,2023-04-12 07:00:00+02:00,4,EXPLOSIVE,SLAB,2,WET,N,15,46.8158136944068,8.35323569334966,0,735.4417724609375,416.93115234375,-1767.15087890625,1815.6689716503445,193.27525966464094,ENG,ENG,6.8,6.0,7.3,6.9,6.0,89.6,8.9,5.2,889.8,,1007.8,,1411.3,5.3,76.0,2.1,7.6,19.1,5.1,18.4,0.0,,0.0,0.0,105.0,324.0,,,,0.0,0.053
9793e5e8-7a24-425c-8b33-04a387b5aa44,8.40304 46.792701,2023-04-04 06:30:00+02:00,2,EXPLOSIVE,SLAB,1,DRY,NW,0,46.81867080664924,8.378026015239312,0,752.643798828125,-1753.1982421875,-1159.60693359375,2101.9972209420353,123.48159632694048,ENG,ENG,-3.5,-3.6,-3.4,-3.5,-3.6,89.0,4.2,-5.1,898.3,,1017.2,,1472.1,5.0,230.0,2.7,9.7,18.0,4.8,17.3,0.0,,0.0,0.0,3.0,291.0,,,,0.0,0.016
34e33f73-9c60-4cff-be3e-9f199f5b9d9e,8.385879 46.778707,2023-04-17 05:00:00+02:00,3,EXPLOSIVE,UNKNOWN,2,DRY,NE,193,46.8002835484815,8.341625953432635,0,728.064697265625,16.9189453125,-962.95166015625,963.1002806084969,181.00657641389813,ENG,ENG,0.8,0.7,1.1,0.6,0.3,96.6,6.3,0.4,900.2,,1019.3,,1495.9,2.7,90.0,0.9,3.2,9.7,2.4,8.6,0.0,,0.2,0.0,0.0,314.0,,,,0.0,-0.005
729aca22-4176-463d-b386-a7be12b79b0f,8.424589 46.778965,2023-04-26 07:00:00+02:00,3,EXPLOSIVE,SLAB,2,DRY,N,231,46.77063083837337,8.412875281472822,0,752.5281372070312,978.55224609375,-946.58203125,1361.4631982615244,225.9514089693412,TIT,TIT,-9.2,-9.2,-9.1,,,23.4,0.7,-26.4,692.4,,1013.2,3013.0,,14.7,275.0,9.8,35.3,52.9,14.4,51.8,,,,,381.0,,,,,,0.118
74d69404-e345-4837-afea-4a4f976882c4,8.416507 46.785698,2023-04-19 08:00:00+02:00,4,EXPLOSIVE,SLAB,2,DRY,NW,218,46.7665966971454,8.381129741390883,0,732.7022094726562,-1081.82373046875,-1314.6240234375,1702.521338134804,140.54852577085117,TIT,TIT,-6.5,-6.7,-6.4,,,78.4,3.0,-9.7,696.0,,1018.1,3052.4,,9.7,308.0,7.0,25.2,34.9,9.4,33.8,,,,,545.0,,,,,,0.12
33f93161-2ec3-46b0-ab16-f598e280759a,8.383072 46.779972,2023-04-14 08:00:00+02:00,4,EXPLOSIVE,SLAB,2,DRY,NE,213,46.754229775428016,8.420963334650047,0,756.7774047851562,-626.77001953125,937.353515625,1127.5957922224393,33.76902993491852,TIT,TIT,-13.4,-13.6,-13.2,,,100.0,2.2,-13.4,684.7,,1002.8,2929.3,,8.5,327.0,2.1,7.6,30.6,8.3,29.9,,,,,263.0,,,,,,0.052
3c08ef45-da0c-4efd-bbb0-523da6d751f9,8.422511 46.78003,2023-04-26 07:30:00+02:00,2,EXPLOSIVE,SLAB,2,DRY,N,0,46.81952915894573,8.413547185495537,0,768.4284057617188,-463.95263671875,-317.83447265625,562.3795881137196,124.41340577449128,ENG,ENG,0.6,-0.3,2.6,0.4,-2.2,89.2,5.7,-1.0,898.0,,1016.9,,1475.9,4.9,96.0,1.9,6.8,17.6,4.7,16.9,0.0,,0.0,0.0,232.0,233.0,,,,31.0,0.076
1bb8250c-f575-4cb3-84c9-194ae951bc8a,7.944832 46.554569,2023-05-03 12:00:00+02:00,7,NATURAL,UNKNOWN,4,WET,,203,46.5299712312225,7.98440918521435,0,655.3583984375,-102.1728515625,1526.98974609375,1530.404187223711,3.8280283939560746,JUN,JUN,-2.9,-3.9,-2.2,,,31.6,1.5,-17.7,660.3,,1026.2,3109.8,,10.1,23.0,3.9,14.0,36.4,9.6,34.6,,,,,1046.0,185.0,,,,60.0,0.365
fdfaf590-ea4c-11ed-8348-fb5788bd30bc,8.001152 46.577404,2023-05-04 12:00:00+02:00,7,NATURAL,SLAB,2,DRY,NW,31,46.60318902922549,8.03568920500456,0,607.6868896484375,2626.50146484375,1004.3701171875,2811.986713540019,290.9267771342601,JUN,JUN,-2.7,-3.0,-2.2,,,47.9,2.4,-12.2,661.7,,1028.2,3127.2,,5.8,318.0,3.1,11.2,20.9,5.4,19.4,,,,,1043.0,195.0,,,,60.0,0.37
87548817-41cb-4875-9f16-2dd62dfe20ab,8.382498 46.780197,2023-04-01 07:00:00.000 +0200,4,EXPLOSIVE,SLAB,2,DRY,NE,79,46.780197,8.382498,1,739.82470703125,627.20947265625,-361.23046875,723.7949807390736,240.06095131471258,TIT,TIT,-10.8,-10.8,-10.6,,,97.0,2.6,-11.1,686.0,,1004.5,2941.7,,25.3,286.0,14.5,52.2,91.1,24.5,88.2,,,,,91.0,,,,,,0.013
34e33f73-9c60-4cff-be3e-9f199f5b9d9e,8.385879 46.778707,2023-04-18 05:00:00+02:00,3,EXPLOSIVE,UNKNOWN,2,DRY,NE,70,46.75364791902186,8.36385588567095,0,722.850341796875,791.34521484375,-1191.357421875,1430.2306652119958,213.59363473575544,TIT,TIT,-7.9,-8.0,-7.8,,,78.2,2.6,-11.0,693.2,,1014.3,3021.8,,7.2,204.0,5.2,18.7,25.9,7.1,25.6,,,,,1.0,,,,,,0.006
26d0ed0c-b5fc-4983-9f76-b0f25e82ece7,8.388771 46.786265,2023-04-17 08:30:00+02:00,4,EXPLOSIVE,LOOSE_SNOW,1,DRY,NW,0,46.81389736576005,8.419004189267167,0,773.91357421875,470.54443359375,-80.52978515625,477.38570389505253,260.2883882052738,ENG,ENG,4.0,3.0,5.4,7.8,4.9,89.2,7.3,2.4,900.3,,1019.4,,1502.5,3.8,135.0,0.8,2.9,13.7,3.6,13.0,0.0,,0.0,0.0,430.0,288.0,,,,28.0,0.168
673e5d3c-9736-4824-ac24-c511ffd507c4,8.418437 46.784875,2023-04-19 08:00:00+02:00,4,EXPLOSIVE,SLAB,1,DRY,NW,0,46.8183658194855,8.411010659779992,0,768.0494384765625,-156.884765625,-694.44580078125,711.9464866883766,167.26980197958073,ENG,ENG,7.0,5.8,8.3,15.6,12.7,76.2,7.6,3.1,900.1,,1019.2,,1505.6,4.8,204.0,1.9,6.8,17.3,4.1,14.8,0.0,,0.0,0.0,545.0,295.0,,,,55.0,0.227
099a6e90-d12e-11ed-ba10-b99b29af1712,8.260874 46.762857,2023-04-05 07:18:00+02:00,0,EXPLOSIVE,SLAB,3,DRY,NE,4,46.727817134542136,8.275241161821763,0,686.7728271484375,403.52783203125,-876.4892578125,964.9187169314044,204.72092118681945,MER,MER,0.2,-0.8,1.3,1.0,-3.5,78.3,4.8,-3.2,949.7,1021.6,1018.8,,,2.2,99.0,0.9,3.2,7.9,2.2,7.9,0.0,,0.0,,201.0,,,,51.0,45.0,0.06
bdf4c097-2315-413e-a320-168acfd62b21,8.380633 46.782526,2023-04-12 08:00:00+02:00,4,EXPLOSIVE,SLAB,3,DRY,N,87,46.787439534035094,8.37924102313685,0,741.6624755859375,-209.72900390625,-1736.279296875,1748.900240675909,173.11248515193083,ENG,ENG,7.5,6.9,8.3,9.1,7.8,87.0,9.0,5.5,889.4,,1007.4,,1408.9,6.4,256.0,2.1,7.6,23.0,6.3,22.7,0.0,,0.0,0.0,288.0,321.0,,,,15.0,0.127
ce082ed0-ea41-11ed-9704-3747ffc8acfd,7.997493 46.55824,2023-05-05 12:00:00+02:00,7,PERSON,SLAB,3,DRY,S,38,46.58137879246804,7.9752694417746,0,642.1973876953125,-589.85595703125,551.62353515625,807.6005043234745,46.91833303646487,JUN,JUN,-1.9,-2.3,-1.4,,,79.7,4.2,-5.0,661.1,,1027.3,3117.7,,8.7,152.0,4.1,14.8,31.3,8.4,30.2,,,,,882.0,246.0,,,,41.0,0.291
d940ed50-ecda-11ed-aeab-3b3cc7819483,7.967581 46.511291,2023-05-08 12:00:00+02:00,7,NATURAL,SLAB,3,UNKNOWN,S,242,46.51248310571733,7.96591685945066,0,674.5359497070312,-53.72314453125,1158.94775390625,1160.192256715527,2.6540519439274988,JUN,JUN,-3.6,-3.9,-3.0,,,97.2,4.5,-4.0,660.7,,1026.8,3116.1,,4.1,315.0,2.3,8.3,14.8,4.0,14.4,,,,,1051.0,241.0,,,,55.0,0.353
3efdca94-9b97-483a-8a85-137add93bbd1,8.426389 46.777499,2023-05-02 07:30:00+02:00,4,EXPLOSIVE,SLAB,3,DRY,NE,115,46.77538328657756,8.403683119368516,0,748.0874633789062,411.21826171875,-797.49755859375,897.275216828138,207.27725051342014,TIT,TIT,-6.7,-6.9,-6.5,,,97.5,3.6,-7.1,697.0,,1019.6,3064.7,,10.9,23.0,7.1,25.6,39.2,10.7,38.5,,,,,152.0,,,,,,0.033
ab2a9319-7f29-4629-a314-d5965080c33e,8.421443 46.780432,2023-05-05 07:30:00+02:00,4,EXPLOSIVE,SLAB,2,DRY,N,0,46.82271530078822,8.40065465503546,0,766.1713256835938,733.11767578125,1610.04638671875,1769.098893202131,335.51835257056416,ENG,ENG,11.7,10.2,13.4,12.1,7.9,69.7,9.6,6.3,902.2,,1021.5,,1533.1,3.1,112.0,1.3,4.7,11.2,2.8,10.1,0.0,,0.0,0.0,250.0,293.0,,,,32.0,0.135
9312b9e3-9422-40e1-8539-92240b8f9de8,8.390152 46.787449,2023-04-16 07:30:00+02:00,2,EXPLOSIVE,LOOSE_SNOW,1,DRY,N,1,46.811328715742356,8.385135140498033,0,752.70068359375,-2284.16748046875,1565.1123046875,2768.9343807889663,55.581045134954266,ENG,ENG,0.4,0.3,0.5,0.4,0.1,96.9,6.1,0.0,899.4,,1018.4,,1488.0,2.5,94.0,1.4,5.0,9.0,2.3,8.3,0.0,,1.3,0.0,49.0,319.0,,,,0.0,0.026
ad1f7e7f-180e-4f38-9562-d610574cd4c5,8.239483 46.749076,2023-04-04 06:30:00+02:00,2,EXPLOSIVE,SLAB,1,DRY,N,1,46.708175206925944,8.252667338539199,0,674.0611572265625,-14.39208984375,980.2001953125,980.305847754023,0.8412023997931612,MER,MER,0.7,0.6,0.9,-1.3,-1.8,67.1,4.3,-4.7,949.3,1021.0,1018.4,,,5.0,332.0,1.9,6.8,18.0,4.9,17.6,0.0,,0.0,,25.0,,,,21.0,0.0,0.027
a4ad0c82-16f6-4de1-af92-ac146cabf042,8.423474 46.779387,2023-05-03 07:30:00+02:00,4,EXPLOSIVE,SLAB,2,DRY,N,0,46.81566085405494,8.419019119394093,0,774.0529174804688,1330.55419921875,-1114.453125,1735.6209969002202,230.0509413252095,ENG,ENG,4.0,2.3,6.3,4.4,0.7,91.4,7.4,2.7,903.9,,1023.4,,1534.5,2.9,95.0,1.2,4.3,10.4,2.7,9.7,0.0,,0.0,0.0,245.0,252.0,,,,32.0,0.094
b0c20dd8-9d72-42fd-9908-df362afd7f3d,8.425333 46.779051,2023-05-20 07:00:00+02:00,4,EXPLOSIVE,SLAB,2,DRY,N,0,46.81696262457663,8.389041493725678,0,759.668212890625,-107.666015625,-1014.80712890625,1020.5025623679292,173.94385643116343,ENG,ENG,7.7,7.6,7.8,8.8,8.6,85.7,9.0,5.4,897.2,,1016.0,,1480.4,2.6,240.0,1.0,3.6,9.4,2.4,8.6,0.0,,0.0,0.0,91.0,342.0,,,,0.0,0.057
850fbf08-4de4-4e22-97a7-6ee73d0c55e0,8.423568 46.779438,2023-04-26 07:30:00.000 +0200,2,EXPLOSIVE,SLAB,2,DRY,N,178,46.779438,8.423568,1,763.22314453125,604.35791015625,-1931.72607421875,2024.0588206336824,197.3727625092364,TIT,TIT,-9.2,-9.2,-9.1,,,23.4,0.7,-26.4,692.4,,1013.2,3013.0,,14.7,275.0,9.8,35.3,52.9,14.4,51.8,,,,,381.0,,,,,,0.118
b0c20dd8-9d72-42fd-9908-df362afd7f3d,8.425333 46.779051,2023-05-20 07:00:00+02:00,4,EXPLOSIVE,SLAB,2,DRY,N,33,46.738543643494694,8.408212723853818,0,744.3804321289062,1197.7294921875,867.041015625,1478.619646573032,305.90092462382347,TIT,TIT,-1.4,-2.0,-0.5,,,83.7,4.6,-3.8,696.2,,1018.4,3054.6,,16.0,139.0,11.3,40.7,57.6,15.4,55.4,,,,,346.0,,,,,,0.092
1a787419-5802-4808-a192-fbe672afe523,8.389757 46.787324,2023-04-17 08:30:00+02:00,4,EXPLOSIVE,LOOSE_SNOW,2,DRY,N,84,46.79137777556468,8.423096308586453,0,769.1248168945312,829.4677734375,-1140.8203125,1410.4920320880801,216.02015497788227,TIT,TIT,-9.6,-9.7,-9.4,,,91.6,2.7,-10.7,694.0,,1015.4,3030.7,,16.1,31.0,6.3,22.7,58.0,15.2,54.7,,,,,296.0,,,,,,0.057
2a2d7868-aa56-44d4-b082-8c267cccfbe3,8.388637 46.786311,2023-04-14 07:30:00+02:00,2,EXPLOSIVE,LOOSE_SNOW,1,DRY,NW,79,46.79125893479563,8.395336808099408,0,750.2886962890625,1359.77783203125,-144.7998046875,1367.4658079532169,263.9216027648638,ENG,ENG,0.4,0.0,0.9,0.0,-0.3,90.5,5.7,-1.0,891.8,,1010.0,,1420.7,4.5,261.0,1.2,4.3,16.2,4.4,15.8,0.0,,0.1,8.0,75.0,298.0,,,,0.0,0.035
bafec949-69be-4d29-96df-732ded5d7686,8.389718 46.787228,2023-04-01 08:00:00.000 +0200,3,EXPLOSIVE,SLAB,1,DRY,N,70,46.787228,8.389718,1,746.5532836914062,2276.91650390625,-1173.01025390625,2561.308615050101,242.74361235020513,TIT,TIT,-10.5,-10.6,-10.3,,,95.9,2.7,-11.1,686.2,,1004.9,2944.5,,24.1,280.0,14.1,50.8,86.8,23.6,85.0,,,,,202.0,,,,,,0.026
34e33f73-9c60-4cff-be3e-9f199f5b9d9e,8.385879 46.778707,2023-04-19 05:00:00+02:00,3,EXPLOSIVE,UNKNOWN,2,DRY,NE,92,46.801592821722885,8.359473808334874,0,737.2237548828125,-216.650390625,-1265.51513671875,1283.9259920346817,170.28539938140784,ENG,ENG,3.0,2.5,3.2,1.5,0.4,89.2,6.8,1.4,900.0,,1019.1,,1498.0,3.1,103.0,1.1,4.0,11.2,2.9,10.4,0.0,,0.0,0.0,2.0,298.0,,,,0.0,-0.002
33f93161-2ec3-46b0-ab16-f598e280759a,8.383072 46.779972,2023-04-12 08:00:00.000 +0200,4,EXPLOSIVE,SLAB,2,DRY,NE,77,46.779972,8.383072,1,740.880126953125,1365.93017578125,-3138.57421875,3422.9246809872943,203.51902337309957,TIT,TIT,-4.5,-4.7,-4.3,,,96.7,4.2,-5.0,689.8,,1009.7,2982.1,,21.3,256.0,9.9,35.6,76.7,20.0,72.0,,,,,216.0,,,,,,0.045
10ab716e-5fe3-4dac-9343-2f5c3d5e2a92,8.244594 46.61198,2023-05-10 12:00:00+02:00,7,NATURAL,SLAB,4,WET,NW,93,46.634915219169194,8.257207491128849,0,669.4453735351562,-147.8759765625,-2317.0166015625,2321.7306554293823,176.34823776523126,GRH,GRH,1.8,1.4,1.9,,,94.4,6.6,1.0,801.0,,1016.0,,1479.2,9.9,355.0,5.8,20.9,35.6,9.3,33.5,,,0.0,106.0,448.0,319.0,,,,0.0,0.142
9312b9e3-9422-40e1-8539-92240b8f9de8,8.390152 46.787449,2023-04-16 07:30:00+02:00,2,EXPLOSIVE,LOOSE_SNOW,1,DRY,N,103,46.795252816989695,8.399296536959396,0,753.9193725585938,993.05419921875,-658.5205078125,1191.5560842006664,236.45058926429246,ENG,ENG,0.4,0.3,0.5,0.4,0.1,96.9,6.1,0.0,899.4,,1018.4,,1488.0,2.5,94.0,1.4,5.0,9.0,2.3,8.3,0.0,,1.3,0.0,49.0,319.0,,,,0.0,0.026
26f6eb66-fc4c-4eb2-aecd-11eeddba5a5a,7.964013 46.534843,2023-05-19 10:30:00+02:00,3,PERSON,SLAB,1,DRY,SE,92,46.55057991655062,7.982783762038844,0,648.9354858398438,400.67138671875,380.7861328125,552.7527829666939,313.5423451998996,JUN,JUN,-4.3,-5.3,-3.7,,,96.0,4.3,-4.8,656.8,,1021.2,3070.6,,10.0,146.0,8.3,29.9,36.0,9.9,35.6,,,,,520.0,288.0,,,,0.0,0.119
a8219770-e77f-11ed-991c-c3bbd7ca6c9a,7.788493 46.554381,2023-05-02 15:11:00+02:00,0,NATURAL,SLAB,3,WET,NW,0,46.569041282220454,7.781850885536533,0,642.648681640625,1259.47265625,-687.85400390625,1435.066027237524,241.3590843411946,FRU,FRU,14.6,14.2,15.1,,,54.5,9.0,5.5,,,,,,8.6,37.0,4.9,17.6,31.0,8.3,29.9,,,0.0,,494.0,321.0,,,249.0,37.0,
a7ed94b7-52d1-4b17-9928-83b4745ca8bf,8.307745 46.608205,2023-05-02 12:00:00+02:00,7,NATURAL,UNKNOWN,3,WET,,23,46.60184043714135,8.331710300584497,0,701.4098510742188,160.51025390625,-1003.16162109375,1015.9216405040742,189.09052165012457,GRH,GRH,1.7,1.5,2.1,,,94.2,6.5,0.9,805.9,,1021.9,,1529.4,8.4,352.0,5.0,18.0,30.2,8.3,29.9,,,0.0,161.0,418.0,318.0,,,,0.0,0.138
50fbf8f0-dd0c-11ed-8f1e-7bb69ddca4ec,8.23687 46.747556,2023-04-17 12:00:00+02:00,5,NATURAL,SLAB,2,DRY,N,41,46.76726429538902,8.203642076926444,0,665.5067749023438,980.2001953125,593.701171875,1145.9814590020258,301.20302921950747,MER,MER,11.6,11.2,11.9,19.5,18.3,60.7,8.3,4.2,949.4,1018.2,1018.5,,,8.4,327.0,3.8,13.7,30.2,8.1,29.2,0.0,,0.0,,848.0,,,,368.0,39.0,0.412
9f2be370-d7a6-11ed-a8d1-4961cd70d9e1,8.210814 46.503291,2023-04-11 12:00:00+02:00,7,NATURAL,SLAB,3,WET,S,213,46.50226874585761,8.186221394915545,0,672.5106811523438,-278.173828125,-771.56982421875,820.1833162767149,160.17426124117438,ULR,ULR,3.6,3.0,4.4,4.0,3.3,89.0,7.0,2.0,865.6,,1017.9,,1494.4,2.3,45.0,0.8,2.9,8.3,2.2,7.9,,,2.4,0.0,132.0,313.0,,,131.0,0.0,0.071
37f6f440-e68a-11ed-9633-279e930b62b5,7.970158 46.5442,2023-04-30 12:00:00+02:00,7,NATURAL,SLAB,2,DRY,SE,49,46.58208082429946,7.953969967776049,0,656.41162109375,344.20166015625,884.50927734375,949.121406650109,338.7367887301278,JUN,JUN,-3.7,-4.4,-3.3,,,88.8,4.1,-5.3,656.2,,1020.4,3062.2,,5.7,135.0,4.4,15.8,20.5,5.5,19.8,,,,,676.0,258.0,,,,0.0,0.202
be39a3d6-d2cf-47e2-870e-49c1b9134b29,8.422461 46.779843,2023-05-19 07:00:00+02:00,4,EXPLOSIVE,SLAB,2,DRY,N,61,46.776430043985954,8.397920987715676,0,745.4651489257812,713.12255859375,650.06103515625,964.9472177294008,312.3513582187204,TIT,TIT,-2.9,-3.2,-2.4,,,86.1,4.2,-4.9,697.8,,1020.6,3072.9,,10.4,165.0,6.6,23.8,37.4,10.0,36.0,,,,,261.0,,,,,,0.076
74d69404-e345-4837-afea-4a4f976882c4,8.416507 46.785698,2023-04-16 08:00:00+02:00,4,EXPLOSIVE,SLAB,2,DRY,NW,285,46.78114416330264,8.422076308638673,0,761.1524047851562,2141.455078125,-2607.82470703125,3374.4006214778315,219.39165150465482,TIT,TIT,-9.5,-9.6,-9.3,,,94.1,2.8,-10.3,692.7,,1013.7,3017.0,,7.6,16.0,3.6,13.0,27.4,7.1,25.6,,,,,249.0,,,,,,0.057
c2674210-608f-480e-8889-772ed922cf40,8.384094 46.779592,2023-04-01 07:00:00+02:00,4,EXPLOSIVE,SLAB,2,DRY,NE,43,46.73691877344779,8.386402395027522,0,727.7597045898438,-489.55078125,-2669.34814453125,2713.8679931299002,169.60760596195013,TIT,TIT,-10.8,-10.8,-10.6,,,97.0,2.6,-11.1,686.0,,1004.5,2941.7,,25.3,286.0,14.5,52.2,91.1,24.5,88.2,,,,,91.0,,,,,,0.013
3a0dd0e2-9199-4139-bb1e-3327bd98128b,8.425944 46.778157,2023-04-15 07:00:00+02:00,3,EXPLOSIVE,SLAB,2,DRY,NE,0,46.8191404446812,8.38484765259979,0,755.561279296875,1075.23193359375,-2068.61572265625,2331.3718534460336,207.46465804853287,ENG,ENG,0.5,0.3,0.7,0.3,0.2,96.3,6.1,-0.1,889.2,,1007.1,,1397.6,1.8,90.0,0.9,3.2,6.5,1.6,5.8,0.0,,1.3,0.0,49.0,316.0,,,,0.0,0.027
11290122-2f71-4b65-840e-5b583a64fdd5,8.389124 46.787453,2023-04-14 07:00:00+02:00,4,EXPLOSIVE,SLAB,2,WET,N,124,46.75214353433173,8.412575196026262,0,751.078369140625,-270.59326171875,1014.36767578125,1049.8392710112569,14.936438143386354,TIT,TIT,-13.4,-13.7,-13.1,,,99.4,2.2,-13.5,684.7,,1002.8,2929.1,,9.3,318.0,3.0,10.8,33.5,8.9,32.0,,,,,121.0,,,,,,0.023
c8a8b700-feb1-11ed-b35a-bf420b8ac344,8.01247 46.561817,2023-05-29 12:00:00+02:00,6,PERSON,SLAB,2,DRY,SE,89,46.55913217030415,8.048429485875113,0,611.197998046875,-43.83544921875,-438.02490234375,440.21285951396436,174.285138384559,JUN,JUN,-2.2,-2.6,-1.8,,,81.4,4.2,-5.0,660.0,,1025.8,3105.0,,5.6,161.0,4.1,14.8,20.2,5.5,19.8,,,,,1077.0,203.0,,,,60.0,0.35
4b5d9a70-d15e-11ed-94cc-21edfa2a74e3,8.233716 46.754659,2023-04-04 15:30:00+02:00,1,NATURAL,FULL_DEPTH,2,WET,S,120,46.75367586204013,8.26598601648197,0,690.6407470703125,-706.640625,-449.23095703125,837.3466579951241,122.44524703397445,MER,MER,5.2,4.9,5.6,6.0,4.5,49.3,4.4,-4.6,949.9,1020.5,1019.1,,,14.0,317.0,6.6,23.8,50.4,13.8,49.7,0.0,,0.0,,239.0,,,,104.0,16.0,0.162
3c08ef45-da0c-4efd-bbb0-523da6d751f9,8.422511 46.78003,2023-04-27 07:30:00+02:00,2,EXPLOSIVE,SLAB,2,DRY,N,154,46.78289396265112,8.382341460611157,0,740.9075927734375,-2006.54296875,41.41845703125,2006.9703968975011,88.8174856650272,TIT,TIT,-7.2,-7.3,-7.1,,,89.9,3.2,-8.6,696.2,,1018.4,3055.0,,8.5,238.0,4.7,16.9,30.6,8.4,30.2,,,,,272.0,,,,,,0.062
099a6e90-d12e-11ed-ba10-b99b29af1712,8.260874 46.762857,2023-04-04 07:18:00+02:00,0,EXPLOSIVE,SLAB,3,DRY,NE,3,46.789320591293404,8.270110104964102,0,689.2001342773438,284.1064453125,-396.6064453125,487.865908556359,215.61567199863407,GIH,GIH,0.8,0.7,0.8,,,80.7,5.2,-2.2,965.1,1023.1,1020.9,,,5.3,71.0,2.2,7.9,19.1,4.9,17.6,0.0,,0.0,,31.0,,,,31.0,0.0,0.031
c7cfde41-7339-4d2c-afdf-9006721cfe7f,8.419526 46.781209,2023-04-01 07:00:00.000 +0200,4,EXPLOSIVE,SLAB,2,DRY,NW,84,46.781209,8.419526,1,758.5951538085938,1165.31982421875,-2994.6533203125,3213.3967700201447,201.26267682707908,TIT,TIT,-10.8,-10.8,-10.6,,,97.0,2.6,-11.1,686.0,,1004.5,2941.7,,25.3,286.0,14.5,52.2,91.1,24.5,88.2,,,,,91.0,,,,,,0.013
e5f438a3-68c9-465f-a6d1-9ab6a2ebaf71,8.384832 46.783436,2023-04-02 08:00:00+02:00,3,EXPLOSIVE,SLAB,1,DRY,N,0,46.81912579812043,8.418166388308514,0,773.4192504882812,4654.9072265625,-915.6005859375,4744.100096000598,258.8722193196552,ENG,ENG,3.3,2.8,3.9,5.0,3.2,85.5,6.6,1.1,894.9,,1013.4,,1452.4,2.7,99.0,1.3,4.7,9.7,2.5,9.0,0.0,,0.0,0.0,258.0,285.0,,,,3.0,0.1
26f6eb66-fc4c-4eb2-aecd-11eeddba5a5a,7.964013 46.534843,2023-05-19 10:30:00+02:00,3,PERSON,SLAB,1,DRY,SE,53,46.55697011475826,7.951313558741433,0,664.2924194335938,-948.33984375,176.220703125,964.573582187302,79.47334946183221,JUN,JUN,-4.3,-5.3,-3.7,,,96.0,4.3,-4.8,656.8,,1021.2,3070.6,,10.0,146.0,8.3,29.9,36.0,9.9,35.6,,,,,520.0,288.0,,,,0.0,0.119
c98d2b1a-9c67-4f2a-8b1b-1b27502b6c5d,8.423896 46.779967,2023-04-15 07:00:00+02:00,3,EXPLOSIVE,SLAB,1,DRY,NW,1,46.806399218641765,8.391252816518953,0,754.1976928710938,323.76708984375,-1458.544921875,1494.047662423539,192.51555516423736,ENG,ENG,0.5,0.3,0.7,0.3,0.2,96.3,6.1,-0.1,889.2,,1007.1,,1397.6,1.8,90.0,0.9,3.2,6.5,1.6,5.8,0.0,,1.3,0.0,49.0,316.0,,,,0.0,0.027
1a787419-5802-4808-a192-fbe672afe523,8.389757 46.787324,2023-04-17 08:30:00+02:00,4,EXPLOSIVE,LOOSE_SNOW,2,DRY,N,60,46.79735751841164,8.376678692086244,0,744.2599487304688,-218.84765625,-148.53515625,264.49383601197604,124.1653211566219,ENG,ENG,4.0,3.0,5.4,7.8,4.9,89.2,7.3,2.4,900.3,,1019.4,,1502.5,3.8,135.0,0.8,2.9,13.7,3.6,13.0,0.0,,0.0,0.0,430.0,288.0,,,,28.0,0.168
b2ae7f83-144e-4307-bbca-2bcde419c704,8.384786 46.783437,2023-04-16 08:30:00.000 +0200,4,EXPLOSIVE,LOOSE_SNOW,1,DRY,N,115,46.783437,8.384786,1,742.1997680664062,-14.2822265625,283.0078125,283.3679656058845,2.8890286260990763,TIT,TIT,-9.5,-9.6,-9.3,,,94.1,2.8,-10.3,692.7,,1013.7,3017.0,,7.6,16.0,3.6,13.0,27.4,7.1,25.6,,,,,249.0,,,,,,0.057
b210fde3-14f2-42fc-8dc3-c8d01a9cf57a,8.425206 46.770128,2023-05-18 09:00:00+02:00,3,EXPLOSIVE,SLAB,2,DRY,S,143,46.76255398632078,8.389613157008265,0,732.0445556640625,678.955078125,-1864.27001953125,1984.0571322002731,200.01129645840524,TIT,TIT,-1.6,-2.5,-0.9,,,77.4,4.2,-5.0,697.4,,1020.0,3067.6,,3.4,266.0,1.7,6.1,12.2,3.1,11.2,,,,,761.0,,,,,,0.279
367958a0-d439-11ed-a920-a702e6e7f311,8.242864 46.759718,2023-04-06 15:00:00+02:00,2,NATURAL,FULL_DEPTH,1,WET,S,23,46.7400141763966,8.233944566032326,0,664.6694946289062,275.64697265625,-402.86865234375,488.1438359498404,214.38034472384487,MER,MER,11.2,10.9,11.4,12.2,11.4,35.6,4.7,-3.5,948.6,1017.4,1017.7,,,9.1,285.0,5.3,19.1,32.8,8.8,31.7,0.0,,0.0,,297.0,,,,276.0,0.0,0.24
72a5d090-d8f5-11ed-9de9-4bc775516e2e,8.249382 46.761703,2023-04-13 16:00:00+02:00,3,NATURAL,FULL_DEPTH,2,WET,SW,84,46.78295364513241,8.279817590413058,0,694.0054321289062,-176.11083984375,-1051.8310546875,1066.4725010592113,170.49498275527557,GIH,GIH,4.8,4.6,5.1,,,97.6,8.4,4.5,954.5,1011.0,1009.8,,,3.8,149.0,0.9,3.2,13.7,3.7,13.3,0.0,,0.0,,156.0,,,,151.0,0.0,0.067
0d6a183c-f453-4a31-98c7-90213921e278,8.417328 46.785788,2023-04-03 06:30:00+02:00,2,EXPLOSIVE,SLAB,1,DRY,NW,0,46.80484900783274,8.38851824141488,0,752.49267578125,860.55908203125,-1524.90234375,1750.9680441517803,209.43765272450497,ENG,ENG,0.9,0.7,1.2,1.0,0.7,98.4,6.4,0.7,900.2,,1019.3,,1495.6,5.5,236.0,3.0,10.8,19.8,5.4,19.4,0.0,,0.4,0.0,2.0,323.0,,,,0.0,0.012
2f93ceb4-a841-42da-a6c1-1933628dbb83,8.385941 46.778747,2023-04-03 07:00:00+02:00,4,EXPLOSIVE,SLAB,2,DRY,NE,41,46.76421832723689,8.34101362352559,0,718.3172607421875,-953.94287109375,78.4423828125,957.1625821833455,85.29916463855487,TIT,TIT,-11.1,-11.4,-10.6,,,93.9,2.5,-11.9,692.7,,1013.6,3017.2,,10.4,32.0,6.3,22.7,37.4,9.9,35.6,,,,,76.0,,,,,,0.018
c8a8b700-feb1-11ed-b35a-bf420b8ac344,8.01247 46.561817,2023-05-28 12:00:00.000 +0200,6,PERSON,SLAB,2,DRY,SE,201,46.561817,8.01247,1,625.70361328125,-708.50830078125,673.4619140625,977.514686318656,46.45269393629553,JUN,JUN,-2.1,-2.7,-1.5,,,94.0,4.9,-3.0,660.2,,1026.0,3107.2,,5.6,309.0,2.6,9.4,20.2,5.5,19.8,,,,,773.0,289.0,,,,7.0,0.273
bafec949-69be-4d29-96df-732ded5d7686,8.389718 46.787228,2023-04-02 08:00:00+02:00,3,EXPLOSIVE,SLAB,1,DRY,N,0,46.830792094420794,8.390628052796503,0,761.168212890625,245.21484375,-962.40234375,993.1508399285731,194.2944970033302,ENG,ENG,3.3,2.8,3.9,5.0,3.2,85.5,6.6,1.1,894.9,,1013.4,,1452.4,2.7,99.0,1.3,4.7,9.7,2.5,9.0,0.0,,0.0,0.0,258.0,285.0,,,,3.0,0.1
35790a01-26e9-458d-9830-8b595ce08bc3,8.391669 46.779911,2023-04-17 16:00:00+02:00,5,PERSON,SLAB,3,DRY,NW,0,46.813594502753475,8.415144810593283,0,771.4578857421875,1078.1982421875,-2681.982421875,2890.595295212165,201.90088684221627,ENG,ENG,7.1,6.6,7.6,9.2,7.2,76.0,7.7,3.1,899.3,,1018.3,,1498.4,4.8,326.0,1.5,5.4,17.3,4.6,16.6,0.0,,0.3,0.0,160.0,330.0,,,,0.0,0.087
8339db4e-32c5-49bd-ae04-41feeaf45eaa,8.420784 46.781168,2023-04-13 07:00:00+02:00,3,EXPLOSIVE,SLAB,2,DRY,N,34,46.80268295781131,8.424054447258888,0,776.9926147460938,-2727.35595703125,670.05615234375,2808.4596781238565,76.19696323872945,ENG,ENG,1.0,0.8,1.2,1.0,0.8,91.4,6.0,-0.3,890.0,,1008.0,,1405.3,3.7,153.0,1.1,4.0,13.3,3.4,12.2,0.0,,0.2,0.0,55.0,301.0,,,,0.0,0.03
c8955470-dce3-11ed-bcd6-6b951ea9af39,8.419791 46.782658,2023-04-16 12:00:00+02:00,7,EXPLOSIVE,SLAB,2,DRY,N,0,46.81479453498927,8.426290270013196,0,779.88623046875,-122.93701171875,-1271.1181640625,1277.0492926508189,174.47578338876602,ENG,ENG,2.3,2.1,2.7,4.2,4.2,92.4,6.7,1.2,900.8,,1020.0,,1503.2,3.1,99.0,1.4,5.0,11.2,2.9,10.4,0.0,,1.0,0.0,173.0,327.0,,,,0.0,0.078
514e8b36-8761-43bc-a150-8a7eaeb0c925,8.038115 46.78053,2023-05-09 11:00:00+02:00,4,EXPLOSIVE,FULL_DEPTH,1,WET,NW,26,46.79766280765337,8.040705195877921,0,624.9229125976562,490.6494140625,-784.31396484375,925.1406611801244,212.02918372437435,BRZ,BRZ,,,,,,,,,948.7,,1015.2,,,4.2,258.0,2.5,9.0,15.1,4.1,14.8,,,0.0,,,,,,,,
a7ed94b7-52d1-4b17-9928-83b4745ca8bf,8.307745 46.608205,2023-05-04 12:00:00+02:00,7,NATURAL,UNKNOWN,3,WET,,32,46.64850796858693,8.274557189942529,0,671.4315795898438,371.1181640625,104.26025390625,385.48526851452624,285.6919359552684,GRH,GRH,10.1,9.2,11.0,,,35.6,4.4,-4.6,807.6,,1024.0,,1533.2,5.4,174.0,2.3,8.3,19.4,5.2,18.7,,,0.0,147.0,1007.0,257.0,,,,60.0,0.533
18414158-6d92-4cd1-ab90-28699222ae16,8.421236 46.785109,2023-05-04 16:30:00+02:00,2,EXPLOSIVE,SLAB,2,DRY,NW,155,46.77714188675727,8.421830165003751,0,760.4730224609375,1101.37939453125,29.77294921875,1101.7817384596665,271.54846640801316,TIT,TIT,1.1,0.7,1.4,,,75.8,5.0,-2.8,702.3,,1026.7,3124.5,,7.0,243.0,3.5,12.6,25.2,6.9,24.8,,,,,487.0,,,,,,0.179
c1bf9390-dd0b-11ed-8f1e-7bb69ddca4ec,8.237684 46.748368,2023-04-17 12:00:00+02:00,7,NATURAL,SLAB,2,DRY,NW,0,46.74903568060517,8.212460831620708,0,658.95068359375,638.3056640625,6.8115234375,638.3420067846145,270.6113947499716,MER,MER,11.6,11.2,11.9,19.5,18.3,60.7,8.3,4.2,949.4,1018.2,1018.5,,,8.4,327.0,3.8,13.7,30.2,8.1,29.2,0.0,,0.0,,848.0,,,,368.0,39.0,0.412
b463a2d6-9b9e-4b10-99b6-7308c06e3b30,8.423808 46.779796,2023-04-21 08:00:00+02:00,3,EXPLOSIVE,SLAB,1,DRY,N,86,46.801134822200424,8.390419689801242,0,752.2579956054688,1237.939453125,-1895.69091796875,2264.097644995159,213.1456656602959,ENG,ENG,3.8,2.9,4.6,11.6,7.3,86.3,6.9,1.7,892.7,,1011.0,,1433.3,2.8,117.0,0.9,3.2,10.1,2.5,9.0,0.0,,0.0,2.0,566.0,264.0,,,,60.0,0.22
ce082ed0-ea41-11ed-9704-3747ffc8acfd,7.997493 46.55824,2023-05-03 12:00:00+02:00,7,PERSON,SLAB,3,DRY,S,224,46.51658836827787,7.983549533174812,0,663.2393188476562,-1094.12841796875,1056.77490234375,1521.1476553018915,45.994923229563526,JUN,JUN,-2.9,-3.9,-2.2,,,31.6,1.5,-17.7,660.3,,1026.2,3109.8,,10.1,23.0,3.9,14.0,36.4,9.6,34.6,,,,,1046.0,185.0,,,,60.0,0.365
1bae5ef4-62c9-4601-861f-8e5b286b94b1,8.422604 46.780389,2023-04-13 07:30:00+02:00,2,EXPLOSIVE,SLAB,2,DRY,N,120,46.769142875798146,8.424321071191514,0,760.4707641601562,183.58154296875,-1302.42919921875,1315.3037679168951,188.02316696089653,TIT,TIT,-13.5,-13.7,-13.0,,,100.0,2.2,-13.5,683.5,,1001.1,2915.8,,10.2,306.0,5.7,20.5,36.7,9.9,35.6,,,,,127.0,,,,,,0.019
97f65a13-9c8a-44c6-b5dc-c7c4d60fed1e,7.972757 46.575628,2023-04-16 07:30:00+02:00,2,EXPLOSIVE,SLAB,1,DRY,N,13,46.61852642293835,7.98720159405231,0,616.1815185546875,886.92626953125,478.89404296875,1007.9571974918252,298.3667383858757,JUN,JUN,-12.2,-12.6,-11.9,,,92.2,2.2,-13.2,650.5,,1012.2,3010.1,,18.5,302.0,11.9,42.8,66.6,18.2,65.5,,,,,198.0,261.0,,,,0.0,0.027
2a2d7868-aa56-44d4-b082-8c267cccfbe3,8.388637 46.786311,2023-04-16 07:30:00+02:00,2,EXPLOSIVE,LOOSE_SNOW,1,DRY,NW,121,46.7504256884969,8.399340628285684,0,743.3359985351562,1480.517578125,-4050.32958984375,4312.435748564952,200.07888186123859,TIT,TIT,-9.6,-9.8,-9.5,,,97.1,2.9,-10.0,692.5,,1013.4,3014.3,,8.1,12.0,2.5,9.0,29.2,7.6,27.4,,,,,150.0,,,,,,0.035
529f5410-e6a1-11ed-9300-179866ebe517,7.727729 46.504859,2023-04-29 17:00:00+02:00,3,UNKNOWN,UNKNOWN,1,WET,,40,46.54399971428464,7.694152203657544,0,630.1744384765625,-2154.74853515625,1728.47900390625,2762.35061436863,51.26438912899226,FRU,FRU,16.7,15.9,17.2,,,64.0,12.2,9.9,,,,,,9.8,70.0,3.4,12.2,35.3,9.2,33.1,,,0.0,,152.0,339.0,,,137.0,2.0,
c98d2b1a-9c67-4f2a-8b1b-1b27502b6c5d,8.423896 46.779967,2023-04-15 07:00:00+02:00,3,EXPLOSIVE,SLAB,1,DRY,NW,98,46.745315759873904,8.398423562284554,0,736.7146606445312,-681.3720703125,1842.73681640625,1964.6747498608984,20.292424244608995,TIT,TIT,-9.0,-9.1,-8.8,,,97.9,3.0,-9.3,685.0,,1003.1,2929.2,,13.6,300.0,9.7,34.9,49.0,13.3,47.9,,,,,147.0,,,,,,0.023
26f6eb66-fc4c-4eb2-aecd-11eeddba5a5a,7.964013 46.534843,2023-05-20 10:30:00+02:00,3,PERSON,SLAB,1,DRY,SE,1,46.57685816408181,7.922933059734509,0,660.6280517578125,329.26025390625,-1960.51025390625,1987.9669943120175,189.5336380223898,JUN,JUN,-4.0,-4.3,-3.5,,,98.0,4.5,-4.2,655.4,,1019.3,3053.1,,20.5,156.0,14.5,52.2,73.8,20.4,73.4,,,,,402.0,291.0,,,,0.0,0.072
2f93ceb4-a841-42da-a6c1-1933628dbb83,8.385941 46.778747,2023-04-01 07:00:00+02:00,4,EXPLOSIVE,SLAB,2,DRY,NE,0,46.737428652730415,8.343924558827087,0,709.1776733398438,-547.3388671875,-255.76171875,604.1472439000694,115.04584790467312,TIT,TIT,-10.8,-10.8,-10.6,,,97.0,2.6,-11.1,686.0,,1004.5,2941.7,,25.3,286.0,14.5,52.2,91.1,24.5,88.2,,,,,91.0,,,,,,0.013
ae543637-3b77-4592-997d-c9f3fc4c3078,8.424992 46.778957,2023-04-29 07:30:00+02:00,2,EXPLOSIVE,SLAB,2,DRY,N,44,46.74736328566968,8.393186764630403,0,730.1399536132812,587.87841796875,-2913.134765625,2971.8605615012398,191.409211661432,TIT,TIT,-2.8,-3.0,-2.6,,,99.3,4.9,-2.9,697.5,,1020.2,3069.6,,7.7,346.0,2.3,8.3,27.7,7.4,26.6,,,,,143.0,,,,,,0.049
b1c2736c-200d-4a78-a75a-d1aa12bb81e8,7.992735 46.584254,2023-06-08 08:00:00+02:00,3,EXPLOSIVE,UNKNOWN,0,UNKNOWN,,191,46.549042946895234,8.012582009058944,0,630.209716796875,-1125.0,803.43017578125,1382.4344640365018,54.467086049444895,JUN,JUN,-1.7,-2.0,-1.4,,,76.6,4.1,-5.3,659.5,,1025.0,3098.1,,4.3,120.0,3.1,11.2,15.5,4.3,15.5,,,,,644.0,221.0,,,,54.0,0.222
839994f8-5b6d-44ab-8e1c-fd57876e2bd9,8.4215 46.780442,2023-04-01 07:00:00.000 +0200,4,EXPLOSIVE,SLAB,2,DRY,E,117,46.780442,8.4215,1,760.1211547851562,676.9775390625,-425.830078125,799.7686189336653,237.82942760048624,TIT,TIT,-10.8,-10.8,-10.6,,,97.0,2.6,-11.1,686.0,,1004.5,2941.7,,25.3,286.0,14.5,52.2,91.1,24.5,88.2,,,,,91.0,,,,,,0.013
129ea644-660f-4e28-b1b5-6ad36254a3b7,8.425551 46.770235,2023-05-18 09:00:00+02:00,3,EXPLOSIVE,SLAB,2,DRY,SE,0,46.802798340886476,8.411801925811671,0,766.0416259765625,-513.83056640625,-70.751953125,518.6787925531271,97.84004741544655,ENG,ENG,5.4,5.0,5.7,8.6,8.0,90.4,8.1,3.9,901.0,,1020.2,,1510.4,3.6,231.0,2.1,7.6,13.0,3.5,12.6,0.0,,0.0,0.0,203.0,327.0,,,,0.0,0.096
40432ba0-e72a-11ed-8f49-75cb9dad9a7e,7.996764 46.557888,2023-04-29 12:00:00+02:00,7,NATURAL,SLAB,3,DRY,S,43,46.60245301652091,8.033101210023128,0,605.7103881835938,236.75537109375,-6.70166015625,236.85020158443848,268.37860346289335,JUN,JUN,-5.4,-5.5,-5.3,,,87.5,3.6,-7.1,657.1,,1021.7,3076.0,,7.0,314.0,4.4,15.8,25.2,6.5,23.4,,,,,974.0,244.0,,,,36.0,0.263
8339db4e-32c5-49bd-ae04-41feeaf45eaa,8.420784 46.781168,2023-04-14 07:00:00+02:00,3,EXPLOSIVE,SLAB,2,DRY,N,30,46.80729977799021,8.39372530779404,0,754.85009765625,1039.41650390625,-1220.25146484375,1602.9349038704001,220.4245286853872,ENG,ENG,0.4,0.0,0.9,0.0,-0.3,90.5,5.7,-1.0,891.8,,1010.0,,1420.7,4.5,261.0,1.2,4.3,16.2,4.4,15.8,0.0,,0.1,8.0,75.0,298.0,,,,0.0,0.035
35750744-ea24-4b2e-81ea-9ce6b475ccb9,8.42211 46.780566,2023-04-16 06:30:00+02:00,5,EXPLOSIVE,SLAB,2,DRY,N,11,46.736278176876816,8.40341155411947,0,737.1370849609375,55.37109375,-1799.12109375,1799.9729631300766,181.7628212335216,TIT,TIT,-9.8,-9.9,-9.7,,,93.4,2.7,-10.7,692.3,,1013.1,3011.9,,10.6,343.0,2.7,9.7,38.2,10.1,36.4,,,,,29.0,,,,,,0.013
9879b1f6-3d1c-4854-ae1b-1f0a970d5832,8.425218 46.770162,2023-05-16 09:30:00+02:00,2,EXPLOSIVE,SLAB,2,DRY,S,0,46.736351834458375,8.381529841380333,0,725.0140380859375,-397.265625,-964.3798828125,1042.9997771716405,157.61132989976255,TIT,TIT,-5.9,-6.0,-5.7,,,98.7,3.9,-6.0,691.9,,1012.6,3006.5,,16.7,14.0,9.2,33.1,60.1,15.8,56.9,,,,,330.0,,,,,,0.064
b4aeb776-bc6c-459f-adeb-919a10f47c8a,8.420466 46.780907,2023-04-01 07:00:00.000 +0200,4,EXPLOSIVE,SLAB,2,DRY,NW,118,46.780907,8.420466,1,759.4605712890625,1555.8837890625,-442.19970703125,1617.502688086176,254.13425279336218,TIT,TIT,-10.8,-10.8,-10.6,,,97.0,2.6,-11.1,686.0,,1004.5,2941.7,,25.3,286.0,14.5,52.2,91.1,24.5,88.2,,,,,91.0,,,,,,0.013
1b05e8ea-984f-445d-8163-f5d970cfecf8,8.387973 46.785269,2023-04-12 07:00:00+02:00,4,EXPLOSIVE,SLAB,1,WET,NW,0,46.80135654162422,8.404381773702767,0,759.5137329101562,212.9150390625,-1932.71484375,1944.407231294559,186.28656612090253,ENG,ENG,6.8,6.0,7.3,6.9,6.0,89.6,8.9,5.2,889.8,,1007.8,,1411.3,5.3,76.0,2.1,7.6,19.1,5.1,18.4,0.0,,0.0,0.0,105.0,324.0,,,,0.0,0.053
1851a448-559e-4572-8066-2824a030e41d,8.385872 46.778947,2023-04-14 07:30:00+02:00,2,EXPLOSIVE,LOOSE_SNOW,1,DRY,NE,1,46.82187588431412,8.424244145725456,0,779.8203125,570.849609375,-1626.85546875,1724.1020830349264,199.33553381921973,ENG,ENG,0.4,0.0,0.9,0.0,-0.3,90.5,5.7,-1.0,891.8,,1010.0,,1420.7,4.5,261.0,1.2,4.3,16.2,4.4,15.8,0.0,,0.1,8.0,75.0,298.0,,,,0.0,0.035
72a5d090-d8f5-11ed-9de9-4bc775516e2e,8.249382 46.761703,2023-04-13 16:00:00+02:00,3,NATURAL,FULL_DEPTH,2,WET,SW,24,46.79778959924334,8.228832565888213,0,684.8674926757812,797.3876953125,518.88427734375,951.3506345771395,303.05327006111116,GIH,GIH,4.8,4.6,5.1,,,97.6,8.4,4.5,954.5,1011.0,1009.8,,,3.8,149.0,0.9,3.2,13.7,3.7,13.3,0.0,,0.0,,156.0,,,,151.0,0.0,0.067
97f65a13-9c8a-44c6-b5dc-c7c4d60fed1e,7.972757 46.575628,2023-04-17 07:30:00+02:00,2,EXPLOSIVE,SLAB,1,DRY,N,85,46.58879583330206,7.987829577896911,0,631.1426391601562,-427.8076171875,550.634765625,697.2933403084711,37.844897154381776,JUN,JUN,-12.2,-12.6,-11.9,,,76.7,1.8,-15.5,651.9,,1014.3,3028.0,,12.4,40.0,5.8,20.9,44.6,12.0,43.2,,,,,277.0,161.0,,,,57.0,0.052
5dfb93d0-d046-11ed-b49c-43d9bede54f5,8.263448 46.782775,2023-04-01 05:45:00+02:00,0,EXPLOSIVE,SLAB,2,DRY,NW,36,46.744507093604426,8.276744740924752,0,693.3489990234375,1759.130859375,3989.68505859375,4360.289926962614,336.2063711367545,MER,MER,5.3,5.1,5.6,4.1,3.9,86.6,7.7,3.3,940.6,1010.5,1009.2,,,2.3,90.0,0.9,3.2,8.3,2.2,7.9,0.0,,0.0,,13.0,,,,10.0,0.0,0.016
099a6e90-d12e-11ed-ba10-b99b29af1712,8.260874 46.762857,2023-04-02 07:18:00+02:00,0,EXPLOSIVE,SLAB,3,DRY,NE,0,46.72052218790649,8.277659071528667,0,685.856689453125,592.05322265625,-832.43408203125,1021.5055160814654,215.42163078771284,MER,MER,4.2,3.1,5.7,5.1,0.0,91.4,7.5,2.9,945.1,1015.5,1014.0,,,1.2,346.0,0.6,2.2,4.3,1.2,4.3,0.0,,0.0,,215.0,,,,67.0,43.0,0.068
1851a448-559e-4572-8066-2824a030e41d,8.385872 46.778947,2023-04-14 07:30:00+02:00,2,EXPLOSIVE,LOOSE_SNOW,1,DRY,NE,123,46.762803107497035,8.391538080807887,0,734.8810424804688,-58.55712890625,-2086.5234375,2087.344962525974,178.39244751903053,TIT,TIT,-13.4,-13.7,-13.1,,,99.4,2.2,-13.5,684.7,,1002.8,2929.1,,9.3,318.0,3.0,10.8,33.5,8.9,32.0,,,,,121.0,,,,,,0.023
d68cc42c-2801-4238-bb58-3d963f2ab1ea,8.380899 46.782267,2023-04-02 07:00:00+02:00,4,EXPLOSIVE,SLAB,3,DRY,N,54,46.75399536242763,8.383094030811034,0,729.0098266601562,279.4921875,-1374.06005859375,1402.1971785366688,191.49745775036826,TIT,TIT,-11.8,-11.9,-11.7,,,95.3,2.4,-12.4,688.8,,1008.4,2974.4,,8.9,313.0,5.2,18.7,32.0,8.8,31.7,,,,,127.0,,,,,,0.022
1851a448-559e-4572-8066-2824a030e41d,8.385872 46.778947,2023-04-15 07:30:00+02:00,2,EXPLOSIVE,LOOSE_SNOW,1,DRY,NE,171,46.77194155787237,8.42024688137473,0,757.4034423828125,539.4287109375,285.31494140625,610.23597892401,297.87528431357043,TIT,TIT,-9.0,-9.1,-8.8,,,97.9,3.0,-9.3,685.0,,1003.1,2929.2,,13.6,300.0,9.7,34.9,49.0,13.3,47.9,,,,,147.0,,,,,,0.023
f7fca170-d124-11ed-9f3d-c1122c0370be,8.243319 46.765333,2023-04-02 12:00:00+02:00,10,NATURAL,SLAB,3,WET,SW,35,46.80891789385798,8.264403740901413,0,691.3728637695312,-551.953125,-911.6455078125,1065.715620656832,148.80731278546438,GIH,GIH,11.2,10.7,11.8,,,70.4,9.4,6.0,960.3,1015.8,1015.9,,,4.1,54.0,1.7,6.1,14.8,3.9,14.0,0.0,,0.0,,436.0,,,,377.0,1.0,0.231
bdf4c097-2315-413e-a320-168acfd62b21,8.380633 46.782526,2023-04-14 08:00:00+02:00,4,EXPLOSIVE,SLAB,3,DRY,N,118,46.761480978317266,8.39636353832396,0,751.527587890625,778.7109375,-1526.220703125,1713.4002331123625,207.0316616853503,TIT,TIT,-13.4,-13.6,-13.2,,,100.0,2.2,-13.4,684.7,,1002.8,2929.3,,8.5,327.0,2.1,7.6,30.6,8.3,29.9,,,,,263.0,,,,,,0.052
673e5d3c-9736-4824-ac24-c511ffd507c4,8.418437 46.784875,2023-04-19 08:00:00+02:00,4,EXPLOSIVE,SLAB,1,DRY,NW,0,46.808531623007525,8.426545694767048,0,778.7382202148438,,,,,ENG,ENG,7.0,5.8,8.3,15.6,12.7,76.2,7.6,3.1,900.1,,1019.2,,1505.6,4.8,204.0,1.9,6.8,17.3,4.1,14.8,0.0,,0.0,0.0,545.0,295.0,,,,55.0,0.227
1bae5ef4-62c9-4601-861f-8e5b286b94b1,8.422604 46.780389,2023-04-13 07:30:00+02:00,2,EXPLOSIVE,SLAB,2,DRY,N,45,46.795009858305086,8.387766880349844,0,748.4158325195312,208.41064453125,-57.89794921875,216.30341947752004,254.4743312484403,ENG,ENG,1.0,0.8,1.2,1.0,0.8,91.4,6.0,-0.3,890.0,,1008.0,,1405.3,3.7,153.0,1.1,4.0,13.3,3.4,12.2,0.0,,0.2,0.0,55.0,301.0,,,,0.0,0.03
a94851d0-e58a-11ed-94a2-bf37c1703856,7.5461 46.68465,2023-04-28 12:00:00+02:00,7,NATURAL,SLAB,2,UNKNOWN,SW,0,46.72555024600382,7.518923299034052,0,538.3389282226562,969.76318359375,-188.525390625,987.9182431579012,258.9987177330614,THU,THU,17.0,16.7,17.4,,,71.8,13.9,11.9,950.1,1015.4,1017.0,,,2.4,257.0,1.0,3.6,8.6,2.3,8.3,,,0.0,,216.0,,,,,0.0,0.154
72a5d090-d8f5-11ed-9de9-4bc775516e2e,8.249382 46.761703,2023-04-11 16:00:00+02:00,3,NATURAL,FULL_DEPTH,2,WET,SW,0,46.717568880260394,8.232696663652671,0,666.3526611328125,153.5888671875,-542.9443359375,564.2500261856904,195.79522276547286,MER,MER,9.1,8.9,9.3,9.2,8.9,82.9,9.6,6.4,949.1,1018.5,1018.2,,,2.7,162.0,1.0,3.6,9.7,2.6,9.4,0.0,,0.0,,110.0,,,,102.0,0.0,0.066
4b5d9a70-d15e-11ed-94cc-21edfa2a74e3,8.233716 46.754659,2023-04-03 15:30:00+02:00,1,NATURAL,FULL_DEPTH,2,WET,S,82,46.76230658571605,8.239754972006638,0,669.0263671875,-782.666015625,-362.7685546875,862.6512135761303,114.86789498747771,MER,MER,4.5,4.3,4.7,5.7,5.4,67.9,5.7,-0.9,950.7,1021.5,1019.9,,,12.7,327.0,6.2,22.3,45.7,12.3,44.3,0.0,,0.0,,198.0,,,,191.0,0.0,0.113
9879b1f6-3d1c-4854-ae1b-1f0a970d5832,8.425218 46.770162,2023-05-15 09:30:00+02:00,2,EXPLOSIVE,SLAB,2,DRY,S,57,46.74477186500759,8.407509407138667,0,746.3947143554688,306.73828125,396.6064453125,501.3831325918545,322.28137527755825,TIT,TIT,-6.3,-6.6,-5.8,,,98.0,3.7,-6.6,693.2,,1014.3,3021.2,,7.5,355.0,2.6,9.4,27.0,7.1,25.6,,,,,461.0,,,,,,0.13
ce082ed0-ea41-11ed-9704-3747ffc8acfd,7.997493 46.55824,2023-05-05 12:00:00+02:00,7,PERSON,SLAB,3,DRY,S,29,46.60305060948598,7.967809294056466,0,636.2884521484375,-2926.20849609375,574.91455078125,2982.150717739003,78.88462934945954,JUN,JUN,-1.9,-2.3,-1.4,,,79.7,4.2,-5.0,661.1,,1027.3,3117.7,,8.7,152.0,4.1,14.8,31.3,8.4,30.2,,,,,882.0,246.0,,,,41.0,0.291
9fe44fc7-c389-4ba2-9149-62bca569dc15,8.426432 46.777678,2023-05-17 07:00:00+02:00,4,EXPLOSIVE,SLAB,2,DRY,NE,0,46.8139810293134,8.389528191113719,0,755.68896484375,1019.970703125,-1068.310546875,1477.0333983352132,223.6739456232951,ENG,ENG,3.8,3.7,3.9,4.7,4.4,94.6,7.6,3.0,900.4,,1019.5,,1502.3,4.3,254.0,1.6,5.8,15.5,3.9,14.0,0.0,,0.1,0.0,39.0,327.0,,,,0.0,0.029
20077a30-ec16-11ed-aa20-6507e99101f4,8.022203 46.505884,2023-05-08 14:00:00+02:00,0,PERSON,SLAB,2,WET,E,163,46.52031089787069,8.013550040597762,0,635.3822631835938,-165.234375,-57.01904296875,174.7957949800646,109.03851948189873,JUN,JUN,-2.5,-2.9,-1.8,,,95.9,4.9,-3.1,660.9,,1027.0,3116.6,,3.8,307.0,2.1,7.6,13.7,3.8,13.7,,,,,790.0,294.0,,,,2.0,0.277
9879b1f6-3d1c-4854-ae1b-1f0a970d5832,8.425218 46.770162,2023-05-17 09:30:00+02:00,2,EXPLOSIVE,SLAB,2,DRY,S,106,46.77323539567221,8.38638317790913,0,735.9231567382812,2122.7783203125,-1624.21875,2672.877540225201,232.57901722728565,TIT,TIT,-6.9,-7.7,-6.2,,,85.1,3.1,-9.0,694.8,,1016.5,3039.5,,19.9,63.0,11.4,41.0,71.6,19.7,70.9,,,,,741.0,,,,,,0.128
11290122-2f71-4b65-840e-5b583a64fdd5,8.389124 46.787453,2023-04-13 07:00:00+02:00,4,EXPLOSIVE,SLAB,2,WET,N,123,46.78277133994483,8.399351480868086,0,747.5115356445312,-936.6943359375,269.05517578125,974.5701445212004,73.97386838392048,TIT,TIT,-13.5,-13.7,-13.0,,,100.0,2.2,-13.5,683.5,,1001.1,2915.8,,10.2,306.0,5.7,20.5,36.7,9.9,35.6,,,,,127.0,,,,,,0.019
33f93161-2ec3-46b0-ab16-f598e280759a,8.383072 46.779972,2023-04-14 08:00:00+02:00,4,EXPLOSIVE,SLAB,2,DRY,NE,66,46.755433523213576,8.400201598567808,0,749.1337280273438,-2470.49560546875,-884.1796875,2623.9516490263313,109.6920687891335,TIT,TIT,-13.4,-13.6,-13.2,,,100.0,2.2,-13.4,684.7,,1002.8,2929.3,,8.5,327.0,2.1,7.6,30.6,8.3,29.9,,,,,263.0,,,,,,0.052
fe8541fa-4448-482f-8c28-995faac1b624,8.419783 46.781356,2023-04-16 07:30:00+02:00,2,EXPLOSIVE,SLAB,1,DRY,N,226,46.76885989650374,8.403445915962756,0,747.1943359375,-166.9921875,-452.63671875,482.45869237355623,159.74936649071753,TIT,TIT,-9.6,-9.8,-9.5,,,97.1,2.9,-10.0,692.5,,1013.4,3014.3,,8.1,12.0,2.5,9.0,29.2,7.6,27.4,,,,,150.0,,,,,,0.035
ce082ed0-ea41-11ed-9704-3747ffc8acfd,7.997493 46.55824,2023-05-06 12:00:00+02:00,7,PERSON,SLAB,3,DRY,S,188,46.55563620253315,8.020725596026036,0,623.6243896484375,-407.04345703125,-391.22314453125,564.5705666512118,133.86464184977214,JUN,JUN,-2.9,-3.2,-2.5,,,70.1,3.5,-7.6,659.9,,1025.6,3105.1,,12.0,312.0,4.9,17.6,43.2,11.6,41.8,,,,,1034.0,211.0,,,,60.0,0.32
129ea644-660f-4e28-b1b5-6ad36254a3b7,8.425551 46.770235,2023-05-19 09:00:00+02:00,3,EXPLOSIVE,SLAB,2,DRY,SE,30,46.7559882516655,8.415146265906944,0,753.4913940429688,1193.3349609375,-1664.8681640625,2048.373582309766,215.63198704285904,TIT,TIT,-2.6,-2.9,-2.2,,,86.6,4.4,-4.5,697.8,,1020.6,3072.4,,12.1,134.0,8.6,31.0,43.6,11.7,42.1,,,,,638.0,,,,,,0.157
8b5b35b0-dd0c-11ed-8f1e-7bb69ddca4ec,8.229566 46.753026,2023-04-17 12:30:00+02:00,0,NATURAL,FULL_DEPTH,2,WET,SE,0,46.72389558853373,8.258897930650159,0,678.499755859375,1157.62939453125,-2338.43994140625,2609.2924662917444,206.33740988939536,MER,MER,11.6,11.2,11.9,19.5,18.3,60.7,8.3,4.2,949.4,1018.2,1018.5,,,8.4,327.0,3.8,13.7,30.2,8.1,29.2,0.0,,0.0,,848.0,,,,368.0,39.0,0.412
a608e0ea-99f5-4d75-9162-5dd2600c0d00,8.423735 46.779426,2023-04-01 07:00:00.000 +0200,4,EXPLOSIVE,SLAB,2,DRY,N,182,46.779426,8.423735,1,763.22314453125,604.35791015625,-1931.72607421875,2024.0588206336824,197.3727625092364,TIT,TIT,-10.8,-10.8,-10.6,,,97.0,2.6,-11.1,686.0,,1004.5,2941.7,,25.3,286.0,14.5,52.2,91.1,24.5,88.2,,,,,91.0,,,,,,0.013
3c08ef45-da0c-4efd-bbb0-523da6d751f9,8.422511 46.78003,2023-04-27 07:30:00+02:00,2,EXPLOSIVE,SLAB,2,DRY,N,75,46.79135461785829,8.378747846890773,0,742.2843017578125,68.44482421875,561.73095703125,565.8854672542666,353.0529674154668,ENG,ENG,6.5,5.3,7.8,8.7,5.0,83.9,8.1,3.9,899.6,,1018.7,,1500.4,2.1,106.0,0.9,3.2,7.6,2.0,7.2,0.0,,0.0,0.0,260.0,286.0,,,,24.0,0.109
c2674210-608f-480e-8889-772ed922cf40,8.384094 46.779592,2023-04-02 07:00:00+02:00,4,EXPLOSIVE,SLAB,2,DRY,NE,0,46.81888840625943,8.384753881359439,0,754.9771118164062,69.76318359375,-795.849609375,798.9014348012371,185.00967118591836,ENG,ENG,1.5,0.9,2.3,0.8,-0.5,92.6,6.3,0.5,894.4,,1012.9,,1445.3,3.5,90.0,0.9,3.2,12.6,3.3,11.9,0.0,,0.0,0.0,95.0,251.0,,,,6.0,0.037
233c98fe-a27b-4c5e-992f-1bc9cdd0362a,8.422835 46.779803,2023-04-25 07:00:00+02:00,3,EXPLOSIVE,SLAB,2,DRY,N,100,46.77735219410788,8.3973130061527,0,745.2401733398438,186.43798828125,-485.26611328125,519.8483665199406,201.01664648125998,TIT,TIT,-10.2,-10.4,-10.0,,,98.9,2.8,-10.3,687.7,,1006.9,2961.3,,16.3,291.0,10.1,36.4,58.7,15.8,56.9,,,,,90.0,,,,,,0.015
26f6eb66-fc4c-4eb2-aecd-11eeddba5a5a,7.964013 46.534843,2023-05-19 10:30:00+02:00,3,PERSON,SLAB,1,DRY,SE,143,46.51445095540188,7.941496548555106,0,667.487548828125,-32.18994140625,103.16162109375,108.0671661256473,17.329701121645655,JUN,JUN,-4.3,-5.3,-3.7,,,96.0,4.3,-4.8,656.8,,1021.2,3070.6,,10.0,146.0,8.3,29.9,36.0,9.9,35.6,,,,,520.0,288.0,,,,0.0,0.119
8d0101b0-de65-11ed-ad4d-6fea2397c693,7.846102 46.562407,2023-04-19 12:00:00+02:00,7,NATURAL,FULL_DEPTH,2,WET,S,138,46.59780047136005,7.826631399938683,0,662.207275390625,75.3662109375,-896.044921875,899.2088565895303,184.80782357733,INT,INT,12.3,11.9,12.5,23.2,22.6,67.6,9.7,6.5,949.6,1017.0,1017.5,,,9.1,288.0,5.0,18.0,32.8,8.6,31.0,0.0,,0.0,,869.0,,,,120.0,60.0,0.411
1b05e8ea-984f-445d-8163-f5d970cfecf8,8.387973 46.785269,2023-04-14 07:00:00+02:00,4,EXPLOSIVE,SLAB,1,WET,NW,202,46.77723557649475,8.417471097465466,0,756.124267578125,-1743.75,-472.6318359375,1806.666796850391,105.1652780361097,TIT,TIT,-13.4,-13.7,-13.1,,,99.4,2.2,-13.5,684.7,,1002.8,2929.1,,9.3,318.0,3.0,10.8,33.5,8.9,32.0,,,,,121.0,,,,,,0.023
97f65a13-9c8a-44c6-b5dc-c7c4d60fed1e,7.972757 46.575628,2023-04-19 07:30:00+02:00,2,EXPLOSIVE,SLAB,1,DRY,N,218,46.547680591289705,7.983385581759631,0,648.8729858398438,115.46630859375,550.30517578125,562.2884090143594,348.1499715618383,JUN,JUN,-10.2,-10.3,-10.2,,,87.8,2.5,-11.9,654.8,,1018.3,3057.6,,7.5,308.0,6.6,23.8,27.0,7.4,26.6,,,,,285.0,164.0,,,,58.0,0.052
1bb8250c-f575-4cb3-84c9-194ae951bc8a,7.944832 46.554569,2023-05-05 12:00:00+02:00,7,NATURAL,UNKNOWN,4,WET,,90,46.57097859380432,7.979911207774033,0,642.7994995117188,-375.84228515625,962.29248046875,1033.0848180465007,21.334110233742678,JUN,JUN,-1.9,-2.3,-1.4,,,79.7,4.2,-5.0,661.1,,1027.3,3117.7,,8.7,152.0,4.1,14.8,31.3,8.4,30.2,,,,,882.0,246.0,,,,41.0,0.291
9b1e09ce-808a-44b8-8176-c69307d3a01b,8.390545 46.780329,2023-04-18 08:30:00+02:00,4,EXPLOSIVE,LOOSE_SNOW,1,DRY,NW,39,46.78451342609392,8.408038387770924,0,752.4469604492188,583.154296875,138.6474609375,599.409753330884,283.3740117924854,TIT,TIT,-6.1,-7.1,-5.1,,,76.1,3.0,-9.7,694.1,,1015.6,3031.7,,4.1,233.0,1.3,4.7,14.8,3.9,14.0,,,,,514.0,,,,,,0.154
673e5d3c-9736-4824-ac24-c511ffd507c4,8.418437 46.784875,2023-04-16 08:00:00.000 +0200,4,EXPLOSIVE,SLAB,1,DRY,NW,169,46.784875,8.418437,1,761.7616577148438,-112.939453125,-2126.18408203125,2129.181549505641,176.9593986356536,TIT,TIT,-9.5,-9.6,-9.3,,,94.1,2.8,-10.3,692.7,,1013.7,3017.0,,7.6,16.0,3.6,13.0,27.4,7.1,25.6,,,,,249.0,,,,,,0.057
529f5410-e6a1-11ed-9300-179866ebe517,7.727729 46.504859,2023-05-02 17:00:00+02:00,3,UNKNOWN,UNKNOWN,1,WET,,54,46.51915452806217,7.7019416811802595,0,642.346435546875,653.57666015625,-1292.54150390625,1448.387375677249,206.82355000577223,FRU,FRU,13.4,13.3,13.7,,,60.6,9.3,5.9,,,,,,7.8,70.0,3.5,12.6,28.1,7.5,27.0,,,0.0,,158.0,332.0,,,149.0,0.0,
68246170-d6db-11ed-8552-37fbec7ec321,8.370977 46.777677,2023-04-10 15:00:00+02:00,3,NATURAL,FULL_DEPTH,2,WET,S,7,46.73889359060982,8.34070709886391,0,708.5979614257812,947.6806640625,-844.8486328125,1269.5935780410562,228.2832884992653,TIT,TIT,-4.8,-5.1,-4.5,,,52.1,2.3,-13.1,698.7,,1021.8,3083.6,,7.4,243.0,3.8,13.7,26.6,7.3,26.3,,,,,462.0,,,,,,0.153
74d69404-e345-4837-afea-4a4f976882c4,8.416507 46.785698,2023-04-17 08:00:00+02:00,4,EXPLOSIVE,SLAB,2,DRY,NW,146,46.777747164720225,8.390442458035398,0,742.2666015625,900.54931640625,-555.2490234375,1057.9652873833156,238.34338475891124,TIT,TIT,-9.6,-9.7,-9.4,,,91.6,2.7,-10.7,694.0,,1015.4,3030.7,,16.1,31.0,6.3,22.7,58.0,15.2,54.7,,,,,296.0,,,,,,0.057
3efdca94-9b97-483a-8a85-137add93bbd1,8.426389 46.777499,2023-05-04 07:30:00+02:00,4,EXPLOSIVE,SLAB,3,DRY,NE,137,46.782000056709364,8.389705502516582,0,742.8536987304688,168.42041015625,-968.44482421875,982.9805756541098,189.86553263916622,TIT,TIT,0.3,0.1,0.6,,,29.4,1.8,-15.5,701.8,,1026.0,3118.3,,6.5,307.0,4.7,16.9,23.4,6.5,23.4,,,,,407.0,,,,,,0.18
1851a448-559e-4572-8066-2824a030e41d,8.385872 46.778947,2023-04-13 07:30:00+02:00,2,EXPLOSIVE,LOOSE_SNOW,1,DRY,NE,52,46.79249976308773,8.394985318131189,0,751.4481201171875,4902.099609375,-1063.80615234375,5016.20016646056,257.75607224768265,ENG,ENG,1.0,0.8,1.2,1.0,0.8,91.4,6.0,-0.3,890.0,,1008.0,,1405.3,3.7,153.0,1.1,4.0,13.3,3.4,12.2,0.0,,0.2,0.0,55.0,301.0,,,,0.0,0.03
27d50482-68af-45c1-b95c-82786dd48176,7.97274 46.575625,2023-04-01 08:00:00+02:00,3,EXPLOSIVE,LOOSE_SNOW,1,DRY,N,289,46.54768892645576,8.002496954570036,0,636.62060546875,612.3779296875,1360.546875,1492.0102304745146,335.76763787099134,JUN,JUN,-14.0,-14.1,-13.9,,,95.7,2.0,-14.5,644.5,,1003.6,2942.5,,25.3,304.0,13.2,47.5,91.1,22.7,81.7,,,,,149.0,254.0,,,,0.0,0.018
72a5d090-d8f5-11ed-9de9-4bc775516e2e,8.249382 46.761703,2023-04-14 16:00:00+02:00,3,NATURAL,FULL_DEPTH,2,WET,SW,75,46.77708781091957,8.234114615234796,0,671.573486328125,-6.591796875,-311.3525390625,311.42231032266596,178.7871442226891,MER,MER,11.5,11.3,11.7,18.3,16.8,38.4,5.2,-2.2,938.0,1006.0,1006.5,,,3.0,197.0,1.8,6.5,10.8,2.9,10.4,0.0,,0.0,,484.0,,,,93.0,60.0,0.248
e5f438a3-68c9-465f-a6d1-9ab6a2ebaf71,8.384832 46.783436,2023-04-01 08:00:00.000 +0200,3,EXPLOSIVE,SLAB,1,DRY,N,68,46.783436,8.384832,1,742.1997680664062,-14.2822265625,283.0078125,283.3679656058845,2.8890286260990763,TIT,TIT,-10.5,-10.6,-10.3,,,95.9,2.7,-11.1,686.2,,1004.9,2944.5,,24.1,280.0,14.1,50.8,86.8,23.6,85.0,,,,,202.0,,,,,,0.026
c2674210-608f-480e-8889-772ed922cf40,8.384094 46.779592,2023-04-04 07:00:00+02:00,4,EXPLOSIVE,SLAB,2,DRY,NE,49,46.80109989381187,8.42264402211508,0,773.8441772460938,163.80615234375,-1152.4658203125,1164.0489347678763,188.08957064999234,ENG,ENG,-3.7,-3.9,-3.3,-3.3,-3.4,89.3,4.2,-5.2,898.6,,1017.6,,1474.4,5.4,231.0,3.3,11.9,19.4,5.2,18.7,0.0,,0.0,0.0,44.0,289.0,,,,0.0,0.023
18414158-6d92-4cd1-ab90-28699222ae16,8.421236 46.785109,2023-05-02 16:30:00.000 +0200,2,EXPLOSIVE,SLAB,2,DRY,NW,113,46.785109,8.421236,1,763.1668701171875,-1156.4208984375,-2850.40283203125,3076.0535754753632,157.91739022172194,TIT,TIT,-5.7,-6.1,-5.3,,,98.4,4.0,-5.9,699.3,,1022.6,3090.0,,8.4,18.0,4.8,17.3,30.2,8.2,29.5,,,,,264.0,,,,,,0.063
0d6a183c-f453-4a31-98c7-90213921e278,8.417328 46.785788,2023-04-03 06:30:00+02:00,2,EXPLOSIVE,SLAB,1,DRY,NW,95,46.78021029493447,8.388280743231103,0,741.2901000976562,895.49560546875,-667.63916015625,1116.9845243278826,233.2935304155024,TIT,TIT,-10.6,-10.9,-10.3,,,95.7,2.6,-11.1,692.8,,1013.7,3017.8,,10.9,24.0,6.1,22.0,39.2,10.6,38.2,,,,,11.0,,,,,,0.008
fdfaf590-ea4c-11ed-8348-fb5788bd30bc,8.001152 46.577404,2023-05-04 12:00:00+02:00,7,NATURAL,SLAB,2,DRY,NW,167,46.56248971264382,8.028113498174449,0,618.1658325195312,-1159.60693359375,257.62939453125,1187.8809474712684,77.4740661324227,JUN,JUN,-2.7,-3.0,-2.2,,,47.9,2.4,-12.2,661.7,,1028.2,3127.2,,5.8,318.0,3.1,11.2,20.9,5.4,19.4,,,,,1043.0,195.0,,,,60.0,0.37
97c5682e-950b-4c24-8c69-651f6ff3d0c8,8.035288 46.786336,2023-04-18 10:30:00+02:00,4,EXPLOSIVE,SLAB,2,DRY,S,0,46.74509063661861,8.047223529303222,0,627.6259765625,-268.06640625,459.99755859375,532.4071299973363,30.231756848884984,BRZ,BRZ,,,,,,,,,950.6,,1017.2,,,6.1,107.0,2.6,9.4,22.0,6.0,21.6,,,0.0,,,,,,,,
26ffd848-b17b-4d9b-a93a-0d9106053d47,8.073009 46.53608,2023-05-24 12:00:00+02:00,7,PERSON,SLAB,3,DRY,,104,46.51294145957266,8.036304425687005,0,631.1090087890625,-577.55126953125,273.5595703125,639.0620528921414,64.655229595071,JUN,JUN,-1.9,-2.6,-1.3,,,95.1,5.0,-2.6,658.6,,1023.8,3087.4,,7.1,315.0,2.7,9.7,25.6,7.0,25.2,,,,,639.0,301.0,,,,0.0,0.228
1b05e8ea-984f-445d-8163-f5d970cfecf8,8.387973 46.785269,2023-04-15 07:00:00+02:00,4,EXPLOSIVE,SLAB,1,WET,NW,101,46.828193684194204,8.3535276353402,0,737.8154296875,-194.0185546875,-1543.798828125,1555.9428078445396,172.8368473546597,ENG,ENG,0.5,0.3,0.7,0.3,0.2,96.3,6.1,-0.1,889.2,,1007.1,,1397.6,1.8,90.0,0.9,3.2,6.5,1.6,5.8,0.0,,1.3,0.0,49.0,316.0,,,,0.0,0.027
40432ba0-e72a-11ed-8f49-75cb9dad9a7e,7.996764 46.557888,2023-04-29 12:00:00+02:00,7,NATURAL,SLAB,3,DRY,S,74,46.58723348704996,8.031388932251527,0,606.6351928710938,1550.390625,412.31689453125,1604.280621214314,284.8927468548159,JUN,JUN,-5.4,-5.5,-5.3,,,87.5,3.6,-7.1,657.1,,1021.7,3076.0,,7.0,314.0,4.4,15.8,25.2,6.5,23.4,,,,,974.0,244.0,,,,36.0,0.263
a94851d0-e58a-11ed-94a2-bf37c1703856,7.5461 46.68465,2023-04-28 12:00:00+02:00,7,NATURAL,SLAB,2,UNKNOWN,SW,0,46.67560733014194,7.539233806165274,0,555.5177612304688,606.6650390625,720.263671875,941.7123906180498,319.8931722451383,THU,THU,17.0,16.7,17.4,,,71.8,13.9,11.9,950.1,1015.4,1017.0,,,2.4,257.0,1.0,3.6,8.6,2.3,8.3,,,0.0,,216.0,,,,,0.0,0.154
48001904-f349-4f12-8b6b-34916e483022,8.424677 46.77918,2023-04-16 07:30:00+02:00,2,EXPLOSIVE,SLAB,2,DRY,N,127,46.74042809947116,8.419269024170806,0,755.4432373046875,383.4228515625,-543.49365234375,665.1303881482697,215.20212962544394,TIT,TIT,-9.6,-9.8,-9.5,,,97.1,2.9,-10.0,692.5,,1013.4,3014.3,,8.1,12.0,2.5,9.0,29.2,7.6,27.4,,,,,150.0,,,,,,0.035
a7ed94b7-52d1-4b17-9928-83b4745ca8bf,8.307745 46.608205,2023-05-04 12:00:00+02:00,7,NATURAL,UNKNOWN,3,WET,,25,46.61001207399354,8.31021520042911,0,688.7657470703125,814.5263671875,-1026.67236328125,1310.5378073024726,218.42726882510829,GRH,GRH,10.1,9.2,11.0,,,35.6,4.4,-4.6,807.6,,1024.0,,1533.2,5.4,174.0,2.3,8.3,19.4,5.2,18.7,,,0.0,147.0,1007.0,257.0,,,,60.0,0.533
b1c2736c-200d-4a78-a75a-d1aa12bb81e8,7.992735 46.584254,2023-06-05 08:00:00.000 +0200,3,EXPLOSIVE,UNKNOWN,0,UNKNOWN,,4,46.584254,7.992735,1,629.8162231445312,-922.6318359375,1105.8837890625,1440.2181986062508,39.83802821390573,JUN,JUN,-2.8,-3.1,-2.3,,,58.3,2.9,-9.9,659.1,,1024.6,3096.0,,2.9,323.0,0.5,1.8,10.4,2.8,10.1,,,,,685.0,192.0,,,,60.0,0.264
37f6f440-e68a-11ed-9633-279e930b62b5,7.970158 46.5442,2023-05-01 12:00:00+02:00,7,NATURAL,SLAB,2,DRY,SE,238,46.503568895551126,8.000368595207988,0,657.06201171875,-802.77099609375,1555.0048828125,1749.9947022034291,27.305036945562172,JUN,JUN,-6.3,-6.6,-6.0,,,94.6,3.6,-7.0,653.7,,1016.8,3036.8,,2.9,175.0,1.2,4.3,10.4,2.8,10.1,,,,,737.0,282.0,,,,0.0,0.244
514e8b36-8761-43bc-a150-8a7eaeb0c925,8.038115 46.78053,2023-05-09 11:00:00+02:00,4,EXPLOSIVE,FULL_DEPTH,1,WET,NW,0,46.75920916291346,7.998081678369151,0,620.2366943359375,-1240.90576171875,-720.0439453125,1434.681286086907,120.1247396584322,BRZ,BRZ,,,,,,,,,948.7,,1015.2,,,4.2,258.0,2.5,9.0,15.1,4.1,14.8,,,0.0,,,,,,,,
792e43cf-e040-4ad1-98dd-47672e4855cd,8.426192 46.777884,2023-04-16 07:00:00+02:00,0,EXPLOSIVE,SLAB,2,DRY,NE,119,46.75580832766368,8.413667861731735,0,752.1343383789062,1459.09423828125,-25.15869140625,1459.3111237631324,269.01216524114955,TIT,TIT,-9.6,-9.8,-9.5,,,97.1,2.9,-10.0,692.5,,1013.4,3014.3,,8.1,12.0,2.5,9.0,29.2,7.6,27.4,,,,,150.0,,,,,,0.035
2ed09558-7716-4dda-935c-3c151ebe5b3b,8.238855 46.748629,2023-04-18 08:30:00+02:00,4,EXPLOSIVE,SLAB,1,DRY,NW,81,46.758302851686224,8.230833248651782,0,665.9164428710938,1520.83740234375,-1867.8955078125,2408.729962547442,219.15242341719667,MER,MER,8.8,8.1,9.2,15.2,13.1,64.5,7.3,2.5,948.3,1017.8,1017.4,,,2.6,107.0,1.1,4.0,9.4,2.5,9.0,0.0,,0.0,,457.0,,,,103.0,60.0,0.207
97f65a13-9c8a-44c6-b5dc-c7c4d60fed1e,7.972757 46.575628,2023-04-16 07:30:00+02:00,2,EXPLOSIVE,SLAB,1,DRY,N,53,46.57069756052173,7.960767672657701,0,654.6492919921875,-781.1279296875,1130.4931640625,1374.1090337123624,34.643003260884335,JUN,JUN,-12.2,-12.6,-11.9,,,92.2,2.2,-13.2,650.5,,1012.2,3010.1,,18.5,302.0,11.9,42.8,66.6,18.2,65.5,,,,,198.0,261.0,,,,0.0,0.027
63723fcc-14a3-472f-a9d8-8ce81f021fe4,8.42184 46.780304,2023-05-01 07:30:00+02:00,2,EXPLOSIVE,LOOSE_SNOW,1,WET,N,0,46.82199683658977,8.417175267516518,0,772.9030151367188,-417.919921875,-1702.6611328125,1753.200500310889,166.2093232973607,ENG,ENG,7.2,7.2,7.3,7.7,7.5,95.9,9.8,6.6,897.3,,1016.1,,1480.9,3.6,240.0,1.7,6.1,13.0,3.3,11.9,0.0,,0.9,0.0,61.0,343.0,,,,0.0,0.039
a4ad0c82-16f6-4de1-af92-ac146cabf042,8.423474 46.779387,2023-05-04 07:30:00+02:00,4,EXPLOSIVE,SLAB,2,DRY,N,55,46.75103479841349,8.403516016528668,0,746.718017578125,4.1748046875,-292.67578125,292.70555499422386,180.8172267163771,TIT,TIT,0.3,0.1,0.6,,,29.4,1.8,-15.5,701.8,,1026.0,3118.3,,6.5,307.0,4.7,16.9,23.4,6.5,23.4,,,,,407.0,,,,,,0.18
f4bbdd10-e717-11ed-acf0-f7b342f82229,7.841373 46.562945,2023-05-02 12:00:00+02:00,7,NATURAL,UNKNOWN,3,UNKNOWN,NW,157,46.59200146111968,7.8357896628193435,0,659.8967895507812,-168.20068359375,500.64697265625,528.1466284956032,18.570631246731168,INT,INT,13.9,13.3,14.4,26.4,23.8,63.0,10.0,7.0,953.7,1021.0,1021.9,,,4.6,32.0,2.1,7.6,16.6,4.4,15.8,0.0,,0.0,,720.0,,,,391.0,28.0,0.395
9b1e09ce-808a-44b8-8176-c69307d3a01b,8.390545 46.780329,2023-04-18 08:30:00+02:00,4,EXPLOSIVE,LOOSE_SNOW,1,DRY,NW,48,46.801292777792376,8.370416234100787,0,740.5667114257812,1238.1591796875,1277.05078125,1778.734621053871,315.8858692106619,ENG,ENG,5.1,4.3,5.9,12.1,9.3,69.1,6.1,-0.2,898.4,,1017.3,,1486.8,3.7,99.0,2.0,7.2,13.3,3.4,12.2,0.0,,0.0,0.0,460.0,253.0,,,,60.0,0.186
146fb98c-e881-4676-9e59-446d1d57d1c2,8.034003 46.784284,2023-04-18 10:30:00+02:00,4,EXPLOSIVE,SLAB,2,DRY,S,0,46.75477363006454,8.017250137012727,0,627.4434204101562,-299.15771484375,-202.03857421875,360.99158414411795,124.03344151458765,BRZ,BRZ,,,,,,,,,950.6,,1017.2,,,6.1,107.0,2.6,9.4,22.0,6.0,21.6,,,0.0,,,,,,,,
e5f438a3-68c9-465f-a6d1-9ab6a2ebaf71,8.384832 46.783436,2023-04-01 08:00:00+02:00,3,EXPLOSIVE,SLAB,1,DRY,N,58,46.7828443470271,8.379104974807198,0,739.6859130859375,-39.22119140625,-135.68115234375,141.23624519454486,163.87706672456542,TIT,TIT,-10.5,-10.6,-10.3,,,95.9,2.7,-11.1,686.2,,1004.9,2944.5,,24.1,280.0,14.1,50.8,86.8,23.6,85.0,,,,,202.0,,,,,,0.026
2a2d7868-aa56-44d4-b082-8c267cccfbe3,8.388637 46.786311,2023-04-16 07:30:00+02:00,2,EXPLOSIVE,LOOSE_SNOW,1,DRY,NW,84,46.79581498246534,8.387111574856926,0,750.4396362304688,-3187.90283203125,-894.9462890625,3311.140789332221,105.68112967134441,ENG,ENG,0.4,0.3,0.5,0.4,0.1,96.9,6.1,0.0,899.4,,1018.4,,1488.0,2.5,94.0,1.4,5.0,9.0,2.3,8.3,0.0,,1.3,0.0,49.0,319.0,,,,0.0,0.026
3efdca94-9b97-483a-8a85-137add93bbd1,8.426389 46.777499,2023-05-03 07:30:00+02:00,4,EXPLOSIVE,SLAB,3,DRY,NE,0,46.819821333762405,8.38585809043515,0,756.136962890625,2038.07373046875,1001.2939453125,2270.7562827715083,296.1646219864483,ENG,ENG,4.0,2.3,6.3,4.4,0.7,91.4,7.4,2.7,903.9,,1023.4,,1534.5,2.9,95.0,1.2,4.3,10.4,2.7,9.7,0.0,,0.0,0.0,245.0,252.0,,,,32.0,0.094
ae543637-3b77-4592-997d-c9f3fc4c3078,8.424992 46.778957,2023-04-27 07:30:00+02:00,2,EXPLOSIVE,SLAB,2,DRY,N,118,46.772096693904864,8.394152863702127,0,744.1975708007812,306.40869140625,123.37646484375,330.31505906729654,291.93234273023523,TIT,TIT,-7.2,-7.3,-7.1,,,89.9,3.2,-8.6,696.2,,1018.4,3055.0,,8.5,238.0,4.7,16.9,30.6,8.4,30.2,,,,,272.0,,,,,,0.062
b0c20dd8-9d72-42fd-9908-df362afd7f3d,8.425333 46.779051,2023-05-17 07:00:00.000 +0200,4,EXPLOSIVE,SLAB,2,DRY,N,145,46.779051,8.425333,1,763.8226928710938,4434.85107421875,754.541015625,4498.581575870288,279.6557841562619,TIT,TIT,-7.2,-7.3,-7.0,,,93.9,3.3,-8.0,694.2,,1015.8,3033.2,,23.4,50.0,12.0,43.2,84.2,21.1,76.0,,,,,147.0,,,,,,0.03
50374fe0-d439-11ed-a920-a702e6e7f311,8.245848 46.760908,2023-04-05 16:00:00+02:00,2,NATURAL,FULL_DEPTH,1,WET,SW,1,46.72885424192107,8.239423218524516,0,668.6605224609375,225.76904296875,-2035.21728515625,2047.7014085461292,186.33000764016697,MER,MER,8.4,8.1,8.9,9.0,7.2,42.7,4.7,-3.5,948.0,1017.6,1017.1,,,8.8,322.0,4.7,16.9,31.7,8.5,30.6,0.0,,0.0,,189.0,,,,113.0,19.0,0.16
bdf4c097-2315-413e-a320-168acfd62b21,8.380633 46.782526,2023-04-15 08:00:00+02:00,4,EXPLOSIVE,SLAB,3,DRY,N,178,46.74564417238216,8.415213888190651,0,752.5087890625,773.2177734375,765.52734375,1088.0706958596834,314.71364621073053,TIT,TIT,-8.8,-8.9,-8.7,,,97.5,3.1,-9.1,685.0,,1003.2,2929.3,,13.4,306.0,10.3,37.1,48.2,12.9,46.4,,,,,285.0,,,,,,0.043
5dfb93d0-d046-11ed-b49c-43d9bede54f5,8.263448 46.782775,2023-04-02 05:45:00+02:00,0,EXPLOSIVE,SLAB,2,DRY,NW,51,46.76584195552017,8.226897256982395,0,665.7291259765625,-190.39306640625,560.63232421875,592.0794901822662,18.757700651013295,MER,MER,3.5,2.9,4.0,0.2,-0.5,93.7,7.3,2.6,944.8,1015.4,1013.7,,,1.5,101.0,0.7,2.5,5.4,1.5,5.4,0.0,,0.0,,18.0,,,,14.0,0.0,0.011
37f6f440-e68a-11ed-9633-279e930b62b5,7.970158 46.5442,2023-04-29 12:00:00+02:00,7,NATURAL,SLAB,2,DRY,SE,235,46.536026452462515,7.954969757633337,0,676.294189453125,-308.38623046875,-2279.11376953125,2299.8829625895464,172.29412530666878,JUN,JUN,-5.4,-5.5,-5.3,,,87.5,3.6,-7.1,657.1,,1021.7,3076.0,,7.0,314.0,4.4,15.8,25.2,6.5,23.4,,,,,974.0,244.0,,,,36.0,0.263
146fb98c-e881-4676-9e59-446d1d57d1c2,8.034003 46.784284,2023-04-18 10:30:00+02:00,4,EXPLOSIVE,SLAB,2,DRY,S,0,46.746515820601076,8.062692647347067,0,629.7753295898438,205.11474609375,-1031.72607421875,1051.9176542334183,191.24421287536381,BRZ,BRZ,,,,,,,,,950.6,,1017.2,,,6.1,107.0,2.6,9.4,22.0,6.0,21.6,,,0.0,,,,,,,,
1bb8250c-f575-4cb3-84c9-194ae951bc8a,7.944832 46.554569,2023-05-02 12:00:00+02:00,7,NATURAL,UNKNOWN,4,WET,,0,46.53371184580764,7.902338216707732,0,681.9963989257812,-928.23486328125,33.28857421875,928.8315727753219,87.94612564401677,JUN,JUN,-8.5,-9.3,-7.8,,,67.9,2.2,-13.6,656.8,,1021.3,3078.7,,10.8,317.0,5.5,19.8,38.9,10.1,36.4,,,,,1061.0,187.0,,,,49.0,0.243
1aca9480-d131-11ed-bb43-5ff35461761d,8.354817 46.766741,2023-04-02 12:00:00+02:00,10,NATURAL,SLAB,3,DRY,NW,34,46.76900063401756,8.333130667888858,0,717.3485717773438,523.27880859375,-912.3046875,1051.722660380467,209.8376769198629,TIT,TIT,-10.5,-10.6,-10.3,,,93.9,2.6,-11.3,691.2,,1011.6,3000.3,,4.0,317.0,1.8,6.5,14.4,3.8,13.7,,,,,713.0,,,,,,0.173
23b16de7-0279-40fb-918f-75ed3769abf5,8.426264 46.778244,2023-05-20 07:00:00+02:00,4,EXPLOSIVE,SLAB,2,DRY,NE,25,46.760369951465755,8.406693580591797,0,748.7335815429688,-920.10498046875,1321.10595703125,1609.942273743644,34.85588792478222,TIT,TIT,-1.4,-2.0,-0.5,,,83.7,4.6,-3.8,696.2,,1018.4,3054.6,,16.0,139.0,11.3,40.7,57.6,15.4,55.4,,,,,346.0,,,,,,0.092
ae543637-3b77-4592-997d-c9f3fc4c3078,8.424992 46.778957,2023-04-26 07:30:00.000 +0200,2,EXPLOSIVE,SLAB,2,DRY,N,229,46.778957,8.424992,1,763.2218017578125,1885.0341796875,538.87939453125,1960.5470819239442,285.9537753137972,TIT,TIT,-9.2,-9.2,-9.1,,,23.4,0.7,-26.4,692.4,,1013.2,3013.0,,14.7,275.0,9.8,35.3,52.9,14.4,51.8,,,,,381.0,,,,,,0.118
acaee50d-c93e-4865-b666-dcf8ca1d9f21,8.226812 46.595085,2023-04-21 12:00:00.000 +0200,7,PERSON,SLAB,1,DRY,NW,256,46.595085,8.226812,1,675.0115356445312,1040.95458984375,708.3984375,1259.1325602847428,304.23637214155286,GRH,GRH,1.9,1.3,2.4,,,76.3,5.4,-1.8,799.3,,1013.9,,1461.9,10.7,152.0,7.0,25.2,38.5,10.2,36.7,,,0.0,186.0,555.0,311.0,,,,0.0,0.188
a8219770-e77f-11ed-991c-c3bbd7ca6c9a,7.788493 46.554381,2023-05-01 15:11:00+02:00,0,NATURAL,SLAB,3,WET,NW,169,46.51374132823022,7.832726214641448,0,664.993896484375,545.361328125,-893.07861328125,1046.4264846202166,211.41045998846317,JUN,JUN,-7.5,-7.6,-7.3,,,94.8,3.3,-8.1,653.7,,1016.8,3039.5,,6.2,311.0,4.9,17.6,22.3,6.1,22.0,,,,,369.0,276.0,,,,0.0,0.088
87548817-41cb-4875-9f16-2dd62dfe20ab,8.382498 46.780197,2023-04-02 07:00:00+02:00,4,EXPLOSIVE,SLAB,2,DRY,NE,42,46.75549782439299,8.388697264831546,0,728.161376953125,486.80419921875,-390.78369140625,624.2517295499498,231.24412931907773,TIT,TIT,-11.8,-11.9,-11.7,,,95.3,2.4,-12.4,688.8,,1008.4,2974.4,,8.9,313.0,5.2,18.7,32.0,8.8,31.7,,,,,127.0,,,,,,0.022
b5d8fc03-e36a-4fa1-9d42-ea7105356bda,8.385358 46.779077,2023-04-19 05:00:00+02:00,3,EXPLOSIVE,UNKNOWN,2,DRY,NE,73,46.79599926221308,8.423896721044047,0,773.6430053710938,192.37060546875,-2438.63525390625,2446.211019401804,184.51041058976352,TIT,TIT,-6.7,-6.9,-6.4,,,78.7,2.9,-9.8,696.1,,1018.2,3053.6,,7.5,288.0,4.4,15.8,27.0,6.8,24.5,,,,,2.0,,,,,,0.005
18414158-6d92-4cd1-ab90-28699222ae16,8.421236 46.785109,2023-05-03 16:30:00+02:00,2,EXPLOSIVE,SLAB,2,DRY,NW,0,46.816824932210444,8.393415955330024,0,756.5167846679688,1172.900390625,437.4755859375,1251.8307451966646,290.4548181120932,ENG,ENG,15.1,14.6,15.4,23.5,23.0,60.5,10.4,7.5,902.3,,1021.6,,1540.2,6.7,270.0,3.6,13.0,24.1,6.3,22.7,0.0,,0.0,0.0,545.0,305.0,,,,60.0,0.306
bafec949-69be-4d29-96df-732ded5d7686,8.389718 46.787228,2023-04-03 08:00:00+02:00,3,EXPLOSIVE,SLAB,1,DRY,N,122,46.788973998629366,8.361606792763391,0,733.6843872070312,1900.74462890625,-635.77880859375,2004.25667961288,251.50546120427052,ENG,ENG,-0.1,-0.2,0.1,0.6,0.5,97.3,5.9,-0.4,900.7,,1019.9,,1498.5,6.4,226.0,3.9,14.0,23.0,6.1,22.0,0.0,,0.0,0.0,104.0,313.0,,,,0.0,0.036
a8219770-e77f-11ed-991c-c3bbd7ca6c9a,7.788493 46.554381,2023-04-30 15:11:00+02:00,0,NATURAL,SLAB,3,WET,NW,0,46.54638669124243,7.76053599044932,0,650.2990112304688,1006.45751953125,-1607.18994140625,1896.3164942536416,212.05569913360506,FRU,FRU,12.9,12.8,13.1,,,75.9,11.3,8.8,,,,,,8.2,67.0,3.7,13.3,29.5,7.9,28.4,,,0.0,,139.0,367.0,,,138.0,0.0,
f9b59268-33ad-4905-91cd-ccc9a1ae40a4,8.385942 46.778812,2023-04-16 08:30:00+02:00,2,EXPLOSIVE,LOOSE_SNOW,2,DRY,NE,123,46.796986893070866,8.419384737819371,0,771.2786865234375,271.91162109375,-1304.84619140625,1332.8764057155588,191.77117854275002,ENG,ENG,0.4,0.3,0.5,0.8,0.6,97.4,6.1,0.1,899.6,,1018.7,,1490.1,1.8,95.0,1.1,4.0,6.5,1.7,6.1,0.0,,1.7,0.0,76.0,320.0,,,,0.0,0.037
b6bd2020-dd0b-11ed-8f1e-7bb69ddca4ec,8.237321 46.747742,2023-04-19 12:00:00+02:00,7,NATURAL,SLAB,2,DRY,N,0,46.728181307636135,8.206922353843446,0,657.6311645507812,-123.37646484375,-838.36669921875,847.3962912570972,171.62827771239677,MER,MER,13.9,13.3,14.3,21.2,21.0,60.5,9.6,6.4,948.0,1016.1,1017.0,,,8.5,280.0,4.3,15.5,30.6,8.2,29.5,0.0,,0.0,,892.0,,,,138.0,60.0,0.463
26d0ed0c-b5fc-4983-9f76-b0f25e82ece7,8.388771 46.786265,2023-04-19 08:30:00+02:00,4,EXPLOSIVE,LOOSE_SNOW,1,DRY,NW,50,46.774201570142914,8.34975661102974,0,723.7640991210938,5379.1259765625,-1128.515625,5496.229961309717,258.15145158301107,TIT,TIT,-6.5,-6.7,-6.4,,,78.4,3.0,-9.7,696.0,,1018.1,3052.4,,9.7,308.0,7.0,25.2,34.9,9.4,33.8,,,,,545.0,,,,,,0.12
9b1e09ce-808a-44b8-8176-c69307d3a01b,8.390545 46.780329,2023-04-16 08:30:00.000 +0200,4,EXPLOSIVE,LOOSE_SNOW,1,DRY,NW,141,46.780329,8.390545,1,743.1220092773438,116.2353515625,-934.38720703125,941.5891405578752,187.0910193202708,TIT,TIT,-9.5,-9.6,-9.3,,,94.1,2.8,-10.3,692.7,,1013.7,3017.0,,7.6,16.0,3.6,13.0,27.4,7.1,25.6,,,,,249.0,,,,,,0.057
11290122-2f71-4b65-840e-5b583a64fdd5,8.389124 46.787453,2023-04-13 07:00:00+02:00,4,EXPLOSIVE,SLAB,2,WET,N,103,46.78497512598791,8.369807088879433,0,735.0528564453125,1035.1318359375,-965.478515625,1415.502271953243,226.99400645098655,ENG,ENG,1.0,0.8,1.2,1.0,0.8,91.4,6.0,-0.3,890.0,,1008.0,,1405.3,3.7,153.0,1.1,4.0,13.3,3.4,12.2,0.0,,0.2,0.0,55.0,301.0,,,,0.0,0.03
c8955470-dce3-11ed-bcd6-6b951ea9af39,8.419791 46.782658,2023-04-18 12:00:00+02:00,7,EXPLOSIVE,SLAB,2,DRY,N,78,46.79198292792596,8.387670286278562,0,748.0009155273438,866.27197265625,-1716.064453125,1922.3174394175787,206.7847144312417,ENG,ENG,11.3,10.9,12.0,19.0,16.2,55.5,7.4,2.7,898.5,,1017.4,,1498.0,7.4,256.0,3.4,12.2,26.6,7.0,25.2,0.0,,0.0,0.0,789.0,281.0,,,,52.0,0.402
c7cfde41-7339-4d2c-afdf-9006721cfe7f,8.419526 46.781209,2023-04-04 07:00:00+02:00,4,EXPLOSIVE,SLAB,2,DRY,NW,0,46.808930306283095,8.396712878573616,0,757.4215698242188,-632.8125,-1602.4658203125,1722.8895395312097,158.4509752634743,ENG,ENG,-3.7,-3.9,-3.3,-3.3,-3.4,89.3,4.2,-5.2,898.6,,1017.6,,1474.4,5.4,231.0,3.3,11.9,19.4,5.2,18.7,0.0,,0.0,0.0,44.0,289.0,,,,0.0,0.023
40432ba0-e72a-11ed-8f49-75cb9dad9a7e,7.996764 46.557888,2023-04-29 12:00:00+02:00,7,NATURAL,SLAB,3,DRY,S,94,46.56979405565511,7.980338366236741,0,643.4717407226562,-905.4931640625,1517.54150390625,1767.1587609046223,30.823863499310036,JUN,JUN,-5.4,-5.5,-5.3,,,87.5,3.6,-7.1,657.1,,1021.7,3076.0,,7.0,314.0,4.4,15.8,25.2,6.5,23.4,,,,,974.0,244.0,,,,36.0,0.263
35790a01-26e9-458d-9830-8b595ce08bc3,8.391669 46.779911,2023-04-14 16:00:00.000 +0200,5,PERSON,SLAB,3,DRY,NW,122,46.779911,8.391669,1,743.1171875,488.671875,304.1015625,575.5675127480329,301.89409339107294,TIT,TIT,-10.8,-11.0,-10.5,,,36.7,1.0,-22.9,685.0,,1003.2,2930.8,,7.9,282.0,3.9,14.0,28.4,7.7,27.7,,,,,530.0,,,,,,0.127
0d183e05-ccd5-4337-8515-db8621df2658,8.421449 46.780606,2023-04-13 07:30:00.000 +0200,2,EXPLOSIVE,SLAB,2,DRY,N,128,46.780606,8.421449,1,760.1211547851562,676.9775390625,-425.830078125,799.7686189336653,237.82942760048624,TIT,TIT,-13.5,-13.7,-13.0,,,100.0,2.2,-13.5,683.5,,1001.1,2915.8,,10.2,306.0,5.7,20.5,36.7,9.9,35.6,,,,,127.0,,,,,,0.019
3127a717-5395-4ff5-9722-0942f1737558,8.42626 46.777558,2023-04-17 06:30:00+02:00,5,EXPLOSIVE,SLAB,2,DRY,NE,0,46.81316268826257,8.398629294107728,0,758.7876586914062,1863.28125,248.84033203125,1879.8240682167534,277.60681371511686,ENG,ENG,1.5,1.1,1.9,1.6,1.0,95.2,6.5,0.9,900.3,,1019.4,,1498.1,2.1,77.0,1.0,3.6,7.6,1.9,6.8,0.0,,0.1,0.0,22.0,314.0,,,,0.0,0.018
68246170-d6db-11ed-8552-37fbec7ec321,8.370977 46.777677,2023-04-09 15:00:00+02:00,3,NATURAL,FULL_DEPTH,2,WET,S,0,46.73640083163139,8.365174593470298,0,729.8515625,-1389.88037109375,-4202.81982421875,4426.676170762644,161.7008527483946,TIT,TIT,-7.2,-7.6,-6.9,,,55.6,2.0,-15.3,697.1,,1019.6,3065.1,,5.9,290.0,3.1,11.2,21.2,5.7,20.5,,,,,618.0,,,,,,0.169
f4bbdd10-e717-11ed-acf0-f7b342f82229,7.841373 46.562945,2023-04-30 12:00:00+02:00,7,NATURAL,UNKNOWN,3,UNKNOWN,NW,64,46.584634101121424,7.869754416023188,0,667.7542114257812,-91.29638671875,-661.5966796875,667.866151860853,172.143145191555,INT,INT,14.9,14.7,15.1,19.6,18.8,68.7,11.6,9.2,948.1,1014.8,1016.0,,,8.5,300.0,4.5,16.2,30.6,7.9,28.4,0.0,,0.0,,475.0,,,,440.0,0.0,0.283
18414158-6d92-4cd1-ab90-28699222ae16,8.421236 46.785109,2023-05-03 16:30:00+02:00,2,EXPLOSIVE,SLAB,2,DRY,NW,121,46.77383051694303,8.426420061882684,0,763.9793701171875,1106.21337890625,-1578.84521484375,1927.8122969070898,215.01689732880976,TIT,TIT,-0.6,-0.9,-0.5,,,20.5,1.2,-20.6,701.3,,1025.4,3112.9,,5.1,119.0,2.9,10.4,18.4,5.0,18.0,,,,,585.0,,,,,,0.235
8b5b35b0-dd0c-11ed-8f1e-7bb69ddca4ec,8.229566 46.753026,2023-04-20 12:30:00+02:00,0,NATURAL,FULL_DEPTH,2,WET,SE,0,46.72605175999841,8.2207034216685,0,661.9057006835938,-353.3203125,-578.9794921875,678.2716974773406,148.60650930530056,MER,MER,6.3,6.2,6.4,8.0,7.3,86.6,8.3,4.3,941.8,1011.4,1010.5,,,3.1,291.0,1.2,4.3,11.2,3.1,11.2,0.0,,0.8,,139.0,,,,127.0,0.0,0.078
3127a717-5395-4ff5-9722-0942f1737558,8.42626 46.777558,2023-04-15 06:30:00+02:00,5,EXPLOSIVE,SLAB,2,DRY,NE,148,46.750649803606066,8.419190911730572,0,754.784912109375,-160.72998046875,-1848.9990234375,1855.9718519671342,175.03187524039993,TIT,TIT,-9.1,-9.2,-8.9,,,98.6,3.0,-9.3,684.9,,1003.0,2928.0,,13.9,300.0,9.9,35.6,50.0,13.8,49.7,,,,,45.0,,,,,,0.008
1360c83b-baa5-40fd-8967-adc55e27b8f8,8.035169 46.786944,2023-05-08 11:00:00+02:00,4,EXPLOSIVE,FULL_DEPTH,2,WET,SW,8,46.78016350661334,8.026848681085811,0,617.4466552734375,1069.29931640625,-713.8916015625,1285.7069054992062,236.2719118177603,BRZ,BRZ,,,,,,,,,955.0,,1021.9,,,3.0,246.0,1.7,6.1,10.8,2.9,10.4,,,0.0,,,,,,,,
8500f990-d7a6-11ed-a8d1-4961cd70d9e1,8.209308 46.504515,2023-04-10 12:00:00+02:00,7,NATURAL,SLAB,4,WET,S,192,46.54329702150995,8.22065690338475,0,668.7403564453125,-467.68798828125,131.8359375,485.9143636476149,74.25745796326424,ULR,ULR,11.7,11.1,12.6,17.6,17.1,23.5,3.3,-8.5,868.1,,1020.8,,1523.7,4.6,56.0,2.1,7.6,16.6,4.5,16.2,,,0.0,0.0,794.0,256.0,,,317.0,60.0,0.441
40432ba0-e72a-11ed-8f49-75cb9dad9a7e,7.996764 46.557888,2023-04-30 12:00:00+02:00,7,NATURAL,SLAB,3,DRY,S,157,46.52710970780178,8.001219509589028,0,648.107177734375,-180.8349609375,614.1357421875,640.206211254982,16.40729614350336,JUN,JUN,-3.7,-4.4,-3.3,,,88.8,4.1,-5.3,656.2,,1020.4,3062.2,,5.7,135.0,4.4,15.8,20.5,5.5,19.8,,,,,676.0,258.0,,,,0.0,0.202
c7cfde41-7339-4d2c-afdf-9006721cfe7f,8.419526 46.781209,2023-04-01 07:00:00+02:00,4,EXPLOSIVE,SLAB,2,DRY,NW,212,46.762331400464916,8.383986588885776,0,740.7686767578125,2061.36474609375,4047.5830078125,4542.262962617932,333.01103460091355,TIT,TIT,-10.8,-10.8,-10.6,,,97.0,2.6,-11.1,686.0,,1004.5,2941.7,,25.3,286.0,14.5,52.2,91.1,24.5,88.2,,,,,91.0,,,,,,0.013
fdfaf590-ea4c-11ed-8348-fb5788bd30bc,8.001152 46.577404,2023-05-01 12:00:00+02:00,7,NATURAL,SLAB,2,DRY,NW,49,46.5979775078059,8.002480658275307,0,618.0198974609375,-769.482421875,92.9443359375,775.0753815968343,83.11271575082404,JUN,JUN,-6.3,-6.6,-6.0,,,94.6,3.6,-7.0,653.7,,1016.8,3036.8,,2.9,175.0,1.2,4.3,10.4,2.8,10.1,,,,,737.0,282.0,,,,0.0,0.244
20077a30-ec16-11ed-aa20-6507e99101f4,8.022203 46.505884,2023-05-07 14:00:00+02:00,0,PERSON,SLAB,2,WET,E,184,46.54348687770315,7.98884780867656,0,647.6107788085938,269.1650390625,1668.8232421875,1690.390733504747,350.83765295427827,JUN,JUN,-1.2,-1.8,-0.6,,,91.7,5.2,-2.4,659.3,,1024.8,3094.6,,5.2,146.0,3.4,12.2,18.7,5.1,18.4,,,,,573.0,288.0,,,,0.0,0.201
1bae5ef4-62c9-4601-861f-8e5b286b94b1,8.422604 46.780389,2023-04-15 07:30:00+02:00,2,EXPLOSIVE,SLAB,2,DRY,N,0,46.81277777129081,8.385808363503557,0,752.7374267578125,440.22216796875,1028.3203125,1118.5876015186311,336.82431567882134,ENG,ENG,0.5,0.3,0.7,0.3,0.2,96.3,6.1,-0.1,889.2,,1007.1,,1397.6,1.8,90.0,0.9,3.2,6.5,1.6,5.8,0.0,,1.3,0.0,49.0,316.0,,,,0.0,0.027
27d50482-68af-45c1-b95c-82786dd48176,7.97274 46.575625,2023-04-04 08:00:00+02:00,3,EXPLOSIVE,LOOSE_SNOW,1,DRY,N,242,46.55292558721238,8.013213655355292,0,629.4874267578125,-653.2470703125,415.5029296875,774.192753421756,57.5412795808555,JUN,JUN,-14.1,-14.2,-13.9,,,32.8,0.7,-27.1,647.7,,1008.2,2981.0,,12.1,106.0,4.4,15.8,43.6,11.9,42.8,,,,,488.0,121.0,,,,60.0,0.102
5192475d-5f0c-41d7-bde8-a82e5bea8b68,8.422294 46.780382,2023-04-16 08:00:00.000 +0200,4,EXPLOSIVE,SLAB,3,DRY,N,211,46.780382,8.422294,1,760.693115234375,1238.48876953125,-1949.08447265625,2309.282294091548,212.43272500298517,TIT,TIT,-9.5,-9.6,-9.3,,,94.1,2.8,-10.3,692.7,,1013.7,3017.0,,7.6,16.0,3.6,13.0,27.4,7.1,25.6,,,,,249.0,,,,,,0.057
a7ed94b7-52d1-4b17-9928-83b4745ca8bf,8.307745 46.608205,2023-05-02 12:00:00+02:00,7,NATURAL,UNKNOWN,3,WET,,66,46.57194271124128,8.287416780297093,0,690.3283081054688,-1331.103515625,520.64208984375,1429.3021916397183,68.63775850371384,GRH,GRH,1.7,1.5,2.1,,,94.2,6.5,0.9,805.9,,1021.9,,1529.4,8.4,352.0,5.0,18.0,30.2,8.3,29.9,,,0.0,161.0,418.0,318.0,,,,0.0,0.138
35750744-ea24-4b2e-81ea-9ce6b475ccb9,8.42211 46.780566,2023-04-14 06:30:00+02:00,5,EXPLOSIVE,SLAB,2,DRY,N,1,46.814040635646855,8.413203300162232,0,769.6226196289062,712.79296875,219.83642578125,745.9235017075903,287.14057539823307,ENG,ENG,0.1,-0.2,0.4,-0.7,-0.9,90.3,5.6,-1.3,891.6,,1009.8,,1418.1,4.4,259.0,1.6,5.8,15.8,4.1,14.8,0.0,,0.0,8.0,22.0,290.0,,,,0.0,0.019
59a9c34c-87a8-4479-9db9-c3a9d7e37faf,8.42632 46.777873,2023-04-28 07:00:00+02:00,3,EXPLOSIVE,SLAB,2,DRY,NE,39,46.8028423561019,8.382335781616439,0,747.29833984375,-753.662109375,-1090.9423828125,1325.9569592276325,145.36189302596486,ENG,ENG,10.0,9.0,10.6,9.6,8.9,86.6,10.6,7.8,898.4,,1017.3,,1495.0,4.5,360.0,1.6,5.8,16.2,4.4,15.8,0.0,,0.3,0.0,87.0,348.0,,,,0.0,0.058
529f5410-e6a1-11ed-9300-179866ebe517,7.727729 46.504859,2023-04-29 17:00:00.000 +0200,3,UNKNOWN,UNKNOWN,1,WET,,2,46.504859,7.727729,1,652.4718017578125,-780.46875,-7.470703125,780.504504235398,90.54842258167407,FRU,FRU,16.7,15.9,17.2,,,64.0,12.2,9.9,,,,,,9.8,70.0,3.4,12.2,35.3,9.2,33.1,,,0.0,,152.0,339.0,,,137.0,2.0,
d1dc6b80-4759-4599-8761-9b826a9ee094,8.401311 46.769587,2023-04-16 00:00:00+02:00,6,NATURAL,SLAB,3,DRY,NW,125,46.7794395057655,8.3846483051384,0,739.353271484375,612.59765625,-234.66796875,656.0068170379361,249.03964753828373,TIT,TIT,-11.0,-11.2,-10.8,,,100.0,2.6,-11.0,691.6,,1012.1,3004.5,,15.5,331.0,5.9,21.2,55.8,15.2,54.7,,,,,0.0,,,,,,-0.001
5192475d-5f0c-41d7-bde8-a82e5bea8b68,8.422294 46.780382,2023-04-19 08:00:00+02:00,4,EXPLOSIVE,SLAB,3,DRY,N,47,46.7392133407139,8.402218787347923,0,738.0379028320312,906.8115234375,-1453.82080078125,1713.4474196260808,211.95359139518024,TIT,TIT,-6.5,-6.7,-6.4,,,78.4,3.0,-9.7,696.0,,1018.1,3052.4,,9.7,308.0,7.0,25.2,34.9,9.4,33.8,,,,,545.0,,,,,,0.12
2a2d7868-aa56-44d4-b082-8c267cccfbe3,8.388637 46.786311,2023-04-16 07:30:00+02:00,2,EXPLOSIVE,LOOSE_SNOW,1,DRY,NW,0,46.82986021538305,8.363536766799369,0,743.5072021484375,477.13623046875,-1627.84423828125,1696.3301113083476,196.33634986965728,ENG,ENG,0.4,0.3,0.5,0.4,0.1,96.9,6.1,0.0,899.4,,1018.4,,1488.0,2.5,94.0,1.4,5.0,9.0,2.3,8.3,0.0,,1.3,0.0,49.0,319.0,,,,0.0,0.026
3127a717-5395-4ff5-9722-0942f1737558,8.42626 46.777558,2023-04-15 06:30:00+02:00,5,EXPLOSIVE,SLAB,2,DRY,NE,147,46.77869250812267,8.395121405927183,0,746.343994140625,4516.69921875,-214.34326171875,4521.782266595893,267.2830252788674,TIT,TIT,-9.1,-9.2,-8.9,,,98.6,3.0,-9.3,684.9,,1003.0,2928.0,,13.9,300.0,9.9,35.6,50.0,13.8,49.7,,,,,45.0,,,,,,0.008
da27b6a6-0240-478c-9ff6-ab83983e37eb,8.426516 46.77779,2023-05-01 07:30:00+02:00,2,EXPLOSIVE,SLAB,2,DRY,NE,27,46.79724077769642,8.397294687893883,0,755.1329956054688,584.36279296875,-535.14404296875,792.375555233235,227.5173690108481,ENG,ENG,7.2,7.2,7.3,7.7,7.5,95.9,9.8,6.6,897.3,,1016.1,,1480.9,3.6,240.0,1.7,6.1,13.0,3.3,11.9,0.0,,0.9,0.0,61.0,343.0,,,,0.0,0.039
5f7c51f6-7065-4c64-860a-51df7287e4b5,8.42359 46.779392,2023-05-18 07:00:00+02:00,4,EXPLOSIVE,SLAB,2,DRY,N,15,46.75424792000282,8.394089882667556,0,734.8197631835938,2048.84033203125,-1463.04931640625,2517.590119220108,234.46987917739932,TIT,TIT,-2.3,-2.5,-2.0,,,76.5,4.0,-5.8,696.9,,1019.4,3062.9,,2.7,248.0,1.9,6.8,9.7,2.7,9.7,,,,,457.0,,,,,,0.152
b0c20dd8-9d72-42fd-9908-df362afd7f3d,8.425333 46.779051,2023-05-17 07:00:00+02:00,4,EXPLOSIVE,SLAB,2,DRY,N,63,46.742020956192455,8.417422361996394,0,754.61083984375,-1693.65234375,-1257.16552734375,2109.247122703112,126.58578768451588,TIT,TIT,-7.2,-7.3,-7.0,,,93.9,3.3,-8.0,694.2,,1015.8,3033.2,,23.4,50.0,12.0,43.2,84.2,21.1,76.0,,,,,147.0,,,,,,0.03
564bddb0-e717-11ed-acf0-f7b342f82229,7.822357 46.529218,2023-04-30 12:00:00+02:00,7,NATURAL,SLAB,3,UNKNOWN,N,63,46.5242734252183,7.856015670412017,0,669.7919921875,-1113.134765625,1002.392578125,1497.951897466373,47.996545433625364,JUN,JUN,-3.7,-4.4,-3.3,,,88.8,4.1,-5.3,656.2,,1020.4,3062.2,,5.7,135.0,4.4,15.8,20.5,5.5,19.8,,,,,676.0,258.0,,,,0.0,0.202
da27b6a6-0240-478c-9ff6-ab83983e37eb,8.426516 46.77779,2023-04-30 07:30:00+02:00,2,EXPLOSIVE,SLAB,2,DRY,NE,69,46.76058440112543,8.412193259698647,0,750.1537475585938,-1171.58203125,-408.9111328125,1240.8919253850747,109.24025170968194,TIT,TIT,-2.5,-2.8,-2.2,,,55.7,2.8,-10.2,696.8,,1019.2,3060.9,,4.1,178.0,2.8,10.1,14.8,3.8,13.7,,,,,281.0,,,,,,0.108
c8955470-dce3-11ed-bcd6-6b951ea9af39,8.419791 46.782658,2023-04-19 12:00:00+02:00,7,EXPLOSIVE,SLAB,2,DRY,N,182,46.759499862974096,8.381951440559982,0,734.4942016601562,47.900390625,-2111.7919921875,2112.3351688804687,181.29937972371545,TIT,TIT,-6.1,-6.3,-5.9,,,88.8,3.5,-7.7,695.4,,1017.3,3045.9,,12.7,274.0,6.4,23.0,45.7,12.5,45.0,,,,,763.0,,,,,,0.171
a94851d0-e58a-11ed-94a2-bf37c1703856,7.5461 46.68465,2023-04-26 12:00:00+02:00,7,NATURAL,SLAB,2,UNKNOWN,SW,0,46.67892390938121,7.544710203885146,0,555.1908569335938,694.66552734375,-794.3115234375,1055.2208257731518,221.17133480679897,THU,THU,12.5,12.0,13.0,,,55.4,8.0,3.8,949.5,1015.9,1016.4,,,5.9,348.0,2.1,7.6,21.2,5.7,20.5,,,0.0,,579.0,,,,,23.0,0.322
33f93161-2ec3-46b0-ab16-f598e280759a,8.383072 46.779972,2023-04-15 08:00:00+02:00,4,EXPLOSIVE,SLAB,2,DRY,NE,55,46.75022454862852,8.391031443876567,0,731.0079345703125,3996.1669921875,-6177.6123046875,7357.4618188934755,212.8979754454039,TIT,TIT,-8.8,-8.9,-8.7,,,97.5,3.1,-9.1,685.0,,1003.2,2929.3,,13.4,306.0,10.3,37.1,48.2,12.9,46.4,,,,,285.0,,,,,,0.043
9793e5e8-7a24-425c-8b33-04a387b5aa44,8.40304 46.792701,2023-04-02 06:30:00+02:00,2,EXPLOSIVE,SLAB,1,DRY,NW,17,46.77746552370241,8.362510499502273,0,731.2332153320312,1195.86181640625,152.16064453125,1205.503357806448,277.25131102939633,TIT,TIT,-11.9,-12.0,-11.8,,,97.8,2.4,-12.2,688.6,,1008.1,2971.7,,7.9,298.0,5.1,18.4,28.4,7.6,27.4,,,,,19.0,,,,,,0.006
110f1420-d9f1-11ed-8014-25b7abf6ec82,8.252181 46.759933,2023-04-14 02:00:00+02:00,4,NATURAL,FULL_DEPTH,2,WET,S,185,46.75189297817931,8.267100462568758,0,691.395263671875,147.216796875,385.1806640625,412.35534342331914,339.0830468850799,MER,MER,2.7,2.5,2.9,2.1,1.9,90.3,6.7,1.3,942.0,1012.7,1010.7,,,4.1,344.0,1.8,6.5,14.8,4.0,14.4,0.0,,0.3,,1.0,,,,1.0,0.0,0.0
c8a8b700-feb1-11ed-b35a-bf420b8ac344,8.01247 46.561817,2023-05-29 12:00:00+02:00,6,PERSON,SLAB,2,DRY,SE,155,46.53585553030973,8.033521297454312,0,627.804443359375,378.25927734375,370.78857421875,529.683157810204,314.4285738003821,JUN,JUN,-2.2,-2.6,-1.8,,,81.4,4.2,-5.0,660.0,,1025.8,3105.0,,5.6,161.0,4.1,14.8,20.2,5.5,19.8,,,,,1077.0,203.0,,,,60.0,0.35
72a5d090-d8f5-11ed-9de9-4bc775516e2e,8.249382 46.761703,2023-04-13 16:00:00+02:00,3,NATURAL,FULL_DEPTH,2,WET,SW,46,46.792169754818644,8.244461252758386,0,681.080810546875,119.86083984375,718.83544921875,728.7599220467405,350.5334177771482,GIH,GIH,4.8,4.6,5.1,,,97.6,8.4,4.5,954.5,1011.0,1009.8,,,3.8,149.0,0.9,3.2,13.7,3.7,13.3,0.0,,0.0,,156.0,,,,151.0,0.0,0.067
a8219770-e77f-11ed-991c-c3bbd7ca6c9a,7.788493 46.554381,2023-05-02 15:11:00+02:00,0,NATURAL,SLAB,3,WET,NW,2,46.57309394597101,7.792918911252901,0,652.0138549804688,354.96826171875,-391.3330078125,528.3407894827061,222.21037612158634,INT,INT,15.6,15.3,16.3,21.1,17.0,52.6,9.3,6.0,953.2,1020.1,1021.4,,,4.7,315.0,1.8,6.5,16.9,4.5,16.2,0.0,,0.0,,464.0,,,,273.0,22.0,0.281
97c5682e-950b-4c24-8c69-651f6ff3d0c8,8.035288 46.786336,2023-04-20 10:30:00+02:00,4,EXPLOSIVE,SLAB,2,DRY,S,0,46.74343983845204,8.02999585982107,0,627.2197875976562,196.875,408.69140625,453.6390979265373,334.278933053327,BRZ,BRZ,,,,,,,,,944.5,,1010.8,,,5.0,258.0,1.5,5.4,18.0,4.9,17.6,,,0.5,,,,,,,,
48001904-f349-4f12-8b6b-34916e483022,8.424677 46.77918,2023-04-14 07:30:00+02:00,2,EXPLOSIVE,SLAB,2,DRY,N,122,46.74967806376209,8.40697790733131,0,749.3910522460938,122.3876953125,-1455.35888671875,1460.4958874009692,184.80695050268486,TIT,TIT,-13.4,-13.7,-13.1,,,99.4,2.2,-13.5,684.7,,1002.8,2929.1,,9.3,318.0,3.0,10.8,33.5,8.9,32.0,,,,,121.0,,,,,,0.023
74720590-2505-48bc-ad7b-327442e7d8ae,8.216759 46.608474,2023-04-24 12:00:00+02:00,7,PERSON,SLAB,1,DRY,N,2,46.65049240249488,8.208314309004484,0,678.9181518554688,-979.7607421875,1046.00830078125,1433.200780503234,43.126956630469515,MER,MER,11.7,10.9,12.2,17.0,14.4,63.4,8.7,5.0,944.2,1012.6,1013.0,,,12.5,293.0,6.7,24.1,45.0,12.2,43.9,0.0,,0.0,,809.0,,,,275.0,42.0,0.378
1b05e8ea-984f-445d-8163-f5d970cfecf8,8.387973 46.785269,2023-04-13 07:00:00+02:00,4,EXPLOSIVE,SLAB,1,WET,NW,76,46.74293433149895,8.420999315990688,0,757.3568725585938,-870.1171875,-752.45361328125,1150.3435835101263,130.85235602874425,TIT,TIT,-13.5,-13.7,-13.0,,,100.0,2.2,-13.5,683.5,,1001.1,2915.8,,10.2,306.0,5.7,20.5,36.7,9.9,35.6,,,,,127.0,,,,,,0.019
1851a448-559e-4572-8066-2824a030e41d,8.385872 46.778947,2023-04-16 07:30:00+02:00,2,EXPLOSIVE,LOOSE_SNOW,1,DRY,NE,29,46.818034943978155,8.348250209589029,0,736.0230102539062,-745.3125,1844.49462890625,1989.3846180968262,22.00235783426278,ENG,ENG,0.4,0.3,0.5,0.4,0.1,96.9,6.1,0.0,899.4,,1018.4,,1488.0,2.5,94.0,1.4,5.0,9.0,2.3,8.3,0.0,,1.3,0.0,49.0,319.0,,,,0.0,0.026
839994f8-5b6d-44ab-8e1c-fd57876e2bd9,8.4215 46.780442,2023-04-02 07:00:00+02:00,4,EXPLOSIVE,SLAB,2,DRY,E,33,46.79986362105767,8.4089756092277,0,762.2525024414062,-942.1875,-435.38818359375,1037.9210738631887,114.80182601712137,ENG,ENG,1.5,0.9,2.3,0.8,-0.5,92.6,6.3,0.5,894.4,,1012.9,,1445.3,3.5,90.0,0.9,3.2,12.6,3.3,11.9,0.0,,0.0,0.0,95.0,251.0,,,,6.0,0.037
8b5b35b0-dd0c-11ed-8f1e-7bb69ddca4ec,8.229566 46.753026,2023-04-20 12:30:00+02:00,0,NATURAL,FULL_DEPTH,2,WET,SE,0,46.71632308747656,8.22815677465546,0,661.9791870117188,-398.3642578125,-186.5478515625,439.87973677482404,115.09296966909102,MER,MER,6.3,6.2,6.4,8.0,7.3,86.6,8.3,4.3,941.8,1011.4,1010.5,,,3.1,291.0,1.2,4.3,11.2,3.1,11.2,0.0,,0.8,,139.0,,,,127.0,0.0,0.078
71d13516-3cdb-4e54-a1af-c88570197f00,8.424437 46.779206,2023-04-16 06:30:00+02:00,5,EXPLOSIVE,SLAB,1,DRY,N,0,46.81865366819409,8.410743011315517,0,766.8522338867188,-2499.71923828125,-424.951171875,2535.582727640991,99.64802084176712,ENG,ENG,0.3,0.1,0.4,0.1,0.0,97.4,6.1,-0.1,899.2,,1018.2,,1486.3,2.0,90.0,1.0,3.6,7.2,1.8,6.5,0.0,,1.0,0.0,5.0,316.0,,,,0.0,0.014
45a4cc4a-b623-44fe-a276-c1a4df80223b,8.420264 46.781131,2023-05-02 07:30:00+02:00,4,EXPLOSIVE,SLAB,2,DRY,N,92,46.769620161553604,8.424346155226441,0,760.7210083007812,515.478515625,-971.4111328125,1099.7080017090982,207.9526200544043,TIT,TIT,-6.7,-6.9,-6.5,,,97.5,3.6,-7.1,697.0,,1019.6,3064.7,,10.9,23.0,7.1,25.6,39.2,10.7,38.5,,,,,152.0,,,,,,0.033
1a787419-5802-4808-a192-fbe672afe523,8.389757 46.787324,2023-04-18 08:30:00+02:00,4,EXPLOSIVE,LOOSE_SNOW,2,DRY,N,202,46.75804312656822,8.369749045170918,0,725.9948120117188,-812.7685546875,-547.66845703125,980.0680906527862,123.97330203460248,TIT,TIT,-6.1,-7.1,-5.1,,,76.1,3.0,-9.7,694.1,,1015.6,3031.7,,4.1,233.0,1.3,4.7,14.8,3.9,14.0,,,,,514.0,,,,,,0.154
11f734d7-e1b6-4c3b-8fe6-abdd0b39cea0,8.385873 46.778735,2023-04-13 08:00:00+02:00,4,EXPLOSIVE,SLAB,2,DRY,NE,22,46.75247834719956,8.376847415543413,0,728.23388671875,2474.89013671875,-501.30615234375,2525.151291943801,258.54927031711475,TIT,TIT,-13.9,-14.2,-13.6,,,99.5,2.1,-14.0,683.4,,1001.0,2915.3,,10.1,299.0,5.4,19.4,36.4,9.8,35.3,,,,,212.0,,,,,,0.032
71d13516-3cdb-4e54-a1af-c88570197f00,8.424437 46.779206,2023-04-14 06:30:00.000 +0200,5,EXPLOSIVE,SLAB,1,DRY,N,287,46.779206,8.424437,1,763.7742309570312,647.42431640625,-475.48828125,803.2728995056283,233.70529779875366,TIT,TIT,-13.5,-13.9,-13.1,,,100.0,2.2,-13.5,684.5,,1002.4,2926.6,,9.8,323.0,2.1,7.6,35.3,9.6,34.6,,,,,25.0,,,,,,0.008
5192475d-5f0c-41d7-bde8-a82e5bea8b68,8.422294 46.780382,2023-04-16 08:00:00+02:00,4,EXPLOSIVE,SLAB,3,DRY,N,0,46.824447360597546,8.3775278678593,0,753.7786865234375,-151.50146484375,-435.16845703125,460.78658817804245,160.80472352986337,ENG,ENG,0.4,0.3,0.5,0.8,0.6,97.4,6.1,0.1,899.6,,1018.7,,1490.1,1.8,95.0,1.1,4.0,6.5,1.7,6.1,0.0,,1.7,0.0,76.0,320.0,,,,0.0,0.037
8cc2e1b0-ecd3-11ed-8adc-7d70564ee41a,8.023437 46.573593,2023-05-05 12:00:00.000 +0200,10,NATURAL,SLAB,4,WET,,185,46.573593,8.023437,1,616.08935546875,-1170.15380859375,707.18994140625,1367.2518235470136,58.853064354324204,JUN,JUN,-1.9,-2.3,-1.4,,,79.7,4.2,-5.0,661.1,,1027.3,3117.7,,8.7,152.0,4.1,14.8,31.3,8.4,30.2,,,,,882.0,246.0,,,,41.0,0.291
26d0ed0c-b5fc-4983-9f76-b0f25e82ece7,8.388771 46.786265,2023-04-19 08:30:00+02:00,4,EXPLOSIVE,LOOSE_SNOW,1,DRY,NW,0,46.81275288383257,8.417363151432225,0,772.5498046875,-1586.865234375,-353.43017578125,1625.747262406057,102.55610541043835,ENG,ENG,7.0,5.8,8.3,15.6,12.7,76.2,7.6,3.1,900.1,,1019.2,,1505.6,4.8,204.0,1.9,6.8,17.3,4.1,14.8,0.0,,0.0,0.0,545.0,295.0,,,,55.0,0.227
3efdca94-9b97-483a-8a85-137add93bbd1,8.426389 46.777499,2023-05-02 07:30:00.000 +0200,4,EXPLOSIVE,SLAB,3,DRY,NE,183,46.777499,8.426389,1,763.458251953125,-2435.6689453125,65.80810546875,2436.5578010597433,88.45233088164204,TIT,TIT,-6.7,-6.9,-6.5,,,97.5,3.6,-7.1,697.0,,1019.6,3064.7,,10.9,23.0,7.1,25.6,39.2,10.7,38.5,,,,,152.0,,,,,,0.033
35750744-ea24-4b2e-81ea-9ce6b475ccb9,8.42211 46.780566,2023-04-14 06:30:00.000 +0200,5,EXPLOSIVE,SLAB,2,DRY,N,230,46.780566,8.42211,1,761.1071166992188,1203.8818359375,-1454.69970703125,1888.2485833536457,219.61051112267845,TIT,TIT,-13.5,-13.9,-13.1,,,100.0,2.2,-13.5,684.5,,1002.4,2926.6,,9.8,323.0,2.1,7.6,35.3,9.6,34.6,,,,,25.0,,,,,,0.008
11f734d7-e1b6-4c3b-8fe6-abdd0b39cea0,8.385873 46.778735,2023-04-12 08:00:00.000 +0200,4,EXPLOSIVE,SLAB,2,DRY,NE,77,46.778735,8.385873,1,738.159423828125,-807.4951171875,-2791.95556640625,2906.383362371265,163.86896488795355,TIT,TIT,-4.5,-4.7,-4.3,,,96.7,4.2,-5.0,689.8,,1009.7,2982.1,,21.3,256.0,9.9,35.6,76.7,20.0,72.0,,,,,216.0,,,,,,0.045
792e43cf-e040-4ad1-98dd-47672e4855cd,8.426192 46.777884,2023-04-14 07:00:00+02:00,0,EXPLOSIVE,SLAB,2,DRY,NE,239,46.7753185853201,8.424895411246391,0,762.4427490234375,-196.54541015625,-2132.2265625,2141.2660301989695,174.73344472462648,TIT,TIT,-13.4,-13.7,-13.1,,,99.4,2.2,-13.5,684.7,,1002.8,2929.1,,9.3,318.0,3.0,10.8,33.5,8.9,32.0,,,,,121.0,,,,,,0.023
c1bf9390-dd0b-11ed-8f1e-7bb69ddca4ec,8.237684 46.748368,2023-04-16 12:00:00.000 +0200,7,NATURAL,SLAB,2,DRY,NW,105,46.748368,8.237684,1,667.4393920898438,265.2099609375,-1795.60546875,1815.085486357427,188.40181165468005,MER,MER,6.1,5.9,6.2,7.2,6.9,83.5,7.9,3.5,951.5,1021.9,1020.8,,,1.0,90.0,0.3,1.1,3.6,0.9,3.2,0.0,,0.2,,119.0,,,,108.0,0.0,0.07
bdf4c097-2315-413e-a320-168acfd62b21,8.380633 46.782526,2023-04-15 08:00:00+02:00,4,EXPLOSIVE,SLAB,3,DRY,N,32,46.74871328696908,8.36871068933434,0,724.8806762695312,-229.28466796875,648.08349609375,687.4472175190162,19.48320791746201,TIT,TIT,-8.8,-8.9,-8.7,,,97.5,3.1,-9.1,685.0,,1003.2,2929.3,,13.4,306.0,10.3,37.1,48.2,12.9,46.4,,,,,285.0,,,,,,0.043
9f2be370-d7a6-11ed-a8d1-4961cd70d9e1,8.210814 46.503291,2023-04-10 12:00:00+02:00,7,NATURAL,SLAB,3,WET,S,175,46.51956690910885,8.180715184328411,0,673.2094116210938,-560.7421875,-1732.21435546875,1820.7136991120549,162.0625022720966,ULR,ULR,11.7,11.1,12.6,17.6,17.1,23.5,3.3,-8.5,868.1,,1020.8,,1523.7,4.6,56.0,2.1,7.6,16.6,4.5,16.2,,,0.0,0.0,794.0,256.0,,,317.0,60.0,0.441
ce082ed0-ea41-11ed-9704-3747ffc8acfd,7.997493 46.55824,2023-05-04 12:00:00+02:00,7,PERSON,SLAB,3,DRY,S,32,46.59623357019138,8.009122293146843,0,616.4539794921875,-520.9716796875,859.24072265625,1004.8413359865575,31.229117323211028,JUN,JUN,-2.7,-3.0,-2.2,,,47.9,2.4,-12.2,661.7,,1028.2,3127.2,,5.8,318.0,3.1,11.2,20.9,5.4,19.4,,,,,1043.0,195.0,,,,60.0,0.37
ab2a9319-7f29-4629-a314-d5965080c33e,8.421443 46.780432,2023-05-04 07:30:00+02:00,4,EXPLOSIVE,SLAB,2,DRY,N,69,46.77057110233794,8.376762775682524,0,731.668212890625,556.34765625,-769.59228515625,949.6288748700131,215.8636256540011,TIT,TIT,0.3,0.1,0.6,,,29.4,1.8,-15.5,701.8,,1026.0,3118.3,,6.5,307.0,4.7,16.9,23.4,6.5,23.4,,,,,407.0,,,,,,0.18
3c08ef45-da0c-4efd-bbb0-523da6d751f9,8.422511 46.78003,2023-04-27 07:30:00+02:00,2,EXPLOSIVE,SLAB,2,DRY,N,82,46.77954243268203,8.421722762292978,0,760.3311767578125,-141.17431640625,-1384.27734375,1391.4574919961901,174.17687257755497,TIT,TIT,-7.2,-7.3,-7.1,,,89.9,3.2,-8.6,696.2,,1018.4,3055.0,,8.5,238.0,4.7,16.9,30.6,8.4,30.2,,,,,272.0,,,,,,0.062
11f734d7-e1b6-4c3b-8fe6-abdd0b39cea0,8.385873 46.778735,2023-04-15 08:00:00+02:00,4,EXPLOSIVE,SLAB,2,DRY,NE,240,46.76342319515627,8.385498312540836,0,734.2500610351562,2745.703125,3294.03076171875,4288.300865119444,320.1874750346806,TIT,TIT,-8.8,-8.9,-8.7,,,97.5,3.1,-9.1,685.0,,1003.2,2929.3,,13.4,306.0,10.3,37.1,48.2,12.9,46.4,,,,,285.0,,,,,,0.043
68246170-d6db-11ed-8552-37fbec7ec321,8.370977 46.777677,2023-04-09 15:00:00.000 +0200,3,NATURAL,FULL_DEPTH,2,WET,S,29,46.777677,8.370977,1,734.1911010742188,-529.1015625,-456.26220703125,698.6584752258922,130.7723117290622,TIT,TIT,-7.2,-7.6,-6.9,,,55.6,2.0,-15.3,697.1,,1019.6,3065.1,,5.9,290.0,3.1,11.2,21.2,5.7,20.5,,,,,618.0,,,,,,0.169
233c98fe-a27b-4c5e-992f-1bc9cdd0362a,8.422835 46.779803,2023-04-28 07:00:00+02:00,3,EXPLOSIVE,SLAB,2,DRY,N,143,46.773046772501544,8.401486095277255,0,747.4033203125,-1297.705078125,-1344.0673828125,1868.3028660610291,136.00542032438332,TIT,TIT,-1.2,-1.4,-0.7,,,99.9,5.6,-1.2,698.5,,1021.5,3080.9,,23.3,274.0,11.7,42.1,83.9,22.6,81.4,,,,,112.0,,,,,,0.025
c98d2b1a-9c67-4f2a-8b1b-1b27502b6c5d,8.423896 46.779967,2023-04-12 07:00:00+02:00,3,EXPLOSIVE,SLAB,1,DRY,NW,119,46.76140321171355,8.380934555105494,0,733.6971435546875,620.7275390625,-1929.30908203125,2026.7057536206019,197.83483497463635,TIT,TIT,-4.6,-4.7,-4.5,,,99.0,4.3,-4.8,690.1,,1010.2,2985.8,,25.3,268.0,12.0,43.2,91.1,24.2,87.1,,,,,99.0,,,,,,0.019
35790a01-26e9-458d-9830-8b595ce08bc3,8.391669 46.779911,2023-04-14 16:00:00+02:00,5,PERSON,SLAB,3,DRY,NW,24,46.745923692643025,8.358531769316459,0,717.568603515625,-58.88671875,-1154.6630859375,1156.1636941505524,177.0804991200132,TIT,TIT,-10.8,-11.0,-10.5,,,36.7,1.0,-22.9,685.0,,1003.2,2930.8,,7.9,282.0,3.9,14.0,28.4,7.7,27.7,,,,,530.0,,,,,,0.127
d940ed50-ecda-11ed-aeab-3b3cc7819483,7.967581 46.511291,2023-05-06 12:00:00.000 +0200,7,NATURAL,SLAB,3,UNKNOWN,S,248,46.511291,7.967581,1,673.9722900390625,404.18701171875,1046.77734375,1122.1006852463993,338.88717349648687,JUN,JUN,-2.9,-3.2,-2.5,,,70.1,3.5,-7.6,659.9,,1025.6,3105.1,,12.0,312.0,4.9,17.6,43.2,11.6,41.8,,,,,1034.0,211.0,,,,60.0,0.32
8339db4e-32c5-49bd-ae04-41feeaf45eaa,8.420784 46.781168,2023-04-13 07:00:00+02:00,3,EXPLOSIVE,SLAB,2,DRY,N,9,46.80606865037805,8.410093066686176,0,766.37890625,20.98388671875,-1388.34228515625,1388.500854970822,180.86592234532978,ENG,ENG,1.0,0.8,1.2,1.0,0.8,91.4,6.0,-0.3,890.0,,1008.0,,1405.3,3.7,153.0,1.1,4.0,13.3,3.4,12.2,0.0,,0.2,0.0,55.0,301.0,,,,0.0,0.03
514e8b36-8761-43bc-a150-8a7eaeb0c925,8.038115 46.78053,2023-05-09 11:00:00+02:00,4,EXPLOSIVE,FULL_DEPTH,1,WET,NW,1,46.77669997885426,8.076560345472815,0,634.3668823242188,-182.5927734375,133.92333984375,226.44112229562626,53.74167890779404,BRZ,BRZ,,,,,,,,,948.7,,1015.2,,,4.2,258.0,2.5,9.0,15.1,4.1,14.8,,,0.0,,,,,,,,
931d9d63-4823-45cb-940f-26620aa25be9,8.425244 46.779006,2023-04-16 07:30:00+02:00,2,EXPLOSIVE,SLAB,2,DRY,N,0,46.822929340167356,8.389148347827891,0,759.3475952148438,1092.81005859375,-742.56591796875,1321.2259332500432,235.80383886394895,ENG,ENG,0.4,0.3,0.5,0.4,0.1,96.9,6.1,0.0,899.4,,1018.4,,1488.0,2.5,94.0,1.4,5.0,9.0,2.3,8.3,0.0,,1.3,0.0,49.0,319.0,,,,0.0,0.026
a9add040-dd0c-11ed-8f1e-7bb69ddca4ec,8.245886 46.75731,2023-04-19 12:15:00+02:00,0,NATURAL,FULL_DEPTH,2,WET,S,0,46.74237648280965,8.221068883677235,0,658.7310180664062,44.05517578125,-922.74169921875,923.7927808714587,182.73344136579664,MER,MER,13.9,13.3,14.3,21.2,21.0,60.5,9.6,6.4,948.0,1016.1,1017.0,,,8.5,280.0,4.3,15.5,30.6,8.2,29.5,0.0,,0.0,,892.0,,,,138.0,60.0,0.463
ab2a9319-7f29-4629-a314-d5965080c33e,8.421443 46.780432,2023-05-04 07:30:00+02:00,4,EXPLOSIVE,SLAB,2,DRY,N,1,46.807612362185665,8.380079843897024,0,748.2716674804688,537.34130859375,-1080.06591796875,1206.3490660165166,206.45070712669843,ENG,ENG,8.0,5.6,10.2,7.3,2.0,63.7,6.9,1.5,902.0,,1021.3,,1524.3,3.6,94.0,1.5,5.4,13.0,3.5,12.6,0.0,,0.0,0.0,248.0,268.0,,,,32.0,0.124
48001904-f349-4f12-8b6b-34916e483022,8.424677 46.77918,2023-04-13 07:30:00.000 +0200,2,EXPLOSIVE,SLAB,2,DRY,N,211,46.77918,8.424677,1,763.7684936523438,968.115234375,-818.37158203125,1267.6668147842681,229.7913426430641,TIT,TIT,-13.5,-13.7,-13.0,,,100.0,2.2,-13.5,683.5,,1001.1,2915.8,,10.2,306.0,5.7,20.5,36.7,9.9,35.6,,,,,127.0,,,,,,0.019
6e6f00b6-dfe0-4527-9b3f-7c45ffdf4fee,8.379219 46.783826,2023-04-02 07:00:00+02:00,4,EXPLOSIVE,SLAB,2,DRY,N,38,46.739828897381024,8.399524923263545,0,735.5123291015625,1927.44140625,-1353.40576171875,2355.1512754769037,234.92433734606365,TIT,TIT,-11.8,-11.9,-11.7,,,95.3,2.4,-12.4,688.8,,1008.4,2974.4,,8.9,313.0,5.2,18.7,32.0,8.8,31.7,,,,,127.0,,,,,,0.022
acaee50d-c93e-4865-b666-dcf8ca1d9f21,8.226812 46.595085,2023-04-21 12:00:00+02:00,7,PERSON,SLAB,1,DRY,NW,181,46.59102046567521,8.2080325013128,0,667.7979736328125,728.173828125,-368.37158203125,816.0482500529139,243.1658755525444,GRH,GRH,1.9,1.3,2.4,,,76.3,5.4,-1.8,799.3,,1013.9,,1461.9,10.7,152.0,7.0,25.2,38.5,10.2,36.7,,,0.0,186.0,555.0,311.0,,,,0.0,0.188
40432ba0-e72a-11ed-8f49-75cb9dad9a7e,7.996764 46.557888,2023-04-29 12:00:00.000 +0200,7,NATURAL,SLAB,3,DRY,S,321,46.557888,7.996764,1,636.23876953125,-1407.12890625,701.5869140625,1572.3345562532368,63.499402519328505,JUN,JUN,-5.4,-5.5,-5.3,,,87.5,3.6,-7.1,657.1,,1021.7,3076.0,,7.0,314.0,4.4,15.8,25.2,6.5,23.4,,,,,974.0,244.0,,,,36.0,0.263
ff002b7f-49f5-4ba6-971a-c1b18578a2b6,8.389256 46.787371,2023-04-15 08:30:00+02:00,2,EXPLOSIVE,SLAB,1,DRY,N,72,46.79306189582441,8.396889829440198,0,752.2962036132812,-1627.40478515625,764.208984375,1797.9048102024003,64.8458356681609,ENG,ENG,1.5,0.8,2.3,2.6,1.4,93.9,6.4,0.7,889.0,,1006.9,,1396.9,2.5,108.0,1.0,3.6,9.0,2.3,8.3,0.0,,0.4,0.0,141.0,320.0,,,,0.0,0.06
f7fca170-d124-11ed-9f3d-c1122c0370be,8.243319 46.765333,2023-04-04 12:00:00+02:00,10,NATURAL,SLAB,3,WET,SW,79,46.74878342532339,8.258892441817151,0,684.5872802734375,1010.41259765625,-1041.7236328125,1451.2483401067245,224.12586165286183,MER,MER,5.2,4.8,5.5,12.0,11.7,54.3,4.8,-3.3,949.9,1020.4,1019.1,,,11.9,332.0,4.8,17.3,42.8,11.2,40.3,0.0,,0.0,,847.0,,,,134.0,60.0,0.327
f4bbdd10-e717-11ed-acf0-f7b342f82229,7.841373 46.562945,2023-05-02 12:00:00+02:00,7,NATURAL,UNKNOWN,3,UNKNOWN,NW,132,46.57759780566947,7.8448871691555295,0,666.7265625,-20.654296875,-156.33544921875,157.69392081443405,172.47393954913161,INT,INT,13.9,13.3,14.4,26.4,23.8,63.0,10.0,7.0,953.7,1021.0,1021.9,,,4.6,32.0,2.1,7.6,16.6,4.4,15.8,0.0,,0.0,,720.0,,,,391.0,28.0,0.395
bafec949-69be-4d29-96df-732ded5d7686,8.389718 46.787228,2023-04-02 08:00:00+02:00,3,EXPLOSIVE,SLAB,1,DRY,N,0,46.82538704724078,8.411488336497657,0,769.2783813476562,15.380859375,-852.20947265625,852.34825987982,181.03397426100716,ENG,ENG,3.3,2.8,3.9,5.0,3.2,85.5,6.6,1.1,894.9,,1013.4,,1452.4,2.7,99.0,1.3,4.7,9.7,2.5,9.0,0.0,,0.0,0.0,258.0,285.0,,,,3.0,0.1
5f7c51f6-7065-4c64-860a-51df7287e4b5,8.42359 46.779392,2023-05-17 07:00:00.000 +0200,4,EXPLOSIVE,SLAB,2,DRY,N,102,46.779392,8.42359,1,763.22314453125,604.35791015625,-1931.72607421875,2024.0588206336824,197.3727625092364,TIT,TIT,-7.2,-7.3,-7.0,,,93.9,3.3,-8.0,694.2,,1015.8,3033.2,,23.4,50.0,12.0,43.2,84.2,21.1,76.0,,,,,147.0,,,,,,0.03
c1bf9390-dd0b-11ed-8f1e-7bb69ddca4ec,8.237684 46.748368,2023-04-18 12:00:00+02:00,7,NATURAL,SLAB,2,DRY,NW,7,46.7891494413243,8.195400382639624,0,671.56591796875,203.57666015625,679.6142578125,709.4497839751651,343.3245514576382,GIH,GIH,14.3,13.8,14.9,,,58.9,9.6,6.4,962.2,1017.2,1017.9,,,4.1,43.0,1.8,6.5,14.8,3.9,14.0,0.0,,0.0,,862.0,,,,128.0,60.0,0.468
11290122-2f71-4b65-840e-5b583a64fdd5,8.389124 46.787453,2023-04-15 07:00:00+02:00,4,EXPLOSIVE,SLAB,2,WET,N,219,46.763440479162924,8.382124784939029,0,737.875,-3531.6650390625,-4962.85400390625,6091.188538555068,144.56359320764852,TIT,TIT,-9.0,-9.1,-8.8,,,97.9,3.0,-9.3,685.0,,1003.1,2929.2,,13.6,300.0,9.7,34.9,49.0,13.3,47.9,,,,,147.0,,,,,,0.023
50fbf8f0-dd0c-11ed-8f1e-7bb69ddca4ec,8.23687 46.747556,2023-04-18 12:00:00+02:00,5,NATURAL,SLAB,2,DRY,N,83,46.74876388069571,8.245319416179122,0,672.449462890625,853.08837890625,-765.19775390625,1145.987515118757,228.1087328891552,MER,MER,14.6,13.7,15.7,22.4,22.0,50.9,8.5,4.5,947.4,1015.3,1016.4,,,7.5,294.0,2.8,10.1,27.0,7.3,26.3,0.0,,0.0,,876.0,,,,114.0,60.0,0.485
e5f438a3-68c9-465f-a6d1-9ab6a2ebaf71,8.384832 46.783436,2023-04-01 08:00:00+02:00,3,EXPLOSIVE,SLAB,1,DRY,N,198,46.75656620238238,8.348999180214538,0,717.904052734375,-481.97021484375,1203.11279296875,1296.0616037062423,21.83117165093607,TIT,TIT,-10.5,-10.6,-10.3,,,95.9,2.7,-11.1,686.2,,1004.9,2944.5,,24.1,280.0,14.1,50.8,86.8,23.6,85.0,,,,,202.0,,,,,,0.026
11f734d7-e1b6-4c3b-8fe6-abdd0b39cea0,8.385873 46.778735,2023-04-15 08:00:00+02:00,4,EXPLOSIVE,SLAB,2,DRY,NE,103,46.78023957648118,8.370702726399593,0,735.4903564453125,-831.884765625,-1352.52685546875,1587.8794532467336,148.4060023951442,TIT,TIT,-8.8,-8.9,-8.7,,,97.5,3.1,-9.1,685.0,,1003.2,2929.3,,13.4,306.0,10.3,37.1,48.2,12.9,46.4,,,,,285.0,,,,,,0.043
48001904-f349-4f12-8b6b-34916e483022,8.424677 46.77918,2023-04-16 07:30:00+02:00,2,EXPLOSIVE,SLAB,2,DRY,N,162,46.76841646327648,8.421930853986797,0,759.9896850585938,-2580.46875,1165.10009765625,2831.303093503973,65.70048357124881,TIT,TIT,-9.6,-9.8,-9.5,,,97.1,2.9,-10.0,692.5,,1013.4,3014.3,,8.1,12.0,2.5,9.0,29.2,7.6,27.4,,,,,150.0,,,,,,0.035
6e6f00b6-dfe0-4527-9b3f-7c45ffdf4fee,8.379219 46.783826,2023-04-04 07:00:00+02:00,4,EXPLOSIVE,SLAB,2,DRY,N,109,46.7911912178282,8.35852298728704,0,733.2042236328125,512.1826171875,-980.419921875,1106.1438679296732,207.58308316141705,ENG,ENG,-3.7,-3.9,-3.3,-3.3,-3.4,89.3,4.2,-5.2,898.6,,1017.6,,1474.4,5.4,231.0,3.3,11.9,19.4,5.2,18.7,0.0,,0.0,0.0,44.0,289.0,,,,0.0,0.023
ff002b7f-49f5-4ba6-971a-c1b18578a2b6,8.389256 46.787371,2023-04-15 08:30:00+02:00,2,EXPLOSIVE,SLAB,1,DRY,N,0,46.830645834848845,8.373890981787216,0,750.1956787109375,818.15185546875,366.39404296875,896.4469049140304,294.1243309585553,ENG,ENG,1.5,0.8,2.3,2.6,1.4,93.9,6.4,0.7,889.0,,1006.9,,1396.9,2.5,108.0,1.0,3.6,9.0,2.3,8.3,0.0,,0.4,0.0,141.0,320.0,,,,0.0,0.06
9312b9e3-9422-40e1-8539-92240b8f9de8,8.390152 46.787449,2023-04-13 07:30:00+02:00,2,EXPLOSIVE,LOOSE_SNOW,1,DRY,N,88,46.78954640800445,8.38260134809866,0,744.6061401367188,-1178.72314453125,-86.24267578125,1181.873957145832,94.18465701123779,ENG,ENG,1.0,0.8,1.2,1.0,0.8,91.4,6.0,-0.3,890.0,,1008.0,,1405.3,3.7,153.0,1.1,4.0,13.3,3.4,12.2,0.0,,0.2,0.0,55.0,301.0,,,,0.0,0.03
839994f8-5b6d-44ab-8e1c-fd57876e2bd9,8.4215 46.780442,2023-04-04 07:00:00+02:00,4,EXPLOSIVE,SLAB,2,DRY,E,0,46.81448351383826,8.381534151014183,0,752.3413696289062,591.7236328125,-2425.5615234375,2496.6949276211676,193.70970912343816,ENG,ENG,-3.7,-3.9,-3.3,-3.3,-3.4,89.3,4.2,-5.2,898.6,,1017.6,,1474.4,5.4,231.0,3.3,11.9,19.4,5.2,18.7,0.0,,0.0,0.0,44.0,289.0,,,,0.0,0.023
367958a0-d439-11ed-a920-a702e6e7f311,8.242864 46.759718,2023-04-06 15:00:00+02:00,2,NATURAL,FULL_DEPTH,1,WET,S,149,46.76273682885137,8.251937751667118,0,675.2432250976562,-1435.14404296875,94.2626953125,1438.236378275931,86.24211374973062,MER,MER,11.2,10.9,11.4,12.2,11.4,35.6,4.7,-3.5,948.6,1017.4,1017.7,,,9.1,285.0,5.3,19.1,32.8,8.8,31.7,0.0,,0.0,,297.0,,,,276.0,0.0,0.24
10ab716e-5fe3-4dac-9343-2f5c3d5e2a92,8.244594 46.61198,2023-05-11 12:00:00+02:00,7,NATURAL,SLAB,4,WET,NW,139,46.58626206766159,8.23430641372375,0,675.6179809570312,-577.33154296875,-575.4638671875,815.1505216492659,134.90717360149534,GRH,GRH,0.7,0.4,0.9,,,93.0,6.0,-0.3,799.7,,1014.4,,1468.0,7.9,351.0,4.2,15.1,28.4,7.7,27.7,,,0.2,113.0,511.0,313.0,,,,0.0,0.167
63723fcc-14a3-472f-a9d8-8ce81f021fe4,8.42184 46.780304,2023-05-01 07:30:00+02:00,2,EXPLOSIVE,LOOSE_SNOW,1,WET,N,2,46.73795620391541,8.38068070430081,0,724.9405517578125,-1330.33447265625,1896.240234375,2316.3585291573795,35.0521292849195,TIT,TIT,-4.5,-4.6,-4.4,,,97.0,4.3,-4.9,694.7,,1016.3,3037.3,,6.1,242.0,4.1,14.8,22.0,6.0,21.6,,,,,150.0,,,,,,0.043
a9add040-dd0c-11ed-8f1e-7bb69ddca4ec,8.245886 46.75731,2023-04-19 12:15:00+02:00,0,NATURAL,FULL_DEPTH,2,WET,S,90,46.79857647545893,8.261051128179176,0,688.5036010742188,252.35595703125,68.994140625,261.61750799543285,285.29099318740225,GIH,GIH,12.6,12.2,13.0,,,75.3,11.0,8.3,962.8,1018.2,1018.5,,,2.5,39.0,1.3,4.7,9.0,2.5,9.0,0.0,,0.0,,445.0,,,,438.0,0.0,0.245
40432ba0-e72a-11ed-8f49-75cb9dad9a7e,7.996764 46.557888,2023-04-29 12:00:00+02:00,7,NATURAL,SLAB,3,DRY,S,187,46.57366994451785,8.020899641397627,0,617.4100341796875,-230.60302734375,816.943359375,848.8664256801612,15.763068613563206,JUN,JUN,-5.4,-5.5,-5.3,,,87.5,3.6,-7.1,657.1,,1021.7,3076.0,,7.0,314.0,4.4,15.8,25.2,6.5,23.4,,,,,974.0,244.0,,,,36.0,0.263
b1c2736c-200d-4a78-a75a-d1aa12bb81e8,7.992735 46.584254,2023-06-06 08:00:00+02:00,3,EXPLOSIVE,UNKNOWN,0,UNKNOWN,,128,46.56554787903444,8.017677379838718,0,622.0149536132812,-385.83984375,1745.2880859375,1787.4291280888333,12.466163513256078,JUN,JUN,-5.0,-5.1,-4.9,,,82.0,3.4,-7.6,659.6,,1025.3,3106.0,,8.0,311.0,5.9,21.2,28.8,7.8,28.1,,,,,689.0,179.0,,,,60.0,0.173
ad918400-77b8-4908-b8c3-86205d723ff7,8.426238 46.77793,2023-04-27 07:30:00+02:00,2,EXPLOSIVE,SLAB,2,DRY,NE,82,46.78201473723819,8.397713912847976,0,746.3427734375,-685.546875,-253.23486328125,730.8231070535052,110.27377745368564,TIT,TIT,-7.2,-7.3,-7.1,,,89.9,3.2,-8.6,696.2,,1018.4,3055.0,,8.5,238.0,4.7,16.9,30.6,8.4,30.2,,,,,272.0,,,,,,0.062
be39a3d6-d2cf-47e2-870e-49c1b9134b29,8.422461 46.779843,2023-05-18 07:00:00+02:00,4,EXPLOSIVE,SLAB,2,DRY,N,113,46.76204899977871,8.380693428028621,0,733.564208984375,-151.611328125,-1811.6455078125,1817.9783939291021,175.21623031368551,TIT,TIT,-2.3,-2.5,-2.0,,,76.5,4.0,-5.8,696.9,,1019.4,3062.9,,2.7,248.0,1.9,6.8,9.7,2.7,9.7,,,,,457.0,,,,,,0.152
74720590-2505-48bc-ad7b-327442e7d8ae,8.216759 46.608474,2023-04-24 12:00:00+02:00,7,PERSON,SLAB,1,DRY,N,112,46.58935816811367,8.239722388976523,0,679.7330322265625,-1395.263671875,-651.26953125,1539.7768398013727,115.02183285458679,GRH,GRH,-0.3,-0.8,0.1,,,92.7,5.5,-1.4,797.8,,1012.1,,1450.7,9.5,340.0,4.4,15.8,34.2,8.8,31.7,,,0.2,177.0,631.0,309.0,,,,0.0,0.191
8d0101b0-de65-11ed-ad4d-6fea2397c693,7.846102 46.562407,2023-04-21 12:00:00+02:00,7,NATURAL,FULL_DEPTH,2,WET,S,0,46.538009891078474,7.879168790949369,0,665.2293090820312,-468.45703125,-124.25537109375,484.65594742374617,104.85528387886993,JUN,JUN,-7.2,-7.6,-6.4,,,87.4,3.1,-9.0,651.0,,1012.9,3005.5,,14.3,151.0,10.7,38.5,51.5,14.1,50.8,,,,,576.0,271.0,,,,0.0,0.11
8d0101b0-de65-11ed-ad4d-6fea2397c693,7.846102 46.562407,2023-04-20 12:00:00+02:00,7,NATURAL,FULL_DEPTH,2,WET,S,53,46.55576815776721,7.86341772338419,0,673.0804443359375,783.43505859375,-295.3125,837.245462030128,249.34627961508596,INT,INT,5.8,5.5,5.9,6.7,5.8,93.2,8.6,4.8,943.1,1011.8,1010.7,,,6.3,299.0,2.0,7.2,22.7,5.9,21.2,0.0,,1.2,,79.0,,,,79.0,0.0,0.049
5dfb93d0-d046-11ed-b49c-43d9bede54f5,8.263448 46.782775,2023-04-04 05:45:00+02:00,0,EXPLOSIVE,SLAB,2,DRY,NW,0,46.80532302332296,8.226298488384957,0,689.32763671875,602.16064453125,622.705078125,866.2326801413999,315.960920817737,GIH,GIH,1.1,0.8,1.3,,,79.5,5.2,-2.1,964.7,1022.6,1020.5,,,5.2,78.0,2.4,8.6,18.7,4.9,17.6,0.0,,0.0,,5.0,,,,6.0,0.0,0.026
c8a8b700-feb1-11ed-b35a-bf420b8ac344,8.01247 46.561817,2023-05-30 12:00:00+02:00,6,PERSON,SLAB,2,DRY,SE,106,46.52386243468552,7.992819918224684,0,652.321044921875,-1242.333984375,1048.64501953125,1625.7460151329783,49.83253328484443,JUN,JUN,-1.2,-1.7,-0.7,,,74.1,4.2,-5.2,661.1,,1027.4,3117.5,,3.9,308.0,1.2,4.3,14.0,3.8,13.7,,,,,1082.0,212.0,,,,60.0,0.443
8d0101b0-de65-11ed-ad4d-6fea2397c693,7.846102 46.562407,2023-04-20 12:00:00+02:00,7,NATURAL,FULL_DEPTH,2,WET,S,56,46.52959349372862,7.872326853263544,0,670.613037109375,-1074.35302734375,-1519.4091796875,1860.8704099644667,144.7364023954601,JUN,JUN,-9.0,-9.4,-8.8,,,89.8,2.8,-10.4,647.0,,1007.3,2961.7,,8.2,138.0,3.7,13.3,29.5,8.1,29.2,,,,,525.0,269.0,,,,0.0,0.13
8d0101b0-de65-11ed-ad4d-6fea2397c693,7.846102 46.562407,2023-04-18 12:00:00+02:00,7,NATURAL,FULL_DEPTH,2,WET,S,136,46.579140463055296,7.809674204390841,0,656.2433471679688,2166.17431640625,-192.15087890625,2174.6800061899976,264.9308356368585,INT,INT,13.4,13.2,13.7,26.5,25.8,55.5,8.5,4.7,948.9,1016.0,1016.8,,,6.5,306.0,2.9,10.4,23.4,6.2,22.3,0.0,,0.0,,909.0,,,,150.0,60.0,0.48
0d183e05-ccd5-4337-8515-db8621df2658,8.421449 46.780606,2023-04-15 07:30:00+02:00,2,EXPLOSIVE,SLAB,2,DRY,N,70,46.79157441783403,8.394462051648516,0,750.7528686523438,-210.38818359375,-759.5947265625,788.192448845735,164.51863842603447,ENG,ENG,0.5,0.3,0.7,0.3,0.2,96.3,6.1,-0.1,889.2,,1007.1,,1397.6,1.8,90.0,0.9,3.2,6.5,1.6,5.8,0.0,,1.3,0.0,49.0,316.0,,,,0.0,0.027
ff002b7f-49f5-4ba6-971a-c1b18578a2b6,8.389256 46.787371,2023-04-17 08:30:00+02:00,2,EXPLOSIVE,SLAB,1,DRY,N,39,46.75822165149555,8.397586274146438,0,747.9197387695312,1229.8095703125,-1913.1591796875,2274.3371838966104,212.73356331724295,TIT,TIT,-9.6,-9.7,-9.4,,,91.6,2.7,-10.7,694.0,,1015.4,3030.7,,16.1,31.0,6.3,22.7,58.0,15.2,54.7,,,,,296.0,,,,,,0.057
8cc2e1b0-ecd3-11ed-8adc-7d70564ee41a,8.023437 46.573593,2023-05-06 12:00:00+02:00,10,NATURAL,SLAB,4,WET,,0,46.61653485781414,8.05759625689081,0,621.5488891601562,305.96923828125,-546.8994140625,626.670682157953,209.2253387141024,JUN,JUN,-2.9,-3.2,-2.5,,,70.1,3.5,-7.6,659.9,,1025.6,3105.1,,12.0,312.0,4.9,17.6,43.2,11.6,41.8,,,,,1034.0,211.0,,,,60.0,0.32
146fb98c-e881-4676-9e59-446d1d57d1c2,8.034003 46.784284,2023-04-20 10:30:00+02:00,4,EXPLOSIVE,SLAB,2,DRY,S,0,46.74557803256119,7.99145940200328,0,613.540771484375,-33.28857421875,-617.6513671875,618.5477674053194,176.91500512154576,BRZ,BRZ,,,,,,,,,944.5,,1010.8,,,5.0,258.0,1.5,5.4,18.0,4.9,17.6,,,0.5,,,,,,,,
8cb21b8c-4e00-4409-bc59-db5c053ba65d,8.42279 46.779714,2023-04-14 06:30:00+02:00,5,EXPLOSIVE,SLAB,2,DRY,N,114,46.7858577142819,8.404032192248728,0,749.913330078125,-208.740234375,-1284.08203125,1300.937795755837,170.76677059703218,TIT,TIT,-13.5,-13.9,-13.1,,,100.0,2.2,-13.5,684.5,,1002.4,2926.6,,9.8,323.0,2.1,7.6,35.3,9.6,34.6,,,,,25.0,,,,,,0.008
33f93161-2ec3-46b0-ab16-f598e280759a,8.383072 46.779972,2023-04-12 08:00:00+02:00,4,EXPLOSIVE,SLAB,2,DRY,NE,83,46.76990541134243,8.36712814854648,0,728.21142578125,-3602.96630859375,-1007.666015625,3741.224000231373,105.62507222151686,TIT,TIT,-4.5,-4.7,-4.3,,,96.7,4.2,-5.0,689.8,,1009.7,2982.1,,21.3,256.0,9.9,35.6,76.7,20.0,72.0,,,,,216.0,,,,,,0.045
2f93ceb4-a841-42da-a6c1-1933628dbb83,8.385941 46.778747,2023-04-01 07:00:00+02:00,4,EXPLOSIVE,SLAB,2,DRY,NE,0,46.73412311333642,8.343373686440932,0,707.5760498046875,25.15869140625,338.70849609375,339.64158326000774,355.7519679264417,TIT,TIT,-10.8,-10.8,-10.6,,,97.0,2.6,-11.1,686.0,,1004.5,2941.7,,25.3,286.0,14.5,52.2,91.1,24.5,88.2,,,,,91.0,,,,,,0.013
2ed09558-7716-4dda-935c-3c151ebe5b3b,8.238855 46.748629,2023-04-19 08:30:00+02:00,4,EXPLOSIVE,SLAB,1,DRY,NW,0,46.741788247012856,8.212865852133826,0,657.77099609375,-472.74169921875,-147.98583984375,495.3630214039913,107.38207252629803,MER,MER,9.4,8.6,10.3,16.9,14.9,72.3,8.5,4.6,950.1,1019.5,1019.3,,,2.6,330.0,1.0,3.6,9.4,2.5,9.0,0.0,,0.0,,484.0,,,,83.0,60.0,0.219
ad1f7e7f-180e-4f38-9562-d610574cd4c5,8.239483 46.749076,2023-04-01 06:30:00+02:00,2,EXPLOSIVE,SLAB,1,DRY,N,0,46.72018933424524,8.238037902471666,0,668.0343017578125,-977.89306640625,-493.7255859375,1095.4632826045545,116.78862076439233,MER,MER,5.3,5.1,5.6,4.1,3.9,86.6,7.7,3.3,940.6,1010.5,1009.2,,,2.3,90.0,0.9,3.2,8.3,2.2,7.9,0.0,,0.0,,13.0,,,,10.0,0.0,0.016
a7ed94b7-52d1-4b17-9928-83b4745ca8bf,8.307745 46.608205,2023-05-04 12:00:00+02:00,7,NATURAL,UNKNOWN,3,WET,,173,46.59390440788105,8.270835304695536,0,678.4269409179688,-1251.89208984375,-322.7783203125,1292.8339602118715,104.45782358562289,GRH,GRH,10.1,9.2,11.0,,,35.6,4.4,-4.6,807.6,,1024.0,,1533.2,5.4,174.0,2.3,8.3,19.4,5.2,18.7,,,0.0,147.0,1007.0,257.0,,,,60.0,0.533
b1c2736c-200d-4a78-a75a-d1aa12bb81e8,7.992735 46.584254,2023-06-08 08:00:00+02:00,3,EXPLOSIVE,UNKNOWN,0,UNKNOWN,,2,46.606576711552684,7.950128808078585,0,646.5170288085938,238.8427734375,1126.20849609375,1151.2564645191196,348.0262987701134,JUN,JUN,-1.7,-2.0,-1.4,,,76.6,4.1,-5.3,659.5,,1025.0,3098.1,,4.3,120.0,3.1,11.2,15.5,4.3,15.5,,,,,644.0,221.0,,,,54.0,0.222
1a787419-5802-4808-a192-fbe672afe523,8.389757 46.787324,2023-04-19 08:30:00+02:00,4,EXPLOSIVE,LOOSE_SNOW,2,DRY,N,101,46.807545894463004,8.346779749685982,0,731.3145141601562,127.2216796875,-1011.62109375,1019.5894237890344,187.16789896435745,ENG,ENG,7.0,5.8,8.3,15.6,12.7,76.2,7.6,3.1,900.1,,1019.2,,1505.6,4.8,204.0,1.9,6.8,17.3,4.1,14.8,0.0,,0.0,0.0,545.0,295.0,,,,55.0,0.227
8b4032b5-5847-4489-a91a-a268f821bb88,8.425022 46.770122,2023-05-17 09:30:00+02:00,2,EXPLOSIVE,SLAB,2,DRY,S,0,46.808550047592014,8.38968603551036,0,754.350830078125,933.1787109375,503.50341796875,1060.3481496438742,298.3494058832316,ENG,ENG,4.4,4.3,4.5,6.4,6.3,92.8,7.7,3.3,901.0,,1020.2,,1508.6,5.4,252.0,2.4,8.6,19.4,5.2,18.7,0.0,,0.0,0.0,128.0,327.0,,,,0.0,0.063
146fb98c-e881-4676-9e59-446d1d57d1c2,8.034003 46.784284,2023-04-21 10:30:00+02:00,4,EXPLOSIVE,SLAB,2,DRY,S,0,46.80588085947295,8.001175111477789,0,603.8766479492188,-46.8017578125,1427.1240234375,1427.8912363365698,1.8783108266034816,FLU,FLU,8.2,7.7,8.7,,,75.1,8.2,4.1,,,,,,6.0,335.0,3.1,11.2,21.6,5.8,20.9,,,0.0,,,,,,,,
b1c2736c-200d-4a78-a75a-d1aa12bb81e8,7.992735 46.584254,2023-06-07 08:00:00+02:00,3,EXPLOSIVE,UNKNOWN,0,UNKNOWN,,0,46.619485603608915,7.988890766043968,0,615.2539672851562,888.3544921875,18.34716796875,888.5439338390559,271.18316040990135,JUN,JUN,-2.9,-3.3,-2.6,,,67.5,3.4,-8.1,660.4,,1026.4,3111.4,,1.9,360.0,0.2,0.7,6.8,1.7,6.1,,,,,676.0,195.0,,,,60.0,0.263
26d0ed0c-b5fc-4983-9f76-b0f25e82ece7,8.388771 46.786265,2023-04-16 08:30:00.000 +0200,4,EXPLOSIVE,LOOSE_SNOW,1,DRY,NW,122,46.786265,8.388771,1,745.5567626953125,1001.2939453125,-1150.927734375,1525.5242425713996,221.02289546196127,TIT,TIT,-9.5,-9.6,-9.3,,,94.1,2.8,-10.3,692.7,,1013.7,3017.0,,7.6,16.0,3.6,13.0,27.4,7.1,25.6,,,,,249.0,,,,,,0.057
729aca22-4176-463d-b386-a7be12b79b0f,8.424589 46.778965,2023-04-26 07:00:00+02:00,3,EXPLOSIVE,SLAB,2,DRY,N,0,46.80752236640155,8.398164677970463,0,757.943603515625,594.140625,1734.3017578125,1833.250029163212,341.08946130742737,ENG,ENG,0.6,-0.3,2.6,0.4,-2.2,89.2,5.7,-1.0,898.0,,1016.9,,1475.9,4.9,96.0,1.9,6.8,17.6,4.7,16.9,0.0,,0.0,0.0,232.0,233.0,,,,31.0,0.076
f7fca170-d124-11ed-9f3d-c1122c0370be,8.243319 46.765333,2023-04-02 12:00:00+02:00,10,NATURAL,SLAB,3,WET,SW,3,46.787377324330826,8.205309172202586,0,675.9412231445312,92.39501953125,-679.28466796875,685.5395683486074,187.74572956248687,GIH,GIH,11.2,10.7,11.8,,,70.4,9.4,6.0,960.3,1015.8,1015.9,,,4.1,54.0,1.7,6.1,14.8,3.9,14.0,0.0,,0.0,,436.0,,,,377.0,1.0,0.231
a8219770-e77f-11ed-991c-c3bbd7ca6c9a,7.788493 46.554381,2023-05-02 15:11:00+02:00,0,NATURAL,SLAB,3,WET,NW,40,46.576220457248,7.790304343155602,0,649.9683227539062,1352.96630859375,164.46533203125,1362.9257784743627,276.93081741396054,INT,INT,15.6,15.3,16.3,21.1,17.0,52.6,9.3,6.0,953.2,1020.1,1021.4,,,4.7,315.0,1.8,6.5,16.9,4.5,16.2,0.0,,0.0,,464.0,,,,273.0,22.0,0.281
b6bd2020-dd0b-11ed-8f1e-7bb69ddca4ec,8.237321 46.747742,2023-04-16 12:00:00+02:00,7,NATURAL,SLAB,2,DRY,N,115,46.78893352123342,8.256012323164446,0,682.9822387695312,-680.16357421875,58.6669921875,682.6890241291076,85.07019749219583,GIH,GIH,7.2,7.0,7.3,,,99.3,10.1,7.1,965.4,1022.1,1021.2,,,1.0,63.0,0.3,1.1,3.6,1.0,3.6,0.0,,0.2,,119.0,,,,109.0,0.0,0.069
8b5b35b0-dd0c-11ed-8f1e-7bb69ddca4ec,8.229566 46.753026,2023-04-19 12:30:00+02:00,0,NATURAL,FULL_DEPTH,2,WET,SE,13,46.75208750094665,8.214047841929348,0,659.2787475585938,1084.89990234375,-209.3994140625,1104.9234872674201,259.075526969321,MER,MER,13.9,13.3,14.3,21.2,21.0,60.5,9.6,6.4,948.0,1016.1,1017.0,,,8.5,280.0,4.3,15.5,30.6,8.2,29.5,0.0,,0.0,,892.0,,,,138.0,60.0,0.463
a94851d0-e58a-11ed-94a2-bf37c1703856,7.5461 46.68465,2023-04-28 12:00:00+02:00,7,NATURAL,SLAB,2,UNKNOWN,SW,0,46.651657577896486,7.512661858132678,0,552.7485961914062,-148.64501953125,-647.86376953125,664.6975294844161,167.07778368379917,THU,THU,17.0,16.7,17.4,,,71.8,13.9,11.9,950.1,1015.4,1017.0,,,2.4,257.0,1.0,3.6,8.6,2.3,8.3,,,0.0,,216.0,,,,,0.0,0.154
dda75b80-ddc2-11ed-b3b1-431b3c02902e,8.263291 46.74286,2023-04-17 14:30:00.000 +0200,1,SNOW_GROOMER,SLAB,3,DRY,SE,127,46.74286,8.263291,1,686.8361206054688,-379.248046875,-98.6572265625,391.8702966690722,104.58167844827773,MER,MER,11.6,11.1,12.1,14.3,13.0,57.1,7.8,3.4,948.8,1017.6,1017.9,,,13.4,336.0,6.0,21.6,48.2,13.2,47.5,0.0,,0.0,,451.0,,,,342.0,10.0,0.264
f4bf91bd-2855-4c53-b901-3cb18add524d,8.420301 46.78111,2023-04-16 08:00:00+02:00,4,EXPLOSIVE,SLAB,2,DRY,N,208,46.7665353277083,8.378763698738856,0,732.999267578125,137.21923828125,-2870.83740234375,2874.114908985077,182.736520059966,TIT,TIT,-9.5,-9.6,-9.3,,,94.1,2.8,-10.3,692.7,,1013.7,3017.0,,7.6,16.0,3.6,13.0,27.4,7.1,25.6,,,,,249.0,,,,,,0.057
23b16de7-0279-40fb-918f-75ed3769abf5,8.426264 46.778244,2023-05-19 07:00:00+02:00,4,EXPLOSIVE,SLAB,2,DRY,NE,0,46.81974611207096,8.393586346844598,0,759.2543334960938,2410.6201171875,2257.91015625,3302.9150190530145,313.1264943986878,ENG,ENG,6.7,6.6,6.8,9.1,8.2,91.1,8.9,5.3,900.3,,1019.4,,1507.1,3.3,229.0,1.9,6.8,11.9,3.1,11.2,0.0,,0.0,0.0,162.0,315.0,,,,0.0,0.076
63723fcc-14a3-472f-a9d8-8ce81f021fe4,8.42184 46.780304,2023-04-30 07:30:00+02:00,2,EXPLOSIVE,LOOSE_SNOW,1,WET,N,0,46.805394331167506,8.399587461239685,0,760.1615600585938,756.298828125,-695.654296875,1027.5810518805313,227.39171443392578,ENG,ENG,8.3,7.8,8.8,8.8,8.4,89.4,9.7,6.6,898.5,,1017.4,,1493.5,1.6,104.0,0.5,1.8,5.8,1.5,5.4,0.0,,0.0,0.0,98.0,341.0,,,,0.0,0.057
27d50482-68af-45c1-b95c-82786dd48176,7.97274 46.575625,2023-04-04 08:00:00+02:00,3,EXPLOSIVE,LOOSE_SNOW,1,DRY,N,1,46.60809346247224,7.984496550754057,0,621.2271728515625,-414.1845703125,-1164.990234375,1236.4267485274117,160.42836652477678,JUN,JUN,-14.1,-14.2,-13.9,,,32.8,0.7,-27.1,647.7,,1008.2,2981.0,,12.1,106.0,4.4,15.8,43.6,11.9,42.8,,,,,488.0,121.0,,,,60.0,0.102
bafec949-69be-4d29-96df-732ded5d7686,8.389718 46.787228,2023-04-02 08:00:00+02:00,3,EXPLOSIVE,SLAB,1,DRY,N,100,46.78694719687232,8.382145024637442,0,743.5394287109375,1695.1904296875,-893.07861328125,1916.0532357960337,242.2183550293477,ENG,ENG,3.3,2.8,3.9,5.0,3.2,85.5,6.6,1.1,894.9,,1013.4,,1452.4,2.7,99.0,1.3,4.7,9.7,2.5,9.0,0.0,,0.0,0.0,258.0,285.0,,,,3.0,0.1
b2b22272-2994-46f8-ba69-aa77d0ffdafa,8.420101 46.781175,2023-04-27 00:00:00+02:00,6,NATURAL,SLAB,2,DRY,N,196,46.76809934702934,8.386703112692597,0,734.6754150390625,555.6884765625,22.96142578125,556.1626651064057,272.3661545332312,TIT,TIT,-6.3,-6.4,-6.1,,,98.1,3.8,-6.5,695.8,,1017.9,3050.7,,14.1,290.0,10.2,36.7,50.8,14.0,50.4,,,,,0.0,,,,,,0.0
a7ed94b7-52d1-4b17-9928-83b4745ca8bf,8.307745 46.608205,2023-05-03 12:00:00+02:00,7,NATURAL,UNKNOWN,3,WET,,70,46.57059752842717,8.342442380406947,0,710.269775390625,48.1201171875,-1406.9091796875,1407.73185854661,181.95890773708243,GRH,GRH,6.4,5.8,6.8,,,62.4,6.0,-0.2,807.0,,1023.2,,1533.1,5.0,6.0,2.0,7.2,18.0,4.8,17.3,,,0.0,154.0,1026.0,238.0,,,,60.0,0.475
11290122-2f71-4b65-840e-5b583a64fdd5,8.389124 46.787453,2023-04-12 07:00:00.000 +0200,4,EXPLOSIVE,SLAB,2,WET,N,57,46.787453,8.389124,1,745.9564208984375,-514.3798828125,395.7275390625,648.9891748054537,52.42785973224594,ENG,ENG,6.8,6.0,7.3,6.9,6.0,89.6,8.9,5.2,889.8,,1007.8,,1411.3,5.3,76.0,2.1,7.6,19.1,5.1,18.4,0.0,,0.0,0.0,105.0,324.0,,,,0.0,0.053
8cb21b8c-4e00-4409-bc59-db5c053ba65d,8.42279 46.779714,2023-04-14 06:30:00.000 +0200,5,EXPLOSIVE,SLAB,2,DRY,N,162,46.779714,8.42279,1,761.37451171875,-2.08740234375,-1899.31640625,1899.3175533067028,179.93703034634154,TIT,TIT,-13.5,-13.9,-13.1,,,100.0,2.2,-13.5,684.5,,1002.4,2926.6,,9.8,323.0,2.1,7.6,35.3,9.6,34.6,,,,,25.0,,,,,,0.008
6e6f00b6-dfe0-4527-9b3f-7c45ffdf4fee,8.379219 46.783826,2023-04-03 07:00:00+02:00,4,EXPLOSIVE,SLAB,2,DRY,N,67,46.75807691845684,8.384934378986562,0,731.3590087890625,-1663.5498046875,2268.56689453125,2813.146584811922,36.25275508940049,TIT,TIT,-11.1,-11.4,-10.6,,,93.9,2.5,-11.9,692.7,,1013.6,3017.2,,10.4,32.0,6.3,22.7,37.4,9.9,35.6,,,,,76.0,,,,,,0.018
37f6f440-e68a-11ed-9633-279e930b62b5,7.970158 46.5442,2023-05-01 12:00:00+02:00,7,NATURAL,SLAB,2,DRY,SE,194,46.506824375118754,7.985511523063031,0,666.2320556640625,-480.322265625,448.13232421875,656.910997673834,46.98567527649796,JUN,JUN,-6.3,-6.6,-6.0,,,94.6,3.6,-7.0,653.7,,1016.8,3036.8,,2.9,175.0,1.2,4.3,10.4,2.8,10.1,,,,,737.0,282.0,,,,0.0,0.244
c2674210-608f-480e-8889-772ed922cf40,8.384094 46.779592,2023-04-03 07:00:00+02:00,4,EXPLOSIVE,SLAB,2,DRY,NE,118,46.75589331228381,8.368950009273291,0,726.0479736328125,630.17578125,1945.78857421875,2045.2908572704969,342.0545970463861,TIT,TIT,-11.1,-11.4,-10.6,,,93.9,2.5,-11.9,692.7,,1013.6,3017.2,,10.4,32.0,6.3,22.7,37.4,9.9,35.6,,,,,76.0,,,,,,0.018
d940ed50-ecda-11ed-aeab-3b3cc7819483,7.967581 46.511291,2023-05-08 12:00:00+02:00,7,NATURAL,SLAB,3,UNKNOWN,S,256,46.5238063830884,7.972411132039214,0,665.556640625,-733.11767578125,642.041015625,974.5143366250101,48.78916151383911,JUN,JUN,-3.6,-3.9,-3.0,,,97.2,4.5,-4.0,660.7,,1026.8,3116.1,,4.1,315.0,2.3,8.3,14.8,4.0,14.4,,,,,1051.0,241.0,,,,55.0,0.353
3c08ef45-da0c-4efd-bbb0-523da6d751f9,8.422511 46.78003,2023-04-29 07:30:00+02:00,2,EXPLOSIVE,SLAB,2,DRY,N,171,46.771672797665445,8.413696954562205,0,753.292236328125,991.29638671875,-207.31201171875,1012.7422162250988,258.18784939487665,TIT,TIT,-2.8,-3.0,-2.6,,,99.3,4.9,-2.9,697.5,,1020.2,3069.6,,7.7,346.0,2.3,8.3,27.7,7.4,26.6,,,,,143.0,,,,,,0.049
8500f990-d7a6-11ed-a8d1-4961cd70d9e1,8.209308 46.504515,2023-04-08 12:00:00.000 +0200,7,NATURAL,SLAB,4,WET,S,219,46.504515,8.209308,1,685.5072631835938,-1156.201171875,134.2529296875,1163.9695008782662,83.37672982311005,ULR,ULR,7.4,6.9,7.6,13.0,11.7,41.0,4.2,-5.0,865.6,,1017.9,,1497.1,11.4,81.0,4.1,14.8,41.0,10.7,38.5,,,0.0,0.0,885.0,236.0,,,103.0,60.0,0.407
50374fe0-d439-11ed-a920-a702e6e7f311,8.245848 46.760908,2023-04-06 16:00:00+02:00,2,NATURAL,FULL_DEPTH,1,WET,SW,96,46.7425691109377,8.259441880488035,0,684.4002075195312,-164.35546875,-1028.5400390625,1041.5888498168176,170.92118061177712,MER,MER,11.0,10.9,11.1,11.5,11.1,34.5,4.6,-4.0,948.7,1017.6,1017.8,,,7.5,290.0,3.9,14.0,27.0,7.3,26.3,0.0,,0.0,,207.0,,,,202.0,0.0,0.186
367958a0-d439-11ed-a920-a702e6e7f311,8.242864 46.759718,2023-04-08 15:00:00+02:00,2,NATURAL,FULL_DEPTH,1,WET,S,91,46.76069533908029,8.233968831279409,0,668.1196899414062,1027.77099609375,91.51611328125,1031.837399691272,275.0883850558638,MER,MER,11.1,10.9,11.2,13.1,12.6,48.0,6.3,0.5,950.5,1019.5,1019.7,,,12.6,321.0,6.9,24.8,45.4,12.2,43.9,0.0,,0.0,,371.0,,,,292.0,6.0,0.249
8d0101b0-de65-11ed-ad4d-6fea2397c693,7.846102 46.562407,2023-04-20 12:00:00+02:00,7,NATURAL,FULL_DEPTH,2,WET,S,132,46.5698267534998,7.821189183945952,0,663.9830322265625,-37.90283203125,1235.41259765625,1235.9938960705883,1.7573006063528425,INT,INT,5.8,5.5,5.9,6.7,5.8,93.2,8.6,4.8,943.1,1011.8,1010.7,,,6.3,299.0,2.0,7.2,22.7,5.9,21.2,0.0,,1.2,,79.0,,,,79.0,0.0,0.049
8cb21b8c-4e00-4409-bc59-db5c053ba65d,8.42279 46.779714,2023-04-17 06:30:00+02:00,5,EXPLOSIVE,SLAB,2,DRY,N,28,46.74292890449281,8.386024339997194,0,732.2955322265625,2377.6611328125,-1619.6044921875,2876.8717687100952,235.73826810249716,TIT,TIT,-9.4,-9.4,-9.3,,,95.4,2.9,-10.0,693.7,,1015.0,3028.0,,15.7,25.0,8.0,28.8,56.5,14.6,52.6,,,,,38.0,,,,,,0.012
839994f8-5b6d-44ab-8e1c-fd57876e2bd9,8.4215 46.780442,2023-04-04 07:00:00+02:00,4,EXPLOSIVE,SLAB,2,DRY,E,26,46.74083481491615,8.40106289151132,0,737.5431518554688,89.97802734375,-1233.65478515625,1236.9317581595137,184.17154678828695,TIT,TIT,-13.3,-13.6,-13.1,,,20.2,0.5,-31.5,688.6,,1008.1,2972.7,,22.7,49.0,6.8,24.5,81.7,21.8,78.5,,,,,257.0,,,,,,0.081
9fe44fc7-c389-4ba2-9149-62bca569dc15,8.426432 46.777678,2023-05-17 07:00:00.000 +0200,4,EXPLOSIVE,SLAB,2,DRY,NE,130,46.777678,8.426432,1,762.9927978515625,-111.181640625,-1086.21826171875,1091.8935247098818,174.15575022355583,TIT,TIT,-7.2,-7.3,-7.0,,,93.9,3.3,-8.0,694.2,,1015.8,3033.2,,23.4,50.0,12.0,43.2,84.2,21.1,76.0,,,,,147.0,,,,,,0.03
9b1e09ce-808a-44b8-8176-c69307d3a01b,8.390545 46.780329,2023-04-18 08:30:00+02:00,4,EXPLOSIVE,LOOSE_SNOW,1,DRY,NW,97,46.78136329866055,8.415015935084853,0,755.2462768554688,160.94970703125,-969.10400390625,982.3784294153502,189.42966664051295,TIT,TIT,-6.1,-7.1,-5.1,,,76.1,3.0,-9.7,694.1,,1015.6,3031.7,,4.1,233.0,1.3,4.7,14.8,3.9,14.0,,,,,514.0,,,,,,0.154
59a9c34c-87a8-4479-9db9-c3a9d7e37faf,8.42632 46.777873,2023-04-27 07:00:00+02:00,3,EXPLOSIVE,SLAB,2,DRY,NE,0,46.802949051467934,8.392355914709748,0,754.66748046875,709.4970703125,-14.94140625,709.6543795417232,268.79357782579933,ENG,ENG,6.5,5.3,7.8,8.7,5.0,83.9,8.1,3.9,899.6,,1018.7,,1500.4,2.1,106.0,0.9,3.2,7.6,2.0,7.2,0.0,,0.0,0.0,260.0,286.0,,,,24.0,0.109
34e33f73-9c60-4cff-be3e-9f199f5b9d9e,8.385879 46.778707,2023-04-17 05:00:00+02:00,3,EXPLOSIVE,UNKNOWN,2,DRY,NE,251,46.76273644147964,8.380841489463668,0,734.0599975585938,-348.2666015625,-1495.8984375,1535.9042161146751,166.8941818969976,TIT,TIT,-9.3,-9.4,-9.1,,,94.4,2.9,-10.1,693.5,,1014.8,3026.0,,13.9,18.0,8.3,29.9,50.0,13.6,49.0,,,,,1.0,,,,,,0.001
87548817-41cb-4875-9f16-2dd62dfe20ab,8.382498 46.780197,2023-04-01 07:00:00+02:00,4,EXPLOSIVE,SLAB,2,DRY,NE,77,46.7760524095083,8.381787306980446,0,736.1929931640625,782.8857421875,-1795.93505859375,1959.1561499805493,203.5533964856176,TIT,TIT,-10.8,-10.8,-10.6,,,97.0,2.6,-11.1,686.0,,1004.5,2941.7,,25.3,286.0,14.5,52.2,91.1,24.5,88.2,,,,,91.0,,,,,,0.013
26ffd848-b17b-4d9b-a93a-0d9106053d47,8.073009 46.53608,2023-05-24 12:00:00+02:00,7,PERSON,SLAB,3,DRY,,194,46.55522081541655,8.040432219324419,0,613.21435546875,-698.18115234375,538.330078125,881.6213441734014,52.366108702807004,JUN,JUN,-1.9,-2.6,-1.3,,,95.1,5.0,-2.6,658.6,,1023.8,3087.4,,7.1,315.0,2.7,9.7,25.6,7.0,25.2,,,,,639.0,301.0,,,,0.0,0.228
ad918400-77b8-4908-b8c3-86205d723ff7,8.426238 46.77793,2023-04-27 07:30:00+02:00,2,EXPLOSIVE,SLAB,2,DRY,NE,207,46.74936091231575,8.421687078525164,0,756.7218627929688,2192.32177734375,-162.48779296875,2198.3350650616285,265.7611726767959,TIT,TIT,-7.2,-7.3,-7.1,,,89.9,3.2,-8.6,696.2,,1018.4,3055.0,,8.5,238.0,4.7,16.9,30.6,8.4,30.2,,,,,272.0,,,,,,0.062
f9b59268-33ad-4905-91cd-ccc9a1ae40a4,8.385942 46.778812,2023-04-17 08:30:00+02:00,2,EXPLOSIVE,LOOSE_SNOW,2,DRY,NE,139,46.779700965318746,8.363364909799266,0,732.0394287109375,-336.29150390625,-859.5703125,923.0130539330822,158.63296732845487,ENG,ENG,4.0,3.0,5.4,7.8,4.9,89.2,7.3,2.4,900.3,,1019.4,,1502.5,3.8,135.0,0.8,2.9,13.7,3.6,13.0,0.0,,0.0,0.0,430.0,288.0,,,,28.0,0.168
49e457f5-5bb7-4272-bb56-c1782a243205,8.423263 46.779484,2023-04-16 08:00:00.000 +0200,4,EXPLOSIVE,SLAB,3,DRY,N,179,46.779484,8.423263,1,762.3836059570312,804.96826171875,-2790.41748046875,2904.204472429597,196.09157727397564,TIT,TIT,-9.5,-9.6,-9.3,,,94.1,2.8,-10.3,692.7,,1013.7,3017.0,,7.6,16.0,3.6,13.0,27.4,7.1,25.6,,,,,249.0,,,,,,0.057
f9b59268-33ad-4905-91cd-ccc9a1ae40a4,8.385942 46.778812,2023-04-14 08:30:00+02:00,2,EXPLOSIVE,LOOSE_SNOW,2,DRY,NE,220,46.76065953814289,8.364388147117271,0,726.61083984375,-20.21484375,-530.52978515625,530.9147698508431,177.81790725400356,TIT,TIT,-13.4,-13.6,-13.2,,,100.0,2.2,-13.4,684.7,,1002.8,2929.3,,8.5,327.0,2.1,7.6,30.6,8.3,29.9,,,,,263.0,,,,,,0.052
9793e5e8-7a24-425c-8b33-04a387b5aa44,8.40304 46.792701,2023-04-03 06:30:00+02:00,2,EXPLOSIVE,SLAB,1,DRY,NW,17,46.800595081932805,8.40097699493053,0,757.7443237304688,786.29150390625,-1816.14990234375,1979.0540156595941,203.40991754638068,ENG,ENG,0.9,0.7,1.2,1.0,0.7,98.4,6.4,0.7,900.2,,1019.3,,1495.6,5.5,236.0,3.0,10.8,19.8,5.4,19.4,0.0,,0.4,0.0,2.0,323.0,,,,0.0,0.012
f4bbdd10-e717-11ed-acf0-f7b342f82229,7.841373 46.562945,2023-04-29 12:00:00+02:00,7,NATURAL,UNKNOWN,3,UNKNOWN,NW,84,46.60239937171637,7.8135910955486905,0,663.0695190429688,1628.50341796875,-882.75146484375,1852.3697068943034,241.53951687373086,INT,INT,16.4,15.4,17.3,24.7,21.8,70.7,13.2,11.1,948.7,1015.1,1016.6,,,2.5,243.0,0.8,2.9,9.0,2.3,8.3,0.0,,0.0,,638.0,,,,432.0,17.0,0.38
11290122-2f71-4b65-840e-5b583a64fdd5,8.389124 46.787453,2023-04-13 07:00:00+02:00,4,EXPLOSIVE,SLAB,2,WET,N,77,46.778319512988205,8.380247279118386,0,736.5386962890625,1336.92626953125,1084.3505859375,1721.3913103608209,309.04472501885937,TIT,TIT,-13.5,-13.7,-13.0,,,100.0,2.2,-13.5,683.5,,1001.1,2915.8,,10.2,306.0,5.7,20.5,36.7,9.9,35.6,,,,,127.0,,,,,,0.019
b1c2736c-200d-4a78-a75a-d1aa12bb81e8,7.992735 46.584254,2023-06-08 08:00:00+02:00,3,EXPLOSIVE,UNKNOWN,0,UNKNOWN,,145,46.54195348381006,7.957109885086365,0,670.6234741210938,-84.814453125,-698.18115234375,703.3138793930768,173.0736952571699,JUN,JUN,-1.7,-2.0,-1.4,,,76.6,4.1,-5.3,659.5,,1025.0,3098.1,,4.3,120.0,3.1,11.2,15.5,4.3,15.5,,,,,644.0,221.0,,,,54.0,0.222
dda75b80-ddc2-11ed-b3b1-431b3c02902e,8.263291 46.74286,2023-04-18 14:30:00+02:00,1,SNOW_GROOMER,SLAB,3,DRY,SE,0,46.71220543172269,8.27217283629329,0,682.6848754882812,687.85400390625,-596.1181640625,910.2197516067782,229.08666198643826,MER,MER,15.8,15.5,16.2,22.2,21.1,46.7,8.4,4.4,947.3,1014.9,1016.3,,,9.3,330.0,5.4,19.4,33.5,9.2,33.1,0.0,,0.0,,818.0,,,,195.0,60.0,0.478
3127a717-5395-4ff5-9722-0942f1737558,8.42626 46.777558,2023-04-16 06:30:00+02:00,5,EXPLOSIVE,SLAB,2,DRY,NE,0,46.82167118255295,8.423502733293658,0,778.8008422851562,631.7138671875,-1669.59228515625,1785.105265425615,200.72484577582802,ENG,ENG,0.3,0.1,0.4,0.1,0.0,97.4,6.1,-0.1,899.2,,1018.2,,1486.3,2.0,90.0,1.0,3.6,7.2,1.8,6.5,0.0,,1.0,0.0,5.0,316.0,,,,0.0,0.014
d68cc42c-2801-4238-bb58-3d963f2ab1ea,8.380899 46.782267,2023-04-01 07:00:00+02:00,4,EXPLOSIVE,SLAB,3,DRY,N,129,46.76610403365586,8.368129715333836,0,727.482421875,31.8603515625,-1315.17333984375,1315.559195109612,181.38773091805515,TIT,TIT,-10.8,-10.8,-10.6,,,97.0,2.6,-11.1,686.0,,1004.5,2941.7,,25.3,286.0,14.5,52.2,91.1,24.5,88.2,,,,,91.0,,,,,,0.013
71d13516-3cdb-4e54-a1af-c88570197f00,8.424437 46.779206,2023-04-14 06:30:00+02:00,5,EXPLOSIVE,SLAB,1,DRY,N,29,46.80752409777831,8.399256021709519,0,759.1882934570312,426.708984375,-1024.91455078125,1110.1938541306538,202.60372750371664,ENG,ENG,0.1,-0.2,0.4,-0.7,-0.9,90.3,5.6,-1.3,891.6,,1009.8,,1418.1,4.4,259.0,1.6,5.8,15.8,4.1,14.8,0.0,,0.0,8.0,22.0,290.0,,,,0.0,0.019
f4bbdd10-e717-11ed-acf0-f7b342f82229,7.841373 46.562945,2023-04-29 12:00:00.000 +0200,7,NATURAL,UNKNOWN,3,UNKNOWN,NW,148,46.562945,7.841373,1,665.4730224609375,-145.78857421875,540.41748046875,559.7368681522844,15.097306660713329,INT,INT,16.4,15.4,17.3,24.7,21.8,70.7,13.2,11.1,948.7,1015.1,1016.6,,,2.5,243.0,0.8,2.9,9.0,2.3,8.3,0.0,,0.0,,638.0,,,,432.0,17.0,0.38
a9add040-dd0c-11ed-8f1e-7bb69ddca4ec,8.245886 46.75731,2023-04-20 12:15:00+02:00,0,NATURAL,FULL_DEPTH,2,WET,S,129,46.766689885926354,8.240115539537125,0,669.8602905273438,609.7412109375,1301.98974609375,1437.693167281808,334.9056065650223,MER,MER,6.3,6.2,6.4,8.0,7.3,86.6,8.3,4.3,941.8,1011.4,1010.5,,,3.1,291.0,1.2,4.3,11.2,3.1,11.2,0.0,,0.8,,139.0,,,,127.0,0.0,0.078
b463a2d6-9b9e-4b10-99b6-7308c06e3b30,8.423808 46.779796,2023-04-21 08:00:00.000 +0200,3,EXPLOSIVE,SLAB,1,DRY,N,268,46.779796,8.423808,1,763.7023315429688,1030.95703125,-891.76025390625,1363.1246277324583,229.14075337416182,TIT,TIT,-6.8,-7.2,-6.6,,,84.2,3.1,-9.1,690.2,,1010.3,2987.9,,16.7,168.0,9.9,35.6,60.1,15.4,55.4,,,,,283.0,,,,,,0.064
8500f990-d7a6-11ed-a8d1-4961cd70d9e1,8.209308 46.504515,2023-04-08 12:00:00+02:00,7,NATURAL,SLAB,4,WET,S,127,46.542327052708515,8.188559294448972,0,664.7948608398438,-1678.38134765625,-764.75830078125,1844.4021271876247,114.49649067852354,ULR,ULR,7.4,6.9,7.6,13.0,11.7,41.0,4.2,-5.0,865.6,,1017.9,,1497.1,11.4,81.0,4.1,14.8,41.0,10.7,38.5,,,0.0,0.0,885.0,236.0,,,103.0,60.0,0.407
146fb98c-e881-4676-9e59-446d1d57d1c2,8.034003 46.784284,2023-04-19 10:30:00+02:00,4,EXPLOSIVE,SLAB,2,DRY,S,1,46.82222536257185,8.013767224828241,0,621.4354248046875,1683.65478515625,-1375.7080078125,2174.2276693895183,230.7478705376463,FLU,FLU,6.8,6.6,7.0,,,89.3,8.9,5.2,,,,,,5.0,335.0,2.8,10.1,18.0,4.8,17.3,,,0.0,,,,,,,,
dda75b80-ddc2-11ed-b3b1-431b3c02902e,8.263291 46.74286,2023-04-18 14:30:00+02:00,1,SNOW_GROOMER,SLAB,3,DRY,SE,148,46.76091128736232,8.258823765137357,0,681.0847778320312,-1156.09130859375,-1301.220703125,1740.6097874156426,138.37997523534654,MER,MER,15.8,15.5,16.2,22.2,21.1,46.7,8.4,4.4,947.3,1014.9,1016.3,,,9.3,330.0,5.4,19.4,33.5,9.2,33.1,0.0,,0.0,,818.0,,,,195.0,60.0,0.478
4b5d9a70-d15e-11ed-94cc-21edfa2a74e3,8.233716 46.754659,2023-04-02 15:30:00+02:00,1,NATURAL,FULL_DEPTH,2,WET,S,55,46.765365452366936,8.210436202613662,0,666.7046508789062,1957.5439453125,-14.61181640625,1957.5984784956077,269.5723315100871,MER,MER,10.5,9.8,11.5,11.3,8.4,56.8,7.2,2.3,946.7,1015.6,1015.6,,,11.0,301.0,4.6,16.6,39.6,10.6,38.2,0.0,,0.1,,219.0,,,,178.0,6.0,0.164
3127a717-5395-4ff5-9722-0942f1737558,8.42626 46.777558,2023-04-14 06:30:00+02:00,5,EXPLOSIVE,SLAB,2,DRY,NE,96,46.79531893517324,8.39599635480976,0,753.6033935546875,165.12451171875,280.1513671875,325.1936237188255,329.48440225402703,ENG,ENG,0.1,-0.2,0.4,-0.7,-0.9,90.3,5.6,-1.3,891.6,,1009.8,,1418.1,4.4,259.0,1.6,5.8,15.8,4.1,14.8,0.0,,0.0,8.0,22.0,290.0,,,,0.0,0.019
9fe44fc7-c389-4ba2-9149-62bca569dc15,8.426432 46.777678,2023-05-17 07:00:00+02:00,4,EXPLOSIVE,SLAB,2,DRY,NE,72,46.77220826423205,8.424299806060947,0,760.7867431640625,-172.4853515625,-1726.50146484375,1735.0961081770813,174.29482166019528,TIT,TIT,-7.2,-7.3,-7.0,,,93.9,3.3,-8.0,694.2,,1015.8,3033.2,,23.4,50.0,12.0,43.2,84.2,21.1,76.0,,,,,147.0,,,,,,0.03
110f1420-d9f1-11ed-8014-25b7abf6ec82,8.252181 46.759933,2023-04-14 02:00:00+02:00,4,NATURAL,FULL_DEPTH,2,WET,S,263,46.755153421954404,8.27048967862049,0,689.8246459960938,-745.20263671875,135.90087890625,757.4932466102048,79.66467982310513,MER,MER,2.7,2.5,2.9,2.1,1.9,90.3,6.7,1.3,942.0,1012.7,1010.7,,,4.1,344.0,1.8,6.5,14.8,4.0,14.4,0.0,,0.3,,1.0,,,,1.0,0.0,0.0
c8a8b700-feb1-11ed-b35a-bf420b8ac344,8.01247 46.561817,2023-05-30 12:00:00+02:00,6,PERSON,SLAB,2,DRY,SE,0,46.604374968825795,7.97558958878674,0,628.8617553710938,-2402.05078125,1536.5478515625,2851.4605478324734,57.39369796729454,JUN,JUN,-1.2,-1.7,-0.7,,,74.1,4.2,-5.2,661.1,,1027.4,3117.5,,3.9,308.0,1.2,4.3,14.0,3.8,13.7,,,,,1082.0,212.0,,,,60.0,0.443
6e6f00b6-dfe0-4527-9b3f-7c45ffdf4fee,8.379219 46.783826,2023-04-01 07:00:00.000 +0200,4,EXPLOSIVE,SLAB,2,DRY,N,114,46.783826,8.379219,1,740.6515502929688,-445.05615234375,-1093.90869140625,1180.9789176243398,157.8610771717615,TIT,TIT,-10.8,-10.8,-10.6,,,97.0,2.6,-11.1,686.0,,1004.5,2941.7,,25.3,286.0,14.5,52.2,91.1,24.5,88.2,,,,,91.0,,,,,,0.013
1b05e8ea-984f-445d-8163-f5d970cfecf8,8.387973 46.785269,2023-04-15 07:00:00+02:00,4,EXPLOSIVE,SLAB,1,WET,NW,54,46.742536229516446,8.40076818403204,0,738.2333374023438,344.86083984375,-1404.82177734375,1446.5314462385493,193.79244209398803,TIT,TIT,-9.0,-9.1,-8.8,,,97.9,3.0,-9.3,685.0,,1003.1,2929.2,,13.6,300.0,9.7,34.9,49.0,13.3,47.9,,,,,147.0,,,,,,0.023
ce082ed0-ea41-11ed-9704-3747ffc8acfd,7.997493 46.55824,2023-05-04 12:00:00+02:00,7,PERSON,SLAB,3,DRY,S,243,46.52491658868532,7.97893046308149,0,661.4793090820312,-522.61962890625,211.1572265625,563.6653713398345,67.99951082570615,JUN,JUN,-2.7,-3.0,-2.2,,,47.9,2.4,-12.2,661.7,,1028.2,3127.2,,5.8,318.0,3.1,11.2,20.9,5.4,19.4,,,,,1043.0,195.0,,,,60.0,0.37
1360c83b-baa5-40fd-8967-adc55e27b8f8,8.035169 46.786944,2023-05-11 11:00:00+02:00,4,EXPLOSIVE,FULL_DEPTH,2,WET,SW,0,46.81250121619975,8.033094535259469,0,630.4817504882812,969.98291015625,-1136.75537109375,1494.3492294994758,220.47382164907228,BRZ,BRZ,,,,,,,,,948.8,,1015.3,,,4.3,254.0,1.0,3.6,15.5,4.1,14.8,,,0.0,,,,,,,,
729aca22-4176-463d-b386-a7be12b79b0f,8.424589 46.778965,2023-04-25 07:00:00+02:00,3,EXPLOSIVE,SLAB,2,DRY,N,0,46.81428261732054,8.410997719571803,0,767.1998291015625,-81.73828125,-980.74951171875,984.1497606351742,175.23582714359438,ENG,ENG,3.4,3.1,3.7,3.4,3.0,87.7,6.9,1.6,892.6,,1010.9,,1432.5,4.5,288.0,1.5,5.4,16.2,4.3,15.5,0.0,,0.2,0.0,56.0,311.0,,,,0.0,0.037
b6bd2020-dd0b-11ed-8f1e-7bb69ddca4ec,8.237321 46.747742,2023-04-16 12:00:00.000 +0200,7,NATURAL,SLAB,2,DRY,N,90,46.747742,8.237321,1,666.8665771484375,-88.65966796875,-2022.5830078125,2024.5252678631077,177.49005361316605,MER,MER,6.1,5.9,6.2,7.2,6.9,83.5,7.9,3.5,951.5,1021.9,1020.8,,,1.0,90.0,0.3,1.1,3.6,0.9,3.2,0.0,,0.2,,119.0,,,,108.0,0.0,0.07
d68cc42c-2801-4238-bb58-3d963f2ab1ea,8.380899 46.782267,2023-04-01 07:00:00+02:00,4,EXPLOSIVE,SLAB,3,DRY,N,209,46.77235336548234,8.41290061884936,0,752.6754760742188,-1744.189453125,-918.45703125,1971.233158874173,117.77043867681243,TIT,TIT,-10.8,-10.8,-10.6,,,97.0,2.6,-11.1,686.0,,1004.5,2941.7,,25.3,286.0,14.5,52.2,91.1,24.5,88.2,,,,,91.0,,,,,,0.013
ae543637-3b77-4592-997d-c9f3fc4c3078,8.424992 46.778957,2023-04-28 07:30:00+02:00,2,EXPLOSIVE,SLAB,2,DRY,N,26,46.743010185286586,8.381166942478195,0,725.0061645507812,-478.125,-621.38671875,784.0439846487515,142.42357586411813,TIT,TIT,-1.2,-1.4,-0.7,,,99.9,5.6,-1.2,698.5,,1021.5,3080.9,,23.3,274.0,11.7,42.1,83.9,22.6,81.4,,,,,112.0,,,,,,0.025
d940ed50-ecda-11ed-aeab-3b3cc7819483,7.967581 46.511291,2023-05-08 12:00:00+02:00,7,NATURAL,SLAB,3,UNKNOWN,S,198,46.54283372252961,8.000647722806438,0,640.7744750976562,-947.4609375,1064.46533203125,1425.0504100503877,41.67168931889182,JUN,JUN,-3.6,-3.9,-3.0,,,97.2,4.5,-4.0,660.7,,1026.8,3116.1,,4.1,315.0,2.3,8.3,14.8,4.0,14.4,,,,,1051.0,241.0,,,,55.0,0.353
33f93161-2ec3-46b0-ab16-f598e280759a,8.383072 46.779972,2023-04-14 08:00:00+02:00,4,EXPLOSIVE,SLAB,2,DRY,NE,27,46.780104677857196,8.339348611674074,0,724.441650390625,1627.9541015625,-1659.1552734375,2324.44203588079,224.45616601877026,ENG,ENG,1.2,0.8,1.7,1.5,0.4,85.8,5.7,-1.0,891.7,,1009.9,,1421.1,5.4,267.0,2.3,8.3,19.4,5.3,19.1,0.0,,0.0,7.0,184.0,295.0,,,,0.0,0.073
dda75b80-ddc2-11ed-b3b1-431b3c02902e,8.263291 46.74286,2023-04-19 14:30:00+02:00,1,SNOW_GROOMER,SLAB,3,DRY,SE,0,46.72388477648404,8.288358807420453,0,690.3355102539062,-292.12646484375,-238.07373046875,376.85139325921796,129.1789335157652,MER,MER,14.2,13.9,14.5,21.1,20.5,58.5,9.5,6.2,946.9,1014.8,1015.9,,,9.7,287.0,4.3,15.5,34.9,9.5,34.2,0.0,,0.0,,787.0,,,,191.0,60.0,0.419
be39a3d6-d2cf-47e2-870e-49c1b9134b29,8.422461 46.779843,2023-05-17 07:00:00+02:00,4,EXPLOSIVE,SLAB,2,DRY,N,123,46.77451643600376,8.398936913774657,0,746.6055908203125,-2124.42626953125,-948.9990234375,2326.7544178876706,114.07071588581088,TIT,TIT,-7.2,-7.3,-7.0,,,93.9,3.3,-8.0,694.2,,1015.8,3033.2,,23.4,50.0,12.0,43.2,84.2,21.1,76.0,,,,,147.0,,,,,,0.03
71d13516-3cdb-4e54-a1af-c88570197f00,8.424437 46.779206,2023-04-16 06:30:00+02:00,5,EXPLOSIVE,SLAB,1,DRY,N,14,46.80867263626046,8.402512401850368,0,761.9861450195312,-677.8564453125,296.74072265625,739.9624429214308,66.35795774297526,ENG,ENG,0.3,0.1,0.4,0.1,0.0,97.4,6.1,-0.1,899.2,,1018.2,,1486.3,2.0,90.0,1.0,3.6,7.2,1.8,6.5,0.0,,1.0,0.0,5.0,316.0,,,,0.0,0.014
1851a448-559e-4572-8066-2824a030e41d,8.385872 46.778947,2023-04-13 07:30:00.000 +0200,2,EXPLOSIVE,LOOSE_SNOW,1,DRY,NE,107,46.778947,8.385872,1,738.9261474609375,1856.9091796875,715.4296875,1989.9626477308693,291.07066856438576,TIT,TIT,-13.5,-13.7,-13.0,,,100.0,2.2,-13.5,683.5,,1001.1,2915.8,,10.2,306.0,5.7,20.5,36.7,9.9,35.6,,,,,127.0,,,,,,0.019
850fbf08-4de4-4e22-97a7-6ee73d0c55e0,8.423568 46.779438,2023-04-26 07:30:00+02:00,2,EXPLOSIVE,SLAB,2,DRY,N,0,46.813775078272634,8.405779706657137,0,764.6919555664062,-1084.68017578125,-376.28173828125,1148.0936504905872,109.13195182382212,ENG,ENG,0.6,-0.3,2.6,0.4,-2.2,89.2,5.7,-1.0,898.0,,1016.9,,1475.9,4.9,96.0,1.9,6.8,17.6,4.7,16.9,0.0,,0.0,0.0,232.0,233.0,,,,31.0,0.076
b4aeb776-bc6c-459f-adeb-919a10f47c8a,8.420466 46.780907,2023-04-04 07:00:00+02:00,4,EXPLOSIVE,SLAB,2,DRY,NW,141,46.78524725496794,8.424246573669674,0,765.9502563476562,-315.19775390625,-1799.12109375,1826.5230176605335,170.0628914955097,TIT,TIT,-13.3,-13.6,-13.1,,,20.2,0.5,-31.5,688.6,,1008.1,2972.7,,22.7,49.0,6.8,24.5,81.7,21.8,78.5,,,,,257.0,,,,,,0.081
ad918400-77b8-4908-b8c3-86205d723ff7,8.426238 46.77793,2023-04-26 07:30:00.000 +0200,2,EXPLOSIVE,SLAB,2,DRY,NE,198,46.77793,8.426238,1,762.98095703125,506.79931640625,-562.60986328125,757.2155607032843,222.01254629079492,TIT,TIT,-9.2,-9.2,-9.1,,,23.4,0.7,-26.4,692.4,,1013.2,3013.0,,14.7,275.0,9.8,35.3,52.9,14.4,51.8,,,,,381.0,,,,,,0.118
b6bd2020-dd0b-11ed-8f1e-7bb69ddca4ec,8.237321 46.747742,2023-04-16 12:00:00+02:00,7,NATURAL,SLAB,2,DRY,N,89,46.78987664888886,8.236946061017248,0,678.4608764648438,547.7783203125,-609.08203125,819.1715381994237,221.96665058049157,GIH,GIH,7.2,7.0,7.3,,,99.3,10.1,7.1,965.4,1022.1,1021.2,,,1.0,63.0,0.3,1.1,3.6,1.0,3.6,0.0,,0.2,,119.0,,,,109.0,0.0,0.069
729aca22-4176-463d-b386-a7be12b79b0f,8.424589 46.778965,2023-04-26 07:00:00+02:00,3,EXPLOSIVE,SLAB,2,DRY,N,60,46.80096456898198,8.390167699725351,0,751.5509033203125,-807.275390625,-916.4794921875,1221.3223226933192,138.62498373924655,ENG,ENG,0.6,-0.3,2.6,0.4,-2.2,89.2,5.7,-1.0,898.0,,1016.9,,1475.9,4.9,96.0,1.9,6.8,17.6,4.7,16.9,0.0,,0.0,0.0,232.0,233.0,,,,31.0,0.076
2ed09558-7716-4dda-935c-3c151ebe5b3b,8.238855 46.748629,2023-04-18 08:30:00+02:00,4,EXPLOSIVE,SLAB,1,DRY,NW,0,46.70624935375358,8.263601312477933,0,678.8386840820312,-240.8203125,-716.85791015625,756.227271569985,161.43080762453843,MER,MER,8.8,8.1,9.2,15.2,13.1,64.5,7.3,2.5,948.3,1017.8,1017.4,,,2.6,107.0,1.1,4.0,9.4,2.5,9.0,0.0,,0.0,,457.0,,,,103.0,60.0,0.207
b2b22272-2994-46f8-ba69-aa77d0ffdafa,8.420101 46.781175,2023-04-27 00:00:00+02:00,6,NATURAL,SLAB,2,DRY,N,144,46.77654299468112,8.408525683167548,0,749.190673828125,-404.62646484375,1228.4912109375,1293.4114702609668,18.230261448645493,TIT,TIT,-6.3,-6.4,-6.1,,,98.1,3.8,-6.5,695.8,,1017.9,3050.7,,14.1,290.0,10.2,36.7,50.8,14.0,50.4,,,,,0.0,,,,,,0.0
2f93ceb4-a841-42da-a6c1-1933628dbb83,8.385941 46.778747,2023-04-03 07:00:00+02:00,4,EXPLOSIVE,SLAB,2,DRY,NE,124,46.78058994024702,8.382776486564765,0,739.8685302734375,221.81396484375,220.3857421875,312.68404238022697,314.81494595187905,TIT,TIT,-11.1,-11.4,-10.6,,,93.9,2.5,-11.9,692.7,,1013.6,3017.2,,10.4,32.0,6.3,22.7,37.4,9.9,35.6,,,,,76.0,,,,,,0.018
e18fb476-2bc8-4cdf-829a-b6f36d7508bd,8.420851 46.780719,2023-04-27 00:00:00+02:00,6,NATURAL,SLAB,2,DRY,NW,136,46.772381864174974,8.411050139293623,0,751.5513916015625,817.822265625,19.1162109375,818.045651337757,271.3390180766322,TIT,TIT,-6.3,-6.4,-6.1,,,98.1,3.8,-6.5,695.8,,1017.9,3050.7,,14.1,290.0,10.2,36.7,50.8,14.0,50.4,,,,,0.0,,,,,,0.0
4067dd0b-f3b4-40af-8872-12824f7b55a6,8.423024 46.779666,2023-04-03 07:00:00+02:00,4,EXPLOSIVE,SLAB,3,DRY,NE,47,46.73841440874165,8.413817294228933,0,746.7843627929688,2311.63330078125,-1552.8076171875,2784.75492876417,236.1093156242573,TIT,TIT,-11.1,-11.4,-10.6,,,93.9,2.5,-11.9,692.7,,1013.6,3017.2,,10.4,32.0,6.3,22.7,37.4,9.9,35.6,,,,,76.0,,,,,,0.018
ad1f7e7f-180e-4f38-9562-d610574cd4c5,8.239483 46.749076,2023-04-03 06:30:00+02:00,2,EXPLOSIVE,SLAB,1,DRY,N,73,46.74607491296658,8.276071574701447,0,693.6346435546875,-956.9091796875,270.37353515625,994.3726799762211,74.22242498511542,MER,MER,5.1,4.7,5.6,4.0,3.9,80.7,7.1,2.0,950.5,1021.1,1019.7,,,8.5,267.0,4.5,16.2,30.6,8.2,29.5,0.0,,0.0,,18.0,,,,16.0,0.0,0.036
792e43cf-e040-4ad1-98dd-47672e4855cd,8.426192 46.777884,2023-04-13 07:00:00.000 +0200,0,EXPLOSIVE,SLAB,2,DRY,NE,161,46.777884,8.426192,1,762.9501342773438,-1177.0751953125,-389.90478515625,1239.9724823187414,108.32739193972753,TIT,TIT,-13.5,-13.7,-13.0,,,100.0,2.2,-13.5,683.5,,1001.1,2915.8,,10.2,306.0,5.7,20.5,36.7,9.9,35.6,,,,,127.0,,,,,,0.019
be39a3d6-d2cf-47e2-870e-49c1b9134b29,8.422461 46.779843,2023-05-19 07:00:00+02:00,4,EXPLOSIVE,SLAB,2,DRY,N,80,46.76896174315778,8.418874579941038,0,758.4733276367188,-628.6376953125,-1074.2431640625,1244.6620937036778,149.66420282664637,TIT,TIT,-2.9,-3.2,-2.4,,,86.1,4.2,-4.9,697.8,,1020.6,3072.9,,10.4,165.0,6.6,23.8,37.4,10.0,36.0,,,,,261.0,,,,,,0.076
da27b6a6-0240-478c-9ff6-ab83983e37eb,8.426516 46.77779,2023-05-02 07:30:00+02:00,2,EXPLOSIVE,SLAB,2,DRY,NE,41,46.7540502266703,8.38698323087425,0,727.7127075195312,342.1142578125,-440.22216796875,557.5282258053883,217.8522083299079,TIT,TIT,-6.7,-6.9,-6.5,,,97.5,3.6,-7.1,697.0,,1019.6,3064.7,,10.9,23.0,7.1,25.6,39.2,10.7,38.5,,,,,152.0,,,,,,0.033
da27b6a6-0240-478c-9ff6-ab83983e37eb,8.426516 46.77779,2023-05-01 07:30:00+02:00,2,EXPLOSIVE,SLAB,2,DRY,NE,67,46.76005654352283,8.39351292451602,0,739.7650756835938,2587.7197265625,-3656.4697265625,4479.516072580692,215.28741955231527,TIT,TIT,-4.5,-4.6,-4.4,,,97.0,4.3,-4.9,694.7,,1016.3,3037.3,,6.1,242.0,4.1,14.8,22.0,6.0,21.6,,,,,150.0,,,,,,0.043
8b5b35b0-dd0c-11ed-8f1e-7bb69ddca4ec,8.229566 46.753026,2023-04-17 12:30:00+02:00,0,NATURAL,FULL_DEPTH,2,WET,SE,20,46.792845034865,8.220741244688252,0,683.7847290039062,1046.88720703125,308.38623046875,1091.3637759191095,286.4136267716141,GIH,GIH,10.8,10.1,11.4,,,84.1,10.9,8.2,964.1,1019.9,1019.8,,,2.5,81.0,0.7,2.5,9.0,2.3,8.3,0.0,,0.0,,478.0,,,,383.0,8.0,0.249
27d50482-68af-45c1-b95c-82786dd48176,7.97274 46.575625,2023-04-02 08:00:00+02:00,3,EXPLOSIVE,LOOSE_SNOW,1,DRY,N,194,46.53950033910851,7.990955855289645,0,647.8554077148438,-296.630859375,1253.43017578125,1288.051657462761,13.314394668716417,JUN,JUN,-15.1,-15.4,-14.9,,,77.9,1.5,-18.1,647.3,,1007.6,2979.0,,6.8,315.0,5.0,18.0,24.5,6.7,24.1,,,,,458.0,150.0,,,,60.0,0.07
1b05e8ea-984f-445d-8163-f5d970cfecf8,8.387973 46.785269,2023-04-12 07:00:00.000 +0200,4,EXPLOSIVE,SLAB,1,WET,NW,67,46.785269,8.387973,1,744.79541015625,581.06689453125,-1019.64111328125,1173.5871232310014,209.67768820011696,TIT,TIT,-4.6,-4.7,-4.5,,,99.0,4.3,-4.8,690.1,,1010.2,2985.8,,25.3,268.0,12.0,43.2,91.1,24.2,87.1,,,,,99.0,,,,,,0.019
b2ae7f83-144e-4307-bbca-2bcde419c704,8.384786 46.783437,2023-04-16 08:30:00+02:00,4,EXPLOSIVE,LOOSE_SNOW,1,DRY,N,192,46.800014809682594,8.343605217176997,0,729.2236328125,608.203125,1880.09033203125,1976.0189011892426,342.07377396049003,ENG,ENG,0.4,0.3,0.5,0.8,0.6,97.4,6.1,0.1,899.6,,1018.7,,1490.1,1.8,95.0,1.1,4.0,6.5,1.7,6.1,0.0,,1.7,0.0,76.0,320.0,,,,0.0,0.037
367958a0-d439-11ed-a920-a702e6e7f311,8.242864 46.759718,2023-04-05 15:00:00.000 +0200,2,NATURAL,FULL_DEPTH,1,WET,S,39,46.759718,8.242864,1,670.0982666015625,-593.26171875,-257.84912109375,646.8737405267148,113.49119369921517,MER,MER,9.8,9.4,10.1,14.9,14.1,43.4,5.3,-2.1,948.1,1017.2,1017.1,,,9.5,317.0,4.9,17.6,34.2,9.3,33.5,0.0,,0.0,,594.0,,,,148.0,60.0,0.304
b210fde3-14f2-42fc-8dc3-c8d01a9cf57a,8.425206 46.770128,2023-05-17 09:00:00+02:00,3,EXPLOSIVE,SLAB,2,DRY,S,37,46.72526111595424,8.38843284160476,0,731.7355346679688,685.107421875,-1039.74609375,1245.168309497392,213.38160654047385,TIT,TIT,-6.9,-7.7,-6.2,,,85.1,3.1,-9.0,694.8,,1016.5,3039.5,,19.9,63.0,11.4,41.0,71.6,19.7,70.9,,,,,741.0,,,,,,0.128
564bddb0-e717-11ed-acf0-f7b342f82229,7.822357 46.529218,2023-05-02 12:00:00+02:00,7,NATURAL,SLAB,3,UNKNOWN,N,88,46.53128899277668,7.803370950109793,0,663.412841796875,-417.041015625,-922.96142578125,1012.8084726115246,155.68412222163875,INT,INT,13.9,13.3,14.4,26.4,23.8,63.0,10.0,7.0,953.7,1021.0,1021.9,,,4.6,32.0,2.1,7.6,16.6,4.4,15.8,0.0,,0.0,,720.0,,,,391.0,28.0,0.395
35790a01-26e9-458d-9830-8b595ce08bc3,8.391669 46.779911,2023-04-14 16:00:00+02:00,5,PERSON,SLAB,3,DRY,NW,66,46.749957921931404,8.360909224246374,0,720.8159790039062,409.89990234375,-969.873046875,1052.9347828787934,202.91050088541093,TIT,TIT,-10.8,-11.0,-10.5,,,36.7,1.0,-22.9,685.0,,1003.2,2930.8,,7.9,282.0,3.9,14.0,28.4,7.7,27.7,,,,,530.0,,,,,,0.127
f4bbdd10-e717-11ed-acf0-f7b342f82229,7.841373 46.562945,2023-05-01 12:00:00+02:00,7,NATURAL,UNKNOWN,3,UNKNOWN,NW,75,46.5813876467974,7.8083921599402775,0,660.4588623046875,2388.09814453125,1455.57861328125,2796.734139555522,301.36288123382417,INT,INT,10.5,10.4,10.6,12.5,12.3,87.4,11.1,8.5,949.8,1017.7,1017.8,,,1.2,270.0,0.5,1.8,4.3,1.2,4.3,0.0,,1.3,,127.0,,,,126.0,0.0,0.082
5f7c51f6-7065-4c64-860a-51df7287e4b5,8.42359 46.779392,2023-05-17 07:00:00+02:00,4,EXPLOSIVE,SLAB,2,DRY,N,69,46.757699506170795,8.381991882132372,0,732.8154296875,935.8154296875,429.67529296875,1029.7433543504815,294.66200076379346,TIT,TIT,-7.2,-7.3,-7.0,,,93.9,3.3,-8.0,694.2,,1015.8,3033.2,,23.4,50.0,12.0,43.2,84.2,21.1,76.0,,,,,147.0,,,,,,0.03
9879b1f6-3d1c-4854-ae1b-1f0a970d5832,8.425218 46.770162,2023-05-15 09:30:00.000 +0200,2,EXPLOSIVE,SLAB,2,DRY,S,165,46.770162,8.425218,1,762.6640625,1480.95703125,-900.0,1732.984053131711,238.7123167053758,TIT,TIT,-6.3,-6.6,-5.8,,,98.0,3.7,-6.6,693.2,,1014.3,3021.2,,7.5,355.0,2.6,9.4,27.0,7.1,25.6,,,,,461.0,,,,,,0.13
fe8541fa-4448-482f-8c28-995faac1b624,8.419783 46.781356,2023-04-13 07:30:00+02:00,2,EXPLOSIVE,SLAB,1,DRY,N,31,46.80642180247692,8.377733261125371,0,745.776123046875,1614.66064453125,-664.892578125,1746.199054358861,247.61888457106357,ENG,ENG,1.0,0.8,1.2,1.0,0.8,91.4,6.0,-0.3,890.0,,1008.0,,1405.3,3.7,153.0,1.1,4.0,13.3,3.4,12.2,0.0,,0.2,0.0,55.0,301.0,,,,0.0,0.03
bc76da5f-d990-4bb2-a099-1ab0703da0a4,8.422538 46.779775,2023-05-03 07:30:00+02:00,4,EXPLOSIVE,SLAB,2,DRY,N,1,46.80144044565809,8.40755733753698,0,762.1256713867188,230.16357421875,4.39453125,230.2055229616728,271.09381992794937,ENG,ENG,4.0,2.3,6.3,4.4,0.7,91.4,7.4,2.7,903.9,,1023.4,,1534.5,2.9,95.0,1.2,4.3,10.4,2.7,9.7,0.0,,0.0,0.0,245.0,252.0,,,,32.0,0.094
2f93ceb4-a841-42da-a6c1-1933628dbb83,8.385941 46.778747,2023-04-03 07:00:00+02:00,4,EXPLOSIVE,SLAB,2,DRY,NE,115,46.7601198820852,8.395103090738438,0,743.4755249023438,1243.10302734375,-2916.650390625,3170.5133082395605,203.0841456173428,TIT,TIT,-11.1,-11.4,-10.6,,,93.9,2.5,-11.9,692.7,,1013.6,3017.2,,10.4,32.0,6.3,22.7,37.4,9.9,35.6,,,,,76.0,,,,,,0.018
37f6f440-e68a-11ed-9633-279e930b62b5,7.970158 46.5442,2023-04-29 12:00:00+02:00,7,NATURAL,SLAB,2,DRY,SE,164,46.50290300676357,7.986770646338271,0,667.8283081054688,501.6357421875,1177.294921875,1279.7115889577099,336.92154249697705,JUN,JUN,-5.4,-5.5,-5.3,,,87.5,3.6,-7.1,657.1,,1021.7,3076.0,,7.0,314.0,4.4,15.8,25.2,6.5,23.4,,,,,974.0,244.0,,,,36.0,0.263
a94851d0-e58a-11ed-94a2-bf37c1703856,7.5461 46.68465,2023-04-27 12:00:00+02:00,7,NATURAL,SLAB,2,UNKNOWN,SW,0,46.72442790001632,7.578313548081518,0,568.1312255859375,263.671875,281.35986328125,385.59853517831124,316.8587752613414,THU,THU,16.7,16.1,17.2,,,50.7,9.6,6.4,950.8,1016.2,1017.8,,,4.4,332.0,1.9,6.8,15.8,4.3,15.5,,,0.0,,903.0,,,,,59.0,0.529
529f5410-e6a1-11ed-9300-179866ebe517,7.727729 46.504859,2023-04-30 17:00:00+02:00,3,UNKNOWN,UNKNOWN,1,WET,,0,46.531163844724155,7.6873118509065295,0,628.3815307617188,958.88671875,-662.14599609375,1165.2901181843627,235.3735165073922,FRU,FRU,11.5,11.1,11.9,,,85.8,11.6,9.2,,,,,,5.0,18.0,1.6,5.8,18.0,4.8,17.3,,,1.4,,14.0,367.0,,,13.0,0.0,
ff002b7f-49f5-4ba6-971a-c1b18578a2b6,8.389256 46.787371,2023-04-16 08:30:00+02:00,2,EXPLOSIVE,SLAB,1,DRY,N,139,46.79332692231813,8.370868030590934,0,739.4118041992188,245.10498046875,-1336.48681640625,1358.7764576553054,190.3922753260172,ENG,ENG,0.4,0.3,0.5,0.8,0.6,97.4,6.1,0.1,899.6,,1018.7,,1490.1,1.8,95.0,1.1,4.0,6.5,1.7,6.1,0.0,,1.7,0.0,76.0,320.0,,,,0.0,0.037
a9add040-dd0c-11ed-8f1e-7bb69ddca4ec,8.245886 46.75731,2023-04-17 12:15:00+02:00,0,NATURAL,FULL_DEPTH,2,WET,S,0,46.72358079953355,8.279274125715261,0,686.8111572265625,-532.3974609375,74.267578125,537.5525365703801,82.05868587714266,MER,MER,11.6,11.2,11.9,19.5,18.3,60.7,8.3,4.2,949.4,1018.2,1018.5,,,8.4,327.0,3.8,13.7,30.2,8.1,29.2,0.0,,0.0,,848.0,,,,368.0,39.0,0.412
bdf4c097-2315-413e-a320-168acfd62b21,8.380633 46.782526,2023-04-14 08:00:00+02:00,4,EXPLOSIVE,SLAB,3,DRY,N,215,46.79718018652263,8.341959093387658,0,728.6204223632812,-1212.78076171875,-1453.7109375,1893.1752866024426,140.16292595977765,ENG,ENG,1.2,0.8,1.7,1.5,0.4,85.8,5.7,-1.0,891.7,,1009.9,,1421.1,5.4,267.0,2.3,8.3,19.4,5.3,19.1,0.0,,0.0,7.0,184.0,295.0,,,,0.0,0.073
1360c83b-baa5-40fd-8967-adc55e27b8f8,8.035169 46.786944,2023-05-11 11:00:00+02:00,4,EXPLOSIVE,FULL_DEPTH,2,WET,SW,0,46.824206428252765,7.998239904744437,0,609.8671875,132.4951171875,-265.10009765625,296.3663574967352,206.55555253997784,FLU,FLU,7.2,6.8,8.0,,,85.4,8.7,5.0,,,,,,6.3,13.0,2.1,7.6,22.7,5.9,21.2,,,1.9,,,,,,,,
be39a3d6-d2cf-47e2-870e-49c1b9134b29,8.422461 46.779843,2023-05-17 07:00:00.000 +0200,4,EXPLOSIVE,SLAB,2,DRY,N,76,46.779843,8.422461,1,760.8377075195312,-135.46142578125,-1545.99609375,1551.91936638633,174.99248631940367,TIT,TIT,-7.2,-7.3,-7.0,,,93.9,3.3,-8.0,694.2,,1015.8,3033.2,,23.4,50.0,12.0,43.2,84.2,21.1,76.0,,,,,147.0,,,,,,0.03
35790a01-26e9-458d-9830-8b595ce08bc3,8.391669 46.779911,2023-04-15 16:00:00+02:00,5,PERSON,SLAB,3,DRY,NW,82,46.78078856456931,8.356218995901722,0,729.5796508789062,1022.8271484375,829.35791015625,1316.8181038850923,309.03681749315876,ENG,ENG,1.4,1.1,1.6,1.9,1.5,93.8,6.3,0.5,893.7,,1012.1,,1438.5,2.8,281.0,0.9,3.2,10.1,2.5,9.0,0.0,,1.2,0.0,64.0,322.0,,,,0.0,0.035
b210fde3-14f2-42fc-8dc3-c8d01a9cf57a,8.425206 46.770128,2023-05-16 09:00:00+02:00,3,EXPLOSIVE,SLAB,2,DRY,S,2,46.8068926324375,8.383346227633353,0,749.2450561523438,2191.44287109375,1144.775390625,2472.434539527435,297.58186080461934,ENG,ENG,7.1,6.9,7.3,8.4,7.8,88.8,8.9,5.4,895.3,,1013.9,,1461.9,3.3,180.0,0.8,2.9,11.9,3.0,10.8,0.0,,0.2,0.0,100.0,339.0,,,,0.0,0.063
ce082ed0-ea41-11ed-9704-3747ffc8acfd,7.997493 46.55824,2023-05-03 12:00:00.000 +0200,7,PERSON,SLAB,3,DRY,S,346,46.55824,7.997493,1,634.9352416992188,192.15087890625,1593.896484375,1605.4370006846825,353.12592737705734,JUN,JUN,-2.9,-3.9,-2.2,,,31.6,1.5,-17.7,660.3,,1026.2,3109.8,,10.1,23.0,3.9,14.0,36.4,9.6,34.6,,,,,1046.0,185.0,,,,60.0,0.365
acaee50d-c93e-4865-b666-dcf8ca1d9f21,8.226812 46.595085,2023-04-22 12:00:00+02:00,7,PERSON,SLAB,1,DRY,NW,157,46.628309390106125,8.268118195970555,0,673.2918090820312,276.08642578125,690.05126953125,743.2324461986004,338.19387235224303,GRH,GRH,8.3,7.7,8.9,,,45.6,5.0,-2.8,800.5,,1015.4,,1462.6,6.8,152.0,3.9,14.0,24.5,6.3,22.7,,,0.0,175.0,926.0,278.0,,,,30.0,0.448
20077a30-ec16-11ed-aa20-6507e99101f4,8.022203 46.505884,2023-05-06 14:00:00.000 +0200,0,PERSON,SLAB,2,WET,E,90,46.505884,8.022203,1,638.0261840820312,-635.77880859375,765.41748046875,995.026940772971,39.71404307188509,JUN,JUN,-2.4,-2.6,-2.2,,,73.0,3.8,-6.5,660.2,,1026.1,3108.0,,9.0,320.0,3.7,13.3,32.4,8.7,31.3,,,,,827.0,224.0,,,,57.0,0.275
8b4032b5-5847-4489-a91a-a268f821bb88,8.425022 46.770122,2023-05-16 09:30:00+02:00,2,EXPLOSIVE,SLAB,2,DRY,S,18,46.79856644717439,8.412117164770414,0,764.7423706054688,1478.3203125,743.00537109375,1654.5355625746636,296.68415136384044,ENG,ENG,7.1,6.9,7.3,8.4,7.8,88.8,8.9,5.4,895.3,,1013.9,,1461.9,3.3,180.0,0.8,2.9,11.9,3.0,10.8,0.0,,0.2,0.0,100.0,339.0,,,,0.0,0.063
ff002b7f-49f5-4ba6-971a-c1b18578a2b6,8.389256 46.787371,2023-04-16 08:30:00+02:00,2,EXPLOSIVE,SLAB,1,DRY,N,201,46.78615962718839,8.360707339989398,0,733.2027587890625,-587.21923828125,1021.2890625,1178.073759570996,29.89797542512143,ENG,ENG,0.4,0.3,0.5,0.8,0.6,97.4,6.1,0.1,899.6,,1018.7,,1490.1,1.8,95.0,1.1,4.0,6.5,1.7,6.1,0.0,,1.7,0.0,76.0,320.0,,,,0.0,0.037
35790a01-26e9-458d-9830-8b595ce08bc3,8.391669 46.779911,2023-04-15 16:00:00+02:00,5,PERSON,SLAB,3,DRY,NW,232,46.776294735531565,8.40359441830584,0,747.9479370117188,-619.07958984375,-1232.0068359375,1378.8039680671925,153.3206146678479,TIT,TIT,-9.8,-9.9,-9.1,,,98.0,2.9,-10.0,688.0,,1007.2,2963.5,,12.4,314.0,6.7,24.1,44.6,12.0,43.2,,,,,219.0,,,,,,0.038
f4bf91bd-2855-4c53-b901-3cb18add524d,8.420301 46.78111,2023-04-18 08:00:00+02:00,4,EXPLOSIVE,SLAB,2,DRY,N,125,46.779612887971616,8.384250412777671,0,739.6619873046875,617.54150390625,1249.8046875,1394.047799016865,333.7055433096777,TIT,TIT,-6.1,-7.1,-5.1,,,76.1,3.0,-9.7,694.1,,1015.6,3031.7,,4.1,233.0,1.3,4.7,14.8,3.9,14.0,,,,,514.0,,,,,,0.154
233c98fe-a27b-4c5e-992f-1bc9cdd0362a,8.422835 46.779803,2023-04-25 07:00:00.000 +0200,3,EXPLOSIVE,SLAB,2,DRY,N,137,46.779803,8.422835,1,761.37451171875,-2.08740234375,-1899.31640625,1899.3175533067028,179.93703034634154,TIT,TIT,-10.2,-10.4,-10.0,,,98.9,2.8,-10.3,687.7,,1006.9,2961.3,,16.3,291.0,10.1,36.4,58.7,15.8,56.9,,,,,90.0,,,,,,0.015
50374fe0-d439-11ed-a920-a702e6e7f311,8.245848 46.760908,2023-04-05 16:00:00.000 +0200,2,NATURAL,FULL_DEPTH,1,WET,SW,41,46.760908,8.245848,1,672.4798583984375,248.18115234375,-138.6474609375,284.2833143240863,240.8099044636349,MER,MER,8.4,8.1,8.9,9.0,7.2,42.7,4.7,-3.5,948.0,1017.6,1017.1,,,8.8,322.0,4.7,16.9,31.7,8.5,30.6,0.0,,0.0,,189.0,,,,113.0,19.0,0.16
1bae5ef4-62c9-4601-861f-8e5b286b94b1,8.422604 46.780389,2023-04-14 07:30:00+02:00,2,EXPLOSIVE,SLAB,2,DRY,N,156,46.78333741399119,8.386693383121356,0,742.7462158203125,2141.6748046875,-2305.5908203125,3146.826973276813,222.88916442123144,TIT,TIT,-13.4,-13.7,-13.1,,,99.4,2.2,-13.5,684.7,,1002.8,2929.1,,9.3,318.0,3.0,10.8,33.5,8.9,32.0,,,,,121.0,,,,,,0.023
110f1420-d9f1-11ed-8014-25b7abf6ec82,8.252181 46.759933,2023-04-13 02:00:00+02:00,4,NATURAL,FULL_DEPTH,2,WET,S,165,46.771052816988956,8.24136253460034,0,671.5054321289062,845.947265625,-13.29345703125,846.0517077686541,269.0997118509805,MER,MER,4.8,4.7,5.0,3.9,3.8,89.5,7.7,3.2,939.9,1009.8,1008.5,,,1.7,45.0,0.7,2.5,6.1,1.7,6.1,0.0,,0.5,,0.0,,,,1.0,0.0,-0.004
c8a8b700-feb1-11ed-b35a-bf420b8ac344,8.01247 46.561817,2023-05-31 12:00:00+02:00,6,PERSON,SLAB,2,DRY,SE,104,46.549705854198336,7.974993403321453,0,652.7925415039062,-689.17236328125,628.74755859375,932.8890816963527,47.62509383563498,JUN,JUN,-1.7,-1.9,-1.4,,,90.4,4.9,-3.0,660.3,,1026.3,3108.6,,6.4,150.0,5.3,19.1,23.0,6.3,22.7,,,,,705.0,289.0,,,,1.0,0.218
2ed09558-7716-4dda-935c-3c151ebe5b3b,8.238855 46.748629,2023-04-20 08:30:00+02:00,4,EXPLOSIVE,SLAB,1,DRY,NW,0,46.72247302224588,8.212957318938848,0,659.2928466796875,-969.873046875,-540.52734375,1110.325869461766,119.13169444132332,MER,MER,6.2,6.1,6.3,7.3,7.2,80.0,7.6,3.0,942.1,1011.8,1010.8,,,5.2,254.0,3.0,10.8,18.7,5.1,18.4,0.0,,0.0,,114.0,,,,108.0,0.0,0.071
87548817-41cb-4875-9f16-2dd62dfe20ab,8.382498 46.780197,2023-04-03 07:00:00+02:00,4,EXPLOSIVE,SLAB,2,DRY,NE,91,46.769027947579275,8.419029699706883,0,757.9077758789062,-1202.89306640625,-549.31640625,1322.3843024566065,114.54441207732137,TIT,TIT,-11.1,-11.4,-10.6,,,93.9,2.5,-11.9,692.7,,1013.6,3017.2,,10.4,32.0,6.3,22.7,37.4,9.9,35.6,,,,,76.0,,,,,,0.018
099a6e90-d12e-11ed-ba10-b99b29af1712,8.260874 46.762857,2023-04-04 07:18:00+02:00,0,EXPLOSIVE,SLAB,3,DRY,NE,104,46.76046878085031,8.255591712938761,0,678.04150390625,-932.62939453125,-1724.08447265625,1960.169598886307,151.58919067641872,MER,MER,0.9,0.4,1.3,0.4,-2.1,67.9,4.4,-4.3,949.6,1021.3,1018.7,,,3.0,342.0,0.9,3.2,10.8,2.9,10.4,0.0,,0.0,,125.0,,,,105.0,4.0,0.049
099a6e90-d12e-11ed-ba10-b99b29af1712,8.260874 46.762857,2023-04-03 07:18:00+02:00,0,EXPLOSIVE,SLAB,3,DRY,NE,54,46.74030948949044,8.239403847468317,0,667.489501953125,-32.2998046875,49.21875,58.87072901207481,33.27488798483492,MER,MER,5.3,5.1,5.6,5.2,4.5,77.0,6.8,1.6,950.6,1021.2,1019.8,,,8.3,274.0,4.4,15.8,29.9,8.1,29.2,0.0,,0.0,,130.0,,,,110.0,3.0,0.068
bdf4c097-2315-413e-a320-168acfd62b21,8.380633 46.782526,2023-04-13 08:00:00+02:00,4,EXPLOSIVE,SLAB,3,DRY,N,186,46.759267583301984,8.366823022271968,0,726.24072265625,207.421875,-455.712890625,500.69758628368567,204.47308751972272,TIT,TIT,-13.9,-14.2,-13.6,,,99.5,2.1,-14.0,683.4,,1001.0,2915.3,,10.1,299.0,5.4,19.4,36.4,9.8,35.3,,,,,212.0,,,,,,0.032
099a6e90-d12e-11ed-ba10-b99b29af1712,8.260874 46.762857,2023-04-05 07:18:00+02:00,0,EXPLOSIVE,SLAB,3,DRY,NE,33,46.78541110567616,8.223781618895115,0,676.9492797851562,784.423828125,-257.080078125,825.4761708850448,251.8544213405186,GIH,GIH,-1.1,-2.3,0.4,,,99.3,5.6,-1.2,964.5,1022.9,1020.3,,,1.0,225.0,0.2,0.7,3.6,1.0,3.6,0.0,,0.0,,182.0,,,,54.0,43.0,0.051
37f6f440-e68a-11ed-9633-279e930b62b5,7.970158 46.5442,2023-04-29 12:00:00+02:00,7,NATURAL,SLAB,2,DRY,SE,329,46.507990044748155,7.949940841103953,0,673.9176635742188,-1468.98193359375,-713.671875,1633.1673112056976,115.91175797713555,JUN,JUN,-5.4,-5.5,-5.3,,,87.5,3.6,-7.1,657.1,,1021.7,3076.0,,7.0,314.0,4.4,15.8,25.2,6.5,23.4,,,,,974.0,244.0,,,,36.0,0.263
b5d8fc03-e36a-4fa1-9d42-ea7105356bda,8.385358 46.779077,2023-04-17 05:00:00+02:00,3,EXPLOSIVE,UNKNOWN,2,DRY,NE,83,46.80378534922491,8.361685346637355,0,738.8474731445312,1507.763671875,-1883.935546875,2412.9990540829453,218.67121558795318,ENG,ENG,0.8,0.7,1.1,0.6,0.3,96.6,6.3,0.4,900.2,,1019.3,,1495.9,2.7,90.0,0.9,3.2,9.7,2.4,8.6,0.0,,0.2,0.0,0.0,314.0,,,,0.0,-0.005
146fb98c-e881-4676-9e59-446d1d57d1c2,8.034003 46.784284,2023-04-18 10:30:00.000 +0200,4,EXPLOSIVE,SLAB,2,DRY,S,29,46.784284,8.034003,1,622.0633544921875,-860.11962890625,-1528.30810546875,1753.7193165587546,150.6295373945058,BRZ,BRZ,,,,,,,,,950.6,,1017.2,,,6.1,107.0,2.6,9.4,22.0,6.0,21.6,,,0.0,,,,,,,,
f9b59268-33ad-4905-91cd-ccc9a1ae40a4,8.385942 46.778812,2023-04-14 08:30:00.000 +0200,2,EXPLOSIVE,LOOSE_SNOW,2,DRY,NE,139,46.778812,8.385942,1,738.9261474609375,1856.9091796875,715.4296875,1989.9626477308693,291.07066856438576,TIT,TIT,-13.4,-13.6,-13.2,,,100.0,2.2,-13.4,684.7,,1002.8,2929.3,,8.5,327.0,2.1,7.6,30.6,8.3,29.9,,,,,263.0,,,,,,0.052
8cc2e1b0-ecd3-11ed-8adc-7d70564ee41a,8.023437 46.573593,2023-05-08 12:00:00+02:00,10,NATURAL,SLAB,4,WET,,228,46.55452607659013,8.028614540244615,0,620.0916748046875,-9.77783203125,-487.24365234375,487.34175149324983,178.85036301574877,JUN,JUN,-3.6,-3.9,-3.0,,,97.2,4.5,-4.0,660.7,,1026.8,3116.1,,4.1,315.0,2.3,8.3,14.8,4.0,14.4,,,,,1051.0,241.0,,,,55.0,0.353
b2ae7f83-144e-4307-bbca-2bcde419c704,8.384786 46.783437,2023-04-19 08:30:00+02:00,4,EXPLOSIVE,LOOSE_SNOW,1,DRY,N,109,46.758763232528615,8.385171401093132,0,730.4534301757812,290.0390625,903.40576171875,948.822759045394,342.2007357080135,TIT,TIT,-6.5,-6.7,-6.4,,,78.4,3.0,-9.7,696.0,,1018.1,3052.4,,9.7,308.0,7.0,25.2,34.9,9.4,33.8,,,,,545.0,,,,,,0.12
673e5d3c-9736-4824-ac24-c511ffd507c4,8.418437 46.784875,2023-04-17 08:00:00+02:00,4,EXPLOSIVE,SLAB,1,DRY,NW,45,46.750155750458326,8.383119815227397,0,727.100830078125,-65.0390625,168.85986328125,180.95229503446853,21.064983826360873,TIT,TIT,-9.6,-9.7,-9.4,,,91.6,2.7,-10.7,694.0,,1015.4,3030.7,,16.1,31.0,6.3,22.7,58.0,15.2,54.7,,,,,296.0,,,,,,0.057
b1c2736c-200d-4a78-a75a-d1aa12bb81e8,7.992735 46.584254,2023-06-05 08:00:00+02:00,3,EXPLOSIVE,UNKNOWN,0,UNKNOWN,,132,46.54602801136397,7.96753030179152,0,659.3233032226562,-465.05126953125,2094.76318359375,2145.7645440803726,12.517034756493643,JUN,JUN,-2.8,-3.1,-2.3,,,58.3,2.9,-9.9,659.1,,1024.6,3096.0,,2.9,323.0,0.5,1.8,10.4,2.8,10.1,,,,,685.0,192.0,,,,60.0,0.264
2f93ceb4-a841-42da-a6c1-1933628dbb83,8.385941 46.778747,2023-04-02 07:00:00+02:00,4,EXPLOSIVE,SLAB,2,DRY,NE,175,46.78879247971371,8.365850545988891,0,733.2301635742188,1071.05712890625,-1064.02587890625,1509.7398598311952,225.18868563511316,ENG,ENG,1.5,0.9,2.3,0.8,-0.5,92.6,6.3,0.5,894.4,,1012.9,,1445.3,3.5,90.0,0.9,3.2,12.6,3.3,11.9,0.0,,0.0,0.0,95.0,251.0,,,,6.0,0.037
c8955470-dce3-11ed-bcd6-6b951ea9af39,8.419791 46.782658,2023-04-16 12:00:00+02:00,7,EXPLOSIVE,SLAB,2,DRY,N,40,46.74580932567681,8.380422055292849,0,724.0703125,828.25927734375,108.21533203125,835.2987421232147,277.4437539586736,TIT,TIT,-9.1,-9.2,-9.1,,,96.8,3.0,-9.5,693.9,,1015.2,3029.6,,7.4,16.0,3.6,13.0,26.6,7.0,25.2,,,,,654.0,,,,,,0.147
1360c83b-baa5-40fd-8967-adc55e27b8f8,8.035169 46.786944,2023-05-11 11:00:00+02:00,4,EXPLOSIVE,FULL_DEPTH,2,WET,SW,2,46.790027254786004,8.005446444355306,0,606.2586669921875,1449.5361328125,2284.38720703125,2705.4722160793026,327.60321985631606,BRZ,BRZ,,,,,,,,,948.8,,1015.3,,,4.3,254.0,1.0,3.6,15.5,4.1,14.8,,,0.0,,,,,,,,
a7ed94b7-52d1-4b17-9928-83b4745ca8bf,8.307745 46.608205,2023-05-03 12:00:00+02:00,7,NATURAL,UNKNOWN,3,WET,,173,46.57963446435582,8.274006133337931,0,687.3972778320312,-1195.9716796875,-128.21044921875,1202.8242506299139,96.11884866496908,GRH,GRH,6.4,5.8,6.8,,,62.4,6.0,-0.2,807.0,,1023.2,,1533.1,5.0,6.0,2.0,7.2,18.0,4.8,17.3,,,0.0,154.0,1026.0,238.0,,,,60.0,0.475
8cc2e1b0-ecd3-11ed-8adc-7d70564ee41a,8.023437 46.573593,2023-05-08 12:00:00+02:00,10,NATURAL,SLAB,4,WET,,201,46.538139518323206,8.042976517079305,0,620.2730712890625,-931.201171875,516.46728515625,1064.8352356764124,60.986161913799776,JUN,JUN,-3.6,-3.9,-3.0,,,97.2,4.5,-4.0,660.7,,1026.8,3116.1,,4.1,315.0,2.3,8.3,14.8,4.0,14.4,,,,,1051.0,241.0,,,,55.0,0.353
bafec949-69be-4d29-96df-732ded5d7686,8.389718 46.787228,2023-04-01 08:00:00+02:00,3,EXPLOSIVE,SLAB,1,DRY,N,0,46.83027293022921,8.360686135908919,0,742.1687622070312,-28.564453125,-136.4501953125,139.40797603849543,168.17645605793297,ENG,ENG,5.9,5.5,6.2,5.2,4.8,58.5,5.4,-1.7,890.3,,1008.4,,1415.1,5.8,59.0,2.0,7.2,20.9,5.7,20.5,0.0,,0.1,0.0,88.0,321.0,,,,0.0,0.075
9f2be370-d7a6-11ed-a8d1-4961cd70d9e1,8.210814 46.503291,2023-04-09 12:00:00+02:00,7,NATURAL,SLAB,3,WET,S,134,46.5343392572655,8.204419796446288,0,677.926025390625,-924.93896484375,-804.74853515625,1226.0229579915533,131.0250895678847,ULR,ULR,9.9,9.4,10.4,16.3,15.1,25.9,3.2,-8.8,867.1,,1019.6,,1513.0,6.4,57.0,2.5,9.0,23.0,6.3,22.7,,,0.0,0.0,904.0,232.0,,,89.0,60.0,0.471
8b5b35b0-dd0c-11ed-8f1e-7bb69ddca4ec,8.229566 46.753026,2023-04-17 12:30:00+02:00,0,NATURAL,FULL_DEPTH,2,WET,SE,5,46.74483114280082,8.22499700010057,0,660.2324829101562,536.7919921875,-263.671875,598.0539277879886,243.83975945784834,MER,MER,11.6,11.2,11.9,19.5,18.3,60.7,8.3,4.2,949.4,1018.2,1018.5,,,8.4,327.0,3.8,13.7,30.2,8.1,29.2,0.0,,0.0,,848.0,,,,368.0,39.0,0.412
26ffd848-b17b-4d9b-a93a-0d9106053d47,8.073009 46.53608,2023-05-22 12:00:00+02:00,7,PERSON,SLAB,3,DRY,,97,46.56824291183236,8.043572851259892,0,610.0407104492188,-211.5966796875,-642.59033203125,676.5319576153122,161.77395490629806,JUN,JUN,-1.9,-2.7,-0.9,,,77.6,4.2,-5.3,659.8,,1025.4,3101.8,,2.2,146.0,0.8,2.9,7.9,2.2,7.9,,,,,815.0,274.0,,,,8.0,0.335
792e43cf-e040-4ad1-98dd-47672e4855cd,8.426192 46.777884,2023-04-14 07:00:00+02:00,0,EXPLOSIVE,SLAB,2,DRY,NE,281,46.77249902980882,8.396574802078494,0,744.8670654296875,803.1005859375,-303.662109375,858.5925854578703,249.28778443884667,TIT,TIT,-13.4,-13.7,-13.1,,,99.4,2.2,-13.5,684.7,,1002.8,2929.1,,9.3,318.0,3.0,10.8,33.5,8.9,32.0,,,,,121.0,,,,,,0.023
2ed09558-7716-4dda-935c-3c151ebe5b3b,8.238855 46.748629,2023-04-19 08:30:00+02:00,4,EXPLOSIVE,SLAB,1,DRY,NW,0,46.74877367360105,8.195109009837376,0,657.5682373046875,-855.94482421875,281.0302734375,900.8993044148846,71.82356649515734,MER,MER,9.4,8.6,10.3,16.9,14.9,72.3,8.5,4.6,950.1,1019.5,1019.3,,,2.6,330.0,1.0,3.6,9.4,2.5,9.0,0.0,,0.0,,484.0,,,,83.0,60.0,0.219
1aca9480-d131-11ed-bb43-5ff35461761d,8.354817 46.766741,2023-04-02 12:00:00+02:00,10,NATURAL,SLAB,3,DRY,NW,80,46.77307590902132,8.37203045506594,0,729.8355712890625,11.42578125,-642.7001953125,642.8017497890764,181.01848434771316,TIT,TIT,-10.5,-10.6,-10.3,,,93.9,2.6,-11.3,691.2,,1011.6,3000.3,,4.0,317.0,1.8,6.5,14.4,3.8,13.7,,,,,713.0,,,,,,0.173
74d69404-e345-4837-afea-4a4f976882c4,8.416507 46.785698,2023-04-18 08:00:00+02:00,4,EXPLOSIVE,SLAB,2,DRY,NW,0,46.82570526158336,8.407692081859228,0,768.509521484375,1288.6962890625,-430.55419921875,1358.7181620587685,251.52549542773443,ENG,ENG,5.1,4.3,5.9,12.1,9.3,69.1,6.1,-0.2,898.4,,1017.3,,1486.8,3.7,99.0,2.0,7.2,13.3,3.4,12.2,0.0,,0.0,0.0,460.0,253.0,,,,60.0,0.186
931d9d63-4823-45cb-940f-26620aa25be9,8.425244 46.779006,2023-04-13 07:30:00+02:00,2,EXPLOSIVE,SLAB,2,DRY,N,114,46.77564378841934,8.398365010443673,0,745.9691162109375,38.56201171875,-1649.59716796875,1650.047831221361,181.3391379629296,TIT,TIT,-13.5,-13.7,-13.0,,,100.0,2.2,-13.5,683.5,,1001.1,2915.8,,10.2,306.0,5.7,20.5,36.7,9.9,35.6,,,,,127.0,,,,,,0.019
514e8b36-8761-43bc-a150-8a7eaeb0c925,8.038115 46.78053,2023-05-08 11:00:00.000 +0200,4,EXPLOSIVE,FULL_DEPTH,1,WET,NW,47,46.78053,8.038115,1,628.7517700195312,-1166.30859375,-2373.486328125,2644.5629290397683,153.83093742679455,BRZ,BRZ,,,,,,,,,955.0,,1021.9,,,3.0,246.0,1.7,6.1,10.8,2.9,10.4,,,0.0,,,,,,,,
97f65a13-9c8a-44c6-b5dc-c7c4d60fed1e,7.972757 46.575628,2023-04-16 07:30:00.000 +0200,2,EXPLOSIVE,SLAB,1,DRY,N,103,46.575628,7.972757,1,645.8840942382812,95.47119140625,1123.35205078125,1127.4016934451397,355.1422324947262,JUN,JUN,-12.2,-12.6,-11.9,,,92.2,2.2,-13.2,650.5,,1012.2,3010.1,,18.5,302.0,11.9,42.8,66.6,18.2,65.5,,,,,198.0,261.0,,,,0.0,0.027
97f65a13-9c8a-44c6-b5dc-c7c4d60fed1e,7.972757 46.575628,2023-04-17 07:30:00+02:00,2,EXPLOSIVE,SLAB,1,DRY,N,271,46.532093225673904,7.984405570229346,0,653.576416015625,1512.48779296875,2709.66796875,3103.211211752953,330.83053300128347,JUN,JUN,-12.2,-12.6,-11.9,,,76.7,1.8,-15.5,651.9,,1014.3,3028.0,,12.4,40.0,5.8,20.9,44.6,12.0,43.2,,,,,277.0,161.0,,,,57.0,0.052
2ed09558-7716-4dda-935c-3c151ebe5b3b,8.238855 46.748629,2023-04-19 08:30:00+02:00,4,EXPLOSIVE,SLAB,1,DRY,NW,174,46.77414770640696,8.239624072606203,0,672.3219604492188,287.95166015625,-375.29296875,473.0337947545915,217.49800478059421,MER,MER,9.4,8.6,10.3,16.9,14.9,72.3,8.5,4.6,950.1,1019.5,1019.3,,,2.6,330.0,1.0,3.6,9.4,2.5,9.0,0.0,,0.0,,484.0,,,,83.0,60.0,0.219
5dfb93d0-d046-11ed-b49c-43d9bede54f5,8.263448 46.782775,2023-04-02 05:45:00+02:00,0,EXPLOSIVE,SLAB,2,DRY,NW,117,46.770797168056134,8.252315183119112,0,676.085693359375,1238.92822265625,-510.53466796875,1339.9958164457591,247.60453415357767,MER,MER,3.5,2.9,4.0,0.2,-0.5,93.7,7.3,2.6,944.8,1015.4,1013.7,,,1.5,101.0,0.7,2.5,5.4,1.5,5.4,0.0,,0.0,,18.0,,,,14.0,0.0,0.011
9f2be370-d7a6-11ed-a8d1-4961cd70d9e1,8.210814 46.503291,2023-04-10 12:00:00+02:00,7,NATURAL,SLAB,3,WET,S,70,46.516927031418504,8.235975334634695,0,688.8738403320312,-353.43017578125,58.33740234375,358.212425335836,80.62723397199944,ULR,ULR,11.7,11.1,12.6,17.6,17.1,23.5,3.3,-8.5,868.1,,1020.8,,1523.7,4.6,56.0,2.1,7.6,16.6,4.5,16.2,,,0.0,0.0,794.0,256.0,,,317.0,60.0,0.441
10ab716e-5fe3-4dac-9343-2f5c3d5e2a92,8.244594 46.61198,2023-05-09 12:00:00+02:00,7,NATURAL,SLAB,4,WET,NW,14,46.65389352381744,8.264612757393023,0,666.0449829101562,-92.61474609375,330.46875,343.2012323995534,15.655669470375415,GRH,GRH,9.3,8.9,9.5,,,57.2,6.7,1.2,803.2,,1018.7,,1489.1,8.2,167.0,4.9,17.6,29.5,7.8,28.1,,,0.0,111.0,625.0,320.0,,,,3.0,0.325
10ab716e-5fe3-4dac-9343-2f5c3d5e2a92,8.244594 46.61198,2023-05-11 12:00:00+02:00,7,NATURAL,SLAB,4,WET,NW,109,46.63975208863763,8.265903389558316,0,670.2005004882812,-814.85595703125,-624.13330078125,1026.4173653311857,127.45006029442251,GRH,GRH,0.7,0.4,0.9,,,93.0,6.0,-0.3,799.7,,1014.4,,1468.0,7.9,351.0,4.2,15.1,28.4,7.7,27.7,,,0.2,113.0,511.0,313.0,,,,0.0,0.167
59a9c34c-87a8-4479-9db9-c3a9d7e37faf,8.42632 46.777873,2023-04-25 07:00:00.000 +0200,3,EXPLOSIVE,SLAB,2,DRY,NE,181,46.777873,8.42632,1,762.9927978515625,-111.181640625,-1086.21826171875,1091.8935247098818,174.15575022355583,TIT,TIT,-10.2,-10.4,-10.0,,,98.9,2.8,-10.3,687.7,,1006.9,2961.3,,16.3,291.0,10.1,36.4,58.7,15.8,56.9,,,,,90.0,,,,,,0.015
11290122-2f71-4b65-840e-5b583a64fdd5,8.389124 46.787453,2023-04-15 07:00:00+02:00,4,EXPLOSIVE,SLAB,2,WET,N,0,46.81636698290869,8.38166143042437,0,752.1343383789062,10.107421875,437.0361328125,437.1529953696582,358.675145244598,ENG,ENG,0.5,0.3,0.7,0.3,0.2,96.3,6.1,-0.1,889.2,,1007.1,,1397.6,1.8,90.0,0.9,3.2,6.5,1.6,5.8,0.0,,1.3,0.0,49.0,316.0,,,,0.0,0.027
97c5682e-950b-4c24-8c69-651f6ff3d0c8,8.035288 46.786336,2023-04-18 10:30:00.000 +0200,4,EXPLOSIVE,SLAB,2,DRY,S,37,46.786336,8.035288,1,622.7722778320312,-650.93994140625,-661.376953125,927.9775220569088,135.4556705144938,BRZ,BRZ,,,,,,,,,950.6,,1017.2,,,6.1,107.0,2.6,9.4,22.0,6.0,21.6,,,0.0,,,,,,,,
d940ed50-ecda-11ed-aeab-3b3cc7819483,7.967581 46.511291,2023-05-08 12:00:00+02:00,7,NATURAL,SLAB,3,UNKNOWN,S,275,46.53110981153949,7.96924591357113,0,667.7876586914062,-539.4287109375,1352.96630859375,1456.537389280993,21.737208065486712,JUN,JUN,-3.6,-3.9,-3.0,,,97.2,4.5,-4.0,660.7,,1026.8,3116.1,,4.1,315.0,2.3,8.3,14.8,4.0,14.4,,,,,1051.0,241.0,,,,55.0,0.353
a9add040-dd0c-11ed-8f1e-7bb69ddca4ec,8.245886 46.75731,2023-04-17 12:15:00+02:00,0,NATURAL,FULL_DEPTH,2,WET,S,0,46.719551350271594,8.267420081535471,0,683.8021850585938,-684.228515625,-229.28466796875,721.623253893561,108.52597761946947,MER,MER,11.6,11.2,11.9,19.5,18.3,60.7,8.3,4.2,949.4,1018.2,1018.5,,,8.4,327.0,3.8,13.7,30.2,8.1,29.2,0.0,,0.0,,848.0,,,,368.0,39.0,0.412
87548817-41cb-4875-9f16-2dd62dfe20ab,8.382498 46.780197,2023-04-04 07:00:00+02:00,4,EXPLOSIVE,SLAB,2,DRY,NE,0,46.820498761275395,8.373174103124855,0,751.875732421875,1648.388671875,-1988.19580078125,2582.6551755528694,219.66170937589752,ENG,ENG,-3.7,-3.9,-3.3,-3.3,-3.4,89.3,4.2,-5.2,898.6,,1017.6,,1474.4,5.4,231.0,3.3,11.9,19.4,5.2,18.7,0.0,,0.0,0.0,44.0,289.0,,,,0.0,0.023
1bb8250c-f575-4cb3-84c9-194ae951bc8a,7.944832 46.554569,2023-05-04 12:00:00+02:00,7,NATURAL,UNKNOWN,4,WET,,24,46.596631744881435,7.981199952755024,0,629.7511596679688,-899.7802734375,785.9619140625,1194.7136354892962,48.86264820966975,JUN,JUN,-2.7,-3.0,-2.2,,,47.9,2.4,-12.2,661.7,,1028.2,3127.2,,5.8,318.0,3.1,11.2,20.9,5.4,19.4,,,,,1043.0,195.0,,,,60.0,0.37
9b1e09ce-808a-44b8-8176-c69307d3a01b,8.390545 46.780329,2023-04-17 08:30:00+02:00,4,EXPLOSIVE,LOOSE_SNOW,1,DRY,NW,63,46.77575989216573,8.366348106183013,0,732.24755859375,1026.01318359375,-33.06884765625,1026.5459568833217,268.15397134345983,TIT,TIT,-9.6,-9.7,-9.4,,,91.6,2.7,-10.7,694.0,,1015.4,3030.7,,16.1,31.0,6.3,22.7,58.0,15.2,54.7,,,,,296.0,,,,,,0.057
49e457f5-5bb7-4272-bb56-c1782a243205,8.423263 46.779484,2023-04-17 08:00:00+02:00,4,EXPLOSIVE,SLAB,3,DRY,N,61,46.80029232169146,8.42241038129565,0,774.1260986328125,626.66015625,-1126.5380859375,1289.1047321684148,209.08590652670188,ENG,ENG,4.0,3.0,5.4,7.8,4.9,89.2,7.3,2.4,900.3,,1019.4,,1502.5,3.8,135.0,0.8,2.9,13.7,3.6,13.0,0.0,,0.0,0.0,430.0,288.0,,,,28.0,0.168
ad1f7e7f-180e-4f38-9562-d610574cd4c5,8.239483 46.749076,2023-04-01 06:30:00+02:00,2,EXPLOSIVE,SLAB,1,DRY,N,37,46.760235311637,8.210054900415646,0,664.4661254882812,816.7236328125,595.458984375,1010.7467014377805,306.0951389117706,MER,MER,5.3,5.1,5.6,4.1,3.9,86.6,7.7,3.3,940.6,1010.5,1009.2,,,2.3,90.0,0.9,3.2,8.3,2.2,7.9,0.0,,0.0,,13.0,,,,10.0,0.0,0.016
71d13516-3cdb-4e54-a1af-c88570197f00,8.424437 46.779206,2023-04-16 06:30:00+02:00,5,EXPLOSIVE,SLAB,1,DRY,N,141,46.77826489051105,8.385072129796868,0,738.0711059570312,1260.24169921875,262.5732421875,1287.3048776271369,281.76928623370327,TIT,TIT,-9.8,-9.9,-9.7,,,93.4,2.7,-10.7,692.3,,1013.1,3011.9,,10.6,343.0,2.7,9.7,38.2,10.1,36.4,,,,,29.0,,,,,,0.013
a94851d0-e58a-11ed-94a2-bf37c1703856,7.5461 46.68465,2023-04-27 12:00:00+02:00,7,NATURAL,SLAB,2,UNKNOWN,SW,0,46.66334494119921,7.5556043461420925,0,564.7305908203125,-260.04638671875,-1871.74072265625,1889.7188828223152,172.0903627805589,THU,THU,16.7,16.1,17.2,,,50.7,9.6,6.4,950.8,1016.2,1017.8,,,4.4,332.0,1.9,6.8,15.8,4.3,15.5,,,0.0,,903.0,,,,,59.0,0.529
34e33f73-9c60-4cff-be3e-9f199f5b9d9e,8.385879 46.778707,2023-04-19 05:00:00+02:00,3,EXPLOSIVE,UNKNOWN,2,DRY,NE,154,46.77194092011737,8.410994863271926,0,751.662109375,-695.98388671875,-1328.35693359375,1499.6418617785807,152.34800460975828,TIT,TIT,-6.7,-6.9,-6.4,,,78.7,2.9,-9.8,696.1,,1018.2,3053.6,,7.5,288.0,4.4,15.8,27.0,6.8,24.5,,,,,2.0,,,,,,0.005
50374fe0-d439-11ed-a920-a702e6e7f311,8.245848 46.760908,2023-04-06 16:00:00+02:00,2,NATURAL,FULL_DEPTH,1,WET,SW,68,46.7723471144703,8.262779173708207,0,679.609130859375,-399.6826171875,-364.85595703125,541.1710116617843,132.39183575930343,MER,MER,11.0,10.9,11.1,11.5,11.1,34.5,4.6,-4.0,948.7,1017.6,1017.8,,,7.5,290.0,3.9,14.0,27.0,7.3,26.3,0.0,,0.0,,207.0,,,,202.0,0.0,0.186
40432ba0-e72a-11ed-8f49-75cb9dad9a7e,7.996764 46.557888,2023-05-02 12:00:00+02:00,7,NATURAL,SLAB,3,DRY,S,84,46.57587438391322,7.972279694883917,0,645.848876953125,-314.6484375,599.1943359375,676.7846713990891,27.704825552762237,JUN,JUN,-8.5,-9.3,-7.8,,,67.9,2.2,-13.6,656.8,,1021.3,3078.7,,10.8,317.0,5.5,19.8,38.9,10.1,36.4,,,,,1061.0,187.0,,,,49.0,0.243
2ed09558-7716-4dda-935c-3c151ebe5b3b,8.238855 46.748629,2023-04-19 08:30:00+02:00,4,EXPLOSIVE,SLAB,1,DRY,NW,23,46.776642294055094,8.20520105281243,0,669.1525268554688,513.39111328125,-751.35498046875,910.0026054200927,214.3442888602234,MER,MER,9.4,8.6,10.3,16.9,14.9,72.3,8.5,4.6,950.1,1019.5,1019.3,,,2.6,330.0,1.0,3.6,9.4,2.5,9.0,0.0,,0.0,,484.0,,,,83.0,60.0,0.219
49e457f5-5bb7-4272-bb56-c1782a243205,8.423263 46.779484,2023-04-19 08:00:00+02:00,4,EXPLOSIVE,SLAB,3,DRY,N,2,46.806086126998935,8.39218474600792,0,754.4000854492188,-424.951171875,-469.5556640625,633.2977341907289,137.85468370679945,ENG,ENG,7.0,5.8,8.3,15.6,12.7,76.2,7.6,3.1,900.1,,1019.2,,1505.6,4.8,204.0,1.9,6.8,17.3,4.1,14.8,0.0,,0.0,0.0,545.0,295.0,,,,55.0,0.227
8d0101b0-de65-11ed-ad4d-6fea2397c693,7.846102 46.562407,2023-04-18 12:00:00.000 +0200,7,NATURAL,FULL_DEPTH,2,WET,S,120,46.562407,7.846102,1,668.0802612304688,2308.99658203125,-617.98095703125,2390.2647717533837,255.01650424577497,INT,INT,13.4,13.2,13.7,26.5,25.8,55.5,8.5,4.7,948.9,1016.0,1016.8,,,6.5,306.0,2.9,10.4,23.4,6.2,22.3,0.0,,0.0,,909.0,,,,150.0,60.0,0.48
33f93161-2ec3-46b0-ab16-f598e280759a,8.383072 46.779972,2023-04-12 08:00:00+02:00,4,EXPLOSIVE,SLAB,2,DRY,NE,0,46.81679517748209,8.395593458910106,0,757.0949096679688,223.35205078125,-509.326171875,556.1468222915888,203.6786326332134,ENG,ENG,7.5,6.9,8.3,9.1,7.8,87.0,9.0,5.5,889.4,,1007.4,,1408.9,6.4,256.0,2.1,7.6,23.0,6.3,22.7,0.0,,0.0,0.0,288.0,321.0,,,,15.0,0.127
40432ba0-e72a-11ed-8f49-75cb9dad9a7e,7.996764 46.557888,2023-05-02 12:00:00+02:00,7,NATURAL,SLAB,3,DRY,S,243,46.53408534914587,7.979382894539595,0,658.2329711914062,-1463.48876953125,1321.10595703125,1971.5781314083263,47.92711740254112,JUN,JUN,-8.5,-9.3,-7.8,,,67.9,2.2,-13.6,656.8,,1021.3,3078.7,,10.8,317.0,5.5,19.8,38.9,10.1,36.4,,,,,1061.0,187.0,,,,49.0,0.243
9793e5e8-7a24-425c-8b33-04a387b5aa44,8.40304 46.792701,2023-04-01 06:30:00+02:00,2,EXPLOSIVE,SLAB,1,DRY,NW,70,46.7740974064114,8.370647042226746,0,729.5897216796875,906.70166015625,-474.49951171875,1023.3560901032602,242.37581977101672,TIT,TIT,-10.8,-10.8,-10.7,,,95.6,2.6,-11.4,685.8,,1004.3,2940.2,,26.1,286.0,14.8,53.3,94.0,25.5,91.8,,,,,7.0,,,,,,0.008
3c08ef45-da0c-4efd-bbb0-523da6d751f9,8.422511 46.78003,2023-04-28 07:30:00+02:00,2,EXPLOSIVE,SLAB,2,DRY,N,0,46.81021752940122,8.422488417679288,0,777.3509521484375,1598.5107421875,-1328.35693359375,2078.4053348457855,230.2735350739815,ENG,ENG,10.0,9.0,10.6,9.6,8.9,86.6,10.6,7.8,898.4,,1017.3,,1495.0,4.5,360.0,1.6,5.8,16.2,4.4,15.8,0.0,,0.3,0.0,87.0,348.0,,,,0.0,0.058
50374fe0-d439-11ed-a920-a702e6e7f311,8.245848 46.760908,2023-04-08 16:00:00+02:00,2,NATURAL,FULL_DEPTH,1,WET,SW,0,46.71663915604921,8.215438646608291,0,659.4805908203125,-785.5224609375,-821.77734375,1136.8216831755594,136.29216688624993,MER,MER,10.6,10.5,10.8,11.0,10.2,47.8,6.1,0.0,950.8,1020.0,1020.0,,,11.8,317.0,6.0,21.6,42.5,11.2,40.3,0.0,,0.0,,190.0,,,,183.0,0.0,0.18
1bae5ef4-62c9-4601-861f-8e5b286b94b1,8.422604 46.780389,2023-04-13 07:30:00.000 +0200,2,EXPLOSIVE,SLAB,2,DRY,N,163,46.780389,8.422604,1,761.2346801757812,793.65234375,-2353.60107421875,2483.8120016022795,198.63450110654304,TIT,TIT,-13.5,-13.7,-13.0,,,100.0,2.2,-13.5,683.5,,1001.1,2915.8,,10.2,306.0,5.7,20.5,36.7,9.9,35.6,,,,,127.0,,,,,,0.019
11f734d7-e1b6-4c3b-8fe6-abdd0b39cea0,8.385873 46.778735,2023-04-13 08:00:00+02:00,4,EXPLOSIVE,SLAB,2,DRY,NE,67,46.81202579920565,8.344015437291526,0,730.7832641601562,1181.14013671875,-606.2255859375,1327.6300251249415,242.83063010973285,ENG,ENG,1.6,1.2,2.2,2.0,1.2,83.2,5.7,-1.0,890.0,,1008.0,,1406.2,2.7,74.0,0.9,3.2,9.7,2.5,9.0,0.0,,0.1,0.0,126.0,298.0,,,,0.0,0.059
97c5682e-950b-4c24-8c69-651f6ff3d0c8,8.035288 46.786336,2023-04-21 10:30:00+02:00,4,EXPLOSIVE,SLAB,2,DRY,S,0,46.75909582943598,8.055715350442085,0,626.1627807617188,1360.986328125,-166.44287109375,1371.126184813455,263.02759133551194,BRZ,BRZ,,,,,,,,,944.6,,1010.9,,,4.7,261.0,2.6,9.4,16.9,4.5,16.2,,,0.0,,,,,,,,
e5f438a3-68c9-465f-a6d1-9ab6a2ebaf71,8.384832 46.783436,2023-04-03 08:00:00+02:00,3,EXPLOSIVE,SLAB,1,DRY,N,16,46.740664897586704,8.389478922380345,0,731.00732421875,-1368.017578125,-940.31982421875,1660.022128128951,124.5030547336864,TIT,TIT,-11.3,-11.6,-11.0,,,94.8,2.5,-12.0,692.7,,1013.6,3017.1,,9.9,35.0,5.6,20.2,35.6,9.7,34.9,,,,,225.0,,,,,,0.04
68246170-d6db-11ed-8552-37fbec7ec321,8.370977 46.777677,2023-04-12 15:00:00+02:00,3,NATURAL,FULL_DEPTH,2,WET,S,15,46.799717823412635,8.410923400797667,0,763.870849609375,692.7978515625,-994.59228515625,1212.0984600361255,214.859706460344,ENG,ENG,10.8,10.7,11.2,13.7,13.0,61.8,8.0,3.8,887.5,,1005.2,,1395.5,3.3,146.0,1.1,4.0,11.9,3.0,10.8,0.0,,0.0,0.0,244.0,337.0,,,,0.0,0.145
792e43cf-e040-4ad1-98dd-47672e4855cd,8.426192 46.777884,2023-04-15 07:00:00+02:00,0,EXPLOSIVE,SLAB,2,DRY,NE,0,46.808195940279134,8.399817363442155,0,760.0679931640625,439.453125,-58.33740234375,443.3083594795864,262.43819787577235,ENG,ENG,0.5,0.3,0.7,0.3,0.2,96.3,6.1,-0.1,889.2,,1007.1,,1397.6,1.8,90.0,0.9,3.2,6.5,1.6,5.8,0.0,,1.3,0.0,49.0,316.0,,,,0.0,0.027
0d6a183c-f453-4a31-98c7-90213921e278,8.417328 46.785788,2023-04-01 06:30:00.000 +0200,2,EXPLOSIVE,SLAB,1,DRY,NW,79,46.785788,8.417328,1,760.0443725585938,104.26025390625,-1012.060546875,1017.4167047407467,185.88173690537573,TIT,TIT,-10.8,-10.8,-10.7,,,95.6,2.6,-11.4,685.8,,1004.3,2940.2,,26.1,286.0,14.8,53.3,94.0,25.5,91.8,,,,,7.0,,,,,,0.008
37f6f440-e68a-11ed-9633-279e930b62b5,7.970158 46.5442,2023-05-02 12:00:00+02:00,7,NATURAL,SLAB,2,DRY,SE,20,46.532207353646044,7.927264093525384,0,679.2269287109375,409.46044921875,-184.02099609375,448.9115575230343,245.7997469359094,JUN,JUN,-8.5,-9.3,-7.8,,,67.9,2.2,-13.6,656.8,,1021.3,3078.7,,10.8,317.0,5.5,19.8,38.9,10.1,36.4,,,,,1061.0,187.0,,,,49.0,0.243
b5d8fc03-e36a-4fa1-9d42-ea7105356bda,8.385358 46.779077,2023-04-19 05:00:00+02:00,3,EXPLOSIVE,UNKNOWN,2,DRY,NE,92,46.7607722272361,8.345818123837237,0,718.901123046875,237.744140625,-3040.3564453125,3049.6376163332557,184.47121037814827,TIT,TIT,-6.7,-6.9,-6.4,,,78.7,2.9,-9.8,696.1,,1018.2,3053.6,,7.5,288.0,4.4,15.8,27.0,6.8,24.5,,,,,2.0,,,,,,0.005
27d50482-68af-45c1-b95c-82786dd48176,7.97274 46.575625,2023-04-04 08:00:00+02:00,3,EXPLOSIVE,LOOSE_SNOW,1,DRY,N,0,46.61370828498139,7.989314630793929,0,616.0650634765625,-138.6474609375,-1459.75341796875,1466.3230066038873,174.57432000729312,JUN,JUN,-14.1,-14.2,-13.9,,,32.8,0.7,-27.1,647.7,,1008.2,2981.0,,12.1,106.0,4.4,15.8,43.6,11.9,42.8,,,,,488.0,121.0,,,,60.0,0.102
5f7c51f6-7065-4c64-860a-51df7287e4b5,8.42359 46.779392,2023-05-20 07:00:00+02:00,4,EXPLOSIVE,SLAB,2,DRY,N,79,46.77816081092029,8.406254354050079,0,748.9640502929688,-903.40576171875,899.560546875,1274.892602457432,45.122195432486336,TIT,TIT,-1.4,-2.0,-0.5,,,83.7,4.6,-3.8,696.2,,1018.4,3054.6,,16.0,139.0,11.3,40.7,57.6,15.4,55.4,,,,,346.0,,,,,,0.092
110f1420-d9f1-11ed-8014-25b7abf6ec82,8.252181 46.759933,2023-04-16 02:00:00+02:00,4,NATURAL,FULL_DEPTH,2,WET,S,0,46.719510726525634,8.268186559564802,0,683.5631103515625,503.94287109375,915.49072265625,1045.0271195504329,331.1688864532458,MER,MER,5.1,5.1,5.2,4.5,4.4,95.4,8.4,4.5,949.5,1020.0,1018.6,,,1.1,333.0,0.4,1.4,4.0,1.0,3.6,0.0,,0.4,,1.0,,,,1.0,0.0,-0.006
d1dc6b80-4759-4599-8761-9b826a9ee094,8.401311 46.769587,2023-04-16 00:00:00+02:00,6,NATURAL,SLAB,3,DRY,NW,218,46.76125426570084,8.376232368414595,0,730.0731201171875,1652.89306640625,-1747.265625,2405.2011669048593,223.41014436103956,TIT,TIT,-11.0,-11.2,-10.8,,,100.0,2.6,-11.0,691.6,,1012.1,3004.5,,15.5,331.0,5.9,21.2,55.8,15.2,54.7,,,,,0.0,,,,,,-0.001
d940ed50-ecda-11ed-aeab-3b3cc7819483,7.967581 46.511291,2023-05-06 12:00:00+02:00,7,NATURAL,SLAB,3,UNKNOWN,S,106,46.521573115343905,7.9342534878176805,0,674.17431640625,-105.029296875,1603.7841796875,1607.2196017402116,3.7468599332183175,JUN,JUN,-2.9,-3.2,-2.5,,,70.1,3.5,-7.6,659.9,,1025.6,3105.1,,12.0,312.0,4.9,17.6,43.2,11.6,41.8,,,,,1034.0,211.0,,,,60.0,0.32
9312b9e3-9422-40e1-8539-92240b8f9de8,8.390152 46.787449,2023-04-13 07:30:00.000 +0200,2,EXPLOSIVE,LOOSE_SNOW,1,DRY,N,76,46.787449,8.390152,1,747.4361572265625,-1821.86279296875,1637.07275390625,2449.324649364818,48.05806036606041,TIT,TIT,-13.5,-13.7,-13.0,,,100.0,2.2,-13.5,683.5,,1001.1,2915.8,,10.2,306.0,5.7,20.5,36.7,9.9,35.6,,,,,127.0,,,,,,0.019
63723fcc-14a3-472f-a9d8-8ce81f021fe4,8.42184 46.780304,2023-04-30 07:30:00+02:00,2,EXPLOSIVE,LOOSE_SNOW,1,WET,N,71,46.778036226183126,8.380814823425123,0,736.392822265625,989.09912109375,-908.02001953125,1342.690369079171,227.44721848761225,TIT,TIT,-2.5,-2.8,-2.2,,,55.7,2.8,-10.2,696.8,,1019.2,3060.9,,4.1,178.0,2.8,10.1,14.8,3.8,13.7,,,,,281.0,,,,,,0.108
d68cc42c-2801-4238-bb58-3d963f2ab1ea,8.380899 46.782267,2023-04-01 07:00:00.000 +0200,4,EXPLOSIVE,SLAB,3,DRY,N,110,46.782267,8.380899,1,740.3651733398438,2322.18017578125,308.7158203125,2342.6109848847414,277.5726253123122,TIT,TIT,-10.8,-10.8,-10.6,,,97.0,2.6,-11.1,686.0,,1004.5,2941.7,,25.3,286.0,14.5,52.2,91.1,24.5,88.2,,,,,91.0,,,,,,0.013
8cc2e1b0-ecd3-11ed-8adc-7d70564ee41a,8.023437 46.573593,2023-05-07 12:00:00+02:00,10,NATURAL,SLAB,4,WET,,179,46.55045761656535,8.045691460321423,0,615.2000732421875,-500.537109375,-225.0,548.7826508386364,114.2047332856497,JUN,JUN,-1.9,-2.8,-0.8,,,89.4,4.7,-3.5,659.4,,1024.9,3097.2,,5.3,136.0,3.9,14.0,19.1,5.2,18.7,,,,,835.0,273.0,,,,8.0,0.273
d1dc6b80-4759-4599-8761-9b826a9ee094,8.401311 46.769587,2023-04-16 00:00:00+02:00,6,NATURAL,SLAB,3,DRY,NW,3,46.74193464882572,8.357852105771105,0,715.55224609375,-201.708984375,-1879.3212890625,1890.1150816553818,173.8738527277377,TIT,TIT,-11.0,-11.2,-10.8,,,100.0,2.6,-11.0,691.6,,1012.1,3004.5,,15.5,331.0,5.9,21.2,55.8,15.2,54.7,,,,,0.0,,,,,,-0.001
97c5682e-950b-4c24-8c69-651f6ff3d0c8,8.035288 46.786336,2023-04-20 10:30:00+02:00,4,EXPLOSIVE,SLAB,2,DRY,S,27,46.776316549426646,8.008368453366206,0,609.45068359375,458.23974609375,1337.0361328125,1413.3822148825382,341.081975866761,BRZ,BRZ,,,,,,,,,944.5,,1010.8,,,5.0,258.0,1.5,5.4,18.0,4.9,17.6,,,0.5,,,,,,,,
e5f438a3-68c9-465f-a6d1-9ab6a2ebaf71,8.384832 46.783436,2023-04-03 08:00:00+02:00,3,EXPLOSIVE,SLAB,1,DRY,N,0,46.81971802513228,8.391835254405306,0,758.1708984375,2027.96630859375,1102.3681640625,2308.216393220074,298.52775450745565,ENG,ENG,-0.1,-0.2,0.1,0.6,0.5,97.3,5.9,-0.4,900.7,,1019.9,,1498.5,6.4,226.0,3.9,14.0,23.0,6.1,22.0,0.0,,0.0,0.0,104.0,313.0,,,,0.0,0.036
b5d8fc03-e36a-4fa1-9d42-ea7105356bda,8.385358 46.779077,2023-04-19 05:00:00+02:00,3,EXPLOSIVE,UNKNOWN,2,DRY,NE,0,46.81589615828904,8.401012791980715,0,763.2498168945312,1753.857421875,-3193.2861328125,3643.225518998053,208.7770335309762,ENG,ENG,3.0,2.5,3.2,1.5,0.4,89.2,6.8,1.4,900.0,,1019.1,,1498.0,3.1,103.0,1.1,4.0,11.2,2.9,10.4,0.0,,0.0,0.0,2.0,298.0,,,,0.0,-0.002
27d50482-68af-45c1-b95c-82786dd48176,7.97274 46.575625,2023-04-02 08:00:00+02:00,3,EXPLOSIVE,LOOSE_SNOW,1,DRY,N,26,46.60708851618926,7.969133661522723,0,632.8204345703125,-1694.64111328125,1385.595703125,2188.991538435354,50.72940961766671,JUN,JUN,-15.1,-15.4,-14.9,,,77.9,1.5,-18.1,647.3,,1007.6,2979.0,,6.8,315.0,5.0,18.0,24.5,6.7,24.1,,,,,458.0,150.0,,,,60.0,0.07
9312b9e3-9422-40e1-8539-92240b8f9de8,8.390152 46.787449,2023-04-13 07:30:00+02:00,2,EXPLOSIVE,LOOSE_SNOW,1,DRY,N,0,46.83131924912016,8.402048135137347,0,770.273193359375,-264.3310546875,-2180.45654296875,2196.4201879985167,173.0879107393132,ENG,ENG,1.0,0.8,1.2,1.0,0.8,91.4,6.0,-0.3,890.0,,1008.0,,1405.3,3.7,153.0,1.1,4.0,13.3,3.4,12.2,0.0,,0.2,0.0,55.0,301.0,,,,0.0,0.03
146fb98c-e881-4676-9e59-446d1d57d1c2,8.034003 46.784284,2023-04-20 10:30:00+02:00,4,EXPLOSIVE,SLAB,2,DRY,S,0,46.75802850565578,8.010482387794458,0,626.4043579101562,-1020.08056640625,499.32861328125,1135.7347516040318,63.91828916351082,BRZ,BRZ,,,,,,,,,944.5,,1010.8,,,5.0,258.0,1.5,5.4,18.0,4.9,17.6,,,0.5,,,,,,,,
50fbf8f0-dd0c-11ed-8f1e-7bb69ddca4ec,8.23687 46.747556,2023-04-17 12:00:00+02:00,5,NATURAL,SLAB,2,DRY,N,0,46.721676420270015,8.273612385624558,0,684.5562744140625,491.748046875,-16.9189453125,492.0390150342395,268.0294747811431,MER,MER,11.6,11.2,11.9,19.5,18.3,60.7,8.3,4.2,949.4,1018.2,1018.5,,,8.4,327.0,3.8,13.7,30.2,8.1,29.2,0.0,,0.0,,848.0,,,,368.0,39.0,0.412
2a2d7868-aa56-44d4-b082-8c267cccfbe3,8.388637 46.786311,2023-04-16 07:30:00+02:00,2,EXPLOSIVE,LOOSE_SNOW,1,DRY,NW,192,46.78136898027018,8.382100927688272,0,740.0269165039062,-85.80322265625,-707.62939453125,712.8124248516306,173.08638198155018,TIT,TIT,-9.6,-9.8,-9.5,,,97.1,2.9,-10.0,692.5,,1013.4,3014.3,,8.1,12.0,2.5,9.0,29.2,7.6,27.4,,,,,150.0,,,,,,0.035
74720590-2505-48bc-ad7b-327442e7d8ae,8.216759 46.608474,2023-04-24 12:00:00+02:00,7,PERSON,SLAB,1,DRY,N,168,46.59459651539934,8.25039957612409,0,684.223876953125,-491.41845703125,809.58251953125,947.0564691936491,31.25784735841033,GRH,GRH,-0.3,-0.8,0.1,,,92.7,5.5,-1.4,797.8,,1012.1,,1450.7,9.5,340.0,4.4,15.8,34.2,8.8,31.7,,,0.2,177.0,631.0,309.0,,,,0.0,0.191
c2674210-608f-480e-8889-772ed922cf40,8.384094 46.779592,2023-04-01 07:00:00+02:00,4,EXPLOSIVE,SLAB,2,DRY,NE,70,46.765121576915845,8.414300923405463,0,754.13232421875,1560.38818359375,-2144.091796875,2651.7807067941476,216.04569826065568,TIT,TIT,-10.8,-10.8,-10.6,,,97.0,2.6,-11.1,686.0,,1004.5,2941.7,,25.3,286.0,14.5,52.2,91.1,24.5,88.2,,,,,91.0,,,,,,0.013
48001904-f349-4f12-8b6b-34916e483022,8.424677 46.77918,2023-04-13 07:30:00+02:00,2,EXPLOSIVE,SLAB,2,DRY,N,171,46.776073189448255,8.425762680394294,0,764.1318359375,277.40478515625,-5060.41259765625,5068.010366341575,183.13773446476154,TIT,TIT,-13.5,-13.7,-13.0,,,100.0,2.2,-13.5,683.5,,1001.1,2915.8,,10.2,306.0,5.7,20.5,36.7,9.9,35.6,,,,,127.0,,,,,,0.019
4b5d9a70-d15e-11ed-94cc-21edfa2a74e3,8.233716 46.754659,2023-04-03 15:30:00+02:00,1,NATURAL,FULL_DEPTH,2,WET,S,42,46.74802713307167,8.239058307169213,0,668.0681762695312,126.45263671875,-1464.58740234375,1470.036233715733,184.93468609827102,MER,MER,4.5,4.3,4.7,5.7,5.4,67.9,5.7,-0.9,950.7,1021.5,1019.9,,,12.7,327.0,6.2,22.3,45.7,12.3,44.3,0.0,,0.0,,198.0,,,,191.0,0.0,0.113
acaee50d-c93e-4865-b666-dcf8ca1d9f21,8.226812 46.595085,2023-04-23 12:00:00+02:00,7,PERSON,SLAB,1,DRY,NW,128,46.59526981442114,8.254403699951185,0,683.6796264648438,-157.65380859375,300.5859375,339.42102054361436,27.676484712188504,GRH,GRH,4.9,4.6,5.3,,,73.2,6.3,0.5,798.7,,1013.1,,1449.6,7.7,153.0,5.2,18.7,27.7,7.4,26.6,,,0.0,165.0,544.0,314.0,,,,0.0,0.226
e18fb476-2bc8-4cdf-829a-b6f36d7508bd,8.420851 46.780719,2023-04-25 00:00:00.000 +0200,6,NATURAL,SLAB,2,DRY,NW,121,46.780719,8.420851,1,759.5701904296875,1050.62255859375,-655.8837890625,1238.544026420159,238.02424677849248,TIT,TIT,-9.7,-10.0,-9.1,,,98.9,2.9,-9.8,689.8,,1009.7,2984.4,,15.3,252.0,4.8,17.3,55.1,15.2,54.7,,,,,0.0,,,,,,-0.001
a9add040-dd0c-11ed-8f1e-7bb69ddca4ec,8.245886 46.75731,2023-04-17 12:15:00+02:00,0,NATURAL,FULL_DEPTH,2,WET,S,131,46.73469896590199,8.24683310321777,0,672.2406005859375,-594.25048828125,-1505.3466796875,1618.3949668942637,158.45788161421842,MER,MER,11.6,11.2,11.9,19.5,18.3,60.7,8.3,4.2,949.4,1018.2,1018.5,,,8.4,327.0,3.8,13.7,30.2,8.1,29.2,0.0,,0.0,,848.0,,,,368.0,39.0,0.412
0d183e05-ccd5-4337-8515-db8621df2658,8.421449 46.780606,2023-04-14 07:30:00+02:00,2,EXPLOSIVE,SLAB,2,DRY,N,120,46.752718710798554,8.412570854500126,0,751.44873046875,-221.484375,24.609375,222.8473686338505,83.6598082540901,TIT,TIT,-13.4,-13.7,-13.1,,,99.4,2.2,-13.5,684.7,,1002.8,2929.1,,9.3,318.0,3.0,10.8,33.5,8.9,32.0,,,,,121.0,,,,,,0.023
1851a448-559e-4572-8066-2824a030e41d,8.385872 46.778947,2023-04-15 07:30:00+02:00,2,EXPLOSIVE,LOOSE_SNOW,1,DRY,NE,0,46.80866840658383,8.403993484998889,0,763.0908813476562,521.30126953125,-1352.30712890625,1449.306587477459,201.08116684488365,ENG,ENG,0.5,0.3,0.7,0.3,0.2,96.3,6.1,-0.1,889.2,,1007.1,,1397.6,1.8,90.0,0.9,3.2,6.5,1.6,5.8,0.0,,1.3,0.0,49.0,316.0,,,,0.0,0.027
acaee50d-c93e-4865-b666-dcf8ca1d9f21,8.226812 46.595085,2023-04-22 12:00:00+02:00,7,PERSON,SLAB,1,DRY,NW,26,46.566936421319824,8.269091453291665,0,694.4938354492188,-1728.80859375,-211.5966796875,1741.7095936689982,96.97798257774642,GRH,GRH,8.3,7.7,8.9,,,45.6,5.0,-2.8,800.5,,1015.4,,1462.6,6.8,152.0,3.9,14.0,24.5,6.3,22.7,,,0.0,175.0,926.0,278.0,,,,30.0,0.448
1aca9480-d131-11ed-bb43-5ff35461761d,8.354817 46.766741,2023-04-04 12:00:00+02:00,10,NATURAL,SLAB,3,DRY,NW,47,46.78857239174982,8.338718894443414,0,727.0941162109375,-610.83984375,255.9814453125,662.3079457901746,67.26316029139703,ENG,ENG,0.3,0.0,0.5,5.1,4.8,69.7,4.4,-4.6,899.5,,1018.5,,1488.4,5.8,262.0,3.2,11.5,20.9,5.4,19.4,0.0,,0.0,0.0,423.0,293.0,,,,2.0,0.154
a9add040-dd0c-11ed-8f1e-7bb69ddca4ec,8.245886 46.75731,2023-04-17 12:15:00+02:00,0,NATURAL,FULL_DEPTH,2,WET,S,16,46.7422819895281,8.281597932025173,0,693.2410888671875,506.25,29.77294921875,507.1247292384609,273.3657317744058,MER,MER,11.6,11.2,11.9,19.5,18.3,60.7,8.3,4.2,949.4,1018.2,1018.5,,,8.4,327.0,3.8,13.7,30.2,8.1,29.2,0.0,,0.0,,848.0,,,,368.0,39.0,0.412
87548817-41cb-4875-9f16-2dd62dfe20ab,8.382498 46.780197,2023-04-01 07:00:00+02:00,4,EXPLOSIVE,SLAB,2,DRY,NE,164,46.773894900558446,8.409806277997367,0,751.4496459960938,-1787.6953125,-2548.71826171875,3113.168692498548,144.95381374386537,TIT,TIT,-10.8,-10.8,-10.6,,,97.0,2.6,-11.1,686.0,,1004.5,2941.7,,25.3,286.0,14.5,52.2,91.1,24.5,88.2,,,,,91.0,,,,,,0.013
673e5d3c-9736-4824-ac24-c511ffd507c4,8.418437 46.784875,2023-04-17 08:00:00+02:00,4,EXPLOSIVE,SLAB,1,DRY,NW,117,46.79323783304257,8.42191507027768,0,770.6309814453125,92.28515625,-1123.4619140625,1127.2458571283653,184.6959359480815,TIT,TIT,-9.6,-9.7,-9.4,,,91.6,2.7,-10.7,694.0,,1015.4,3030.7,,16.1,31.0,6.3,22.7,58.0,15.2,54.7,,,,,296.0,,,,,,0.057
4067dd0b-f3b4-40af-8872-12824f7b55a6,8.423024 46.779666,2023-04-02 07:00:00+02:00,4,EXPLOSIVE,SLAB,3,DRY,NE,64,46.74701218339536,8.400644712009786,0,738.6771240234375,622.37548828125,-1002.28271484375,1179.797393151842,211.8385450477539,TIT,TIT,-11.8,-11.9,-11.7,,,95.3,2.4,-12.4,688.8,,1008.4,2974.4,,8.9,313.0,5.2,18.7,32.0,8.8,31.7,,,,,127.0,,,,,,0.022
b6bd2020-dd0b-11ed-8f1e-7bb69ddca4ec,8.237321 46.747742,2023-04-19 12:00:00+02:00,7,NATURAL,SLAB,2,DRY,N,111,46.78823258431922,8.251343510451187,0,681.9725341796875,534.92431640625,-303.33251953125,614.9427954597647,240.4442968031842,GIH,GIH,12.6,12.2,13.0,,,75.3,11.0,8.3,962.8,1018.2,1018.5,,,2.5,39.0,1.3,4.7,9.0,2.5,9.0,0.0,,0.0,,445.0,,,,438.0,0.0,0.245
146fb98c-e881-4676-9e59-446d1d57d1c2,8.034003 46.784284,2023-04-21 10:30:00+02:00,4,EXPLOSIVE,SLAB,2,DRY,S,2,46.819789027330415,8.006283662143,0,616.3336791992188,599.4140625,-398.3642578125,719.7161247500696,236.3924072901914,FLU,FLU,8.2,7.7,8.7,,,75.1,8.2,4.1,,,,,,6.0,335.0,3.1,11.2,21.6,5.8,20.9,,,0.0,,,,,,,,
a608e0ea-99f5-4d75-9162-5dd2600c0d00,8.423735 46.779426,2023-04-02 07:00:00+02:00,4,EXPLOSIVE,SLAB,2,DRY,N,80,46.79230198519174,8.420746068052896,0,767.5281982421875,447.36328125,-841.22314453125,952.7802917282719,208.0040884823119,TIT,TIT,-11.8,-11.9,-11.7,,,95.3,2.4,-12.4,688.8,,1008.4,2974.4,,8.9,313.0,5.2,18.7,32.0,8.8,31.7,,,,,127.0,,,,,,0.022
68246170-d6db-11ed-8552-37fbec7ec321,8.370977 46.777677,2023-04-12 15:00:00+02:00,3,NATURAL,FULL_DEPTH,2,WET,S,0,46.81389540531434,8.389895743491794,0,756.2193603515625,119.970703125,779.150390625,788.3326079894177,351.2465528322694,ENG,ENG,10.8,10.7,11.2,13.7,13.0,61.8,8.0,3.8,887.5,,1005.2,,1395.5,3.3,146.0,1.1,4.0,11.9,3.0,10.8,0.0,,0.0,0.0,244.0,337.0,,,,0.0,0.145
a608e0ea-99f5-4d75-9162-5dd2600c0d00,8.423735 46.779426,2023-04-04 07:00:00+02:00,4,EXPLOSIVE,SLAB,2,DRY,N,13,46.74733055057077,8.383681072901455,0,729.26123046875,-2831.8359375,-6616.07666015625,7196.649578100964,156.82793982786342,TIT,TIT,-13.3,-13.6,-13.1,,,20.2,0.5,-31.5,688.6,,1008.1,2972.7,,22.7,49.0,6.8,24.5,81.7,21.8,78.5,,,,,257.0,,,,,,0.081
35750744-ea24-4b2e-81ea-9ce6b475ccb9,8.42211 46.780566,2023-04-16 06:30:00+02:00,5,EXPLOSIVE,SLAB,2,DRY,N,133,46.74708130209311,8.408554368201788,0,748.6495971679688,541.845703125,139.19677734375,559.4394594752065,284.4073850267072,TIT,TIT,-9.8,-9.9,-9.7,,,93.4,2.7,-10.7,692.3,,1013.1,3011.9,,10.6,343.0,2.7,9.7,38.2,10.1,36.4,,,,,29.0,,,,,,0.013
e5f438a3-68c9-465f-a6d1-9ab6a2ebaf71,8.384832 46.783436,2023-04-03 08:00:00+02:00,3,EXPLOSIVE,SLAB,1,DRY,N,0,46.82261330711234,8.39045791398473,0,758.390869140625,-288.61083984375,2255.60302734375,2273.9923557122183,7.291538445210435,ENG,ENG,-0.1,-0.2,0.1,0.6,0.5,97.3,5.9,-0.4,900.7,,1019.9,,1498.5,6.4,226.0,3.9,14.0,23.0,6.1,22.0,0.0,,0.0,0.0,104.0,313.0,,,,0.0,0.036
a8219770-e77f-11ed-991c-c3bbd7ca6c9a,7.788493 46.554381,2023-04-30 15:11:00+02:00,0,NATURAL,SLAB,3,WET,NW,42,46.52515992300778,7.78057663906293,0,654.9043579101562,1319.0185546875,-282.568359375,1348.9458200127167,257.9085020685767,FRU,FRU,12.9,12.8,13.1,,,75.9,11.3,8.8,,,,,,8.2,67.0,3.7,13.3,29.5,7.9,28.4,,,0.0,,139.0,367.0,,,138.0,0.0,
bafec949-69be-4d29-96df-732ded5d7686,8.389718 46.787228,2023-04-01 08:00:00+02:00,3,EXPLOSIVE,SLAB,1,DRY,N,61,46.79396332885346,8.424063142324947,0,772.7757568359375,-714.990234375,-1532.8125,1691.3678474559777,154.9929992147437,TIT,TIT,-10.5,-10.6,-10.3,,,95.9,2.7,-11.1,686.2,,1004.9,2944.5,,24.1,280.0,14.1,50.8,86.8,23.6,85.0,,,,,202.0,,,,,,0.026
1bae5ef4-62c9-4601-861f-8e5b286b94b1,8.422604 46.780389,2023-04-16 07:30:00+02:00,2,EXPLOSIVE,SLAB,2,DRY,N,116,46.75992252482231,8.420843598650018,0,759.3512573242188,744.10400390625,-1043.701171875,1281.7967486316077,215.4868700099782,TIT,TIT,-9.6,-9.8,-9.5,,,97.1,2.9,-10.0,692.5,,1013.4,3014.3,,8.1,12.0,2.5,9.0,29.2,7.6,27.4,,,,,150.0,,,,,,0.035
1851a448-559e-4572-8066-2824a030e41d,8.385872 46.778947,2023-04-16 07:30:00+02:00,2,EXPLOSIVE,LOOSE_SNOW,1,DRY,NE,0,46.82300791932466,8.38154471849852,0,756.2453002929688,-491.5283203125,550.8544921875,738.2687594855793,41.74258231084051,ENG,ENG,0.4,0.3,0.5,0.4,0.1,96.9,6.1,0.0,899.4,,1018.4,,1488.0,2.5,94.0,1.4,5.0,9.0,2.3,8.3,0.0,,1.3,0.0,49.0,319.0,,,,0.0,0.026
a4ad0c82-16f6-4de1-af92-ac146cabf042,8.423474 46.779387,2023-05-02 07:30:00.000 +0200,4,EXPLOSIVE,SLAB,2,DRY,N,131,46.779387,8.423474,1,763.22314453125,604.35791015625,-1931.72607421875,2024.0588206336824,197.3727625092364,TIT,TIT,-6.7,-6.9,-6.5,,,97.5,3.6,-7.1,697.0,,1019.6,3064.7,,10.9,23.0,7.1,25.6,39.2,10.7,38.5,,,,,152.0,,,,,,0.033
3a0dd0e2-9199-4139-bb1e-3327bd98128b,8.425944 46.778157,2023-04-14 07:00:00+02:00,3,EXPLOSIVE,SLAB,2,DRY,NE,102,46.76504861987406,8.41148443760352,0,751.0214233398438,1483.92333984375,-486.6943359375,1561.697747698534,251.84164318999046,TIT,TIT,-13.4,-13.7,-13.1,,,99.4,2.2,-13.5,684.7,,1002.8,2929.1,,9.3,318.0,3.0,10.8,33.5,8.9,32.0,,,,,121.0,,,,,,0.023
c98d2b1a-9c67-4f2a-8b1b-1b27502b6c5d,8.423896 46.779967,2023-04-15 07:00:00+02:00,3,EXPLOSIVE,SLAB,1,DRY,NW,133,46.7880956389858,8.41996342455818,0,762.994140625,-2600.79345703125,-1030.62744140625,2797.5559921324457,111.61714707519157,TIT,TIT,-9.0,-9.1,-8.8,,,97.9,3.0,-9.3,685.0,,1003.1,2929.2,,13.6,300.0,9.7,34.9,49.0,13.3,47.9,,,,,147.0,,,,,,0.023
ab2a9319-7f29-4629-a314-d5965080c33e,8.421443 46.780432,2023-05-03 07:30:00+02:00,4,EXPLOSIVE,SLAB,2,DRY,N,0,46.82240588025749,8.40674466693785,0,766.555419921875,-841.88232421875,-1607.51953125,1814.6307864637877,152.3582680635412,ENG,ENG,4.0,2.3,6.3,4.4,0.7,91.4,7.4,2.7,903.9,,1023.4,,1534.5,2.9,95.0,1.2,4.3,10.4,2.7,9.7,0.0,,0.0,0.0,245.0,252.0,,,,32.0,0.094
dda75b80-ddc2-11ed-b3b1-431b3c02902e,8.263291 46.74286,2023-04-17 14:30:00+02:00,1,SNOW_GROOMER,SLAB,3,DRY,SE,0,46.72235453401027,8.25524555055329,0,676.8173217773438,951.74560546875,129.4189453125,960.5045345727824,277.7436195950414,MER,MER,11.6,11.1,12.1,14.3,13.0,57.1,7.8,3.4,948.8,1017.6,1017.9,,,13.4,336.0,6.0,21.6,48.2,13.2,47.5,0.0,,0.0,,451.0,,,,342.0,10.0,0.264
b210fde3-14f2-42fc-8dc3-c8d01a9cf57a,8.425206 46.770128,2023-05-16 09:00:00+02:00,3,EXPLOSIVE,SLAB,2,DRY,S,125,46.771659608926356,8.410287502698214,0,750.7300415039062,1762.09716796875,-365.51513671875,1799.6076640573676,258.2812206952748,TIT,TIT,-5.9,-6.0,-5.7,,,98.7,3.9,-6.0,691.9,,1012.6,3006.5,,16.7,14.0,9.2,33.1,60.1,15.8,56.9,,,,,330.0,,,,,,0.064
146fb98c-e881-4676-9e59-446d1d57d1c2,8.034003 46.784284,2023-04-18 10:30:00+02:00,4,EXPLOSIVE,SLAB,2,DRY,S,0,46.76311310422361,7.993731244564303,0,613.3516235351562,2046.533203125,691.80908203125,2160.300432225572,288.6772849087945,BRZ,BRZ,,,,,,,,,950.6,,1017.2,,,6.1,107.0,2.6,9.4,22.0,6.0,21.6,,,0.0,,,,,,,,
f9b59268-33ad-4905-91cd-ccc9a1ae40a4,8.385942 46.778812,2023-04-16 08:30:00+02:00,2,EXPLOSIVE,LOOSE_SNOW,2,DRY,NE,240,46.76681076397838,8.394677688013843,0,749.4860229492188,-1796.044921875,-325.96435546875,1825.3849244554235,100.2866487163861,TIT,TIT,-9.5,-9.6,-9.3,,,94.1,2.8,-10.3,692.7,,1013.7,3017.0,,7.6,16.0,3.6,13.0,27.4,7.1,25.6,,,,,249.0,,,,,,0.057
50fbf8f0-dd0c-11ed-8f1e-7bb69ddca4ec,8.23687 46.747556,2023-04-16 12:00:00.000 +0200,5,NATURAL,SLAB,2,DRY,N,90,46.747556,8.23687,1,666.6058349609375,-1043.9208984375,-1423.49853515625,1765.2532174695355,143.74558715192933,MER,MER,6.1,5.9,6.2,7.2,6.9,83.5,7.9,3.5,951.5,1021.9,1020.8,,,1.0,90.0,0.3,1.1,3.6,0.9,3.2,0.0,,0.2,,119.0,,,,108.0,0.0,0.07
d1dc6b80-4759-4599-8761-9b826a9ee094,8.401311 46.769587,2023-04-15 00:00:00+02:00,6,NATURAL,SLAB,3,DRY,NW,213,46.77320864513257,8.408709398255748,0,750.0548706054688,229.28466796875,-167.87109375,284.1692507685538,233.79022402183182,TIT,TIT,-10.1,-10.3,-10.0,,,99.1,2.8,-10.2,685.3,,1003.6,2933.6,,11.0,289.0,8.2,29.5,39.6,10.7,38.5,,,,,0.0,,,,,,-0.001
26f6eb66-fc4c-4eb2-aecd-11eeddba5a5a,7.964013 46.534843,2023-05-17 10:30:00+02:00,3,PERSON,SLAB,1,DRY,SE,153,46.545966715762304,7.954247626827091,0,668.61767578125,-187.646484375,826.8310546875,847.8565893439413,12.78649605520988,JUN,JUN,-5.5,-6.2,-4.4,,,79.8,3.2,-8.4,653.8,,1016.9,3035.6,,8.0,136.0,4.4,15.8,28.8,7.7,27.7,,,,,875.0,237.0,,,,16.0,0.24
35790a01-26e9-458d-9830-8b595ce08bc3,8.391669 46.779911,2023-04-14 16:00:00+02:00,5,PERSON,SLAB,3,DRY,NW,1,46.82300185406683,8.403505119178051,0,766.3042602539062,288.61083984375,642.81005859375,704.6282624935045,335.8207265341708,ENG,ENG,6.9,6.6,7.5,15.8,14.8,39.1,3.9,-6.1,888.9,,1006.8,,1403.1,5.0,118.0,2.4,8.6,18.0,4.9,17.6,0.0,,0.0,0.0,486.0,244.0,,,,60.0,0.225
ce082ed0-ea41-11ed-9704-3747ffc8acfd,7.997493 46.55824,2023-05-04 12:00:00+02:00,7,PERSON,SLAB,3,DRY,S,90,46.57835669281598,7.977802502980541,0,641.8432006835938,-163.916015625,1205.31005859375,1216.4048657933115,7.744423398676204,JUN,JUN,-2.7,-3.0,-2.2,,,47.9,2.4,-12.2,661.7,,1028.2,3127.2,,5.8,318.0,3.1,11.2,20.9,5.4,19.4,,,,,1043.0,195.0,,,,60.0,0.37
8cb21b8c-4e00-4409-bc59-db5c053ba65d,8.42279 46.779714,2023-04-15 06:30:00+02:00,5,EXPLOSIVE,SLAB,2,DRY,N,154,46.764200099792724,8.417088530289245,0,758.1472778320312,-124.25537109375,-1719.580078125,1724.0635261874856,175.8670397312319,TIT,TIT,-9.1,-9.2,-8.9,,,98.6,3.0,-9.3,684.9,,1003.0,2928.0,,13.9,300.0,9.9,35.6,50.0,13.8,49.7,,,,,45.0,,,,,,0.008
b463a2d6-9b9e-4b10-99b6-7308c06e3b30,8.423808 46.779796,2023-04-22 08:00:00+02:00,3,EXPLOSIVE,SLAB,1,DRY,N,0,46.82309966133925,8.424584179919332,0,780.4805297851562,-584.6923828125,-617.431640625,850.345231869879,136.56003680955902,ENG,ENG,10.0,8.9,10.9,15.8,13.4,57.4,7.0,1.9,894.4,,1012.9,,1458.5,2.8,194.0,0.8,2.9,10.1,2.6,9.4,0.0,,0.0,0.0,438.0,275.0,,,,60.0,0.216
dda75b80-ddc2-11ed-b3b1-431b3c02902e,8.263291 46.74286,2023-04-20 14:30:00+02:00,1,SNOW_GROOMER,SLAB,3,DRY,SE,22,46.709290101914206,8.305736624728231,0,690.093505859375,368.81103515625,164.68505859375,403.90933162908175,294.06217773888847,TIT,TIT,-7.3,-7.7,-6.7,,,93.6,3.3,-8.2,687.9,,1007.1,2961.4,,5.1,212.0,2.0,7.2,18.4,5.0,18.0,,,,,293.0,,,,,,0.089
50374fe0-d439-11ed-a920-a702e6e7f311,8.245848 46.760908,2023-04-07 16:00:00+02:00,2,NATURAL,FULL_DEPTH,1,WET,SW,81,46.7662960812884,8.288126735153154,0,699.8997802734375,-710.26611328125,-530.96923828125,886.795514014716,126.78045957310994,MER,MER,6.9,6.3,7.6,7.0,6.0,73.1,7.3,2.4,947.8,1017.7,1016.8,,,10.6,305.0,5.2,18.7,38.2,10.4,37.4,0.0,,0.1,,148.0,,,,145.0,0.0,0.096
49e457f5-5bb7-4272-bb56-c1782a243205,8.423263 46.779484,2023-04-16 08:00:00+02:00,4,EXPLOSIVE,SLAB,3,DRY,N,141,46.78147556990386,8.423768991763938,0,763.8416137695312,477.35595703125,-1025.9033203125,1131.5238982635021,204.95270314283042,TIT,TIT,-9.5,-9.6,-9.3,,,94.1,2.8,-10.3,692.7,,1013.7,3017.0,,7.6,16.0,3.6,13.0,27.4,7.1,25.6,,,,,249.0,,,,,,0.057
b6bd2020-dd0b-11ed-8f1e-7bb69ddca4ec,8.237321 46.747742,2023-04-19 12:00:00+02:00,7,NATURAL,SLAB,2,DRY,N,44,46.73193594309484,8.240922108057147,0,668.810546875,-547.66845703125,-1093.02978515625,1222.5607756122836,153.38659407935765,MER,MER,13.9,13.3,14.3,21.2,21.0,60.5,9.6,6.4,948.0,1016.1,1017.0,,,8.5,280.0,4.3,15.5,30.6,8.2,29.5,0.0,,0.0,,892.0,,,,138.0,60.0,0.463
5192475d-5f0c-41d7-bde8-a82e5bea8b68,8.422294 46.780382,2023-04-17 08:00:00+02:00,4,EXPLOSIVE,SLAB,3,DRY,N,154,46.77811306502768,8.414219099359793,0,754.0541381835938,569.53125,-1342.7490234375,1458.5406352477542,202.98438261550749,TIT,TIT,-9.6,-9.7,-9.4,,,91.6,2.7,-10.7,694.0,,1015.4,3030.7,,16.1,31.0,6.3,22.7,58.0,15.2,54.7,,,,,296.0,,,,,,0.057
8500f990-d7a6-11ed-a8d1-4961cd70d9e1,8.209308 46.504515,2023-04-08 12:00:00+02:00,7,NATURAL,SLAB,4,WET,S,100,46.52595980978759,8.22052048975627,0,686.1365966796875,274.8779296875,1234.6435546875,1264.8725561734163,347.44852141663785,ULR,ULR,7.4,6.9,7.6,13.0,11.7,41.0,4.2,-5.0,865.6,,1017.9,,1497.1,11.4,81.0,4.1,14.8,41.0,10.7,38.5,,,0.0,0.0,885.0,236.0,,,103.0,60.0,0.407
b1c2736c-200d-4a78-a75a-d1aa12bb81e8,7.992735 46.584254,2023-06-05 08:00:00+02:00,3,EXPLOSIVE,UNKNOWN,0,UNKNOWN,,0,46.60887552275031,7.977177504290247,0,624.727783203125,863.85498046875,1814.83154296875,2009.9400380695436,334.5456762203339,JUN,JUN,-2.8,-3.1,-2.3,,,58.3,2.9,-9.9,659.1,,1024.6,3096.0,,2.9,323.0,0.5,1.8,10.4,2.8,10.1,,,,,685.0,192.0,,,,60.0,0.264
ad918400-77b8-4908-b8c3-86205d723ff7,8.426238 46.77793,2023-04-26 07:30:00+02:00,2,EXPLOSIVE,SLAB,2,DRY,NE,169,46.78148727637212,8.382265454018418,0,740.0269165039062,-85.80322265625,-707.62939453125,712.8124248516306,173.08638198155018,TIT,TIT,-9.2,-9.2,-9.1,,,23.4,0.7,-26.4,692.4,,1013.2,3013.0,,14.7,275.0,9.8,35.3,52.9,14.4,51.8,,,,,381.0,,,,,,0.118
b121901c-cb98-4082-b65b-7aa17e40b945,8.420495 46.780984,2023-04-19 08:00:00+02:00,4,EXPLOSIVE,SLAB,2,DRY,NE,0,46.809393119856715,8.42170217399539,0,776.2870483398438,-208.41064453125,-1788.46435546875,1800.5665073904331,173.35327211801695,ENG,ENG,7.0,5.8,8.3,15.6,12.7,76.2,7.6,3.1,900.1,,1019.2,,1505.6,4.8,204.0,1.9,6.8,17.3,4.1,14.8,0.0,,0.0,0.0,545.0,295.0,,,,55.0,0.227
a9add040-dd0c-11ed-8f1e-7bb69ddca4ec,8.245886 46.75731,2023-04-17 12:15:00.000 +0200,0,NATURAL,FULL_DEPTH,2,WET,S,39,46.75731,8.245886,1,672.0734252929688,1789.013671875,-676.42822265625,1912.622560402748,249.28833442851726,MER,MER,11.6,11.2,11.9,19.5,18.3,60.7,8.3,4.2,949.4,1018.2,1018.5,,,8.4,327.0,3.8,13.7,30.2,8.1,29.2,0.0,,0.0,,848.0,,,,368.0,39.0,0.412
1b05e8ea-984f-445d-8163-f5d970cfecf8,8.387973 46.785269,2023-04-12 07:00:00+02:00,4,EXPLOSIVE,SLAB,1,WET,NW,185,46.77352846187706,8.416889197052098,0,757.2700805664062,-96.35009765625,-1863.39111328125,1865.8804308888352,177.04005135454648,TIT,TIT,-4.6,-4.7,-4.5,,,99.0,4.3,-4.8,690.1,,1010.2,2985.8,,25.3,268.0,12.0,43.2,91.1,24.2,87.1,,,,,99.0,,,,,,0.019
a9add040-dd0c-11ed-8f1e-7bb69ddca4ec,8.245886 46.75731,2023-04-20 12:15:00+02:00,0,NATURAL,FULL_DEPTH,2,WET,S,38,46.79069080318157,8.219342887023235,0,682.4938354492188,975.25634765625,-693.45703125,1196.66519872263,234.58523103327386,GIH,GIH,5.8,5.7,5.8,,,98.1,9.0,5.5,956.2,1012.6,1011.6,,,1.0,270.0,0.4,1.4,3.6,1.0,3.6,0.0,,1.1,,121.0,,,,111.0,0.0,0.067
514e8b36-8761-43bc-a150-8a7eaeb0c925,8.038115 46.78053,2023-05-11 11:00:00+02:00,4,EXPLOSIVE,FULL_DEPTH,1,WET,NW,0,46.80597231023381,8.025939630695698,0,621.5474243164062,707.2998046875,-2152.77099609375,2265.9867553305453,198.18810316371207,BRZ,BRZ,,,,,,,,,948.8,,1015.3,,,4.3,254.0,1.0,3.6,15.5,4.1,14.8,,,0.0,,,,,,,,
c8a8b700-feb1-11ed-b35a-bf420b8ac344,8.01247 46.561817,2023-05-28 12:00:00+02:00,6,PERSON,SLAB,2,DRY,SE,86,46.54799714676355,7.970944734317176,0,655.8504638671875,-1154.11376953125,663.02490234375,1331.0073681800452,60.1231348014654,JUN,JUN,-2.1,-2.7,-1.5,,,94.0,4.9,-3.0,660.2,,1026.0,3107.2,,5.6,309.0,2.6,9.4,20.2,5.5,19.8,,,,,773.0,289.0,,,,7.0,0.273
8500f990-d7a6-11ed-a8d1-4961cd70d9e1,8.209308 46.504515,2023-04-10 12:00:00+02:00,7,NATURAL,SLAB,4,WET,S,151,46.51011018415361,8.226297981115003,0,694.228759765625,12.63427734375,5.16357421875,13.648716522491565,292.2296210912378,ULR,ULR,11.7,11.1,12.6,17.6,17.1,23.5,3.3,-8.5,868.1,,1020.8,,1523.7,4.6,56.0,2.1,7.6,16.6,4.5,16.2,,,0.0,0.0,794.0,256.0,,,317.0,60.0,0.441
f7fca170-d124-11ed-9f3d-c1122c0370be,8.243319 46.765333,2023-04-04 12:00:00+02:00,10,NATURAL,SLAB,3,WET,SW,4,46.75332808284479,8.207657176552198,0,660.168701171875,1410.09521484375,-1789.56298828125,2278.3555920776193,218.23652145870622,MER,MER,5.2,4.8,5.5,12.0,11.7,54.3,4.8,-3.3,949.9,1020.4,1019.1,,,11.9,332.0,4.8,17.3,42.8,11.2,40.3,0.0,,0.0,,847.0,,,,134.0,60.0,0.327
26ffd848-b17b-4d9b-a93a-0d9106053d47,8.073009 46.53608,2023-05-22 12:00:00+02:00,7,PERSON,SLAB,3,DRY,,149,46.50678905226836,8.103488520680195,0,631.9850463867188,558.43505859375,-841.9921875,1010.346751604438,213.55355874930495,JUN,JUN,-1.9,-2.7,-0.9,,,77.6,4.2,-5.3,659.8,,1025.4,3101.8,,2.2,146.0,0.8,2.9,7.9,2.2,7.9,,,,,815.0,274.0,,,,8.0,0.335
f7fca170-d124-11ed-9f3d-c1122c0370be,8.243319 46.765333,2023-04-01 12:00:00.000 +0200,10,NATURAL,SLAB,3,WET,SW,82,46.765333,8.243319,1,670.1203002929688,321.8994140625,3.18603515625,321.9151807445522,270.56707281621993,MER,MER,9.8,8.5,10.7,15.5,11.8,65.6,7.9,3.6,940.8,1009.5,1009.4,,,4.8,117.0,2.7,9.7,17.3,4.7,16.9,0.0,,0.0,,762.0,,,,455.0,26.0,0.354
b6bd2020-dd0b-11ed-8f1e-7bb69ddca4ec,8.237321 46.747742,2023-04-17 12:00:00+02:00,7,NATURAL,SLAB,2,DRY,N,142,46.73527871676409,8.249806923589771,0,673.8486328125,87.12158203125,-276.96533203125,290.34456289520625,197.46137083917597,MER,MER,11.6,11.2,11.9,19.5,18.3,60.7,8.3,4.2,949.4,1018.2,1018.5,,,8.4,327.0,3.8,13.7,30.2,8.1,29.2,0.0,,0.0,,848.0,,,,368.0,39.0,0.412
0d6a183c-f453-4a31-98c7-90213921e278,8.417328 46.785788,2023-04-02 06:30:00+02:00,2,EXPLOSIVE,SLAB,1,DRY,NW,202,46.742906806084505,8.423844489634806,0,759.3543090820312,-336.95068359375,-662.6953125,743.4385249526474,153.04871651920075,TIT,TIT,-11.9,-12.0,-11.8,,,97.8,2.4,-12.2,688.6,,1008.1,2971.7,,7.9,298.0,5.1,18.4,28.4,7.6,27.4,,,,,19.0,,,,,,0.006
c8955470-dce3-11ed-bcd6-6b951ea9af39,8.419791 46.782658,2023-04-19 12:00:00+02:00,7,EXPLOSIVE,SLAB,2,DRY,N,197,46.76934503100388,8.383414850561639,0,733.7418212890625,371.1181640625,-2088.39111328125,2121.109646795568,190.07657235111836,TIT,TIT,-6.1,-6.3,-5.9,,,88.8,3.5,-7.7,695.4,,1017.3,3045.9,,12.7,274.0,6.4,23.0,45.7,12.5,45.0,,,,,763.0,,,,,,0.171
514e8b36-8761-43bc-a150-8a7eaeb0c925,8.038115 46.78053,2023-05-10 11:00:00+02:00,4,EXPLOSIVE,FULL_DEPTH,1,WET,NW,3,46.778884376261566,8.061709608036477,0,628.7908325195312,990.087890625,1156.75048828125,1522.6114814033067,319.4390623833923,BRZ,BRZ,,,,,,,,,949.4,,1015.9,,,5.8,262.0,2.4,8.6,20.9,5.6,20.2,,,0.2,,,,,,,,
ad1f7e7f-180e-4f38-9562-d610574cd4c5,8.239483 46.749076,2023-04-03 06:30:00+02:00,2,EXPLOSIVE,SLAB,1,DRY,N,0,46.73458977863068,8.221666446280853,0,660.27099609375,-1250.4638671875,-2166.943359375,2501.8599892641732,150.01232556133954,MER,MER,5.1,4.7,5.6,4.0,3.9,80.7,7.1,2.0,950.5,1021.1,1019.7,,,8.5,267.0,4.5,16.2,30.6,8.2,29.5,0.0,,0.0,,18.0,,,,16.0,0.0,0.036
9793e5e8-7a24-425c-8b33-04a387b5aa44,8.40304 46.792701,2023-04-01 06:30:00.000 +0200,2,EXPLOSIVE,SLAB,1,DRY,NW,66,46.792701,8.40304,1,753.0325317382812,-2151.45263671875,-107.33642578125,2154.1284911405714,92.8561304264642,ENG,ENG,5.0,3.8,6.1,3.4,2.7,61.2,5.3,-2.0,890.1,,1008.1,,1411.6,8.7,41.0,2.3,8.3,31.3,8.3,29.9,0.0,,0.0,0.0,7.0,315.0,,,,0.0,0.045
26f6eb66-fc4c-4eb2-aecd-11eeddba5a5a,7.964013 46.534843,2023-05-18 10:30:00+02:00,3,PERSON,SLAB,1,DRY,SE,30,46.55832793291483,7.95459525126611,0,661.764404296875,238.8427734375,321.35009765625,400.3895049660997,323.37850199321184,JUN,JUN,-5.4,-5.9,-4.3,,,88.4,3.6,-7.0,656.3,,1020.5,3066.4,,4.0,319.0,2.0,7.2,14.4,3.9,14.0,,,,,808.0,230.0,,,,31.0,0.258
367958a0-d439-11ed-a920-a702e6e7f311,8.242864 46.759718,2023-04-05 15:00:00+02:00,2,NATURAL,FULL_DEPTH,1,WET,S,33,46.75692684245648,8.229023200934222,0,664.4096069335938,2902.25830078125,-1871.74072265625,3453.4789093468357,237.18099377814661,MER,MER,9.8,9.4,10.1,14.9,14.1,43.4,5.3,-2.1,948.1,1017.2,1017.1,,,9.5,317.0,4.9,17.6,34.2,9.3,33.5,0.0,,0.0,,594.0,,,,148.0,60.0,0.304
10ab716e-5fe3-4dac-9343-2f5c3d5e2a92,8.244594 46.61198,2023-05-08 12:00:00.000 +0200,7,NATURAL,SLAB,4,WET,NW,109,46.61198,8.244594,1,680.986328125,-652.8076171875,-236.75537109375,694.4140629334639,109.93431582636845,GRH,GRH,5.6,5.0,6.1,,,94.1,8.6,4.7,807.9,,1024.3,,1543.6,5.0,4.0,2.7,9.7,18.0,4.9,17.6,,,0.0,118.0,547.0,337.0,,,,0.0,0.232
26ffd848-b17b-4d9b-a93a-0d9106053d47,8.073009 46.53608,2023-05-25 12:00:00+02:00,7,PERSON,SLAB,3,DRY,,142,46.52947987428697,8.104533711301624,0,634.062744140625,25.59814453125,-1293.0908203125,1293.3441671032103,181.13408438045937,JUN,JUN,-3.2,-3.5,-2.9,,,99.0,4.8,-3.3,660.6,,1026.6,3114.1,,20.7,143.0,14.9,53.6,74.5,20.4,73.4,,,,,684.0,295.0,,,,0.0,0.118
1aca9480-d131-11ed-bb43-5ff35461761d,8.354817 46.766741,2023-04-02 12:00:00+02:00,10,NATURAL,SLAB,3,DRY,NW,90,46.79034847347706,8.316862010968325,0,716.6140747070312,-1192.78564453125,-178.08837890625,1206.0070748139437,98.49179468895925,ENG,ENG,7.7,7.1,8.1,12.0,10.4,59.2,6.2,0.2,896.2,,1014.9,,1470.8,6.8,272.0,3.8,13.7,24.5,6.5,23.4,0.0,,0.0,0.0,402.0,314.0,,,,9.0,0.211
110f1420-d9f1-11ed-8014-25b7abf6ec82,8.252181 46.759933,2023-04-13 02:00:00.000 +0200,4,NATURAL,FULL_DEPTH,2,WET,S,54,46.759933,8.252181,1,676.0153198242188,-296.19140625,-636.767578125,702.2836305137196,155.05458271526572,MER,MER,4.8,4.7,5.0,3.9,3.8,89.5,7.7,3.2,939.9,1009.8,1008.5,,,1.7,45.0,0.7,2.5,6.1,1.7,6.1,0.0,,0.5,,0.0,,,,1.0,0.0,-0.004
d68cc42c-2801-4238-bb58-3d963f2ab1ea,8.380899 46.782267,2023-04-04 07:00:00+02:00,4,EXPLOSIVE,SLAB,3,DRY,N,120,46.80914224797815,8.339848629609845,0,727.207275390625,-1470.30029296875,-282.67822265625,1497.2274139448853,100.88282759189998,ENG,ENG,-3.7,-3.9,-3.3,-3.3,-3.4,89.3,4.2,-5.2,898.6,,1017.6,,1474.4,5.4,231.0,3.3,11.9,19.4,5.2,18.7,0.0,,0.0,0.0,44.0,289.0,,,,0.0,0.023
dda75b80-ddc2-11ed-b3b1-431b3c02902e,8.263291 46.74286,2023-04-17 14:30:00+02:00,1,SNOW_GROOMER,SLAB,3,DRY,SE,86,46.76349629495461,8.225576858571701,0,664.6673583984375,1054.13818359375,-688.4033203125,1259.0101038226837,236.85351675398587,MER,MER,11.6,11.1,12.1,14.3,13.0,57.1,7.8,3.4,948.8,1017.6,1017.9,,,13.4,336.0,6.0,21.6,48.2,13.2,47.5,0.0,,0.0,,451.0,,,,342.0,10.0,0.264
b4aeb776-bc6c-459f-adeb-919a10f47c8a,8.420466 46.780907,2023-04-03 07:00:00+02:00,4,EXPLOSIVE,SLAB,2,DRY,NW,28,46.74497730787199,8.387353161308445,0,735.3272094726562,61.7431640625,1840.75927734375,1841.7944878393826,358.07889225440863,TIT,TIT,-11.1,-11.4,-10.6,,,93.9,2.5,-11.9,692.7,,1013.6,3017.2,,10.4,32.0,6.3,22.7,37.4,9.9,35.6,,,,,76.0,,,,,,0.018
26ffd848-b17b-4d9b-a93a-0d9106053d47,8.073009 46.53608,2023-05-22 12:00:00.000 +0200,7,PERSON,SLAB,3,DRY,,208,46.53608,8.073009,1,618.4442138671875,74.37744140625,198.8525390625,212.30717388195632,339.4925369814307,JUN,JUN,-1.9,-2.7,-0.9,,,77.6,4.2,-5.3,659.8,,1025.4,3101.8,,2.2,146.0,0.8,2.9,7.9,2.2,7.9,,,,,815.0,274.0,,,,8.0,0.335
8cc2e1b0-ecd3-11ed-8adc-7d70564ee41a,8.023437 46.573593,2023-05-05 12:00:00+02:00,10,NATURAL,SLAB,4,WET,,0,46.606533686010145,8.021961998448855,0,606.1835327148438,-479.55322265625,1553.02734375,1625.3815625246816,17.159959810943207,JUN,JUN,-1.9,-2.3,-1.4,,,79.7,4.2,-5.0,661.1,,1027.3,3117.7,,8.7,152.0,4.1,14.8,31.3,8.4,30.2,,,,,882.0,246.0,,,,41.0,0.291
c8955470-dce3-11ed-bcd6-6b951ea9af39,8.419791 46.782658,2023-04-17 12:00:00+02:00,7,EXPLOSIVE,SLAB,2,DRY,N,122,46.783011446264545,8.422330031830635,0,763.4486083984375,1998.30322265625,-530.31005859375,2067.472981183566,255.13742174298088,TIT,TIT,-8.6,-8.9,-8.4,,,81.2,2.6,-11.2,694.1,,1015.6,3032.1,,10.1,94.0,5.2,18.7,36.4,9.7,34.9,,,,,980.0,,,,,,0.21
bafec949-69be-4d29-96df-732ded5d7686,8.389718 46.787228,2023-04-03 08:00:00+02:00,3,EXPLOSIVE,SLAB,1,DRY,N,0,46.83130445403152,8.362479086751662,0,743.4077758789062,-328.4912109375,-1727.05078125,1758.0133323383586,169.23077644264905,ENG,ENG,-0.1,-0.2,0.1,0.6,0.5,97.3,5.9,-0.4,900.7,,1019.9,,1498.5,6.4,226.0,3.9,14.0,23.0,6.1,22.0,0.0,,0.0,0.0,104.0,313.0,,,,0.0,0.036
11f734d7-e1b6-4c3b-8fe6-abdd0b39cea0,8.385873 46.778735,2023-04-13 08:00:00+02:00,4,EXPLOSIVE,SLAB,2,DRY,NE,0,46.82091317652708,8.375979897794164,0,752.3949584960938,33.1787109375,-507.67822265625,508.761245201404,183.73918058480945,ENG,ENG,1.6,1.2,2.2,2.0,1.2,83.2,5.7,-1.0,890.0,,1008.0,,1406.2,2.7,74.0,0.9,3.2,9.7,2.5,9.0,0.0,,0.1,0.0,126.0,298.0,,,,0.0,0.059
ab2a9319-7f29-4629-a314-d5965080c33e,8.421443 46.780432,2023-05-02 07:30:00+02:00,4,EXPLOSIVE,SLAB,2,DRY,N,99,46.76189780300041,8.39410130845974,0,746.916259765625,3111.43798828125,-3371.044921875,4587.481904075361,222.70667541445965,TIT,TIT,-6.7,-6.9,-6.5,,,97.5,3.6,-7.1,697.0,,1019.6,3064.7,,10.9,23.0,7.1,25.6,39.2,10.7,38.5,,,,,152.0,,,,,,0.033
1360c83b-baa5-40fd-8967-adc55e27b8f8,8.035169 46.786944,2023-05-09 11:00:00+02:00,4,EXPLOSIVE,FULL_DEPTH,2,WET,SW,13,46.78680537848143,8.02140197403039,0,612.8756103515625,-1528.08837890625,-210.498046875,1542.5185643895898,97.84327669573103,BRZ,BRZ,,,,,,,,,948.7,,1015.2,,,4.2,258.0,2.5,9.0,15.1,4.1,14.8,,,0.0,,,,,,,,
8cc2e1b0-ecd3-11ed-8adc-7d70564ee41a,8.023437 46.573593,2023-05-06 12:00:00+02:00,10,NATURAL,SLAB,4,WET,,126,46.560226760349686,8.06564349453279,0,619.6511840820312,1389.44091796875,-34.9365234375,1389.880075832351,268.55964105724,JUN,JUN,-2.9,-3.2,-2.5,,,70.1,3.5,-7.6,659.9,,1025.6,3105.1,,12.0,312.0,4.9,17.6,43.2,11.6,41.8,,,,,1034.0,211.0,,,,60.0,0.32
9879b1f6-3d1c-4854-ae1b-1f0a970d5832,8.425218 46.770162,2023-05-15 09:30:00+02:00,2,EXPLOSIVE,SLAB,2,DRY,S,0,46.81434336202437,8.399739431901107,0,760.2786254882812,985.4736328125,-536.7919921875,1122.187116235653,241.42266807622144,ENG,ENG,8.6,8.2,9.0,12.4,10.7,80.2,9.0,5.4,896.2,,1014.9,,1473.2,2.9,153.0,1.0,3.6,10.4,2.7,9.7,0.0,,0.0,0.0,332.0,327.0,,,,4.0,0.171
a4ad0c82-16f6-4de1-af92-ac146cabf042,8.423474 46.779387,2023-05-02 07:30:00+02:00,4,EXPLOSIVE,SLAB,2,DRY,N,90,46.77850425971837,8.38308937203284,0,737.93115234375,1231.67724609375,-1642.236328125,2052.79541015625,216.86989764584402,TIT,TIT,-6.7,-6.9,-6.5,,,97.5,3.6,-7.1,697.0,,1019.6,3064.7,,10.9,23.0,7.1,25.6,39.2,10.7,38.5,,,,,152.0,,,,,,0.033
1aca9480-d131-11ed-bb43-5ff35461761d,8.354817 46.766741,2023-04-03 12:00:00+02:00,10,NATURAL,SLAB,3,DRY,NW,106,46.762586663483496,8.357091257814774,0,722.4308471679688,57.45849609375,37.90283203125,68.83388300353711,303.4110730180711,TIT,TIT,-11.1,-11.3,-10.9,,,32.1,0.9,-24.6,692.5,,1013.3,3014.6,,11.7,40.0,8.9,32.0,42.1,11.6,41.8,,,,,917.0,,,,,,0.182
87548817-41cb-4875-9f16-2dd62dfe20ab,8.382498 46.780197,2023-04-04 07:00:00+02:00,4,EXPLOSIVE,SLAB,2,DRY,NE,4,46.80806128229516,8.36526038118402,0,742.4707641601562,1674.755859375,-1473.7060546875,2230.8331905665855,228.65374793829173,ENG,ENG,-3.7,-3.9,-3.3,-3.3,-3.4,89.3,4.2,-5.2,898.6,,1017.6,,1474.4,5.4,231.0,3.3,11.9,19.4,5.2,18.7,0.0,,0.0,0.0,44.0,289.0,,,,0.0,0.023
8b5b35b0-dd0c-11ed-8f1e-7bb69ddca4ec,8.229566 46.753026,2023-04-17 12:30:00.000 +0200,0,NATURAL,FULL_DEPTH,2,WET,SE,25,46.753026,8.229566,1,664.6078491210938,795.849609375,1236.4013671875,1470.3961852254172,327.23133541761433,MER,MER,11.6,11.2,11.9,19.5,18.3,60.7,8.3,4.2,949.4,1018.2,1018.5,,,8.4,327.0,3.8,13.7,30.2,8.1,29.2,0.0,,0.0,,848.0,,,,368.0,39.0,0.412
45a4cc4a-b623-44fe-a276-c1a4df80223b,8.420264 46.781131,2023-05-02 07:30:00.000 +0200,4,EXPLOSIVE,SLAB,2,DRY,N,115,46.781131,8.420264,1,759.58349609375,874.072265625,-621.826171875,1072.6929260340712,234.57146728890586,TIT,TIT,-6.7,-6.9,-6.5,,,97.5,3.6,-7.1,697.0,,1019.6,3064.7,,10.9,23.0,7.1,25.6,39.2,10.7,38.5,,,,,152.0,,,,,,0.033
a4ad0c82-16f6-4de1-af92-ac146cabf042,8.423474 46.779387,2023-05-05 07:30:00+02:00,4,EXPLOSIVE,SLAB,2,DRY,N,0,46.81632189952861,8.408538956846586,0,766.2926025390625,855.72509765625,-624.35302734375,1059.2837889404823,233.88481069895448,ENG,ENG,11.7,10.2,13.4,12.1,7.9,69.7,9.6,6.3,902.2,,1021.5,,1533.1,3.1,112.0,1.3,4.7,11.2,2.8,10.1,0.0,,0.0,0.0,250.0,293.0,,,,32.0,0.135
74720590-2505-48bc-ad7b-327442e7d8ae,8.216759 46.608474,2023-04-24 12:00:00+02:00,7,PERSON,SLAB,1,DRY,N,191,46.608802424120164,8.184627886193365,0,663.0847778320312,1218.603515625,-643.798828125,1378.2131400435612,242.15211695759416,MER,MER,11.7,10.9,12.2,17.0,14.4,63.4,8.7,5.0,944.2,1012.6,1013.0,,,12.5,293.0,6.7,24.1,45.0,12.2,43.9,0.0,,0.0,,809.0,,,,275.0,42.0,0.378
26ffd848-b17b-4d9b-a93a-0d9106053d47,8.073009 46.53608,2023-05-23 12:00:00+02:00,7,PERSON,SLAB,3,DRY,,71,46.569909051908674,8.049978243038598,0,611.8685913085938,-275.20751953125,940.10009765625,979.5546806686364,16.31701131532651,JUN,JUN,-0.5,-1.4,0.2,,,83.2,4.9,-3.0,660.4,,1026.4,3107.4,,4.3,135.0,2.4,8.6,15.5,4.1,14.8,,,,,1139.0,229.0,,,,60.0,0.44
5dfb93d0-d046-11ed-b49c-43d9bede54f5,8.263448 46.782775,2023-04-03 05:45:00+02:00,0,EXPLOSIVE,SLAB,2,DRY,NW,98,46.7838097077061,8.23957316505119,0,675.457275390625,1816.0400390625,942.73681640625,2046.1559394351932,297.4345824711651,GIH,GIH,5.0,4.9,5.1,,,99.2,8.7,4.9,965.5,1022.6,1021.3,,,6.4,82.0,3.0,10.8,23.0,6.3,22.7,0.0,,0.0,,1.0,,,,1.0,0.0,0.013
b2ae7f83-144e-4307-bbca-2bcde419c704,8.384786 46.783437,2023-04-16 08:30:00+02:00,4,EXPLOSIVE,LOOSE_SNOW,1,DRY,N,190,46.77141844326611,8.38725551044539,0,736.5422973632812,2744.93408203125,1432.177734375,3096.093696504718,297.5534385420941,TIT,TIT,-9.5,-9.6,-9.3,,,94.1,2.8,-10.3,692.7,,1013.7,3017.0,,7.6,16.0,3.6,13.0,27.4,7.1,25.6,,,,,249.0,,,,,,0.057
74720590-2505-48bc-ad7b-327442e7d8ae,8.216759 46.608474,2023-04-22 12:00:00+02:00,7,PERSON,SLAB,1,DRY,N,204,46.59404582501369,8.202734554326211,0,667.4595947265625,785.0830078125,-581.72607421875,977.1184956707557,233.46251696334792,GRH,GRH,8.3,7.7,8.9,,,45.6,5.0,-2.8,800.5,,1015.4,,1462.6,6.8,152.0,3.9,14.0,24.5,6.3,22.7,,,0.0,175.0,926.0,278.0,,,,30.0,0.448
68246170-d6db-11ed-8552-37fbec7ec321,8.370977 46.777677,2023-04-11 15:00:00+02:00,3,NATURAL,FULL_DEPTH,2,WET,S,0,46.818095767146865,8.401996330853411,0,764.070556640625,103.0517578125,-4610.85205078125,4612.003501622901,181.2803377567887,ENG,ENG,5.1,4.9,5.4,6.2,6.0,92.4,8.1,4.0,899.5,,1018.5,,1497.0,3.0,234.0,1.0,3.6,10.8,2.8,10.1,0.0,,0.3,0.0,129.0,334.0,,,,0.0,0.067
71d13516-3cdb-4e54-a1af-c88570197f00,8.424437 46.779206,2023-04-14 06:30:00+02:00,5,EXPLOSIVE,SLAB,1,DRY,N,118,46.789851063130676,8.412154952693333,0,758.1472778320312,536.24267578125,-1303.52783203125,1409.518008472799,202.3611880356155,TIT,TIT,-13.5,-13.9,-13.1,,,100.0,2.2,-13.5,684.5,,1002.4,2926.6,,9.8,323.0,2.1,7.6,35.3,9.6,34.6,,,,,25.0,,,,,,0.008
fe8541fa-4448-482f-8c28-995faac1b624,8.419783 46.781356,2023-04-15 07:30:00+02:00,2,EXPLOSIVE,SLAB,1,DRY,N,0,46.810942707902896,8.380382306085135,0,748.5612182617188,459.0087890625,-685.107421875,824.6582613087871,213.82132425504892,ENG,ENG,0.5,0.3,0.7,0.3,0.2,96.3,6.1,-0.1,889.2,,1007.1,,1397.6,1.8,90.0,0.9,3.2,6.5,1.6,5.8,0.0,,1.3,0.0,49.0,316.0,,,,0.0,0.027
f7fca170-d124-11ed-9f3d-c1122c0370be,8.243319 46.765333,2023-04-01 12:00:00+02:00,10,NATURAL,SLAB,3,WET,SW,5,46.73866992376999,8.278211397635406,0,690.8041381835938,-314.8681640625,382.65380859375,495.5460603933722,39.44938811072214,MER,MER,9.8,8.5,10.7,15.5,11.8,65.6,7.9,3.6,940.8,1009.5,1009.4,,,4.8,117.0,2.7,9.7,17.3,4.7,16.9,0.0,,0.0,,762.0,,,,455.0,26.0,0.354
9f2be370-d7a6-11ed-a8d1-4961cd70d9e1,8.210814 46.503291,2023-04-08 12:00:00+02:00,7,NATURAL,SLAB,3,WET,S,148,46.51724542360156,8.254305544206593,0,681.9177856445312,-486.58447265625,-307.72705078125,575.7259650325725,122.31018827025581,ULR,ULR,7.4,6.9,7.6,13.0,11.7,41.0,4.2,-5.0,865.6,,1017.9,,1497.1,11.4,81.0,4.1,14.8,41.0,10.7,38.5,,,0.0,0.0,885.0,236.0,,,103.0,60.0,0.407
9793e5e8-7a24-425c-8b33-04a387b5aa44,8.40304 46.792701,2023-04-01 06:30:00+02:00,2,EXPLOSIVE,SLAB,1,DRY,NW,191,46.76715797014043,8.394655079216909,0,749.0494384765625,-494.93408203125,-1115.33203125,1220.2152619469923,156.07050946867173,TIT,TIT,-10.8,-10.8,-10.7,,,95.6,2.6,-11.4,685.8,,1004.3,2940.2,,26.1,286.0,14.8,53.3,94.0,25.5,91.8,,,,,7.0,,,,,,0.008
b5d8fc03-e36a-4fa1-9d42-ea7105356bda,8.385358 46.779077,2023-04-17 05:00:00+02:00,3,EXPLOSIVE,UNKNOWN,2,DRY,NE,29,46.799190783032984,8.407978171194129,0,762.2254638671875,1442.0654296875,-1956.99462890625,2430.9217760075508,216.3856684279985,ENG,ENG,0.8,0.7,1.1,0.6,0.3,96.6,6.3,0.4,900.2,,1019.3,,1495.9,2.7,90.0,0.9,3.2,9.7,2.4,8.6,0.0,,0.2,0.0,0.0,314.0,,,,0.0,-0.005
e18fb476-2bc8-4cdf-829a-b6f36d7508bd,8.420851 46.780719,2023-04-25 00:00:00+02:00,6,NATURAL,SLAB,2,DRY,NW,117,46.77044308862832,8.418122533603595,0,756.1153564453125,-262.79296875,-891.54052734375,929.4647149412452,163.57644489908006,TIT,TIT,-9.7,-10.0,-9.1,,,98.9,2.9,-9.8,689.8,,1009.7,2984.4,,15.3,252.0,4.8,17.3,55.1,15.2,54.7,,,,,0.0,,,,,,-0.001
68246170-d6db-11ed-8552-37fbec7ec321,8.370977 46.777677,2023-04-12 15:00:00+02:00,3,NATURAL,FULL_DEPTH,2,WET,S,60,46.785596686275454,8.391979388687657,0,746.2536010742188,-948.5595703125,-896.7041015625,1305.3135654663383,133.39030171729075,TIT,TIT,-4.9,-5.0,-4.7,,,94.9,4.0,-5.6,687.5,,1006.6,2955.7,,9.8,211.0,7.1,25.6,35.3,9.6,34.6,,,,,361.0,,,,,,0.082
2a2d7868-aa56-44d4-b082-8c267cccfbe3,8.388637 46.786311,2023-04-16 07:30:00+02:00,2,EXPLOSIVE,LOOSE_SNOW,1,DRY,NW,135,46.78053241520878,8.384811451790036,0,740.7098388671875,1621.69189453125,-208.0810546875,1634.986949828107,262.6882675563063,TIT,TIT,-9.6,-9.8,-9.5,,,97.1,2.9,-10.0,692.5,,1013.4,3014.3,,8.1,12.0,2.5,9.0,29.2,7.6,27.4,,,,,150.0,,,,,,0.035
5dfb93d0-d046-11ed-b49c-43d9bede54f5,8.263448 46.782775,2023-04-04 05:45:00+02:00,0,EXPLOSIVE,SLAB,2,DRY,NW,86,46.78251437751647,8.275552884053008,0,690.0245361328125,569.20166015625,-336.95068359375,661.4577031820905,239.37571201143453,GIH,GIH,1.1,0.8,1.3,,,79.5,5.2,-2.1,964.7,1022.6,1020.5,,,5.2,78.0,2.4,8.6,18.7,4.9,17.6,0.0,,0.0,,5.0,,,,6.0,0.0,0.026
97c5682e-950b-4c24-8c69-651f6ff3d0c8,8.035288 46.786336,2023-04-18 10:30:00+02:00,4,EXPLOSIVE,SLAB,2,DRY,S,87,46.78822700752881,8.009022688273813,0,608.015869140625,751.46484375,648.6328125,992.6852153849537,310.7993777953646,BRZ,BRZ,,,,,,,,,950.6,,1017.2,,,6.1,107.0,2.6,9.4,22.0,6.0,21.6,,,0.0,,,,,,,,
673e5d3c-9736-4824-ac24-c511ffd507c4,8.418437 46.784875,2023-04-19 08:00:00+02:00,4,EXPLOSIVE,SLAB,1,DRY,NW,0,46.82879955703925,8.41415517615686,0,773.1126708984375,-377.81982421875,2322.0703125,2352.606715064491,9.241506585498001,ENG,ENG,7.0,5.8,8.3,15.6,12.7,76.2,7.6,3.1,900.1,,1019.2,,1505.6,4.8,204.0,1.9,6.8,17.3,4.1,14.8,0.0,,0.0,0.0,545.0,295.0,,,,55.0,0.227
3a0dd0e2-9199-4139-bb1e-3327bd98128b,8.425944 46.778157,2023-04-12 07:00:00.000 +0200,3,EXPLOSIVE,SLAB,2,DRY,NE,173,46.778157,8.425944,1,763.0839233398438,1136.09619140625,2768.994140625,2992.9990155266287,337.6920487492303,TIT,TIT,-4.6,-4.7,-4.5,,,99.0,4.3,-4.8,690.1,,1010.2,2985.8,,25.3,268.0,12.0,43.2,91.1,24.2,87.1,,,,,99.0,,,,,,0.019
23b16de7-0279-40fb-918f-75ed3769abf5,8.426264 46.778244,2023-05-19 07:00:00+02:00,4,EXPLOSIVE,SLAB,2,DRY,NE,140,46.77633955687127,8.416090801894805,0,754.9839477539062,1.0986328125,-581.8359375,581.8369747279393,180.108186766276,TIT,TIT,-2.9,-3.2,-2.4,,,86.1,4.2,-4.9,697.8,,1020.6,3072.9,,10.4,165.0,6.6,23.8,37.4,10.0,36.0,,,,,261.0,,,,,,0.076
2f93ceb4-a841-42da-a6c1-1933628dbb83,8.385941 46.778747,2023-04-02 07:00:00+02:00,4,EXPLOSIVE,SLAB,2,DRY,NE,66,46.76471960088592,8.347948183319913,0,719.109130859375,-363.53759765625,-101.7333984375,377.5039990083822,105.63389683073999,TIT,TIT,-11.8,-11.9,-11.7,,,95.3,2.4,-12.4,688.8,,1008.4,2974.4,,8.9,313.0,5.2,18.7,32.0,8.8,31.7,,,,,127.0,,,,,,0.022
1bb8250c-f575-4cb3-84c9-194ae951bc8a,7.944832 46.554569,2023-05-03 12:00:00+02:00,7,NATURAL,UNKNOWN,4,WET,,66,46.56048836397392,7.959030350197619,0,657.8611450195312,-545.1416015625,1490.51513671875,1587.0774204624806,20.089507764385942,JUN,JUN,-2.9,-3.9,-2.2,,,31.6,1.5,-17.7,660.3,,1026.2,3109.8,,10.1,23.0,3.9,14.0,36.4,9.6,34.6,,,,,1046.0,185.0,,,,60.0,0.365
a7ed94b7-52d1-4b17-9928-83b4745ca8bf,8.307745 46.608205,2023-05-04 12:00:00+02:00,7,NATURAL,UNKNOWN,3,WET,,144,46.61542019359297,8.27144636595954,0,671.9329833984375,1353.515625,-1180.48095703125,1795.9787963761032,228.90639423800278,GRH,GRH,10.1,9.2,11.0,,,35.6,4.4,-4.6,807.6,,1024.0,,1533.2,5.4,174.0,2.3,8.3,19.4,5.2,18.7,,,0.0,147.0,1007.0,257.0,,,,60.0,0.533
3c08ef45-da0c-4efd-bbb0-523da6d751f9,8.422511 46.78003,2023-04-27 07:30:00+02:00,2,EXPLOSIVE,SLAB,2,DRY,N,52,46.74739055437869,8.39393124534693,0,731.8746948242188,-3174.27978515625,-1043.59130859375,3341.4270864144296,108.19904247766131,TIT,TIT,-7.2,-7.3,-7.1,,,89.9,3.2,-8.6,696.2,,1018.4,3055.0,,8.5,238.0,4.7,16.9,30.6,8.4,30.2,,,,,272.0,,,,,,0.062
4067dd0b-f3b4-40af-8872-12824f7b55a6,8.423024 46.779666,2023-04-02 07:00:00+02:00,4,EXPLOSIVE,SLAB,3,DRY,NE,57,46.7476696208674,8.387916703094174,0,727.2999877929688,-821.9970703125,282.89794921875,869.3160721363131,71.00862110986033,TIT,TIT,-11.8,-11.9,-11.7,,,95.3,2.4,-12.4,688.8,,1008.4,2974.4,,8.9,313.0,5.2,18.7,32.0,8.8,31.7,,,,,127.0,,,,,,0.022
50fbf8f0-dd0c-11ed-8f1e-7bb69ddca4ec,8.23687 46.747556,2023-04-17 12:00:00+02:00,5,NATURAL,SLAB,2,DRY,N,36,46.76573978530246,8.196841151419177,0,661.2673950195312,183.69140625,-15.8203125,184.3714050977,265.07758181286397,MER,MER,11.6,11.2,11.9,19.5,18.3,60.7,8.3,4.2,949.4,1018.2,1018.5,,,8.4,327.0,3.8,13.7,30.2,8.1,29.2,0.0,,0.0,,848.0,,,,368.0,39.0,0.412
b1c2736c-200d-4a78-a75a-d1aa12bb81e8,7.992735 46.584254,2023-06-07 08:00:00+02:00,3,EXPLOSIVE,UNKNOWN,0,UNKNOWN,,1,46.58177762595602,7.967154271397032,0,646.8823852539062,1018.54248046875,-145.34912109375,1028.8610943767674,261.87854998336707,JUN,JUN,-2.9,-3.3,-2.6,,,67.5,3.4,-8.1,660.4,,1026.4,3111.4,,1.9,360.0,0.2,0.7,6.8,1.7,6.1,,,,,676.0,195.0,,,,60.0,0.263
b121901c-cb98-4082-b65b-7aa17e40b945,8.420495 46.780984,2023-04-17 08:00:00+02:00,4,EXPLOSIVE,SLAB,2,DRY,NE,155,46.76500994937401,8.414877987205006,0,755.2765502929688,2162.548828125,-2424.462890625,3248.7901966797644,221.73201324310833,TIT,TIT,-9.6,-9.7,-9.4,,,91.6,2.7,-10.7,694.0,,1015.4,3030.7,,16.1,31.0,6.3,22.7,58.0,15.2,54.7,,,,,296.0,,,,,,0.057
e5f438a3-68c9-465f-a6d1-9ab6a2ebaf71,8.384832 46.783436,2023-04-04 08:00:00+02:00,3,EXPLOSIVE,SLAB,1,DRY,N,53,46.79635463454448,8.384904516421493,0,748.2935180664062,3281.94580078125,-2724.27978515625,4265.309905162421,230.30459007062655,ENG,ENG,-3.6,-3.9,-3.3,-2.6,-3.1,89.3,4.2,-5.1,898.8,,1017.8,,1475.5,5.1,231.0,2.8,10.1,18.4,4.9,17.6,0.0,,0.0,0.0,125.0,286.0,,,,0.0,0.042
f4bbdd10-e717-11ed-acf0-f7b342f82229,7.841373 46.562945,2023-04-30 12:00:00+02:00,7,NATURAL,UNKNOWN,3,UNKNOWN,NW,30,46.564771017429265,7.871374962674021,0,674.0870361328125,272.6806640625,-1177.84423828125,1208.9961928004175,193.03481230013878,INT,INT,14.9,14.7,15.1,19.6,18.8,68.7,11.6,9.2,948.1,1014.8,1016.0,,,8.5,300.0,4.5,16.2,30.6,7.9,28.4,0.0,,0.0,,475.0,,,,440.0,0.0,0.283
1bb8250c-f575-4cb3-84c9-194ae951bc8a,7.944832 46.554569,2023-05-02 12:00:00.000 +0200,7,NATURAL,UNKNOWN,4,WET,,139,46.554569,7.944832,1,667.8281860351562,-387.158203125,1338.7939453125,1393.6501362438091,16.129039568052534,JUN,JUN,-8.5,-9.3,-7.8,,,67.9,2.2,-13.6,656.8,,1021.3,3078.7,,10.8,317.0,5.5,19.8,38.9,10.1,36.4,,,,,1061.0,187.0,,,,49.0,0.243
